gmina_code,powiat_code,voivodeship_code,gmina_name,population,iwl_score,vulnerable_population_est,rescue_travel_time_min,event_time,customers_without_power,outage_start,hours_without_power,coverage_pct,feels_like_c,temp_component,outage_component,telecom_component,rescue_component,izz_score,life_threat_level,vulnerable_without_power
2005003,2005,20,gmina podlaskie-miejski-05-03,15946,96.87,3293,50.8,2026-01-16 15:08:00+00:00,4609.0,2026-01-14 05:08:00+00:00,58.86666666666667,0.03,-22.8,0.52,0.8175925925925926,0.97,0.6773333333333333,82.82,critical,952
2001003,2001,20,gmina podlaskie-południowy-01-03,16951,85.94,3308,47.3,2026-01-16 14:42:00+00:00,4821.0,2026-01-14 04:42:00+00:00,59.3,0.03,-24.7,0.6466666666666666,0.8236111111111111,0.97,0.6306666666666666,80.89,critical,941
2818005,2818,28,gmina warmińsko-mazurskie-północny-18-05,24788,91.13,5018,40.2,2026-01-16 14:49:00+00:00,19877.0,2026-01-14 12:49:00+00:00,51.18333333333333,0.03,-25.4,0.6933333333333332,0.7108796296296296,0.97,0.536,79.85,critical,4024
2014002,2014,20,gmina podlaskie-wschodni-14-02,20257,80.76,4131,48.7,2026-01-16 15:04:00+00:00,16455.0,2026-01-14 13:04:00+00:00,50.93333333333333,0.03,-28.2,0.88,0.7074074074074074,0.97,0.6493333333333333,79.73,critical,3356
1425001,1425,14,gmina mazowieckie-południowy-25-01,15585,83.56,2960,50.8,2026-01-16 15:02:00+00:00,3990.0,2026-01-14 07:02:00+00:00,56.96666666666667,0.03,-24.9,0.6599999999999999,0.7912037037037037,0.97,0.6773333333333333,79.49,critical,758
2808003,2808,28,gmina warmińsko-mazurskie-wschodni-08-03,15422,94.16,3064,31.9,2026-01-16 14:45:00+00:00,10679.0,2026-01-14 16:45:00+00:00,47.25,0.03,-25.7,0.7133333333333333,0.65625,0.97,0.42533333333333334,79.16,critical,2122
2810003,2810,28,gmina warmińsko-mazurskie-centralny-10-03,43969,92.05,8878,50.2,2026-01-16 14:28:00+00:00,14903.0,2026-01-14 06:28:00+00:00,57.53333333333333,0.03,-21.7,0.4466666666666666,0.799074074074074,0.97,0.6693333333333333,79.07,critical,3009
2006001,2006,20,gmina podlaskie-północny-06-01,34695,89.37,7119,46.2,2026-01-16 14:16:00+00:00,26189.0,2026-01-14 12:16:00+00:00,51.733333333333334,0.03,-24.7,0.6466666666666666,0.7185185185185186,0.97,0.616,78.97,critical,5374
2803002,2803,28,gmina warmińsko-mazurskie-zachodni-03-02,19680,89.51,3674,37.9,2026-01-16 15:04:00+00:00,4545.0,2026-01-14 07:04:00+00:00,56.93333333333333,0.03,-22.6,0.5066666666666667,0.7907407407407407,0.97,0.5053333333333333,78.11,critical,848
0623002,0623,6,gmina lubelskie-miejski-23-02,21519,83.21,3551,38.6,2026-01-16 14:28:00+00:00,15242.0,2026-01-14 12:28:00+00:00,51.53333333333333,0.03,-26.3,0.7533333333333334,0.7157407407407407,0.97,0.5146666666666667,77.96,critical,2515
1422003,1422,14,gmina mazowieckie-centralny-22-03,15216,84.92,3164,54.9,2026-01-16 14:27:00+00:00,2884.0,2026-01-14 10:27:00+00:00,53.55,0.03,-24.0,0.6,0.7437499999999999,0.97,0.732,77.77,critical,600
2808001,2808,28,gmina warmińsko-mazurskie-wschodni-08-01,16555,88.18,3431,42.0,2026-01-16 15:39:00+00:00,11124.0,2026-01-14 19:39:00+00:00,44.35,0.03,-25.7,0.7133333333333333,0.6159722222222223,0.97,0.56,76.36,critical,2305
0615003,0615,6,gmina lubelskie-zachodni-15-03,17130,86.29,3198,47.2,2026-01-16 15:11:00+00:00,2866.0,2026-01-14 21:11:00+00:00,42.81666666666667,0.03,-25.9,0.7266666666666666,0.594675925925926,0.97,0.6293333333333334,75.59,critical,535
1401001,1401,14,gmina mazowieckie-południowy-01-01,15484,83.95,3166,50.9,2026-01-16 15:15:00+00:00,5504.0,2026-01-14 21:15:00+00:00,42.75,0.03,-26.1,0.7400000000000001,0.59375,0.97,0.6786666666666666,75.16,critical,1125
0619007,0619,6,gmina lubelskie-południowy-19-07,14062,78.85,2802,46.0,2026-01-16 15:43:00+00:00,7767.0,2026-01-14 17:43:00+00:00,46.28333333333333,0.03,-26.3,0.7533333333333334,0.642824074074074,0.97,0.6133333333333333,74.6,high,1548
2807004,2807,28,gmina warmińsko-mazurskie-południowy-07-04,18729,79.47,3564,40.2,2026-01-16 14:38:00+00:00,3782.0,2026-01-14 06:38:00+00:00,57.36666666666667,0.03,-22.0,0.4666666666666667,0.7967592592592593,0.97,0.536,73.91,high,720
0601002,0601,6,gmina lubelskie-południowy-01-02,14536,77.67,3160,46.0,2026-01-16 14:23:00+00:00,4108.0,2026-01-14 18:23:00+00:00,45.61666666666667,0.03,-26.2,0.7466666666666666,0.6335648148148149,0.97,0.6133333333333333,73.76,high,893
0617003,0617,6,gmina lubelskie-miejski-17-03,4273,81.23,756,43.9,2026-01-16 14:35:00+00:00,817.0,2026-01-14 16:35:00+00:00,47.416666666666664,0.03,-24.5,0.6333333333333333,0.6585648148148148,0.97,0.5853333333333333,73.68,high,145
2817005,2817,28,gmina warmińsko-mazurskie-miejski-17-05,15132,100.0,3286,55.8,2026-01-16 15:51:00+00:00,10884.0,2026-01-15 09:51:00+00:00,30.15,0.03,-23.8,0.5866666666666667,0.41874999999999996,0.97,0.744,73.57,high,2364
2816003,2816,28,gmina warmińsko-mazurskie-centralny-16-03,4514,89.09,923,56.1,2026-01-16 15:43:00+00:00,3120.0,2026-01-15 03:43:00+00:00,36.28333333333333,0.03,-24.8,0.6533333333333334,0.5039351851851852,0.97,0.748,73.2,high,638
2805003,2805,28,gmina warmińsko-mazurskie-miejski-05-03,24652,78.0,3847,42.0,2026-01-16 15:59:00+00:00,3961.0,2026-01-14 15:59:00+00:00,48.016666666666666,0.03,-23.9,0.5933333333333333,0.6668981481481482,0.97,0.56,71.86,high,618
1437002,1437,14,gmina mazowieckie-południowy-37-02,20564,97.7,4607,55.3,2026-01-16 14:46:00+00:00,8650.0,2026-01-15 08:46:00+00:00,31.233333333333334,0.03,-22.3,0.4866666666666667,0.4337962962962963,0.97,0.7373333333333333,71.32,high,1938
2809004,2809,28,gmina warmińsko-mazurskie-zachodni-09-04,17960,86.87,3908,60.0,2026-01-16 14:33:00+00:00,14281.0,2026-01-15 14:33:00+00:00,25.45,0.03,-27.3,0.8200000000000001,0.3534722222222222,0.97,0.8,71.1,high,3107
1416007,1416,14,gmina mazowieckie-centralny-16-07,5904,77.45,1046,41.0,2026-01-16 14:51:00+00:00,1347.0,2026-01-15 00:51:00+00:00,39.15,0.03,-26.0,0.7333333333333333,0.54375,0.97,0.5466666666666666,70.41,high,239
2818002,2818,28,gmina warmińsko-mazurskie-północny-18-02,2395,76.29,362,57.4,2026-01-16 15:10:00+00:00,1674.0,2026-01-15 01:10:00+00:00,38.833333333333336,0.03,-25.4,0.6933333333333332,0.5393518518518519,0.97,0.7653333333333333,70.21,high,253
1428007,1428,14,gmina mazowieckie-centralny-28-07,14983,82.92,2946,30.9,2026-01-16 15:45:00+00:00,2691.0,2026-01-14 19:45:00+00:00,44.25,0.03,-22.8,0.52,0.6145833333333334,0.97,0.412,70.1,high,529
2806006,2806,28,gmina warmińsko-mazurskie-północny-06-06,39344,64.99,6465,29.2,2026-01-16 14:40:00+00:00,6253.0,2026-01-14 08:40:00+00:00,55.333333333333336,0.03,-24.6,0.6400000000000001,0.7685185185185186,0.97,0.3893333333333333,69.95,high,1027
2819001,2819,28,gmina warmińsko-mazurskie-południowy-19-01,5378,82.87,1022,35.9,2026-01-16 15:35:00+00:00,3367.0,2026-01-15 07:35:00+00:00,32.416666666666664,0.03,-26.5,0.7666666666666667,0.45023148148148145,0.97,0.47866666666666663,69.92,high,640
0623001,0623,6,gmina lubelskie-miejski-23-01,19676,84.42,3771,43.8,2026-01-16 15:58:00+00:00,14125.0,2026-01-15 09:58:00+00:00,30.033333333333335,0.03,-26.3,0.7533333333333334,0.41712962962962963,0.97,0.584,69.8,high,2707
1425003,1425,14,gmina mazowieckie-południowy-25-03,23386,62.88,3508,34.9,2026-01-16 15:31:00+00:00,6411.0,2026-01-14 09:31:00+00:00,54.483333333333334,0.03,-24.9,0.6599999999999999,0.756712962962963,0.97,0.4653333333333333,69.53,high,962
2819006,2819,28,gmina warmińsko-mazurskie-południowy-19-06,8732,85.2,1698,59.9,2026-01-16 15:26:00+00:00,2057.0,2026-01-15 15:26:00+00:00,24.566666666666666,0.03,-26.5,0.7666666666666667,0.3412037037037037,0.97,0.7986666666666666,69.14,high,400
1408006,1408,14,gmina mazowieckie-wschodni-08-06,38528,61.55,6526,18.1,2026-01-16 15:36:00+00:00,11034.0,2026-01-14 13:36:00+00:00,50.4,0.03,-27.2,0.8133333333333332,0.7,0.97,0.24133333333333334,68.97,high,1869
2815003,2815,28,gmina warmińsko-mazurskie-zachodni-15-03,10846,91.63,2296,43.5,2026-01-16 15:24:00+00:00,8344.0,2026-01-15 13:24:00+00:00,26.6,0.03,-24.1,0.6066666666666668,0.36944444444444446,0.97,0.58,68.45,high,1766
2808005,2808,28,gmina warmińsko-mazurskie-wschodni-08-05,15102,85.82,2876,39.3,2026-01-16 14:08:00+00:00,9496.0,2026-01-15 12:08:00+00:00,27.866666666666667,0.03,-25.7,0.7133333333333333,0.38703703703703707,0.97,0.5239999999999999,68.41,high,1808
1432004,1432,14,gmina mazowieckie-wschodni-32-04,7159,80.89,1411,50.1,2026-01-16 15:32:00+00:00,5275.0,2026-01-15 09:32:00+00:00,30.466666666666665,0.03,-25.7,0.7133333333333333,0.4231481481481481,0.97,0.668,68.34,high,1040
1403002,1403,14,gmina mazowieckie-zachodni-03-02,9839,74.62,1755,33.7,2026-01-16 15:55:00+00:00,7169.0,2026-01-15 01:55:00+00:00,38.083333333333336,0.03,-25.8,0.7200000000000001,0.5289351851851852,0.97,0.44933333333333336,68.16,high,1279
0622002,0622,6,gmina lubelskie-centralny-22-02,26720,78.59,5426,48.2,2026-01-16 15:19:00+00:00,18299.0,2026-01-15 07:19:00+00:00,32.68333333333333,0.03,-25.6,0.7066666666666668,0.45393518518518516,0.97,0.6426666666666667,68.15,high,3716
2806003,2806,28,gmina warmińsko-mazurskie-północny-06-03,2535,84.42,521,53.8,2026-01-16 14:56:00+00:00,2033.0,2026-01-15 10:56:00+00:00,29.066666666666666,0.03,-24.6,0.6400000000000001,0.4037037037037037,0.97,0.7173333333333333,68.03,high,418
2809006,2809,28,gmina warmińsko-mazurskie-zachodni-09-06,65120,80.59,14714,18.3,2026-01-16 15:43:00+00:00,38444.0,2026-01-15 09:43:00+00:00,30.283333333333335,0.03,-27.3,0.8200000000000001,0.4206018518518519,0.97,0.24400000000000002,67.95,high,8687
2808004,2808,28,gmina warmińsko-mazurskie-wschodni-08-04,10154,85.4,2582,34.9,2026-01-16 14:25:00+00:00,2526.0,2026-01-15 12:25:00+00:00,27.583333333333332,0.03,-25.7,0.7133333333333333,0.38310185185185186,0.97,0.4653333333333333,67.84,high,642
0612002,0612,6,gmina lubelskie-północny-12-02,28361,81.64,4671,52.2,2026-01-16 15:38:00+00:00,18412.0,2026-01-15 07:38:00+00:00,32.36666666666667,0.03,-24.2,0.6133333333333333,0.44953703703703707,0.97,0.6960000000000001,67.76,high,3032
2009006,2009,20,gmina podlaskie-zachodni-09-06,12391,73.63,2425,47.8,2026-01-16 15:00:00+00:00,10073.0,2026-01-15 05:00:00+00:00,35.0,0.03,-25.8,0.7200000000000001,0.4861111111111111,0.97,0.6373333333333333,67.44,high,1971
0603007,0603,6,gmina lubelskie-zachodni-03-07,6852,92.99,1565,40.6,2026-01-16 14:40:00+00:00,4197.0,2026-01-15 16:40:00+00:00,23.333333333333332,0.03,-23.8,0.5866666666666667,0.32407407407407407,0.97,0.5413333333333333,67.06,high,959
2811001,2811,28,gmina warmińsko-mazurskie-miejski-11-01,9089,89.86,2011,45.2,2026-01-16 14:45:00+00:00,7069.0,2026-01-15 12:45:00+00:00,27.25,0.03,-23.1,0.5400000000000001,0.3784722222222222,0.97,0.6026666666666667,66.96,high,1564
2816005,2816,28,gmina warmińsko-mazurskie-centralny-16-05,9177,77.51,1715,44.4,2026-01-16 14:22:00+00:00,6196.0,2026-01-15 06:22:00+00:00,33.63333333333333,0.03,-24.8,0.6533333333333334,0.4671296296296296,0.97,0.592,66.92,high,1158
2820004,2820,28,gmina warmińsko-mazurskie-wschodni-20-04,24374,63.94,4940,34.8,2026-01-16 14:45:00+00:00,6503.0,2026-01-14 16:45:00+00:00,47.25,0.03,-24.9,0.6599999999999999,0.65625,0.97,0.46399999999999997,66.91,high,1318
2014001,2014,20,gmina podlaskie-wschodni-14-01,6319,81.19,1206,37.4,2026-01-16 14:26:00+00:00,4491.0,2026-01-15 18:26:00+00:00,21.566666666666666,0.03,-28.2,0.88,0.29953703703703705,0.97,0.49866666666666665,66.9,high,857
1412005,1412,14,gmina mazowieckie-północny-12-05,17644,79.03,2665,56.3,2026-01-16 15:31:00+00:00,14491.0,2026-01-15 07:31:00+00:00,32.483333333333334,0.03,-24.0,0.6,0.4511574074074074,0.97,0.7506666666666666,66.85,high,2189
0615001,0615,6,gmina lubelskie-zachodni-15-01,66772,61.74,10736,21.7,2026-01-16 15:48:00+00:00,19229.0,2026-01-14 15:48:00+00:00,48.2,0.03,-25.9,0.7266666666666666,0.6694444444444445,0.97,0.28933333333333333,66.8,high,3092
2804003,2804,28,gmina warmińsko-mazurskie-centralny-04-03,35805,53.78,5728,36.8,2026-01-16 15:25:00+00:00,8972.0,2026-01-14 07:25:00+00:00,56.583333333333336,0.036000000000000004,-24.7,0.6466666666666666,0.7858796296296297,0.964,0.49066666666666664,66.78,high,1435
2007005,2007,20,gmina podlaskie-południowy-07-05,26722,58.57,4175,18.3,2026-01-16 14:26:00+00:00,8815.0,2026-01-14 14:26:00+00:00,49.56666666666667,0.03,-26.1,0.7400000000000001,0.688425925925926,0.97,0.24400000000000002,66.18,high,1377
2017004,2017,20,gmina podlaskie-miejski-17-04,3599,76.32,705,43.4,2026-01-16 15:46:00+00:00,2440.0,2026-01-15 07:46:00+00:00,32.233333333333334,0.03,-25.1,0.6733333333333335,0.4476851851851852,0.97,0.5786666666666667,66.18,high,478
2016001,2016,20,gmina podlaskie-centralny-16-01,51941,70.46,8865,29.3,2026-01-16 15:19:00+00:00,13768.0,2026-01-14 21:19:00+00:00,42.68333333333333,0.03,-24.1,0.6066666666666668,0.592824074074074,0.97,0.39066666666666666,66.16,high,2350
1436006,1436,14,gmina mazowieckie-północny-36-06,13849,79.55,2577,44.2,2026-01-16 15:26:00+00:00,6291.0,2026-01-15 09:26:00+00:00,30.566666666666666,0.03,-24.5,0.6333333333333333,0.42453703703703705,0.97,0.5893333333333334,66.04,high,1171
1438005,1438,14,gmina mazowieckie-wschodni-38-05,12219,77.37,2580,35.9,2026-01-16 14:01:00+00:00,9745.0,2026-01-15 10:01:00+00:00,29.983333333333334,0.03,-25.8,0.7200000000000001,0.4164351851851852,0.97,0.47866666666666663,65.98,high,2058
2801006,2801,28,gmina warmińsko-mazurskie-południowy-01-06,13439,76.7,1906,45.5,2026-01-16 15:40:00+00:00,8936.0,2026-01-15 09:40:00+00:00,30.333333333333332,0.03,-25.2,0.6799999999999999,0.4212962962962963,0.97,0.6066666666666667,65.79,high,1267
2812004,2812,28,gmina warmińsko-mazurskie-północny-12-04,27741,62.02,5195,38.0,2026-01-16 15:05:00+00:00,19220.0,2026-01-14 15:05:00+00:00,48.916666666666664,0.03,-23.8,0.5866666666666667,0.6793981481481481,0.97,0.5066666666666667,65.77,high,3599
0606007,0606,6,gmina lubelskie-północny-06-07,5258,74.04,964,47.7,2026-01-16 15:23:00+00:00,1835.0,2026-01-15 07:23:00+00:00,32.61666666666667,0.03,-25.1,0.6733333333333335,0.4530092592592593,0.97,0.636,65.76,high,336
2815004,2815,28,gmina warmińsko-mazurskie-zachodni-15-04,26361,60.53,4937,20.0,2026-01-16 15:55:00+00:00,8276.0,2026-01-14 11:55:00+00:00,52.083333333333336,0.043000000000000003,-24.1,0.6066666666666668,0.7233796296296297,0.957,0.26666666666666666,65.57,high,1550
2817006,2817,28,gmina warmińsko-mazurskie-miejski-17-06,21450,85.28,4457,38.6,2026-01-16 15:02:00+00:00,14637.0,2026-01-15 13:02:00+00:00,26.966666666666665,0.03,-23.8,0.5866666666666667,0.374537037037037,0.97,0.5146666666666667,65.51,high,3041
1440001,1440,14,gmina mazowieckie-centralny-40-01,10248,78.28,2190,47.0,2026-01-16 14:40:00+00:00,7774.0,2026-01-15 14:40:00+00:00,25.333333333333332,0.03,-26.1,0.7400000000000001,0.35185185185185186,0.97,0.6266666666666667,65.49,high,1661
0604006,0604,6,gmina lubelskie-centralny-04-06,7208,80.59,1385,42.1,2026-01-16 14:41:00+00:00,4893.0,2026-01-15 18:41:00+00:00,21.316666666666666,0.03,-26.8,0.7866666666666667,0.29606481481481484,0.97,0.5613333333333334,65.2,high,940
0602006,0602,6,gmina lubelskie-wschodni-02-06,33256,58.08,5116,31.1,2026-01-16 15:48:00+00:00,9623.0,2026-01-14 13:48:00+00:00,50.2,0.03,-24.5,0.6333333333333333,0.6972222222222223,0.97,0.4146666666666667,65.19,high,1480
1413003,1413,14,gmina mazowieckie-południowy-13-03,7849,84.52,1606,47.4,2026-01-16 14:36:00+00:00,5441.0,2026-01-15 14:36:00+00:00,25.4,0.03,-23.8,0.5866666666666667,0.35277777777777775,0.97,0.632,65.15,high,1113
2005005,2005,20,gmina podlaskie-miejski-05-05,31366,59.14,4912,19.5,2026-01-16 15:09:00+00:00,5968.0,2026-01-14 09:09:00+00:00,54.85,0.03,-22.8,0.52,0.7618055555555556,0.97,0.26,64.72,high,935
1424004,1424,14,gmina mazowieckie-północny-24-04,10174,89.44,2162,41.9,2026-01-16 15:41:00+00:00,6871.0,2026-01-15 17:41:00+00:00,22.316666666666666,0.03,-23.2,0.5466666666666666,0.3099537037037037,0.97,0.5586666666666666,64.65,high,1460
0617005,0617,6,gmina lubelskie-miejski-17-05,4748,74.41,954,39.2,2026-01-16 15:37:00+00:00,1014.0,2026-01-15 07:37:00+00:00,32.38333333333333,0.03,-24.5,0.6333333333333333,0.4497685185185185,0.97,0.5226666666666667,64.51,high,204
1410002,1410,14,gmina mazowieckie-centralny-10-02,2510,61.67,375,40.3,2026-01-16 15:39:00+00:00,1697.0,2026-01-15 03:39:00+00:00,36.35,0.048,-27.2,0.8133333333333332,0.5048611111111111,0.952,0.5373333333333333,64.48,high,254
1404006,1404,14,gmina mazowieckie-centralny-04-06,4525,83.27,847,46.5,2026-01-16 15:37:00+00:00,3187.0,2026-01-15 15:37:00+00:00,24.383333333333333,0.03,-24.0,0.6,0.3386574074074074,0.97,0.62,64.43,high,597
2819004,2819,28,gmina warmińsko-mazurskie-południowy-19-04,15206,57.54,2830,26.8,2026-01-16 14:19:00+00:00,8942.0,2026-01-14 20:19:00+00:00,43.68333333333333,0.03,-26.5,0.7666666666666667,0.606712962962963,0.97,0.35733333333333334,64.38,high,1664
1402004,1402,14,gmina mazowieckie-wschodni-02-04,5758,70.03,811,43.5,2026-01-16 15:12:00+00:00,1203.0,2026-01-15 03:12:00+00:00,36.8,0.03,-23.9,0.5933333333333333,0.5111111111111111,0.97,0.58,64.25,high,169
0611001,0611,6,gmina lubelskie-miejski-11-01,19738,87.02,4141,49.0,2026-01-16 14:38:00+00:00,12748.0,2026-01-15 20:38:00+00:00,19.366666666666667,0.03,-24.2,0.6133333333333333,0.2689814814814815,0.97,0.6533333333333333,64.17,high,2675
0602002,0602,6,gmina lubelskie-wschodni-02-02,4121,77.17,832,51.4,2026-01-16 15:08:00+00:00,2808.0,2026-01-15 13:08:00+00:00,26.866666666666667,0.03,-24.5,0.6333333333333333,0.3731481481481482,0.97,0.6853333333333333,64.08,high,567
1421002,1421,14,gmina mazowieckie-zachodni-21-02,10470,59.35,1513,25.8,2026-01-16 15:53:00+00:00,1485.0,2026-01-14 21:53:00+00:00,42.11666666666667,0.03,-26.2,0.7466666666666666,0.5849537037037037,0.97,0.34400000000000003,63.99,high,215
2015003,2015,20,gmina podlaskie-zachodni-15-03,6224,80.04,1317,39.2,2026-01-16 15:04:00+00:00,4331.0,2026-01-15 17:04:00+00:00,22.933333333333334,0.03,-25.5,0.7,0.31851851851851853,0.97,0.5226666666666667,63.91,high,916
0609004,0609,6,gmina lubelskie-zachodni-09-04,38645,51.35,4693,19.6,2026-01-16 14:27:00+00:00,9631.0,2026-01-14 10:27:00+00:00,53.55,0.157,-25.9,0.7266666666666666,0.7437499999999999,0.843,0.26133333333333336,63.8,high,1170
2802003,2802,28,gmina warmińsko-mazurskie-wschodni-02-03,11265,84.41,2181,46.0,2026-01-16 14:30:00+00:00,7344.0,2026-01-15 18:30:00+00:00,21.5,0.03,-24.1,0.6066666666666668,0.2986111111111111,0.97,0.6133333333333333,63.75,high,1422
1417001,1417,14,gmina mazowieckie-miejski-17-01,15962,80.02,3536,39.9,2026-01-16 15:21:00+00:00,12743.0,2026-01-15 11:21:00+00:00,28.65,0.03,-23.3,0.5533333333333333,0.39791666666666664,0.97,0.532,63.7,high,2823
2818003,2818,28,gmina warmińsko-mazurskie-północny-18-03,6739,72.55,1184,42.2,2026-01-16 15:13:00+00:00,3799.0,2026-01-15 11:13:00+00:00,28.783333333333335,0.03,-25.4,0.6933333333333332,0.3997685185185185,0.97,0.5626666666666668,63.59,high,667
0603002,0603,6,gmina lubelskie-zachodni-03-02,22252,57.05,3578,11.1,2026-01-16 15:03:00+00:00,6939.0,2026-01-14 11:03:00+00:00,52.95,0.052000000000000005,-23.8,0.5866666666666667,0.7354166666666667,0.948,0.148,63.57,high,1116
2801004,2801,28,gmina warmińsko-mazurskie-południowy-01-04,10070,62.57,1761,23.5,2026-01-16 14:36:00+00:00,7932.0,2026-01-14 22:36:00+00:00,41.4,0.03,-25.2,0.6799999999999999,0.575,0.97,0.31333333333333335,63.56,high,1387
2005006,2005,20,gmina podlaskie-miejski-05-06,8805,84.58,1559,44.8,2026-01-16 15:17:00+00:00,6776.0,2026-01-15 15:17:00+00:00,24.716666666666665,0.03,-22.8,0.52,0.343287037037037,0.97,0.5973333333333333,63.52,high,1200
2814002,2814,28,gmina warmińsko-mazurskie-wschodni-14-02,22837,52.07,3677,26.1,2026-01-16 14:31:00+00:00,6075.0,2026-01-14 14:31:00+00:00,49.483333333333334,0.138,-26.3,0.7533333333333334,0.6872685185185186,0.862,0.34800000000000003,63.46,high,978
2805005,2805,28,gmina warmińsko-mazurskie-miejski-05-05,12594,80.74,2679,49.3,2026-01-16 14:08:00+00:00,9905.0,2026-01-15 16:08:00+00:00,23.866666666666667,0.03,-23.9,0.5933333333333333,0.3314814814814815,0.97,0.6573333333333333,63.32,high,2107
2002001,2002,20,gmina podlaskie-wschodni-02-01,16127,85.1,3136,40.6,2026-01-16 14:19:00+00:00,15097.0,2026-01-15 22:19:00+00:00,17.683333333333334,0.03,-24.9,0.6599999999999999,0.24560185185185185,0.97,0.5413333333333333,63.02,high,2936
1414003,1414,14,gmina mazowieckie-wschodni-14-03,26145,77.23,4586,48.7,2026-01-16 15:20:00+00:00,16980.0,2026-01-15 15:20:00+00:00,24.666666666666668,0.03,-24.4,0.6266666666666666,0.3425925925925926,0.97,0.6493333333333333,62.88,high,2978
2014004,2014,20,gmina podlaskie-wschodni-14-04,8316,65.62,1647,35.3,2026-01-16 14:54:00+00:00,5217.0,2026-01-15 12:54:00+00:00,27.1,0.069,-28.2,0.88,0.3763888888888889,0.931,0.4706666666666666,62.8,high,1033
0619001,0619,6,gmina lubelskie-południowy-19-01,63772,66.11,10600,14.8,2026-01-16 14:36:00+00:00,43430.0,2026-01-15 06:36:00+00:00,33.4,0.03,-26.3,0.7533333333333334,0.46388888888888885,0.97,0.19733333333333333,62.32,high,7219
1413002,1413,14,gmina mazowieckie-południowy-13-02,4126,72.61,725,40.3,2026-01-16 15:28:00+00:00,1857.0,2026-01-15 09:28:00+00:00,30.533333333333335,0.03,-23.8,0.5866666666666667,0.4240740740740741,0.97,0.5373333333333333,62.29,high,326
2017005,2017,20,gmina podlaskie-miejski-17-05,17470,78.84,3191,45.5,2026-01-16 14:06:00+00:00,11004.0,2026-01-15 20:06:00+00:00,19.9,0.03,-25.1,0.6733333333333335,0.27638888888888885,0.97,0.6066666666666667,62.13,high,2010
2002005,2002,20,gmina podlaskie-wschodni-02-05,5001,79.35,908,38.1,2026-01-16 15:07:00+00:00,3606.0,2026-01-15 19:07:00+00:00,20.883333333333333,0.03,-24.9,0.6599999999999999,0.2900462962962963,0.97,0.508,62.0,high,655
1403003,1403,14,gmina mazowieckie-zachodni-03-03,6047,61.47,1025,22.0,2026-01-16 14:56:00+00:00,2131.0,2026-01-15 02:56:00+00:00,37.06666666666667,0.03,-25.8,0.7200000000000001,0.5148148148148148,0.97,0.29333333333333333,61.96,high,361
0617006,0617,6,gmina lubelskie-miejski-17-06,16905,81.39,3607,49.3,2026-01-16 15:52:00+00:00,12623.0,2026-01-15 21:52:00+00:00,18.133333333333333,0.03,-24.5,0.6333333333333333,0.2518518518518518,0.97,0.6573333333333333,61.9,high,2693
2002003,2002,20,gmina podlaskie-wschodni-02-03,11723,80.64,2257,45.8,2026-01-16 14:17:00+00:00,9769.0,2026-01-15 22:17:00+00:00,17.716666666666665,0.03,-24.9,0.6599999999999999,0.2460648148148148,0.97,0.6106666666666666,61.69,high,1881
2011003,2011,20,gmina podlaskie-miejski-11-03,19094,75.65,4171,44.5,2026-01-16 15:18:00+00:00,13345.0,2026-01-15 19:18:00+00:00,20.7,0.068,-25.8,0.7200000000000001,0.2875,0.9319999999999999,0.5933333333333334,61.69,high,2915
1409001,1409,14,gmina mazowieckie-zachodni-09-01,13692,68.26,2863,25.2,2026-01-16 15:50:00+00:00,10271.0,2026-01-15 07:50:00+00:00,32.166666666666664,0.03,-24.8,0.6533333333333334,0.44675925925925924,0.97,0.33599999999999997,61.51,high,2148
2012004,2012,20,gmina podlaskie-północny-12-04,38081,54.69,5911,15.4,2026-01-16 15:50:00+00:00,9557.0,2026-01-14 15:50:00+00:00,48.166666666666664,0.031,-24.0,0.6,0.6689814814814814,0.969,0.20533333333333334,61.4,high,1483
1442006,1442,14,gmina mazowieckie-północny-42-06,10725,69.07,1573,42.8,2026-01-16 15:06:00+00:00,2751.0,2026-01-15 09:06:00+00:00,30.9,0.03,-23.8,0.5866666666666667,0.42916666666666664,0.97,0.5706666666666667,61.26,high,403
2804001,2804,28,gmina warmińsko-mazurskie-centralny-04-01,5850,73.21,1274,49.0,2026-01-16 14:30:00+00:00,4757.0,2026-01-15 16:30:00+00:00,23.5,0.03,-24.7,0.6466666666666666,0.3263888888888889,0.97,0.6533333333333333,61.25,high,1036
0615002,0615,6,gmina lubelskie-zachodni-15-02,4396,64.13,730,31.2,2026-01-16 15:08:00+00:00,1778.0,2026-01-15 09:08:00+00:00,30.866666666666667,0.03,-25.9,0.7266666666666666,0.4287037037037037,0.97,0.416,61.12,high,295
1405002,1405,14,gmina mazowieckie-miejski-05-02,16097,82.69,2893,43.5,2026-01-16 14:04:00+00:00,11071.0,2026-01-15 22:04:00+00:00,17.933333333333334,0.03,-23.8,0.5866666666666667,0.2490740740740741,0.97,0.58,61.08,high,1990
2006005,2006,20,gmina podlaskie-północny-06-05,19101,71.75,2935,31.7,2026-01-16 15:13:00+00:00,16028.0,2026-01-15 13:13:00+00:00,26.783333333333335,0.03,-24.7,0.6466666666666666,0.3719907407407408,0.97,0.42266666666666663,60.91,high,2463
1424002,1424,14,gmina mazowieckie-północny-24-02,14384,87.15,2547,39.4,2026-01-16 14:11:00+00:00,11733.0,2026-01-16 00:11:00+00:00,15.816666666666666,0.03,-23.2,0.5466666666666666,0.2196759259259259,0.97,0.5253333333333333,60.9,high,2078
1427003,1427,14,gmina mazowieckie-zachodni-27-03,18724,67.53,2910,20.7,2026-01-16 14:49:00+00:00,13164.0,2026-01-15 04:49:00+00:00,35.18333333333333,0.03,-23.7,0.58,0.4886574074074074,0.97,0.27599999999999997,60.87,high,2046
2006002,2006,20,gmina podlaskie-północny-06-02,2375,60.52,331,41.3,2026-01-16 14:36:00+00:00,1668.0,2026-01-15 04:36:00+00:00,35.4,0.03,-24.7,0.6466666666666666,0.49166666666666664,0.97,0.5506666666666666,60.87,high,232
2810004,2810,28,gmina warmińsko-mazurskie-centralny-10-04,2851,66.1,542,38.2,2026-01-16 14:37:00+00:00,2036.0,2026-01-15 00:37:00+00:00,39.38333333333333,0.03,-21.7,0.4466666666666666,0.5469907407407407,0.97,0.5093333333333334,60.84,high,387
2016003,2016,20,gmina podlaskie-centralny-16-03,25513,54.29,4015,18.7,2026-01-16 15:42:00+00:00,5834.0,2026-01-14 17:42:00+00:00,46.3,0.03,-24.1,0.6066666666666668,0.6430555555555555,0.97,0.24933333333333332,60.82,high,918
2003001,2003,20,gmina podlaskie-zachodni-03-01,41420,54.59,6383,20.1,2026-01-16 15:16:00+00:00,32618.0,2026-01-15 03:16:00+00:00,36.733333333333334,0.04,-27.3,0.8200000000000001,0.5101851851851852,0.96,0.268,60.79,high,5027
1413004,1413,14,gmina mazowieckie-południowy-13-04,44950,50.81,6042,12.0,2026-01-16 15:24:00+00:00,8055.0,2026-01-14 13:24:00+00:00,50.6,0.059000000000000004,-23.8,0.5866666666666667,0.7027777777777778,0.941,0.16,60.22,high,1083
1437004,1437,14,gmina mazowieckie-południowy-37-04,8440,71.95,1410,33.9,2026-01-16 14:54:00+00:00,2718.0,2026-01-15 08:54:00+00:00,31.1,0.03,-22.3,0.4866666666666667,0.43194444444444446,0.97,0.45199999999999996,60.05,high,454
1409005,1409,14,gmina mazowieckie-zachodni-09-05,7905,72.83,1674,34.8,2026-01-16 15:08:00+00:00,5614.0,2026-01-15 17:08:00+00:00,22.866666666666667,0.03,-24.8,0.6533333333333334,0.3175925925925926,0.97,0.46399999999999997,60.01,high,1189
2006004,2006,20,gmina podlaskie-północny-06-04,10381,67.92,1683,33.5,2026-01-16 14:15:00+00:00,8569.0,2026-01-15 12:15:00+00:00,27.75,0.03,-24.7,0.6466666666666666,0.3854166666666667,0.97,0.44666666666666666,59.98,elevated,1389
1430005,1430,14,gmina mazowieckie-północny-30-05,2715,63.03,547,21.3,2026-01-16 15:11:00+00:00,1574.0,2026-01-15 07:11:00+00:00,32.81666666666667,0.03,-25.1,0.6733333333333335,0.4557870370370371,0.97,0.28400000000000003,59.9,elevated,317
0620001,0620,6,gmina lubelskie-wschodni-20-01,79749,69.03,13561,23.1,2026-01-16 14:43:00+00:00,58424.0,2026-01-15 14:43:00+00:00,25.283333333333335,0.03,-25.6,0.7066666666666668,0.3511574074074074,0.97,0.308,59.76,elevated,9935
2817002,2817,28,gmina warmińsko-mazurskie-miejski-17-02,21333,54.75,3198,28.6,2026-01-16 15:23:00+00:00,5348.0,2026-01-14 21:23:00+00:00,42.61666666666667,0.035,-23.8,0.5866666666666667,0.5918981481481481,0.965,0.38133333333333336,59.71,elevated,802
1432002,1432,14,gmina mazowieckie-wschodni-32-02,12723,61.92,1571,35.4,2026-01-16 15:01:00+00:00,3286.0,2026-01-15 11:01:00+00:00,28.983333333333334,0.03,-25.7,0.7133333333333333,0.4025462962962963,0.97,0.472,59.54,elevated,406
0623006,0623,6,gmina lubelskie-miejski-23-06,17675,47.07,2908,24.0,2026-01-16 14:44:00+00:00,5339.0,2026-01-14 18:44:00+00:00,45.266666666666666,0.154,-26.3,0.7533333333333334,0.6287037037037037,0.846,0.32,59.52,elevated,878
0604003,0604,6,gmina lubelskie-centralny-04-03,10274,61.45,1636,28.4,2026-01-16 15:38:00+00:00,3485.0,2026-01-15 11:38:00+00:00,28.366666666666667,0.108,-26.8,0.7866666666666667,0.3939814814814815,0.892,0.37866666666666665,59.25,elevated,555
2010002,2010,20,gmina podlaskie-centralny-10-02,19350,91.11,3964,58.1,,0.0,,0.0,0.03,-25.0,0.6666666666666666,0.0,0.97,0.7746666666666667,59.23,elevated,0
1427004,1427,14,gmina mazowieckie-zachodni-27-04,10992,73.65,1997,39.2,2026-01-16 15:30:00+00:00,7795.0,2026-01-15 17:30:00+00:00,22.5,0.03,-23.7,0.58,0.3125,0.97,0.5226666666666667,59.15,elevated,1416
2004003,2004,20,gmina podlaskie-centralny-04-03,3961,70.92,661,41.0,2026-01-16 15:36:00+00:00,2877.0,2026-01-15 09:36:00+00:00,30.4,0.03,-21.6,0.4400000000000001,0.4222222222222222,0.97,0.5466666666666666,59.0,elevated,480
1431005,1431,14,gmina mazowieckie-południowy-31-05,5300,66.89,773,31.9,2026-01-16 15:45:00+00:00,3129.0,2026-01-15 15:45:00+00:00,24.25,0.03,-25.5,0.7,0.3368055555555556,0.97,0.42533333333333334,58.98,elevated,456
2805002,2805,28,gmina warmińsko-mazurskie-miejski-05-02,7751,69.98,1398,43.8,2026-01-16 14:04:00+00:00,5913.0,2026-01-15 16:04:00+00:00,23.933333333333334,0.03,-23.9,0.5933333333333333,0.33240740740740743,0.97,0.584,58.89,elevated,1066
0610003,0610,6,gmina lubelskie-centralny-10-03,2081,73.32,388,36.4,2026-01-16 14:35:00+00:00,1193.0,2026-01-15 20:35:00+00:00,19.416666666666668,0.07,-25.1,0.6733333333333335,0.26967592592592593,0.9299999999999999,0.48533333333333334,58.87,elevated,222
2004005,2004,20,gmina podlaskie-centralny-04-05,12855,72.88,2486,49.7,2026-01-16 15:29:00+00:00,9853.0,2026-01-15 13:29:00+00:00,26.516666666666666,0.03,-21.6,0.4400000000000001,0.368287037037037,0.97,0.6626666666666667,58.71,elevated,1905
0606006,0606,6,gmina lubelskie-północny-06-06,11672,76.74,2000,29.7,2026-01-16 14:15:00+00:00,9153.0,2026-01-16 00:15:00+00:00,15.75,0.03,-25.1,0.6733333333333335,0.21875,0.97,0.39599999999999996,58.55,elevated,1568
0607006,0607,6,gmina lubelskie-południowy-07-06,16365,93.13,3310,61.5,,0.0,,0.0,0.03,-23.6,0.5733333333333335,0.0,0.97,0.82,58.54,elevated,0
0608005,0608,6,gmina lubelskie-wschodni-08-05,13464,94.5,3064,51.2,,0.0,,0.0,0.03,-23.7,0.58,0.0,0.97,0.6826666666666668,58.49,elevated,0
1434007,1434,14,gmina mazowieckie-centralny-34-07,13406,88.81,2850,41.9,,0.0,,0.0,0.03,-26.0,0.7333333333333333,0.0,0.97,0.5586666666666666,58.47,elevated,0
2016002,2016,20,gmina podlaskie-centralny-16-02,71609,64.77,13161,21.7,2026-01-16 15:47:00+00:00,48897.0,2026-01-15 09:47:00+00:00,30.216666666666665,0.03,-24.1,0.6066666666666668,0.4196759259259259,0.97,0.28933333333333333,58.3,elevated,8987
0619006,0619,6,gmina lubelskie-południowy-19-06,13913,59.98,2012,30.0,2026-01-16 15:33:00+00:00,11206.0,2026-01-15 13:33:00+00:00,26.45,0.03,-26.3,0.7533333333333334,0.3673611111111111,0.97,0.4,58.1,elevated,1621
1419007,1419,14,gmina mazowieckie-południowy-19-07,15611,52.34,2430,28.1,2026-01-16 15:02:00+00:00,4835.0,2026-01-15 05:02:00+00:00,34.96666666666667,0.07200000000000001,-26.1,0.7400000000000001,0.48564814814814816,0.9279999999999999,0.3746666666666667,58.0,elevated,753
2007002,2007,20,gmina podlaskie-południowy-07-02,17374,61.27,2189,30.7,2026-01-16 14:41:00+00:00,12144.0,2026-01-15 14:41:00+00:00,25.316666666666666,0.03,-26.1,0.7400000000000001,0.35162037037037036,0.97,0.4093333333333333,57.93,elevated,1530
2002004,2002,20,gmina podlaskie-wschodni-02-04,18616,57.39,2587,24.4,2026-01-16 14:53:00+00:00,13038.0,2026-01-15 06:53:00+00:00,33.11666666666667,0.03,-24.9,0.6599999999999999,0.4599537037037037,0.97,0.3253333333333333,57.84,elevated,1812
2810001,2810,28,gmina warmińsko-mazurskie-centralny-10-01,3001,75.42,520,46.3,2026-01-16 15:53:00+00:00,2362.0,2026-01-15 17:53:00+00:00,22.116666666666667,0.03,-21.7,0.4466666666666666,0.3071759259259259,0.97,0.6173333333333333,57.73,elevated,409
2807001,2807,28,gmina warmińsko-mazurskie-południowy-07-01,12431,71.0,2292,39.1,2026-01-16 15:55:00+00:00,2230.0,2026-01-15 13:55:00+00:00,26.083333333333332,0.03,-22.0,0.4666666666666667,0.3622685185185185,0.97,0.5213333333333333,57.58,elevated,411
2013005,2013,20,gmina podlaskie-południowy-13-05,16783,52.09,2599,19.8,2026-01-16 14:55:00+00:00,5088.0,2026-01-15 00:55:00+00:00,39.083333333333336,0.03,-24.5,0.6333333333333333,0.5428240740740741,0.97,0.264,57.53,elevated,788
0621004,0621,6,gmina lubelskie-zachodni-21-04,2470,80.67,501,51.5,2026-01-16 15:30:00+00:00,1558.0,2026-01-16 07:30:00+00:00,8.5,0.03,-24.3,0.62,0.11805555555555555,0.97,0.6866666666666666,57.52,elevated,316
1409007,1409,14,gmina mazowieckie-zachodni-09-07,5340,61.16,933,34.6,2026-01-16 14:26:00+00:00,4095.0,2026-01-15 12:26:00+00:00,27.566666666666666,0.03,-24.8,0.6533333333333334,0.38287037037037036,0.97,0.4613333333333334,57.52,elevated,715
1428003,1428,14,gmina mazowieckie-centralny-28-03,44061,63.03,5552,15.5,2026-01-16 15:33:00+00:00,29545.0,2026-01-15 05:33:00+00:00,34.45,0.03,-22.8,0.52,0.47847222222222224,0.97,0.20666666666666667,57.43,elevated,3723
2812002,2812,28,gmina warmińsko-mazurskie-północny-12-02,34890,53.74,5669,32.7,2026-01-16 15:02:00+00:00,24682.0,2026-01-15 03:02:00+00:00,36.96666666666667,0.03,-23.8,0.5866666666666667,0.513425925925926,0.97,0.43600000000000005,57.29,elevated,4010
0607001,0607,6,gmina lubelskie-południowy-07-01,2917,68.36,527,27.6,2026-01-16 15:03:00+00:00,1015.0,2026-01-15 15:03:00+00:00,24.95,0.03,-23.6,0.5733333333333335,0.34652777777777777,0.97,0.368,57.26,elevated,183
1433006,1433,14,gmina mazowieckie-zachodni-33-06,26461,81.39,4557,47.9,,0.0,,0.0,0.03,-27.0,0.8,0.0,0.97,0.6386666666666666,57.25,elevated,0
2012002,2012,20,gmina podlaskie-północny-12-02,35824,91.08,8011,43.9,,0.0,,0.0,0.03,-24.0,0.6,0.0,0.97,0.5853333333333333,57.07,elevated,0
1418007,1418,14,gmina mazowieckie-północny-18-07,26543,56.27,3777,25.5,2026-01-16 15:04:00+00:00,18052.0,2026-01-15 09:04:00+00:00,30.933333333333334,0.03,-25.3,0.6866666666666668,0.42962962962962964,0.97,0.34,57.06,elevated,2569
1428006,1428,14,gmina mazowieckie-centralny-28-06,11076,56.45,1645,24.3,2026-01-16 14:20:00+00:00,8690.0,2026-01-15 02:20:00+00:00,37.666666666666664,0.03,-22.8,0.52,0.5231481481481481,0.97,0.324,56.86,elevated,1291
2008005,2008,20,gmina podlaskie-wschodni-08-05,7049,82.98,1047,45.1,2026-01-16 15:01:00+00:00,5295.0,2026-01-16 07:01:00+00:00,8.983333333333333,0.03,-23.1,0.5400000000000001,0.1247685185185185,0.97,0.6013333333333334,56.73,elevated,786
1433004,1433,14,gmina mazowieckie-zachodni-33-04,14041,92.78,2757,50.7,,0.0,,0.0,0.604,-27.0,0.8,0.0,0.396,0.676,56.6,elevated,0
2805006,2805,28,gmina warmińsko-mazurskie-miejski-05-06,18142,90.47,3768,41.5,,0.0,,0.0,0.03,-23.9,0.5933333333333333,0.0,0.97,0.5533333333333333,56.56,elevated,0
1439004,1439,14,gmina mazowieckie-zachodni-39-04,16323,65.95,2318,40.2,2026-01-16 15:57:00+00:00,9431.0,2026-01-15 15:57:00+00:00,24.05,0.03,-23.3,0.5533333333333333,0.3340277777777778,0.97,0.536,56.45,elevated,1339
2811004,2811,28,gmina warmińsko-mazurskie-miejski-11-04,19640,56.55,3306,27.4,2026-01-16 14:51:00+00:00,14007.0,2026-01-15 04:51:00+00:00,35.15,0.043000000000000003,-23.1,0.5400000000000001,0.48819444444444443,0.957,0.3653333333333333,56.29,elevated,2358
2804002,2804,28,gmina warmińsko-mazurskie-centralny-04-02,14535,69.63,2720,42.6,2026-01-16 14:11:00+00:00,9081.0,2026-01-16 00:11:00+00:00,15.816666666666666,0.03,-24.7,0.6466666666666666,0.2196759259259259,0.97,0.5680000000000001,56.26,elevated,1699
1422005,1422,14,gmina mazowieckie-centralny-22-05,30082,87.78,5942,49.7,,0.0,,0.0,0.03,-24.0,0.6,0.0,0.97,0.6626666666666667,56.2,elevated,0
1431003,1431,14,gmina mazowieckie-południowy-31-03,22915,54.13,2625,32.2,2026-01-16 15:02:00+00:00,15369.0,2026-01-15 11:02:00+00:00,28.966666666666665,0.03,-25.5,0.7,0.4023148148148148,0.97,0.42933333333333334,56.12,elevated,1761
2801002,2801,28,gmina warmińsko-mazurskie-południowy-01-02,10546,64.82,1776,34.4,2026-01-16 14:42:00+00:00,6782.0,2026-01-15 20:42:00+00:00,19.3,0.03,-25.2,0.6799999999999999,0.26805555555555555,0.97,0.45866666666666667,55.94,elevated,1142
0603006,0603,6,gmina lubelskie-zachodni-03-06,10169,88.5,2000,45.1,,0.0,,0.0,0.03,-23.8,0.5866666666666667,0.0,0.97,0.6013333333333334,55.93,elevated,0
0620003,0620,6,gmina lubelskie-wschodni-20-03,137797,86.75,18692,21.2,,0.0,,0.0,0.03,-25.6,0.7066666666666668,0.0,0.97,0.2826666666666667,55.83,elevated,0
1422001,1422,14,gmina mazowieckie-centralny-22-01,7839,79.41,1432,41.1,2026-01-16 15:59:00+00:00,6361.0,2026-01-16 07:59:00+00:00,8.016666666666667,0.03,-24.0,0.6,0.1113425925925926,0.97,0.548,55.79,elevated,1162
0605006,0605,6,gmina lubelskie-miejski-05-06,6989,84.08,1600,43.3,,0.0,,0.0,0.03,-25.1,0.6733333333333335,0.0,0.97,0.5773333333333333,55.69,elevated,0
1440007,1440,14,gmina mazowieckie-centralny-40-07,4376,56.09,634,31.4,2026-01-16 15:58:00+00:00,2978.0,2026-01-15 15:58:00+00:00,24.033333333333335,0.03,-26.1,0.7400000000000001,0.3337962962962963,0.97,0.41866666666666663,55.47,elevated,431
0610005,0610,6,gmina lubelskie-centralny-10-05,14329,82.94,3034,45.8,,0.0,,0.0,0.03,-25.1,0.6733333333333335,0.0,0.97,0.6106666666666666,55.42,elevated,0
1407003,1407,14,gmina mazowieckie-południowy-07-03,13865,88.68,3288,32.0,,0.0,,0.0,0.03,-23.9,0.5933333333333333,0.0,0.97,0.4266666666666667,55.24,elevated,0
2814005,2814,28,gmina warmińsko-mazurskie-wschodni-14-05,9032,90.78,1645,56.2,,0.0,,0.0,0.633,-26.3,0.7533333333333334,0.0,0.367,0.7493333333333334,55.11,elevated,0
1437003,1437,14,gmina mazowieckie-południowy-37-03,5710,56.17,692,27.4,2026-01-16 15:32:00+00:00,1559.0,2026-01-15 05:32:00+00:00,34.46666666666667,0.03,-22.3,0.4866666666666667,0.47870370370370374,0.97,0.3653333333333333,55.02,elevated,189
1401005,1401,14,gmina mazowieckie-południowy-01-05,13712,78.99,2145,44.0,,0.0,,0.0,0.03,-26.1,0.7400000000000001,0.0,0.97,0.5866666666666667,55.0,elevated,0
2012005,2012,20,gmina podlaskie-północny-12-05,21981,57.26,3248,22.5,2026-01-16 14:57:00+00:00,3352.0,2026-01-15 10:57:00+00:00,29.05,0.03,-24.0,0.6,0.40347222222222223,0.97,0.3,54.89,elevated,495
1429004,1429,14,gmina mazowieckie-miejski-29-04,24961,74.28,3868,49.0,,0.0,,0.0,0.03,-27.2,0.8133333333333332,0.0,0.97,0.6533333333333333,54.86,elevated,0
2803004,2803,28,gmina warmińsko-mazurskie-zachodni-03-04,4262,61.45,743,30.1,2026-01-16 14:09:00+00:00,2672.0,2026-01-15 12:09:00+00:00,27.85,0.03,-22.6,0.5066666666666667,0.38680555555555557,0.97,0.4013333333333334,54.81,elevated,466
0622003,0622,6,gmina lubelskie-centralny-22-03,14883,82.45,2947,28.0,,0.0,,0.0,0.03,-25.6,0.7066666666666668,0.0,0.97,0.37333333333333335,54.65,elevated,0
2801005,2801,28,gmina warmińsko-mazurskie-południowy-01-05,16613,79.56,3257,50.9,,0.0,,0.0,0.03,-25.2,0.6799999999999999,0.0,0.97,0.6786666666666666,54.6,elevated,0
0622006,0622,6,gmina lubelskie-centralny-22-06,12755,80.7,2796,35.0,,0.0,,0.0,0.03,-25.6,0.7066666666666668,0.0,0.97,0.4666666666666667,54.45,elevated,0
2807006,2807,28,gmina warmińsko-mazurskie-południowy-07-06,24010,56.82,3373,21.3,2026-01-16 15:42:00+00:00,17370.0,2026-01-15 05:42:00+00:00,34.3,0.03,-22.0,0.4666666666666667,0.47638888888888886,0.97,0.28400000000000003,54.43,elevated,2440
1426005,1426,14,gmina mazowieckie-wschodni-26-05,14398,87.99,2589,44.4,,0.0,,0.0,0.6900000000000001,-27.7,0.8466666666666666,0.0,0.30999999999999994,0.592,54.43,elevated,0
1416006,1416,14,gmina mazowieckie-centralny-16-06,22882,78.38,4690,40.3,,0.0,,0.0,0.03,-26.0,0.7333333333333333,0.0,0.97,0.5373333333333333,54.4,elevated,0
2011002,2011,20,gmina podlaskie-miejski-11-02,29274,55.16,4833,19.8,2026-01-16 14:58:00+00:00,16307.0,2026-01-15 14:58:00+00:00,25.033333333333335,0.03,-25.8,0.7200000000000001,0.3476851851851852,0.97,0.264,54.4,elevated,2692
2007003,2007,20,gmina podlaskie-południowy-07-03,8015,88.85,1479,45.8,,0.0,,0.0,0.536,-26.1,0.7400000000000001,0.0,0.46399999999999997,0.6106666666666666,54.31,elevated,0
0608002,0608,6,gmina lubelskie-wschodni-08-02,9617,99.43,1938,43.6,,0.0,,0.0,0.647,-23.7,0.58,0.0,0.353,0.5813333333333334,54.31,elevated,0
2803005,2803,28,gmina warmińsko-mazurskie-zachodni-03-05,16054,61.26,2545,39.3,2026-01-16 14:45:00+00:00,12911.0,2026-01-15 14:45:00+00:00,25.25,0.03,-22.6,0.5066666666666667,0.3506944444444444,0.97,0.5239999999999999,54.27,elevated,2047
0614006,0614,6,gmina lubelskie-wschodni-14-06,22642,82.77,3836,39.7,,0.0,,0.0,0.03,-24.5,0.6333333333333333,0.0,0.97,0.5293333333333333,54.23,elevated,0
0607003,0607,6,gmina lubelskie-południowy-07-03,11007,54.26,1446,40.7,2026-01-16 15:42:00+00:00,4322.0,2026-01-15 11:42:00+00:00,28.3,0.03,-23.6,0.5733333333333335,0.39305555555555555,0.97,0.5426666666666667,54.17,elevated,568
1435007,1435,14,gmina mazowieckie-miejski-35-07,23455,74.68,4445,43.9,,0.0,,0.0,0.03,-26.7,0.7799999999999999,0.0,0.97,0.5853333333333333,54.08,elevated,0
0605003,0605,6,gmina lubelskie-miejski-05-03,21466,60.24,3658,34.2,2026-01-16 14:59:00+00:00,14183.0,2026-01-15 20:59:00+00:00,19.016666666666666,0.03,-25.1,0.6733333333333335,0.26412037037037034,0.97,0.456,53.94,elevated,2417
2003002,2003,20,gmina podlaskie-zachodni-03-02,25856,56.81,4066,22.6,2026-01-16 14:36:00+00:00,16189.0,2026-01-15 22:36:00+00:00,17.4,0.03,-27.3,0.8200000000000001,0.24166666666666664,0.97,0.30133333333333334,53.83,elevated,2546
0605004,0605,6,gmina lubelskie-miejski-05-04,10914,92.46,2198,48.9,,0.0,,0.0,0.635,-25.1,0.6733333333333335,0.0,0.365,0.652,53.8,elevated,0
1427005,1427,14,gmina mazowieckie-zachodni-27-05,12972,82.1,2668,50.8,,0.0,,0.0,0.03,-23.7,0.58,0.0,0.97,0.6773333333333333,53.75,elevated,0
1442004,1442,14,gmina mazowieckie-północny-42-04,16504,82.39,2581,44.3,,0.0,,0.0,0.03,-23.8,0.5866666666666667,0.0,0.97,0.5906666666666667,53.55,elevated,0
2819003,2819,28,gmina warmińsko-mazurskie-południowy-19-03,5929,87.96,1130,45.2,,0.0,,0.0,0.636,-26.5,0.7666666666666667,0.0,0.364,0.6026666666666667,53.51,elevated,0
0602007,0602,6,gmina lubelskie-wschodni-02-07,16444,60.57,2857,24.5,2026-01-16 15:05:00+00:00,9923.0,2026-01-15 19:05:00+00:00,20.916666666666668,0.034,-24.5,0.6333333333333333,0.2905092592592593,0.966,0.32666666666666666,53.46,elevated,1724
2015006,2015,20,gmina podlaskie-zachodni-15-06,135792,80.05,18533,23.2,,0.0,,0.0,0.03,-25.5,0.7,0.0,0.97,0.30933333333333335,53.3,elevated,0
1435002,1435,14,gmina mazowieckie-miejski-35-02,10745,85.95,2093,48.0,,0.0,,0.0,0.628,-26.7,0.7799999999999999,0.0,0.372,0.64,53.25,elevated,0
2814001,2814,28,gmina warmińsko-mazurskie-wschodni-14-01,15791,89.23,3529,48.5,,0.0,,0.0,0.72,-26.3,0.7533333333333334,0.0,0.28,0.6466666666666666,53.22,elevated,0
0611006,0611,6,gmina lubelskie-miejski-11-06,15495,79.4,3176,48.3,,0.0,,0.0,0.03,-24.2,0.6133333333333333,0.0,0.97,0.644,53.16,elevated,0
2014003,2014,20,gmina podlaskie-wschodni-14-03,8750,84.06,1942,38.2,,0.0,,0.0,0.687,-28.2,0.88,0.0,0.31299999999999994,0.5093333333333334,53.15,elevated,0
1434001,1434,14,gmina mazowieckie-centralny-34-01,13173,87.71,2505,53.1,,0.0,,0.0,0.664,-26.0,0.7333333333333333,0.0,0.33599999999999997,0.7080000000000001,53.09,elevated,0
2820003,2820,28,gmina warmińsko-mazurskie-wschodni-20-03,43548,55.28,5991,30.5,2026-01-16 14:25:00+00:00,32435.0,2026-01-15 16:25:00+00:00,23.583333333333332,0.088,-24.9,0.6599999999999999,0.3275462962962963,0.912,0.4066666666666667,52.95,elevated,4462
1438003,1438,14,gmina mazowieckie-wschodni-38-03,13069,75.38,2058,38.5,,0.0,,0.0,0.03,-25.8,0.7200000000000001,0.0,0.97,0.5133333333333333,52.9,elevated,0
2818006,2818,28,gmina warmińsko-mazurskie-północny-18-06,54755,65.19,8264,24.6,2026-01-16 15:25:00+00:00,44873.0,2026-01-16 03:25:00+00:00,12.583333333333334,0.03,-25.4,0.6933333333333332,0.17476851851851852,0.97,0.328,52.87,elevated,6773
2002002,2002,20,gmina podlaskie-wschodni-02-02,14317,90.02,2883,44.0,,0.0,,0.0,0.5750000000000001,-24.9,0.6599999999999999,0.0,0.42499999999999993,0.5866666666666667,52.85,elevated,0
0617002,0617,6,gmina lubelskie-miejski-17-02,6983,90.81,1378,60.7,,0.0,,0.0,0.679,-24.5,0.6333333333333333,0.0,0.32099999999999995,0.8093333333333333,52.84,elevated,0
1408002,1408,14,gmina mazowieckie-wschodni-08-02,12154,86.05,2240,40.0,,0.0,,0.0,0.687,-27.2,0.8133333333333332,0.0,0.31299999999999994,0.5333333333333333,52.82,elevated,0
1424003,1424,14,gmina mazowieckie-północny-24-03,15164,81.39,2993,49.5,,0.0,,0.0,0.03,-23.2,0.5466666666666666,0.0,0.97,0.66,52.8,elevated,0
0623007,0623,6,gmina lubelskie-miejski-23-07,2017,86.11,420,47.7,,0.0,,0.0,0.639,-26.3,0.7533333333333334,0.0,0.361,0.636,52.71,elevated,0
0602001,0602,6,gmina lubelskie-wschodni-02-01,7095,55.42,1073,33.6,2026-01-16 15:47:00+00:00,5064.0,2026-01-15 17:47:00+00:00,22.216666666666665,0.03,-24.5,0.6333333333333333,0.3085648148148148,0.97,0.448,52.69,elevated,766
1408004,1408,14,gmina mazowieckie-wschodni-08-04,17342,83.18,3318,49.8,,0.0,,0.0,0.656,-27.2,0.8133333333333332,0.0,0.344,0.6639999999999999,52.66,elevated,0
1415003,1415,14,gmina mazowieckie-zachodni-15-03,1800,79.86,368,39.8,,0.0,,0.0,0.03,-24.1,0.6066666666666668,0.0,0.97,0.5306666666666666,52.65,elevated,0
0604002,0604,6,gmina lubelskie-centralny-04-02,20158,82.13,3539,51.3,,0.0,,0.0,0.588,-26.8,0.7866666666666667,0.0,0.41200000000000003,0.6839999999999999,52.5,elevated,0
2809001,2809,28,gmina warmińsko-mazurskie-zachodni-09-01,3926,83.79,805,43.4,,0.0,,0.0,0.669,-27.3,0.8200000000000001,0.0,0.33099999999999996,0.5786666666666667,52.47,elevated,0
2012001,2012,20,gmina podlaskie-północny-12-01,20006,95.03,3891,43.1,,0.0,,0.0,0.7020000000000001,-24.0,0.6,0.0,0.29799999999999993,0.5746666666666667,52.47,elevated,0
0616005,0616,6,gmina lubelskie-centralny-16-05,19738,58.86,2930,19.9,2026-01-16 15:22:00+00:00,16100.0,2026-01-15 23:22:00+00:00,16.633333333333333,0.03,-25.9,0.7266666666666666,0.2310185185185185,0.97,0.2653333333333333,52.43,elevated,2390
1420001,1420,14,gmina mazowieckie-wschodni-20-01,8288,84.65,1439,50.5,,0.0,,0.0,0.614,-26.1,0.7400000000000001,0.0,0.386,0.6733333333333333,52.33,elevated,0
0612005,0612,6,gmina lubelskie-północny-12-05,20411,79.32,3944,36.2,,0.0,,0.0,0.03,-24.2,0.6133333333333333,0.0,0.97,0.4826666666666667,52.32,elevated,0
0606003,0606,6,gmina lubelskie-północny-06-03,12264,90.38,2391,49.0,,0.0,,0.0,0.725,-25.1,0.6733333333333335,0.0,0.275,0.6533333333333333,52.21,elevated,0
2814003,2814,28,gmina warmińsko-mazurskie-wschodni-14-03,19975,71.83,3471,39.3,,0.0,,0.0,0.03,-26.3,0.7533333333333334,0.0,0.97,0.5239999999999999,52.21,elevated,0
1421006,1421,14,gmina mazowieckie-zachodni-21-06,8340,87.08,1628,32.6,,0.0,,0.0,0.615,-26.2,0.7466666666666666,0.0,0.385,0.4346666666666667,52.17,elevated,0
2009005,2009,20,gmina podlaskie-zachodni-09-05,8373,88.85,1701,52.2,,0.0,,0.0,0.785,-25.8,0.7200000000000001,0.0,0.21499999999999997,0.6960000000000001,52.14,elevated,0
2007004,2007,20,gmina podlaskie-południowy-07-04,4340,85.99,872,43.2,,0.0,,0.0,0.637,-26.1,0.7400000000000001,0.0,0.363,0.5760000000000001,52.14,elevated,0
1442005,1442,14,gmina mazowieckie-północny-42-05,18955,93.34,4003,42.8,,0.0,,0.0,0.643,-23.8,0.5866666666666667,0.0,0.357,0.5706666666666667,52.1,elevated,0
0610004,0610,6,gmina lubelskie-centralny-10-04,9455,74.25,1575,44.3,,0.0,,0.0,0.03,-25.1,0.6733333333333335,0.0,0.97,0.5906666666666667,52.02,elevated,0
1438004,1438,14,gmina mazowieckie-wschodni-38-04,8263,84.23,1546,60.0,,0.0,,0.0,0.666,-25.8,0.7200000000000001,0.0,0.33399999999999996,0.8,51.97,elevated,0
1420005,1420,14,gmina mazowieckie-wschodni-20-05,9010,87.03,1739,48.1,,0.0,,0.0,0.741,-26.1,0.7400000000000001,0.0,0.259,0.6413333333333333,51.93,elevated,0
2801003,2801,28,gmina warmińsko-mazurskie-południowy-01-03,21658,50.74,2813,23.1,2026-01-16 15:55:00+00:00,17265.0,2026-01-15 15:55:00+00:00,24.083333333333332,0.03,-25.2,0.6799999999999999,0.3344907407407407,0.97,0.308,51.83,elevated,2242
1435004,1435,14,gmina mazowieckie-miejski-35-04,10111,80.49,2039,55.2,,0.0,,0.0,0.616,-26.7,0.7799999999999999,0.0,0.384,0.736,51.76,elevated,0
0601001,0601,6,gmina lubelskie-południowy-01-01,6707,82.82,1135,52.4,,0.0,,0.0,0.631,-26.2,0.7466666666666666,0.0,0.369,0.6986666666666667,51.73,elevated,0
0608004,0608,6,gmina lubelskie-wschodni-08-04,40710,90.15,6586,40.0,,0.0,,0.0,0.517,-23.7,0.58,0.0,0.483,0.5333333333333333,51.71,elevated,0
0618006,0618,6,gmina lubelskie-północny-18-06,3614,89.72,804,46.2,,0.0,,0.0,0.625,-24.3,0.62,0.0,0.375,0.616,51.71,elevated,0
1430006,1430,14,gmina mazowieckie-północny-30-06,3566,73.35,749,44.8,,0.0,,0.0,0.03,-25.1,0.6733333333333335,0.0,0.97,0.5973333333333333,51.71,elevated,0
1410004,1410,14,gmina mazowieckie-centralny-10-04,4310,83.51,744,34.7,,0.0,,0.0,0.666,-27.2,0.8133333333333332,0.0,0.33399999999999996,0.4626666666666667,51.69,elevated,0
1403007,1403,14,gmina mazowieckie-zachodni-03-07,8868,86.25,1985,45.9,,0.0,,0.0,0.684,-25.8,0.7200000000000001,0.0,0.31599999999999995,0.612,51.64,elevated,0
2014005,2014,20,gmina podlaskie-wschodni-14-05,6886,77.85,1092,43.2,,0.0,,0.0,0.636,-28.2,0.88,0.0,0.364,0.5760000000000001,51.58,elevated,0
1429002,1429,14,gmina mazowieckie-miejski-29-02,7457,83.41,1697,33.7,,0.0,,0.0,0.676,-27.2,0.8133333333333332,0.0,0.32399999999999995,0.44933333333333336,51.5,elevated,0
1426007,1426,14,gmina mazowieckie-wschodni-26-07,5120,80.74,862,44.4,,0.0,,0.0,0.732,-27.7,0.8466666666666666,0.0,0.268,0.592,51.29,elevated,0
1430001,1430,14,gmina mazowieckie-północny-30-01,10251,86.97,2315,55.4,,0.0,,0.0,0.736,-25.1,0.6733333333333335,0.0,0.264,0.7386666666666667,51.24,elevated,0
2002006,2002,20,gmina podlaskie-wschodni-02-06,6699,88.78,1538,41.9,,0.0,,0.0,0.6910000000000001,-24.9,0.6599999999999999,0.0,0.30899999999999994,0.5586666666666666,51.19,elevated,0
1423005,1423,14,gmina mazowieckie-miejski-23-05,2911,84.8,558,46.7,,0.0,,0.0,0.71,-26.0,0.7333333333333333,0.0,0.29000000000000004,0.6226666666666667,51.15,elevated,0
1423003,1423,14,gmina mazowieckie-miejski-23-03,8469,85.34,1522,41.3,,0.0,,0.0,0.6930000000000001,-26.0,0.7333333333333333,0.0,0.30699999999999994,0.5506666666666666,51.15,elevated,0
1403004,1403,14,gmina mazowieckie-zachodni-03-04,46451,74.56,8888,16.8,,0.0,,0.0,0.032,-25.8,0.7200000000000001,0.0,0.968,0.224,51.12,elevated,0
2818001,2818,28,gmina warmińsko-mazurskie-północny-18-01,5506,86.69,1120,24.4,,0.0,,0.0,0.551,-25.4,0.6933333333333332,0.0,0.44899999999999995,0.3253333333333333,51.09,elevated,0
1417007,1417,14,gmina mazowieckie-miejski-17-07,18975,78.24,3569,39.7,,0.0,,0.0,0.03,-23.3,0.5533333333333333,0.0,0.97,0.5293333333333333,51.07,elevated,0
0607007,0607,6,gmina lubelskie-południowy-07-07,83255,68.26,9946,16.2,2026-01-16 14:02:00+00:00,57009.0,2026-01-16 04:02:00+00:00,11.966666666666667,0.03,-23.6,0.5733333333333335,0.16620370370370371,0.97,0.216,51.05,elevated,6811
1426001,1426,14,gmina mazowieckie-wschodni-26-01,5519,75.93,1038,52.0,,0.0,,0.0,0.614,-27.7,0.8466666666666666,0.0,0.386,0.6933333333333334,51.03,elevated,0
1414005,1414,14,gmina mazowieckie-wschodni-14-05,2618,88.93,538,48.1,,0.0,,0.0,0.6940000000000001,-24.4,0.6266666666666666,0.0,0.30599999999999994,0.6413333333333333,51.03,elevated,0
2013003,2013,20,gmina podlaskie-południowy-13-03,6685,89.47,1491,37.0,,0.0,,0.0,0.653,-24.5,0.6333333333333333,0.0,0.347,0.49333333333333335,50.99,elevated,0
1420006,1420,14,gmina mazowieckie-wschodni-20-06,5904,84.01,1182,41.6,,0.0,,0.0,0.67,-26.1,0.7400000000000001,0.0,0.32999999999999996,0.5546666666666666,50.99,elevated,0
2017001,2017,20,gmina podlaskie-miejski-17-01,13879,85.04,2226,45.4,,0.0,,0.0,0.613,-25.1,0.6733333333333335,0.0,0.387,0.6053333333333333,50.94,elevated,0
1401004,1401,14,gmina mazowieckie-południowy-01-04,11088,82.19,1773,42.4,,0.0,,0.0,0.61,-26.1,0.7400000000000001,0.0,0.39,0.5653333333333334,50.89,elevated,0
2011005,2011,20,gmina podlaskie-miejski-11-05,6571,83.77,1387,59.2,,0.0,,0.0,0.767,-25.8,0.7200000000000001,0.0,0.23299999999999998,0.7893333333333333,50.84,elevated,0
1432006,1432,14,gmina mazowieckie-wschodni-32-06,11932,82.76,2244,54.9,,0.0,,0.0,0.686,-25.7,0.7133333333333333,0.0,0.31399999999999995,0.732,50.77,elevated,0
0611002,0611,6,gmina lubelskie-miejski-11-02,24465,75.31,3877,35.3,,0.0,,0.0,0.03,-24.2,0.6133333333333333,0.0,0.97,0.4706666666666666,50.74,elevated,0
1426002,1426,14,gmina mazowieckie-wschodni-26-02,8746,80.01,1796,45.3,,0.0,,0.0,0.769,-27.7,0.8466666666666666,0.0,0.23099999999999998,0.604,50.74,elevated,0
2003005,2003,20,gmina podlaskie-zachodni-03-05,25868,66.79,4912,27.8,,0.0,,0.0,0.03,-27.3,0.8200000000000001,0.0,0.97,0.3706666666666667,50.72,elevated,0
0622005,0622,6,gmina lubelskie-centralny-22-05,8490,86.1,1941,44.6,,0.0,,0.0,0.745,-25.6,0.7066666666666668,0.0,0.255,0.5946666666666667,50.71,elevated,0
1425004,1425,14,gmina mazowieckie-południowy-25-04,10960,87.25,1962,45.7,,0.0,,0.0,0.71,-24.9,0.6599999999999999,0.0,0.29000000000000004,0.6093333333333334,50.69,elevated,0
0605005,0605,6,gmina lubelskie-miejski-05-05,6371,84.27,1285,48.6,,0.0,,0.0,0.634,-25.1,0.6733333333333335,0.0,0.366,0.648,50.68,elevated,0
2013002,2013,20,gmina podlaskie-południowy-13-02,6822,87.65,1372,50.9,,0.0,,0.0,0.717,-24.5,0.6333333333333333,0.0,0.28300000000000003,0.6786666666666666,50.65,elevated,0
1421005,1421,14,gmina mazowieckie-zachodni-21-05,8113,81.87,1560,44.3,,0.0,,0.0,0.651,-26.2,0.7466666666666666,0.0,0.349,0.5906666666666667,50.64,elevated,0
1410007,1410,14,gmina mazowieckie-centralny-10-07,27315,46.56,3741,9.9,2026-01-16 14:29:00+00:00,16437.0,2026-01-15 18:29:00+00:00,21.516666666666666,0.036000000000000004,-27.2,0.8133333333333332,0.2988425925925926,0.964,0.132,50.63,elevated,2251
1401003,1401,14,gmina mazowieckie-południowy-01-03,8885,80.53,1776,51.9,,0.0,,0.0,0.641,-26.1,0.7400000000000001,0.0,0.359,0.692,50.61,elevated,0
2809005,2809,28,gmina warmińsko-mazurskie-zachodni-09-05,4104,78.72,791,43.6,,0.0,,0.0,0.665,-27.3,0.8200000000000001,0.0,0.33499999999999996,0.5813333333333334,50.6,elevated,0
2813003,2813,28,gmina warmińsko-mazurskie-południowy-13-03,4163,60.01,742,11.3,2026-01-16 15:07:00+00:00,837.0,2026-01-15 17:07:00+00:00,22.883333333333333,0.03,-22.3,0.4866666666666667,0.3178240740740741,0.97,0.15066666666666667,50.58,elevated,149
1419003,1419,14,gmina mazowieckie-południowy-19-03,12586,84.78,2419,49.6,,0.0,,0.0,0.8150000000000001,-26.1,0.7400000000000001,0.0,0.18499999999999994,0.6613333333333333,50.51,elevated,0
1419006,1419,14,gmina mazowieckie-południowy-19-06,15786,81.98,2960,47.7,,0.0,,0.0,0.683,-26.1,0.7400000000000001,0.0,0.31699999999999995,0.636,50.51,elevated,0
0624002,0624,6,gmina lubelskie-północny-24-02,16437,59.89,2762,45.7,2026-01-16 15:35:00+00:00,4324.0,2026-01-15 21:35:00+00:00,18.416666666666668,0.055,-22.1,0.47333333333333344,0.25578703703703703,0.945,0.6093333333333334,50.5,elevated,727
1439005,1439,14,gmina mazowieckie-zachodni-39-05,3018,73.41,580,58.7,,0.0,,0.0,0.03,-23.3,0.5533333333333333,0.0,0.97,0.7826666666666667,50.5,elevated,0
2001005,2001,20,gmina podlaskie-południowy-01-05,2476,84.95,581,50.2,,0.0,,0.0,0.641,-24.7,0.6466666666666666,0.0,0.359,0.6693333333333333,50.5,elevated,0
1402005,1402,14,gmina mazowieckie-wschodni-02-05,44064,75.16,7079,37.7,,0.0,,0.0,0.03,-23.9,0.5933333333333333,0.0,0.97,0.5026666666666667,50.48,elevated,0
0605002,0605,6,gmina lubelskie-miejski-05-02,2088,84.82,462,46.7,,0.0,,0.0,0.669,-25.1,0.6733333333333335,0.0,0.33099999999999996,0.6226666666666667,50.44,elevated,0
0623004,0623,6,gmina lubelskie-miejski-23-04,179316,87.64,19344,26.0,,0.0,,0.0,0.803,-26.3,0.7533333333333334,0.0,0.19699999999999995,0.3466666666666667,50.37,elevated,0
2017003,2017,20,gmina podlaskie-miejski-17-03,13571,84.6,2284,57.6,,0.0,,0.0,0.749,-25.1,0.6733333333333335,0.0,0.251,0.768,50.37,elevated,0
2012006,2012,20,gmina podlaskie-północny-12-06,4127,87.57,855,51.4,,0.0,,0.0,0.685,-24.0,0.6,0.0,0.31499999999999995,0.6853333333333333,50.34,elevated,0
1403001,1403,14,gmina mazowieckie-zachodni-03-01,2721,84.88,552,31.2,,0.0,,0.0,0.666,-25.8,0.7200000000000001,0.0,0.33399999999999996,0.416,50.3,elevated,0
1423006,1423,14,gmina mazowieckie-miejski-23-06,6347,82.06,1046,52.3,,0.0,,0.0,0.732,-26.0,0.7333333333333333,0.0,0.268,0.6973333333333332,50.28,elevated,0
0609003,0609,6,gmina lubelskie-zachodni-09-03,8184,80.82,1504,37.0,,0.0,,0.0,0.559,-25.9,0.7266666666666666,0.0,0.44099999999999995,0.49333333333333335,50.23,elevated,0
1433001,1433,14,gmina mazowieckie-zachodni-33-01,13362,79.33,2714,42.5,,0.0,,0.0,0.7020000000000001,-27.0,0.8,0.0,0.29799999999999993,0.5666666666666667,50.06,elevated,0
1424001,1424,14,gmina mazowieckie-północny-24-01,4987,89.21,909,53.4,,0.0,,0.0,0.6980000000000001,-23.2,0.5466666666666666,0.0,0.30199999999999994,0.712,50.02,elevated,0
1404002,1404,14,gmina mazowieckie-centralny-04-02,11516,85.63,2513,57.0,,0.0,,0.0,0.687,-24.0,0.6,0.0,0.31299999999999994,0.76,49.96,elevated,0
1417002,1417,14,gmina mazowieckie-miejski-17-02,1800,88.44,360,45.8,,0.0,,0.0,0.629,-23.3,0.5533333333333333,0.0,0.371,0.6106666666666666,49.96,elevated,0
1428001,1428,14,gmina mazowieckie-centralny-28-01,37289,60.32,4761,28.0,2026-01-16 15:05:00+00:00,28186.0,2026-01-15 23:05:00+00:00,16.916666666666668,0.03,-22.8,0.52,0.23495370370370372,0.97,0.37333333333333335,49.93,elevated,3599
1410006,1410,14,gmina mazowieckie-centralny-10-06,13880,79.77,2662,37.1,,0.0,,0.0,0.729,-27.2,0.8133333333333332,0.0,0.271,0.4946666666666667,49.86,elevated,0
2817003,2817,28,gmina warmińsko-mazurskie-miejski-17-03,7432,86.28,1302,47.8,,0.0,,0.0,0.635,-23.8,0.5866666666666667,0.0,0.365,0.6373333333333333,49.82,elevated,0
2819005,2819,28,gmina warmińsko-mazurskie-południowy-19-05,4881,80.34,829,48.8,,0.0,,0.0,0.753,-26.5,0.7666666666666667,0.0,0.247,0.6506666666666666,49.81,elevated,0
0609007,0609,6,gmina lubelskie-zachodni-09-07,7548,82.79,1396,46.3,,0.0,,0.0,0.757,-25.9,0.7266666666666666,0.0,0.243,0.6173333333333333,49.81,elevated,0
1440002,1440,14,gmina mazowieckie-centralny-40-02,15082,81.51,2741,42.2,,0.0,,0.0,0.7020000000000001,-26.1,0.7400000000000001,0.0,0.29799999999999993,0.5626666666666668,49.79,elevated,0
0613003,0613,6,gmina lubelskie-południowy-13-03,18974,75.05,3419,36.4,,0.0,,0.0,0.03,-23.4,0.5599999999999999,0.0,0.97,0.48533333333333334,49.76,elevated,0
0616002,0616,6,gmina lubelskie-centralny-16-02,10709,81.51,2035,32.5,,0.0,,0.0,0.608,-25.9,0.7266666666666666,0.0,0.392,0.43333333333333335,49.75,elevated,0
2017002,2017,20,gmina podlaskie-miejski-17-02,13622,81.85,2757,54.2,,0.0,,0.0,0.678,-25.1,0.6733333333333335,0.0,0.32199999999999995,0.7226666666666667,49.73,elevated,0
2003003,2003,20,gmina podlaskie-zachodni-03-03,23759,75.49,4066,46.1,,0.0,,0.0,0.647,-27.3,0.8200000000000001,0.0,0.353,0.6146666666666667,49.7,elevated,0
2013004,2013,20,gmina podlaskie-południowy-13-04,3275,85.33,705,46.5,,0.0,,0.0,0.6920000000000001,-24.5,0.6333333333333333,0.0,0.30799999999999994,0.62,49.7,elevated,0
2010003,2010,20,gmina podlaskie-centralny-10-03,7952,80.55,1450,51.7,,0.0,,0.0,0.602,-25.0,0.6666666666666666,0.0,0.398,0.6893333333333334,49.64,elevated,0
1439001,1439,14,gmina mazowieckie-zachodni-39-01,1800,89.57,403,38.8,,0.0,,0.0,0.662,-23.3,0.5533333333333333,0.0,0.33799999999999997,0.5173333333333333,49.63,elevated,0
1420004,1420,14,gmina mazowieckie-wschodni-20-04,13333,80.73,2716,35.3,,0.0,,0.0,0.641,-26.1,0.7400000000000001,0.0,0.359,0.4706666666666666,49.58,elevated,0
1440003,1440,14,gmina mazowieckie-centralny-40-03,5426,79.29,972,47.6,,0.0,,0.0,0.676,-26.1,0.7400000000000001,0.0,0.32399999999999995,0.6346666666666667,49.54,elevated,0
1432005,1432,14,gmina mazowieckie-wschodni-32-05,5168,82.39,1058,36.2,,0.0,,0.0,0.675,-25.7,0.7133333333333333,0.0,0.32499999999999996,0.4826666666666667,49.49,elevated,0
1421007,1421,14,gmina mazowieckie-zachodni-21-07,5424,80.6,1048,39.0,,0.0,,0.0,0.6890000000000001,-26.2,0.7466666666666666,0.0,0.31099999999999994,0.52,49.47,elevated,0
1408005,1408,14,gmina mazowieckie-wschodni-08-05,3086,78.11,603,34.8,,0.0,,0.0,0.6980000000000001,-27.2,0.8133333333333332,0.0,0.30199999999999994,0.46399999999999997,49.36,elevated,0
0606004,0606,6,gmina lubelskie-północny-06-04,12552,70.96,2485,22.9,,0.0,,0.0,0.03,-25.1,0.6733333333333335,0.0,0.97,0.3053333333333333,49.34,elevated,0
1421001,1421,14,gmina mazowieckie-zachodni-21-01,8168,76.91,1260,43.9,,0.0,,0.0,0.585,-26.2,0.7466666666666666,0.0,0.41500000000000004,0.5853333333333333,49.33,elevated,0
0607005,0607,6,gmina lubelskie-południowy-07-05,6808,85.56,1269,53.8,,0.0,,0.0,0.682,-23.6,0.5733333333333335,0.0,0.31799999999999995,0.7173333333333333,49.28,elevated,0
0622007,0622,6,gmina lubelskie-centralny-22-07,5514,80.96,1194,50.7,,0.0,,0.0,0.741,-25.6,0.7066666666666668,0.0,0.259,0.676,49.2,elevated,0
1401006,1401,14,gmina mazowieckie-południowy-01-06,43019,52.16,4988,5.4,2026-01-16 15:17:00+00:00,35320.0,2026-01-15 23:17:00+00:00,16.716666666666665,0.03,-26.1,0.7400000000000001,0.2321759259259259,0.97,0.07200000000000001,49.2,elevated,4095
2013001,2013,20,gmina podlaskie-południowy-13-01,5372,84.68,972,37.4,,0.0,,0.0,0.655,-24.5,0.6333333333333333,0.0,0.345,0.49866666666666665,49.18,elevated,0
1416002,1416,14,gmina mazowieckie-centralny-16-02,13147,54.29,2181,22.5,2026-01-16 15:21:00+00:00,7920.0,2026-01-16 03:21:00+00:00,12.65,0.047,-26.0,0.7333333333333333,0.17569444444444446,0.953,0.3,49.18,elevated,1314
0601003,0601,6,gmina lubelskie-południowy-01-03,5106,81.54,1103,33.1,,0.0,,0.0,0.718,-26.2,0.7466666666666666,0.0,0.28200000000000003,0.44133333333333336,49.17,elevated,0
1413006,1413,14,gmina mazowieckie-południowy-13-06,15601,84.59,3298,55.2,,0.0,,0.0,0.6930000000000001,-23.8,0.5866666666666667,0.0,0.30699999999999994,0.736,49.15,elevated,0
1435001,1435,14,gmina mazowieckie-miejski-35-01,4915,78.15,964,42.6,,0.0,,0.0,0.725,-26.7,0.7799999999999999,0.0,0.275,0.5680000000000001,49.05,elevated,0
1424005,1424,14,gmina mazowieckie-północny-24-05,5791,84.59,1081,51.5,,0.0,,0.0,0.6000000000000001,-23.2,0.5466666666666666,0.0,0.3999999999999999,0.6866666666666666,49.02,elevated,0
1427006,1427,14,gmina mazowieckie-zachodni-27-06,12465,82.89,2203,52.9,,0.0,,0.0,0.611,-23.7,0.58,0.0,0.389,0.7053333333333334,48.97,elevated,0
2806002,2806,28,gmina warmińsko-mazurskie-północny-06-02,9113,83.07,2019,39.9,,0.0,,0.0,0.642,-24.6,0.6400000000000001,0.0,0.358,0.532,48.97,elevated,0
0619002,0619,6,gmina lubelskie-południowy-19-02,2693,78.32,597,45.3,,0.0,,0.0,0.712,-26.3,0.7533333333333334,0.0,0.28800000000000003,0.604,48.93,elevated,0
0615007,0615,6,gmina lubelskie-zachodni-15-07,2498,76.84,468,55.8,,0.0,,0.0,0.676,-25.9,0.7266666666666666,0.0,0.32399999999999995,0.744,48.92,elevated,0
1418003,1418,14,gmina mazowieckie-północny-18-03,6842,82.5,1269,44.1,,0.0,,0.0,0.753,-25.3,0.6866666666666668,0.0,0.247,0.588,48.87,elevated,0
1408001,1408,14,gmina mazowieckie-wschodni-08-01,9172,78.16,1993,38.5,,0.0,,0.0,0.783,-27.2,0.8133333333333332,0.0,0.21699999999999997,0.5133333333333333,48.86,elevated,0
1441002,1441,14,gmina mazowieckie-miejski-41-02,22770,48.33,2626,17.4,2026-01-16 14:50:00+00:00,14636.0,2026-01-15 14:50:00+00:00,25.166666666666668,0.03,-23.4,0.5599999999999999,0.34953703703703703,0.97,0.23199999999999998,48.82,elevated,1688
0613001,0613,6,gmina lubelskie-południowy-13-01,12049,85.89,2329,51.5,,0.0,,0.0,0.708,-23.4,0.5599999999999999,0.0,0.29200000000000004,0.6866666666666666,48.78,elevated,0
2806001,2806,28,gmina warmińsko-mazurskie-północny-06-01,3144,81.78,616,52.0,,0.0,,0.0,0.7000000000000001,-24.6,0.6400000000000001,0.0,0.29999999999999993,0.6933333333333334,48.76,elevated,0
2007006,2007,20,gmina podlaskie-południowy-07-06,6773,79.6,1333,41.7,,0.0,,0.0,0.733,-26.1,0.7400000000000001,0.0,0.267,0.556,48.75,elevated,0
2802004,2802,28,gmina warmińsko-mazurskie-wschodni-02-04,3725,84.36,772,50.7,,0.0,,0.0,0.734,-24.1,0.6066666666666668,0.0,0.266,0.676,48.75,elevated,0
0617007,0617,6,gmina lubelskie-miejski-17-07,1800,84.47,339,40.4,,0.0,,0.0,0.724,-24.5,0.6333333333333333,0.0,0.276,0.5386666666666666,48.68,elevated,0
2015001,2015,20,gmina podlaskie-zachodni-15-01,11442,77.52,2161,43.5,,0.0,,0.0,0.586,-25.5,0.7,0.0,0.41400000000000003,0.58,48.68,elevated,0
2006003,2006,20,gmina podlaskie-północny-06-03,6997,82.13,1398,41.8,,0.0,,0.0,0.669,-24.7,0.6466666666666666,0.0,0.33099999999999996,0.5573333333333333,48.62,elevated,0
1404004,1404,14,gmina mazowieckie-centralny-04-04,1800,85.2,386,39.3,,0.0,,0.0,0.6890000000000001,-24.0,0.6,0.0,0.31099999999999994,0.5239999999999999,48.6,elevated,0
0612003,0612,6,gmina lubelskie-północny-12-03,7577,81.05,1270,54.0,,0.0,,0.0,0.65,-24.2,0.6133333333333333,0.0,0.35,0.72,48.59,elevated,0
1405005,1405,14,gmina mazowieckie-miejski-05-05,8744,44.06,1286,27.8,2026-01-16 16:00:00+00:00,1897.0,2026-01-15 14:00:00+00:00,26.0,0.045,-23.8,0.5866666666666667,0.3611111111111111,0.955,0.3706666666666667,48.58,elevated,279
1439003,1439,14,gmina mazowieckie-zachodni-39-03,6277,84.51,1430,54.3,,0.0,,0.0,0.686,-23.3,0.5533333333333333,0.0,0.31399999999999995,0.724,48.52,elevated,0
0611005,0611,6,gmina lubelskie-miejski-11-05,11340,81.89,2334,44.2,,0.0,,0.0,0.627,-24.2,0.6133333333333333,0.0,0.373,0.5893333333333334,48.46,elevated,0
0612004,0612,6,gmina lubelskie-północny-12-04,6402,85.91,1169,38.4,,0.0,,0.0,0.754,-24.2,0.6133333333333333,0.0,0.246,0.512,48.46,elevated,0
1432003,1432,14,gmina mazowieckie-wschodni-32-03,3000,80.85,695,42.9,,0.0,,0.0,0.777,-25.7,0.7133333333333333,0.0,0.22299999999999998,0.572,48.43,elevated,0
2016005,2016,20,gmina podlaskie-centralny-16-05,11677,82.91,2107,51.0,,0.0,,0.0,0.714,-24.1,0.6066666666666668,0.0,0.28600000000000003,0.68,48.4,elevated,0
2003004,2003,20,gmina podlaskie-zachodni-03-04,6726,74.81,1328,38.3,,0.0,,0.0,0.707,-27.3,0.8200000000000001,0.0,0.29300000000000004,0.5106666666666666,48.38,elevated,0
2811003,2811,28,gmina warmińsko-mazurskie-miejski-11-03,41228,54.29,5602,17.0,2026-01-16 14:31:00+00:00,29991.0,2026-01-15 20:31:00+00:00,19.483333333333334,0.03,-23.1,0.5400000000000001,0.27060185185185187,0.97,0.22666666666666666,48.33,elevated,4075
1435006,1435,14,gmina mazowieckie-miejski-35-06,11771,72.69,1921,42.2,,0.0,,0.0,0.5720000000000001,-26.7,0.7799999999999999,0.0,0.42799999999999994,0.5626666666666668,48.33,elevated,0
2815001,2815,28,gmina warmińsko-mazurskie-zachodni-15-01,3573,84.83,852,42.5,,0.0,,0.0,0.744,-24.1,0.6066666666666668,0.0,0.256,0.5666666666666667,48.29,elevated,0
0616003,0616,6,gmina lubelskie-centralny-16-03,3341,77.51,573,50.0,,0.0,,0.0,0.733,-25.9,0.7266666666666666,0.0,0.267,0.6666666666666666,48.27,elevated,0
2802001,2802,28,gmina warmińsko-mazurskie-wschodni-02-01,22737,82.9,4752,50.4,,0.0,,0.0,0.725,-24.1,0.6066666666666668,0.0,0.275,0.6719999999999999,48.26,elevated,0
2017006,2017,20,gmina podlaskie-miejski-17-06,7218,79.46,1367,40.4,,0.0,,0.0,0.647,-25.1,0.6733333333333335,0.0,0.353,0.5386666666666666,48.19,elevated,0
1411007,1411,14,gmina mazowieckie-miejski-11-07,11598,83.47,2158,50.3,,0.0,,0.0,0.638,-23.2,0.5466666666666666,0.0,0.362,0.6706666666666666,48.17,elevated,0
1431007,1431,14,gmina mazowieckie-południowy-31-07,4528,82.03,752,39.7,,0.0,,0.0,0.807,-25.5,0.7,0.0,0.19299999999999995,0.5293333333333333,48.16,elevated,0
1417005,1417,14,gmina mazowieckie-miejski-17-05,5023,83.65,945,44.0,,0.0,,0.0,0.615,-23.3,0.5533333333333333,0.0,0.385,0.5866666666666667,48.15,elevated,0
1442007,1442,14,gmina mazowieckie-północny-42-07,13026,83.26,2311,48.8,,0.0,,0.0,0.704,-23.8,0.5866666666666667,0.0,0.29600000000000004,0.6506666666666666,48.12,elevated,0
2821002,2821,28,gmina warmińsko-mazurskie-zachodni-21-02,3377,82.91,661,31.7,,0.0,,0.0,0.655,-24.5,0.6333333333333333,0.0,0.345,0.42266666666666663,48.12,elevated,0
2010001,2010,20,gmina podlaskie-centralny-10-01,6996,82.07,1468,39.4,,0.0,,0.0,0.744,-25.0,0.6666666666666666,0.0,0.256,0.5253333333333333,48.12,elevated,0
2821001,2821,28,gmina warmińsko-mazurskie-zachodni-21-01,5182,81.37,1082,50.3,,0.0,,0.0,0.729,-24.5,0.6333333333333333,0.0,0.271,0.6706666666666666,48.11,elevated,0
1433005,1433,14,gmina mazowieckie-zachodni-33-05,8186,73.45,1459,40.5,,0.0,,0.0,0.661,-27.0,0.8,0.0,0.33899999999999997,0.54,48.06,elevated,0
0612001,0612,6,gmina lubelskie-północny-12-01,13203,84.4,2570,41.1,,0.0,,0.0,0.755,-24.2,0.6133333333333333,0.0,0.245,0.548,48.06,elevated,0
0622004,0622,6,gmina lubelskie-centralny-22-04,7580,63.73,1196,35.6,,0.0,,0.0,0.03,-25.6,0.7066666666666668,0.0,0.97,0.4746666666666667,48.04,elevated,0
0606002,0606,6,gmina lubelskie-północny-06-02,5880,79.39,1175,43.7,,0.0,,0.0,0.686,-25.1,0.6733333333333335,0.0,0.31399999999999995,0.5826666666666667,48.03,elevated,0
0610006,0610,6,gmina lubelskie-centralny-10-06,6698,80.23,1334,35.7,,0.0,,0.0,0.663,-25.1,0.6733333333333335,0.0,0.33699999999999997,0.47600000000000003,48.02,elevated,0
2820002,2820,28,gmina warmińsko-mazurskie-wschodni-20-02,9018,80.27,2138,53.5,,0.0,,0.0,0.774,-24.9,0.6599999999999999,0.0,0.22599999999999998,0.7133333333333334,47.98,elevated,0
2816002,2816,28,gmina warmińsko-mazurskie-centralny-16-02,10185,81.89,1948,42.1,,0.0,,0.0,0.745,-24.8,0.6533333333333334,0.0,0.255,0.5613333333333334,47.98,elevated,0
0619004,0619,6,gmina lubelskie-południowy-19-04,6348,76.71,1168,46.1,,0.0,,0.0,0.756,-26.3,0.7533333333333334,0.0,0.244,0.6146666666666667,47.98,elevated,0
2008006,2008,20,gmina podlaskie-wschodni-08-06,7922,86.69,1914,43.7,,0.0,,0.0,0.736,-23.1,0.5400000000000001,0.0,0.264,0.5826666666666667,47.95,elevated,0
0617001,0617,6,gmina lubelskie-miejski-17-01,5282,79.29,1133,36.4,,0.0,,0.0,0.557,-24.5,0.6333333333333333,0.0,0.44299999999999995,0.48533333333333334,47.94,elevated,0
1407002,1407,14,gmina mazowieckie-południowy-07-02,12925,83.03,2967,39.3,,0.0,,0.0,0.663,-23.9,0.5933333333333333,0.0,0.33699999999999997,0.5239999999999999,47.88,elevated,0
0602003,0602,6,gmina lubelskie-wschodni-02-03,1800,75.45,376,57.8,,0.0,,0.0,0.5630000000000001,-24.5,0.6333333333333333,0.0,0.43699999999999994,0.7706666666666666,47.86,elevated,0
2015005,2015,20,gmina podlaskie-zachodni-15-05,11201,76.62,2029,52.3,,0.0,,0.0,0.713,-25.5,0.7,0.0,0.28700000000000003,0.6973333333333332,47.79,elevated,0
0603004,0603,6,gmina lubelskie-zachodni-03-04,8170,82.64,1804,50.2,,0.0,,0.0,0.73,-23.8,0.5866666666666667,0.0,0.27,0.6693333333333333,47.74,elevated,0
2014006,2014,20,gmina podlaskie-wschodni-14-06,8507,70.71,1522,36.8,,0.0,,0.0,0.715,-28.2,0.88,0.0,0.28500000000000003,0.49066666666666664,47.73,elevated,0
1428002,1428,14,gmina mazowieckie-centralny-28-02,32478,53.44,4578,19.4,2026-01-16 14:55:00+00:00,24011.0,2026-01-15 20:55:00+00:00,19.083333333333332,0.03,-22.8,0.52,0.2650462962962963,0.97,0.25866666666666666,47.64,elevated,3385
2820005,2820,28,gmina warmińsko-mazurskie-wschodni-20-05,18948,43.33,3263,20.8,2026-01-16 14:16:00+00:00,14161.0,2026-01-15 18:16:00+00:00,21.733333333333334,0.03,-24.9,0.6599999999999999,0.30185185185185187,0.97,0.2773333333333333,47.52,elevated,2439
2009004,2009,20,gmina podlaskie-zachodni-09-04,4824,75.42,1014,45.7,,0.0,,0.0,0.684,-25.8,0.7200000000000001,0.0,0.31599999999999995,0.6093333333333334,47.51,elevated,0
1439006,1439,14,gmina mazowieckie-zachodni-39-06,13119,83.13,2287,46.2,,0.0,,0.0,0.68,-23.3,0.5533333333333333,0.0,0.31999999999999995,0.616,47.51,elevated,0
0613002,0613,6,gmina lubelskie-południowy-13-02,10263,83.82,2261,44.9,,0.0,,0.0,0.715,-23.4,0.5599999999999999,0.0,0.28500000000000003,0.5986666666666667,47.49,elevated,0
1422002,1422,14,gmina mazowieckie-centralny-22-02,4622,80.72,844,47.0,,0.0,,0.0,0.6900000000000001,-24.0,0.6,0.0,0.30999999999999994,0.6266666666666667,47.4,elevated,0
2008002,2008,20,gmina podlaskie-wschodni-08-02,7153,84.36,1545,46.4,,0.0,,0.0,0.719,-23.1,0.5400000000000001,0.0,0.281,0.6186666666666667,47.4,elevated,0
2811006,2811,28,gmina warmińsko-mazurskie-miejski-11-06,11476,82.92,1870,45.2,,0.0,,0.0,0.65,-23.1,0.5400000000000001,0.0,0.35,0.6026666666666667,47.39,elevated,0
0613006,0613,6,gmina lubelskie-południowy-13-06,102576,70.18,16518,33.4,,0.0,,0.0,0.068,-23.4,0.5599999999999999,0.0,0.9319999999999999,0.4453333333333333,47.36,elevated,0
1409002,1409,14,gmina mazowieckie-zachodni-09-02,37663,49.32,6086,27.5,2026-01-16 14:57:00+00:00,28854.0,2026-01-16 00:57:00+00:00,15.05,0.03,-24.8,0.6533333333333334,0.20902777777777778,0.97,0.36666666666666664,47.34,elevated,4663
1408003,1408,14,gmina mazowieckie-wschodni-08-03,3605,74.25,655,35.8,,0.0,,0.0,0.778,-27.2,0.8133333333333332,0.0,0.22199999999999998,0.4773333333333333,47.24,elevated,0
1426004,1426,14,gmina mazowieckie-wschodni-26-04,32371,59.8,5398,12.0,,0.0,,0.0,0.059000000000000004,-27.7,0.8466666666666666,0.0,0.941,0.16,47.23,elevated,0
2813004,2813,28,gmina warmińsko-mazurskie-południowy-13-04,5128,88.06,1266,43.8,,0.0,,0.0,0.772,-22.3,0.4866666666666667,0.0,0.22799999999999998,0.584,47.19,elevated,0
1416004,1416,14,gmina mazowieckie-centralny-16-04,3022,74.88,538,36.8,,0.0,,0.0,0.658,-26.0,0.7333333333333333,0.0,0.34199999999999997,0.49066666666666664,47.19,elevated,0
1431001,1431,14,gmina mazowieckie-południowy-31-01,13119,63.3,2318,26.9,,0.0,,0.0,0.03,-25.5,0.7,0.0,0.97,0.35866666666666663,47.18,elevated,0
0604007,0604,6,gmina lubelskie-centralny-04-07,5276,75.03,1070,22.3,,0.0,,0.0,0.672,-26.8,0.7866666666666667,0.0,0.32799999999999996,0.29733333333333334,47.11,elevated,0
1434006,1434,14,gmina mazowieckie-centralny-34-06,6294,76.33,1028,24.6,,0.0,,0.0,0.644,-26.0,0.7333333333333333,0.0,0.356,0.328,47.05,elevated,0
0620005,0620,6,gmina lubelskie-wschodni-20-05,52099,63.22,7435,26.7,,0.0,,0.0,0.054,-25.6,0.7066666666666668,0.0,0.946,0.356,47.04,elevated,0
1405006,1405,14,gmina mazowieckie-miejski-05-06,10527,82.23,1887,40.2,,0.0,,0.0,0.728,-23.8,0.5866666666666667,0.0,0.272,0.536,46.94,elevated,0
1407001,1407,14,gmina mazowieckie-południowy-07-01,7593,78.23,1519,49.6,,0.0,,0.0,0.643,-23.9,0.5933333333333333,0.0,0.357,0.6613333333333333,46.93,elevated,0
2011004,2011,20,gmina podlaskie-miejski-11-04,48519,63.18,6384,17.5,,0.0,,0.0,0.03,-25.8,0.7200000000000001,0.0,0.97,0.23333333333333334,46.87,elevated,0
1414007,1414,14,gmina mazowieckie-wschodni-14-07,11949,78.54,1932,48.7,,0.0,,0.0,0.724,-24.4,0.6266666666666666,0.0,0.276,0.6493333333333333,46.86,elevated,0
2004006,2004,20,gmina podlaskie-centralny-04-06,8437,87.34,1828,38.0,,0.0,,0.0,0.645,-21.6,0.4400000000000001,0.0,0.355,0.5066666666666667,46.84,elevated,0
1422007,1422,14,gmina mazowieckie-centralny-22-07,4155,77.05,655,50.3,,0.0,,0.0,0.624,-24.0,0.6,0.0,0.376,0.6706666666666666,46.82,elevated,0
1418006,1418,14,gmina mazowieckie-północny-18-06,5325,78.39,1076,31.3,,0.0,,0.0,0.715,-25.3,0.6866666666666668,0.0,0.28500000000000003,0.41733333333333333,46.8,elevated,0
1401002,1401,14,gmina mazowieckie-południowy-01-02,6028,72.99,1035,51.1,,0.0,,0.0,0.742,-26.1,0.7400000000000001,0.0,0.258,0.6813333333333333,46.78,elevated,0
1414001,1414,14,gmina mazowieckie-wschodni-14-01,2875,80.23,571,28.3,,0.0,,0.0,0.657,-24.4,0.6266666666666666,0.0,0.34299999999999997,0.37733333333333335,46.74,elevated,0
2008003,2008,20,gmina podlaskie-wschodni-08-03,4707,80.31,871,53.9,,0.0,,0.0,0.678,-23.1,0.5400000000000001,0.0,0.32199999999999995,0.7186666666666667,46.73,elevated,0
1413001,1413,14,gmina mazowieckie-południowy-13-01,7640,80.88,1317,41.5,,0.0,,0.0,0.705,-23.8,0.5866666666666667,0.0,0.29500000000000004,0.5533333333333333,46.72,elevated,0
1410003,1410,14,gmina mazowieckie-centralny-10-03,16265,58.98,2629,14.1,,0.0,,0.0,0.03,-27.2,0.8133333333333332,0.0,0.97,0.188,46.72,elevated,0
1411006,1411,14,gmina mazowieckie-miejski-11-06,12792,38.23,1419,19.9,2026-01-16 14:31:00+00:00,8214.0,2026-01-15 10:31:00+00:00,29.483333333333334,0.03,-23.2,0.5466666666666666,0.40949074074074077,0.97,0.2653333333333333,46.71,elevated,911
2003006,2003,20,gmina podlaskie-zachodni-03-06,11173,68.79,1695,43.6,,0.0,,0.0,0.68,-27.3,0.8200000000000001,0.0,0.31999999999999995,0.5813333333333334,46.69,elevated,0
2006006,2006,20,gmina podlaskie-północny-06-06,12842,77.91,2270,45.7,,0.0,,0.0,0.741,-24.7,0.6466666666666666,0.0,0.259,0.6093333333333334,46.62,elevated,0
0611007,0611,6,gmina lubelskie-miejski-11-07,11984,78.63,2540,42.1,,0.0,,0.0,0.68,-24.2,0.6133333333333333,0.0,0.31999999999999995,0.5613333333333334,46.61,elevated,0
2001002,2001,20,gmina podlaskie-południowy-01-02,5979,76.63,897,52.0,,0.0,,0.0,0.735,-24.7,0.6466666666666666,0.0,0.265,0.6933333333333334,46.61,elevated,0
2815002,2815,28,gmina warmińsko-mazurskie-zachodni-15-02,4868,79.8,1082,39.3,,0.0,,0.0,0.6970000000000001,-24.1,0.6066666666666668,0.0,0.30299999999999994,0.5239999999999999,46.59,elevated,0
1406006,1406,14,gmina mazowieckie-północny-06-06,6369,78.82,1312,53.2,,0.0,,0.0,0.5730000000000001,-22.7,0.5133333333333333,0.0,0.42699999999999994,0.7093333333333334,46.58,elevated,0
1435005,1435,14,gmina mazowieckie-miejski-35-05,11500,72.51,2052,37.3,,0.0,,0.0,0.727,-26.7,0.7799999999999999,0.0,0.273,0.4973333333333333,46.54,elevated,0
0609002,0609,6,gmina lubelskie-zachodni-09-02,5014,73.65,935,41.0,,0.0,,0.0,0.7000000000000001,-25.9,0.7266666666666666,0.0,0.29999999999999993,0.5466666666666666,46.5,elevated,0
1441003,1441,14,gmina mazowieckie-miejski-41-03,9454,77.83,1754,54.6,,0.0,,0.0,0.646,-23.4,0.5599999999999999,0.0,0.354,0.728,46.48,elevated,0
1418001,1418,14,gmina mazowieckie-północny-18-01,8088,75.27,1359,36.4,,0.0,,0.0,0.657,-25.3,0.6866666666666668,0.0,0.34299999999999997,0.48533333333333334,46.48,elevated,0
1403005,1403,14,gmina mazowieckie-zachodni-03-05,7813,74.68,1479,39.5,,0.0,,0.0,0.726,-25.8,0.7200000000000001,0.0,0.274,0.5266666666666666,46.44,elevated,0
1429001,1429,14,gmina mazowieckie-miejski-29-01,13879,70.35,2013,34.5,,0.0,,0.0,0.7030000000000001,-27.2,0.8133333333333332,0.0,0.29699999999999993,0.46,46.35,elevated,0
2012003,2012,20,gmina podlaskie-północny-12-03,3926,79.65,774,36.5,,0.0,,0.0,0.685,-24.0,0.6,0.0,0.31499999999999995,0.4866666666666667,46.34,elevated,0
2807002,2807,28,gmina warmińsko-mazurskie-południowy-07-02,5281,83.47,1028,38.9,,0.0,,0.0,0.599,-22.0,0.4666666666666667,0.0,0.401,0.5186666666666666,46.32,elevated,0
0616001,0616,6,gmina lubelskie-centralny-16-01,5634,71.96,1074,45.2,,0.0,,0.0,0.681,-25.9,0.7266666666666666,0.0,0.31899999999999995,0.6026666666666667,46.31,elevated,0
1438007,1438,14,gmina mazowieckie-wschodni-38-07,12306,69.01,2142,39.2,,0.0,,0.0,0.501,-25.8,0.7200000000000001,0.0,0.499,0.5226666666666667,46.29,elevated,0
1423007,1423,14,gmina mazowieckie-miejski-23-07,5763,75.36,1026,31.2,,0.0,,0.0,0.738,-26.0,0.7333333333333333,0.0,0.262,0.416,46.27,elevated,0
1420007,1420,14,gmina mazowieckie-wschodni-20-07,9540,74.36,1693,37.1,,0.0,,0.0,0.755,-26.1,0.7400000000000001,0.0,0.245,0.4946666666666667,46.26,elevated,0
2810002,2810,28,gmina warmińsko-mazurskie-centralny-10-02,4051,84.88,749,43.0,,0.0,,0.0,0.656,-21.7,0.4466666666666666,0.0,0.344,0.5733333333333334,46.26,elevated,0
2010004,2010,20,gmina podlaskie-centralny-10-04,5067,74.41,908,49.3,,0.0,,0.0,0.704,-25.0,0.6666666666666666,0.0,0.29600000000000004,0.6573333333333333,46.23,elevated,0
2816001,2816,28,gmina warmińsko-mazurskie-centralny-16-01,2570,76.38,528,44.2,,0.0,,0.0,0.727,-24.8,0.6533333333333334,0.0,0.273,0.5893333333333334,46.19,elevated,0
0621002,0621,6,gmina lubelskie-zachodni-21-02,5437,78.41,1029,42.6,,0.0,,0.0,0.735,-24.3,0.62,0.0,0.265,0.5680000000000001,46.18,elevated,0
0610001,0610,6,gmina lubelskie-centralny-10-01,8091,72.1,1243,55.4,,0.0,,0.0,0.674,-25.1,0.6733333333333335,0.0,0.32599999999999996,0.7386666666666667,46.15,elevated,0
1406001,1406,14,gmina mazowieckie-północny-06-01,5643,83.12,1147,38.3,,0.0,,0.0,0.6940000000000001,-22.7,0.5133333333333333,0.0,0.30599999999999994,0.5106666666666666,46.13,elevated,0
2004002,2004,20,gmina podlaskie-centralny-04-02,3769,84.46,814,50.0,,0.0,,0.0,0.6920000000000001,-21.6,0.4400000000000001,0.0,0.30799999999999994,0.6666666666666666,46.12,elevated,0
0610007,0610,6,gmina lubelskie-centralny-10-07,13346,75.39,2154,44.6,,0.0,,0.0,0.739,-25.1,0.6733333333333335,0.0,0.261,0.5946666666666667,46.09,elevated,0
1412007,1412,14,gmina mazowieckie-północny-12-07,17486,78.97,3218,37.2,,0.0,,0.0,0.6920000000000001,-24.0,0.6,0.0,0.30799999999999994,0.49600000000000005,46.06,elevated,0
2819002,2819,28,gmina warmińsko-mazurskie-południowy-19-02,29672,55.85,3987,34.2,,0.0,,0.0,0.03,-26.5,0.7666666666666667,0.0,0.97,0.456,46.03,elevated,0
1442002,1442,14,gmina mazowieckie-północny-42-02,8905,79.33,1837,42.5,,0.0,,0.0,0.724,-23.8,0.5866666666666667,0.0,0.276,0.5666666666666667,46.02,elevated,0
2815006,2815,28,gmina warmińsko-mazurskie-zachodni-15-06,7256,75.33,1123,50.0,,0.0,,0.0,0.652,-24.1,0.6066666666666668,0.0,0.348,0.6666666666666666,46.01,elevated,0
2803006,2803,28,gmina warmińsko-mazurskie-zachodni-03-06,20166,82.8,4134,44.2,,0.0,,0.0,0.728,-22.6,0.5066666666666667,0.0,0.272,0.5893333333333334,45.98,elevated,0
1402007,1402,14,gmina mazowieckie-wschodni-02-07,5798,77.29,1153,40.2,,0.0,,0.0,0.642,-23.9,0.5933333333333333,0.0,0.358,0.536,45.95,elevated,0
1427002,1427,14,gmina mazowieckie-zachodni-27-02,20692,64.57,3488,33.3,,0.0,,0.0,0.03,-23.7,0.58,0.0,0.97,0.44399999999999995,45.93,elevated,0
2804004,2804,28,gmina warmińsko-mazurskie-centralny-04-04,7981,74.98,1480,58.9,,0.0,,0.0,0.795,-24.7,0.6466666666666666,0.0,0.20499999999999996,0.7853333333333333,45.9,elevated,0
2806005,2806,28,gmina warmińsko-mazurskie-północny-06-05,11309,76.02,2149,53.5,,0.0,,0.0,0.788,-24.6,0.6400000000000001,0.0,0.21199999999999997,0.7133333333333334,45.88,elevated,0
0605001,0605,6,gmina lubelskie-miejski-05-01,11913,76.31,2321,38.4,,0.0,,0.0,0.759,-25.1,0.6733333333333335,0.0,0.241,0.512,45.85,elevated,0
0621005,0621,6,gmina lubelskie-zachodni-21-05,6464,78.59,1272,41.9,,0.0,,0.0,0.778,-24.3,0.62,0.0,0.22199999999999998,0.5586666666666666,45.82,elevated,0
1428005,1428,14,gmina mazowieckie-centralny-28-05,7709,81.81,1338,38.8,,0.0,,0.0,0.6950000000000001,-22.8,0.52,0.0,0.30499999999999994,0.5173333333333333,45.78,elevated,0
0601006,0601,6,gmina lubelskie-południowy-01-06,11402,71.74,1790,38.1,,0.0,,0.0,0.72,-26.2,0.7466666666666666,0.0,0.28,0.508,45.76,elevated,0
0616004,0616,6,gmina lubelskie-centralny-16-04,6848,71.44,1235,43.7,,0.0,,0.0,0.714,-25.9,0.7266666666666666,0.0,0.28600000000000003,0.5826666666666667,45.71,elevated,0
1424007,1424,14,gmina mazowieckie-północny-24-07,13715,80.26,2675,50.1,,0.0,,0.0,0.777,-23.2,0.5466666666666666,0.0,0.22299999999999998,0.668,45.69,elevated,0
1441006,1441,14,gmina mazowieckie-miejski-41-06,29833,47.82,4554,14.8,2026-01-16 15:31:00+00:00,5275.0,2026-01-15 21:31:00+00:00,18.483333333333334,0.03,-23.4,0.5599999999999999,0.256712962962963,0.97,0.19733333333333333,45.67,elevated,805
1411004,1411,14,gmina mazowieckie-miejski-11-04,8549,77.73,1540,48.1,,0.0,,0.0,0.658,-23.2,0.5466666666666666,0.0,0.34199999999999997,0.6413333333333333,45.66,elevated,0
2004001,2004,20,gmina podlaskie-centralny-04-01,3928,83.68,805,46.7,,0.0,,0.0,0.687,-21.6,0.4400000000000001,0.0,0.31299999999999994,0.6226666666666667,45.65,elevated,0
2820006,2820,28,gmina warmińsko-mazurskie-wschodni-20-06,3708,72.87,691,40.0,,0.0,,0.0,0.63,-24.9,0.6599999999999999,0.0,0.37,0.5333333333333333,45.57,elevated,0
1407004,1407,14,gmina mazowieckie-południowy-07-04,24505,64.33,3463,25.3,,0.0,,0.0,0.03,-23.9,0.5933333333333333,0.0,0.97,0.3373333333333333,45.54,elevated,0
1421003,1421,14,gmina mazowieckie-zachodni-21-03,24031,57.72,3795,26.3,,0.0,,0.0,0.066,-26.2,0.7466666666666666,0.0,0.9339999999999999,0.3506666666666667,45.53,elevated,0
2811005,2811,28,gmina warmińsko-mazurskie-miejski-11-05,3324,79.01,601,51.0,,0.0,,0.0,0.752,-23.1,0.5400000000000001,0.0,0.248,0.68,45.38,elevated,0
1433007,1433,14,gmina mazowieckie-zachodni-33-07,6920,67.53,1189,36.6,,0.0,,0.0,0.683,-27.0,0.8,0.0,0.31699999999999995,0.48800000000000004,45.35,elevated,0
1425007,1425,14,gmina mazowieckie-południowy-25-07,42582,49.32,4583,14.1,2026-01-16 14:09:00+00:00,30651.0,2026-01-16 02:09:00+00:00,13.85,0.11,-24.9,0.6599999999999999,0.1923611111111111,0.89,0.188,45.34,elevated,3299
1436005,1436,14,gmina mazowieckie-północny-36-05,61789,64.59,8843,9.6,,0.0,,0.0,0.03,-24.5,0.6333333333333333,0.0,0.97,0.128,45.31,elevated,0
0614003,0614,6,gmina lubelskie-wschodni-14-03,7173,74.72,1466,41.8,,0.0,,0.0,0.7010000000000001,-24.5,0.6333333333333333,0.0,0.29899999999999993,0.5573333333333333,45.27,elevated,0
1414002,1414,14,gmina mazowieckie-wschodni-14-02,5864,75.59,1015,51.7,,0.0,,0.0,0.799,-24.4,0.6266666666666666,0.0,0.20099999999999996,0.6893333333333334,45.26,elevated,0
1430003,1430,14,gmina mazowieckie-północny-30-03,3354,73.56,729,42.8,,0.0,,0.0,0.745,-25.1,0.6733333333333335,0.0,0.255,0.5706666666666667,45.22,elevated,0
2813002,2813,28,gmina warmińsko-mazurskie-południowy-13-02,10993,77.08,1862,43.3,,0.0,,0.0,0.524,-22.3,0.4866666666666667,0.0,0.476,0.5773333333333333,45.22,elevated,0
1439007,1439,14,gmina mazowieckie-zachodni-39-07,2419,77.43,451,45.6,,0.0,,0.0,0.6920000000000001,-23.3,0.5533333333333333,0.0,0.30799999999999994,0.608,45.2,elevated,0
1440006,1440,14,gmina mazowieckie-centralny-40-06,5828,72.59,960,30.4,,0.0,,0.0,0.753,-26.1,0.7400000000000001,0.0,0.247,0.4053333333333333,45.15,elevated,0
0620004,0620,6,gmina lubelskie-wschodni-20-04,4329,73.81,751,28.3,,0.0,,0.0,0.725,-25.6,0.7066666666666668,0.0,0.275,0.37733333333333335,45.13,elevated,0
1402003,1402,14,gmina mazowieckie-wschodni-02-03,8608,73.79,1554,52.0,,0.0,,0.0,0.674,-23.9,0.5933333333333333,0.0,0.32599999999999996,0.6933333333333334,45.12,elevated,0
0612007,0612,6,gmina lubelskie-północny-12-07,10641,77.29,1928,28.5,,0.0,,0.0,0.6880000000000001,-24.2,0.6133333333333333,0.0,0.31199999999999994,0.38,45.12,elevated,0
1429003,1429,14,gmina mazowieckie-miejski-29-03,6628,66.19,1012,32.1,,0.0,,0.0,0.647,-27.2,0.8133333333333332,0.0,0.353,0.428,45.11,elevated,0
2813006,2813,28,gmina warmińsko-mazurskie-południowy-13-06,2816,77.6,511,57.3,,0.0,,0.0,0.662,-22.3,0.4866666666666667,0.0,0.33799999999999997,0.764,45.11,elevated,0
1415007,1415,14,gmina mazowieckie-zachodni-15-07,13533,75.87,2526,42.2,,0.0,,0.0,0.723,-24.1,0.6066666666666668,0.0,0.277,0.5626666666666668,45.06,elevated,0
1403006,1403,14,gmina mazowieckie-zachodni-03-06,4511,54.11,495,42.0,,0.0,,0.0,0.03,-25.8,0.7200000000000001,0.0,0.97,0.56,45.05,elevated,0
1417004,1417,14,gmina mazowieckie-miejski-17-04,7842,77.34,1681,42.4,,0.0,,0.0,0.683,-23.3,0.5533333333333333,0.0,0.31699999999999995,0.5653333333333334,45.03,elevated,0
2820001,2820,28,gmina warmińsko-mazurskie-wschodni-20-01,8135,75.43,1812,36.3,,0.0,,0.0,0.771,-24.9,0.6599999999999999,0.0,0.22899999999999998,0.484,45.02,elevated,0
0603005,0603,6,gmina lubelskie-zachodni-03-05,9634,75.24,1642,37.4,,0.0,,0.0,0.626,-23.8,0.5866666666666667,0.0,0.374,0.49866666666666665,45.01,elevated,0
1430002,1430,14,gmina mazowieckie-północny-30-02,6879,74.13,1210,36.7,,0.0,,0.0,0.747,-25.1,0.6733333333333335,0.0,0.253,0.4893333333333334,45.01,elevated,0
1404007,1404,14,gmina mazowieckie-centralny-04-07,5506,73.74,939,47.8,,0.0,,0.0,0.678,-24.0,0.6,0.0,0.32199999999999995,0.6373333333333333,44.91,elevated,0
1415002,1415,14,gmina mazowieckie-zachodni-15-02,10002,72.27,1277,47.5,,0.0,,0.0,0.629,-24.1,0.6066666666666668,0.0,0.371,0.6333333333333333,44.89,elevated,0
1404005,1404,14,gmina mazowieckie-centralny-04-05,9612,72.54,1616,47.5,,0.0,,0.0,0.629,-24.0,0.6,0.0,0.371,0.6333333333333333,44.87,elevated,0
1441005,1441,14,gmina mazowieckie-miejski-41-05,4372,74.82,729,43.9,,0.0,,0.0,0.619,-23.4,0.5599999999999999,0.0,0.381,0.5853333333333333,44.87,elevated,0
0606005,0606,6,gmina lubelskie-północny-06-05,3947,72.62,738,37.7,,0.0,,0.0,0.708,-25.1,0.6733333333333335,0.0,0.29200000000000004,0.5026666666666667,44.86,elevated,0
1439002,1439,14,gmina mazowieckie-zachodni-39-02,10685,77.51,1885,36.8,,0.0,,0.0,0.669,-23.3,0.5533333333333333,0.0,0.33099999999999996,0.49066666666666664,44.85,elevated,0
0613004,0613,6,gmina lubelskie-południowy-13-04,10003,75.83,1264,40.3,,0.0,,0.0,0.638,-23.4,0.5599999999999999,0.0,0.362,0.5373333333333333,44.84,elevated,0
2802005,2802,28,gmina warmińsko-mazurskie-wschodni-02-05,10513,76.15,2205,39.0,,0.0,,0.0,0.739,-24.1,0.6066666666666668,0.0,0.261,0.52,44.81,elevated,0
1428004,1428,14,gmina mazowieckie-centralny-28-04,9105,77.39,1844,41.7,,0.0,,0.0,0.639,-22.8,0.52,0.0,0.361,0.556,44.8,elevated,0
1409003,1409,14,gmina mazowieckie-zachodni-09-03,3556,73.29,680,37.5,,0.0,,0.0,0.704,-24.8,0.6533333333333334,0.0,0.29600000000000004,0.5,44.77,elevated,0
0601007,0601,6,gmina lubelskie-południowy-01-07,7180,70.97,1343,33.5,,0.0,,0.0,0.765,-26.2,0.7466666666666666,0.0,0.235,0.44666666666666666,44.76,elevated,0
2802006,2802,28,gmina warmińsko-mazurskie-wschodni-02-06,4007,72.84,647,40.0,,0.0,,0.0,0.624,-24.1,0.6066666666666668,0.0,0.376,0.5333333333333333,44.65,elevated,0
1413005,1413,14,gmina mazowieckie-południowy-13-05,16252,76.14,2920,33.6,,0.0,,0.0,0.681,-23.8,0.5866666666666667,0.0,0.31899999999999995,0.448,44.6,elevated,0
0624001,0624,6,gmina lubelskie-północny-24-01,10360,77.81,1891,45.7,,0.0,,0.0,0.618,-22.1,0.47333333333333344,0.0,0.382,0.6093333333333334,44.57,elevated,0
2005001,2005,20,gmina podlaskie-miejski-05-01,3069,76.77,469,37.0,,0.0,,0.0,0.61,-22.8,0.52,0.0,0.39,0.49333333333333335,44.51,elevated,0
2814006,2814,28,gmina warmińsko-mazurskie-wschodni-14-06,10894,70.97,2005,37.1,,0.0,,0.0,0.834,-26.3,0.7533333333333334,0.0,0.16600000000000004,0.4946666666666667,44.5,elevated,0
0611004,0611,6,gmina lubelskie-miejski-11-04,6436,73.84,1267,39.1,,0.0,,0.0,0.6900000000000001,-24.2,0.6133333333333333,0.0,0.30999999999999994,0.5213333333333333,44.5,elevated,0
2013006,2013,20,gmina podlaskie-południowy-13-06,6587,71.58,1134,40.6,,0.0,,0.0,0.65,-24.5,0.6333333333333333,0.0,0.35,0.5413333333333333,44.46,elevated,0
2812005,2812,28,gmina warmińsko-mazurskie-północny-12-05,14087,76.42,2492,29.8,,0.0,,0.0,0.685,-23.8,0.5866666666666667,0.0,0.31499999999999995,0.3973333333333333,44.42,elevated,0
1429007,1429,14,gmina mazowieckie-miejski-29-07,14992,66.37,2005,31.3,,0.0,,0.0,0.729,-27.2,0.8133333333333332,0.0,0.271,0.41733333333333333,44.39,elevated,0
1406005,1406,14,gmina mazowieckie-północny-06-05,7355,77.87,1715,44.7,,0.0,,0.0,0.716,-22.7,0.5133333333333333,0.0,0.28400000000000003,0.5960000000000001,44.37,elevated,0
0613005,0613,6,gmina lubelskie-południowy-13-05,19424,62.08,2984,29.4,,0.0,,0.0,0.03,-23.4,0.5599999999999999,0.0,0.97,0.39199999999999996,44.36,elevated,0
2007001,2007,20,gmina podlaskie-południowy-07-01,6731,68.68,1373,35.8,,0.0,,0.0,0.72,-26.1,0.7400000000000001,0.0,0.28,0.4773333333333333,44.33,elevated,0
2008001,2008,20,gmina podlaskie-wschodni-08-01,3313,77.21,637,40.8,,0.0,,0.0,0.718,-23.1,0.5400000000000001,0.0,0.28200000000000003,0.5439999999999999,44.32,elevated,0
1412006,1412,14,gmina mazowieckie-północny-12-06,8465,72.75,1584,54.7,,0.0,,0.0,0.76,-24.0,0.6,0.0,0.24,0.7293333333333334,44.25,elevated,0
1412003,1412,14,gmina mazowieckie-północny-12-03,55892,58.28,6628,38.5,,0.0,,0.0,0.03,-24.0,0.6,0.0,0.97,0.5133333333333333,44.24,elevated,0
0620002,0620,6,gmina lubelskie-wschodni-20-02,11586,71.7,1987,30.2,,0.0,,0.0,0.754,-25.6,0.7066666666666668,0.0,0.246,0.4026666666666667,44.19,elevated,0
2803001,2803,28,gmina warmińsko-mazurskie-zachodni-03-01,12390,79.1,2513,52.8,,0.0,,0.0,0.84,-22.6,0.5066666666666667,0.0,0.16000000000000003,0.704,44.14,elevated,0
2805001,2805,28,gmina warmińsko-mazurskie-miejski-05-01,3509,72.7,618,45.0,,0.0,,0.0,0.687,-23.9,0.5933333333333333,0.0,0.31299999999999994,0.6,44.12,elevated,0
1410001,1410,14,gmina mazowieckie-centralny-10-01,5413,66.77,919,29.0,,0.0,,0.0,0.763,-27.2,0.8133333333333332,0.0,0.237,0.38666666666666666,44.08,elevated,0
0608007,0608,6,gmina lubelskie-wschodni-08-07,5569,75.56,1180,35.0,,0.0,,0.0,0.719,-23.7,0.58,0.0,0.281,0.4666666666666667,44.02,elevated,0
2010005,2010,20,gmina podlaskie-centralny-10-05,8704,68.5,1315,45.7,,0.0,,0.0,0.678,-25.0,0.6666666666666666,0.0,0.32199999999999995,0.6093333333333334,43.97,elevated,0
2813001,2813,28,gmina warmińsko-mazurskie-południowy-13-01,2880,77.73,545,45.7,,0.0,,0.0,0.711,-22.3,0.4866666666666667,0.0,0.28900000000000003,0.6093333333333334,43.95,elevated,0
1427007,1427,14,gmina mazowieckie-zachodni-27-07,8212,73.08,1244,49.5,,0.0,,0.0,0.731,-23.7,0.58,0.0,0.269,0.66,43.93,elevated,0
0619003,0619,6,gmina lubelskie-południowy-19-03,20104,51.47,2992,30.0,,0.0,,0.0,0.03,-26.3,0.7533333333333334,0.0,0.97,0.4,43.85,elevated,0
2808002,2808,28,gmina warmińsko-mazurskie-wschodni-08-02,13833,69.0,2471,26.7,,0.0,,0.0,0.671,-25.7,0.7133333333333333,0.0,0.32899999999999996,0.356,43.8,elevated,0
0604001,0604,6,gmina lubelskie-centralny-04-01,8162,63.99,1162,37.4,,0.0,,0.0,0.687,-26.8,0.7866666666666667,0.0,0.31299999999999994,0.49866666666666665,43.79,elevated,0
1421004,1421,14,gmina mazowieckie-zachodni-21-04,2856,68.29,560,35.0,,0.0,,0.0,0.779,-26.2,0.7466666666666666,0.0,0.22099999999999997,0.4666666666666667,43.71,elevated,0
1416003,1416,14,gmina mazowieckie-centralny-16-03,6729,67.15,1069,32.6,,0.0,,0.0,0.6890000000000001,-26.0,0.7333333333333333,0.0,0.31099999999999994,0.4346666666666667,43.69,elevated,0
1437005,1437,14,gmina mazowieckie-południowy-37-05,10784,75.63,2008,47.5,,0.0,,0.0,0.666,-22.3,0.4866666666666667,0.0,0.33399999999999996,0.6333333333333333,43.67,elevated,0
1441007,1441,14,gmina mazowieckie-miejski-41-07,10273,74.65,2041,40.6,,0.0,,0.0,0.727,-23.4,0.5599999999999999,0.0,0.273,0.5413333333333333,43.61,elevated,0
2821006,2821,28,gmina warmińsko-mazurskie-zachodni-21-06,7282,72.3,1268,41.6,,0.0,,0.0,0.783,-24.5,0.6333333333333333,0.0,0.21699999999999997,0.5546666666666666,43.6,elevated,0
0624004,0624,6,gmina lubelskie-północny-24-04,10523,77.74,2053,36.8,,0.0,,0.0,0.66,-22.1,0.47333333333333344,0.0,0.33999999999999997,0.49066666666666664,43.57,elevated,0
1408007,1408,14,gmina mazowieckie-wschodni-08-07,7633,62.75,1344,44.3,,0.0,,0.0,0.768,-27.2,0.8133333333333332,0.0,0.23199999999999998,0.5906666666666667,43.53,elevated,0
0614004,0614,6,gmina lubelskie-wschodni-14-04,44833,58.25,7523,23.6,,0.0,,0.0,0.073,-24.5,0.6333333333333333,0.0,0.927,0.3146666666666667,43.45,elevated,0
0623005,0623,6,gmina lubelskie-miejski-23-05,69436,53.16,10046,13.9,,0.0,,0.0,0.03,-26.3,0.7533333333333334,0.0,0.97,0.18533333333333335,43.42,elevated,0
1415004,1415,14,gmina mazowieckie-zachodni-15-04,11478,71.64,2179,43.8,,0.0,,0.0,0.739,-24.1,0.6066666666666668,0.0,0.261,0.584,43.41,elevated,0
0614007,0614,6,gmina lubelskie-wschodni-14-07,9238,72.12,1592,31.7,,0.0,,0.0,0.726,-24.5,0.6333333333333333,0.0,0.274,0.42266666666666663,43.38,elevated,0
2009001,2009,20,gmina podlaskie-zachodni-09-01,3440,68.6,572,32.8,,0.0,,0.0,0.759,-25.8,0.7200000000000001,0.0,0.241,0.4373333333333333,43.38,elevated,0
1440004,1440,14,gmina mazowieckie-centralny-40-04,27378,53.35,3471,19.0,,0.0,,0.0,0.059000000000000004,-26.1,0.7400000000000001,0.0,0.941,0.25333333333333335,43.33,elevated,0
2804006,2804,28,gmina warmińsko-mazurskie-centralny-04-06,11394,71.63,2214,28.1,,0.0,,0.0,0.715,-24.7,0.6466666666666666,0.0,0.28500000000000003,0.3746666666666667,43.3,elevated,0
2011001,2011,20,gmina podlaskie-miejski-11-01,4841,65.04,981,35.3,,0.0,,0.0,0.647,-25.8,0.7200000000000001,0.0,0.353,0.4706666666666666,43.21,elevated,0
0616006,0616,6,gmina lubelskie-centralny-16-06,33745,54.59,5174,18.9,,0.0,,0.0,0.098,-25.9,0.7266666666666666,0.0,0.902,0.252,43.2,elevated,0
1402002,1402,14,gmina mazowieckie-wschodni-02-02,4205,71.9,827,33.9,,0.0,,0.0,0.674,-23.9,0.5933333333333333,0.0,0.32599999999999996,0.45199999999999996,43.2,elevated,0
1437006,1437,14,gmina mazowieckie-południowy-37-06,9692,76.95,1793,38.5,,0.0,,0.0,0.712,-22.3,0.4866666666666667,0.0,0.28800000000000003,0.5133333333333333,43.16,elevated,0
1405003,1405,14,gmina mazowieckie-miejski-05-03,24958,58.04,4180,27.0,,0.0,,0.0,0.03,-23.8,0.5866666666666667,0.0,0.97,0.36,43.15,elevated,0
1411003,1411,14,gmina mazowieckie-miejski-11-03,38912,51.22,4802,22.2,2026-01-16 15:32:00+00:00,25047.0,2026-01-16 07:32:00+00:00,8.466666666666667,0.03,-23.2,0.5466666666666666,0.1175925925925926,0.97,0.296,43.04,elevated,3091
1414004,1414,14,gmina mazowieckie-wschodni-14-04,13676,71.84,2628,31.9,,0.0,,0.0,0.753,-24.4,0.6266666666666666,0.0,0.247,0.42533333333333334,42.93,elevated,0
0624006,0624,6,gmina lubelskie-północny-24-06,13377,75.44,2268,37.0,,0.0,,0.0,0.638,-22.1,0.47333333333333344,0.0,0.362,0.49333333333333335,42.91,elevated,0
0618001,0618,6,gmina lubelskie-północny-18-01,12557,72.64,2390,30.9,,0.0,,0.0,0.776,-24.3,0.62,0.0,0.22399999999999998,0.412,42.84,elevated,0
1430004,1430,14,gmina mazowieckie-północny-30-04,32148,56.31,5563,23.5,,0.0,,0.0,0.145,-25.1,0.6733333333333335,0.0,0.855,0.31333333333333335,42.78,elevated,0
1433002,1433,14,gmina mazowieckie-zachodni-33-02,22376,49.68,3033,17.1,,0.0,,0.0,0.073,-27.0,0.8,0.0,0.927,0.228,42.76,elevated,0
1433003,1433,14,gmina mazowieckie-zachodni-33-03,31789,46.83,3336,30.2,,0.0,,0.0,0.054,-27.0,0.8,0.0,0.946,0.4026666666666667,42.72,elevated,0
1406004,1406,14,gmina mazowieckie-północny-06-04,6638,75.9,1150,34.0,,0.0,,0.0,0.738,-22.7,0.5133333333333333,0.0,0.262,0.4533333333333333,42.71,elevated,0
2817001,2817,28,gmina warmińsko-mazurskie-miejski-17-01,6756,70.34,1119,44.0,,0.0,,0.0,0.726,-23.8,0.5866666666666667,0.0,0.274,0.5866666666666667,42.69,elevated,0
1442003,1442,14,gmina mazowieckie-północny-42-03,8900,69.78,1297,45.5,,0.0,,0.0,0.719,-23.8,0.5866666666666667,0.0,0.281,0.6066666666666667,42.64,elevated,0
0621001,0621,6,gmina lubelskie-zachodni-21-01,12318,72.05,1838,31.2,,0.0,,0.0,0.781,-24.3,0.62,0.0,0.21899999999999997,0.416,42.59,elevated,0
2809002,2809,28,gmina warmińsko-mazurskie-zachodni-09-02,9215,61.15,1740,31.4,,0.0,,0.0,0.73,-27.3,0.8200000000000001,0.0,0.27,0.41866666666666663,42.52,elevated,0
1206003,1206,12,gmina małopolskie-północny-06-03,20143,87.16,4098,40.1,,0.0,,0.0,0.6950000000000001,-18.3,0.22000000000000006,0.0,0.30499999999999994,0.5346666666666667,42.5,elevated,0
1429005,1429,14,gmina mazowieckie-miejski-29-05,32545,46.32,5085,22.1,,0.0,,0.0,0.03,-27.2,0.8133333333333332,0.0,0.97,0.2946666666666667,42.44,elevated,0
1432001,1432,14,gmina mazowieckie-wschodni-32-01,32872,52.6,4375,14.8,,0.0,,0.0,0.047,-25.7,0.7133333333333333,0.0,0.953,0.19733333333333333,42.39,elevated,0
2011006,2011,20,gmina podlaskie-miejski-11-06,1881,67.4,381,17.1,,0.0,,0.0,0.707,-25.8,0.7200000000000001,0.0,0.29300000000000004,0.228,42.35,elevated,0
1438002,1438,14,gmina mazowieckie-wschodni-38-02,14345,66.46,2076,32.5,,0.0,,0.0,0.785,-25.8,0.7200000000000001,0.0,0.21499999999999997,0.43333333333333335,42.32,elevated,0
1437001,1437,14,gmina mazowieckie-południowy-37-01,4796,74.82,890,41.3,,0.0,,0.0,0.754,-22.3,0.4866666666666667,0.0,0.246,0.5506666666666666,42.16,elevated,0
1426006,1426,14,gmina mazowieckie-wschodni-26-06,33194,60.7,4713,27.8,,0.0,,0.0,0.779,-27.7,0.8466666666666666,0.0,0.22099999999999997,0.3706666666666667,42.15,elevated,0
0618004,0618,6,gmina lubelskie-północny-18-04,30072,53.6,4477,28.1,,0.0,,0.0,0.03,-24.3,0.62,0.0,0.97,0.3746666666666667,42.13,elevated,0
0612006,0612,6,gmina lubelskie-północny-12-06,22996,69.34,3255,35.8,,0.0,,0.0,0.746,-24.2,0.6133333333333333,0.0,0.254,0.4773333333333333,42.06,elevated,0
0619005,0619,6,gmina lubelskie-południowy-19-05,12803,49.25,1700,14.6,,0.0,,0.0,0.03,-26.3,0.7533333333333334,0.0,0.97,0.19466666666666665,41.98,elevated,0
1415006,1415,14,gmina mazowieckie-zachodni-15-06,34894,56.61,5960,12.1,,0.0,,0.0,0.037,-24.1,0.6066666666666668,0.0,0.963,0.16133333333333333,41.91,elevated,0
0620006,0620,6,gmina lubelskie-wschodni-20-06,7824,64.43,1313,38.3,,0.0,,0.0,0.763,-25.6,0.7066666666666668,0.0,0.237,0.5106666666666666,41.89,elevated,0
0601004,0601,6,gmina lubelskie-południowy-01-04,7689,62.85,1317,30.5,,0.0,,0.0,0.725,-26.2,0.7466666666666666,0.0,0.275,0.4066666666666667,41.83,elevated,0
1402006,1402,14,gmina mazowieckie-wschodni-02-06,28052,54.63,3385,24.8,,0.0,,0.0,0.03,-23.9,0.5933333333333333,0.0,0.97,0.33066666666666666,41.82,elevated,0
1409006,1409,14,gmina mazowieckie-zachodni-09-06,7395,65.53,1331,41.1,,0.0,,0.0,0.732,-24.8,0.6533333333333334,0.0,0.268,0.548,41.81,elevated,0
0606001,0606,6,gmina lubelskie-północny-06-01,25495,52.83,4222,12.6,,0.0,,0.0,0.03,-25.1,0.6733333333333335,0.0,0.97,0.16799999999999998,41.77,elevated,0
0624007,0624,6,gmina lubelskie-północny-24-07,5808,70.08,858,46.1,,0.0,,0.0,0.606,-22.1,0.47333333333333344,0.0,0.394,0.6146666666666667,41.77,elevated,0
2809003,2809,28,gmina warmińsko-mazurskie-zachodni-09-03,9139,59.47,1282,35.1,,0.0,,0.0,0.772,-27.3,0.8200000000000001,0.0,0.22799999999999998,0.468,41.75,elevated,0
1407006,1407,14,gmina mazowieckie-południowy-07-06,9766,54.38,1208,24.6,,0.0,,0.0,0.03,-23.9,0.5933333333333333,0.0,0.97,0.328,41.71,elevated,0
2804005,2804,28,gmina warmińsko-mazurskie-centralny-04-05,5895,64.4,920,41.9,,0.0,,0.0,0.6910000000000001,-24.7,0.6466666666666666,0.0,0.30899999999999994,0.5586666666666666,41.69,elevated,0
0615004,0615,6,gmina lubelskie-zachodni-15-04,5637,62.21,855,45.1,,0.0,,0.0,0.784,-25.9,0.7266666666666666,0.0,0.21599999999999997,0.6013333333333334,41.67,elevated,0
2015002,2015,20,gmina podlaskie-zachodni-15-02,8768,65.93,1774,37.9,,0.0,,0.0,0.838,-25.5,0.7,0.0,0.16200000000000003,0.5053333333333333,41.64,elevated,0
2009002,2009,20,gmina podlaskie-zachodni-09-02,8580,61.48,1296,33.9,,0.0,,0.0,0.665,-25.8,0.7200000000000001,0.0,0.33499999999999996,0.45199999999999996,41.6,elevated,0
1406007,1406,14,gmina mazowieckie-północny-06-07,44543,58.86,8262,17.8,,0.0,,0.0,0.03,-22.7,0.5133333333333333,0.0,0.97,0.23733333333333334,41.52,elevated,0
1427001,1427,14,gmina mazowieckie-zachodni-27-01,5038,67.9,960,41.1,,0.0,,0.0,0.73,-23.7,0.58,0.0,0.27,0.548,41.41,elevated,0
2807005,2807,28,gmina warmińsko-mazurskie-południowy-07-05,7748,75.58,1603,37.8,,0.0,,0.0,0.809,-22.0,0.4666666666666667,0.0,0.19099999999999995,0.504,41.36,elevated,0
0201001,0201,2,gmina dolnośląskie-południowy-01-01,17584,87.59,3039,32.1,,0.0,,0.0,0.675,-17.5,0.16666666666666666,0.0,0.32499999999999996,0.428,41.35,elevated,0
1434005,1434,14,gmina mazowieckie-centralny-34-05,10399,62.45,1675,31.8,,0.0,,0.0,0.75,-26.0,0.7333333333333333,0.0,0.25,0.424,41.3,elevated,0
2808006,2808,28,gmina warmińsko-mazurskie-wschodni-08-06,4022,62.54,701,37.9,,0.0,,0.0,0.76,-25.7,0.7133333333333333,0.0,0.24,0.5053333333333333,41.29,elevated,0
1423004,1423,14,gmina mazowieckie-miejski-23-04,9475,60.8,1273,38.0,,0.0,,0.0,0.727,-26.0,0.7333333333333333,0.0,0.273,0.5066666666666667,41.29,elevated,0
1436007,1436,14,gmina mazowieckie-północny-36-07,54034,70.07,9159,18.3,,0.0,,0.0,0.79,-24.5,0.6333333333333333,0.0,0.20999999999999996,0.24400000000000002,41.14,elevated,0
0604004,0604,6,gmina lubelskie-centralny-04-04,8539,58.57,1367,38.1,,0.0,,0.0,0.761,-26.8,0.7866666666666667,0.0,0.239,0.508,41.11,elevated,0
1425005,1425,14,gmina mazowieckie-południowy-25-05,11208,66.75,2022,28.9,,0.0,,0.0,0.788,-24.9,0.6599999999999999,0.0,0.21199999999999997,0.3853333333333333,41.08,elevated,0
2816004,2816,28,gmina warmińsko-mazurskie-centralny-16-04,7246,63.51,1526,34.3,,0.0,,0.0,0.679,-24.8,0.6533333333333334,0.0,0.32099999999999995,0.4573333333333333,41.07,elevated,0
0407002,0407,4,gmina kujawsko-pomorskie-południowy-07-02,46255,85.11,9045,39.5,,0.0,,0.0,0.713,-17.9,0.19333333333333325,0.0,0.28700000000000003,0.5266666666666666,41.04,elevated,0
1417006,1417,14,gmina mazowieckie-miejski-17-06,4860,69.23,917,36.7,,0.0,,0.0,0.747,-23.3,0.5533333333333333,0.0,0.253,0.4893333333333334,40.99,elevated,0
1429006,1429,14,gmina mazowieckie-miejski-29-06,14134,59.29,2093,30.3,,0.0,,0.0,0.808,-27.2,0.8133333333333332,0.0,0.19199999999999995,0.404,40.92,elevated,0
2813005,2813,28,gmina warmińsko-mazurskie-południowy-13-05,6346,70.68,1188,40.3,,0.0,,0.0,0.711,-22.3,0.4866666666666667,0.0,0.28900000000000003,0.5373333333333333,40.91,elevated,0
0613007,0613,6,gmina lubelskie-południowy-13-07,4865,68.59,968,29.6,,0.0,,0.0,0.6900000000000001,-23.4,0.5599999999999999,0.0,0.30999999999999994,0.39466666666666667,40.91,elevated,0
1436001,1436,14,gmina mazowieckie-północny-36-01,12651,65.87,1804,36.1,,0.0,,0.0,0.772,-24.5,0.6333333333333333,0.0,0.22799999999999998,0.48133333333333334,40.89,elevated,0
1416001,1416,14,gmina mazowieckie-centralny-16-01,17677,36.62,2170,10.4,2026-01-16 15:18:00+00:00,12641.0,2026-01-16 05:18:00+00:00,10.7,0.044,-26.0,0.7333333333333333,0.1486111111111111,0.956,0.13866666666666666,40.87,elevated,1552
1422006,1422,14,gmina mazowieckie-centralny-22-06,5351,67.11,1071,34.2,,0.0,,0.0,0.749,-24.0,0.6,0.0,0.251,0.456,40.84,elevated,0
2810005,2810,28,gmina warmińsko-mazurskie-centralny-10-05,12164,70.08,2049,37.3,,0.0,,0.0,0.604,-21.7,0.4466666666666666,0.0,0.396,0.4973333333333333,40.72,elevated,0
1418004,1418,14,gmina mazowieckie-północny-18-04,4230,64.47,794,26.2,,0.0,,0.0,0.768,-25.3,0.6866666666666668,0.0,0.23199999999999998,0.34933333333333333,40.69,elevated,0
0618003,0618,6,gmina lubelskie-północny-18-03,4132,65.08,756,29.5,,0.0,,0.0,0.6880000000000001,-24.3,0.62,0.0,0.31199999999999994,0.3933333333333333,40.67,elevated,0
2805004,2805,28,gmina warmińsko-mazurskie-miejski-05-04,5662,65.99,1033,32.0,,0.0,,0.0,0.6910000000000001,-23.9,0.5933333333333333,0.0,0.30899999999999994,0.4266666666666667,40.67,elevated,0
1804001,1804,18,gmina podkarpackie-centralny-04-01,22044,88.37,4857,42.8,,0.0,,0.0,0.659,-15.9,0.060000000000000026,0.0,0.34099999999999997,0.5706666666666667,40.58,elevated,0
0813007,0813,8,gmina lubuskie-południowy-13-07,4116,85.64,816,40.2,,0.0,,0.0,0.637,-16.7,0.11333333333333329,0.0,0.363,0.536,40.53,elevated,0
3016003,3016,30,gmina wielkopolskie-centralny-16-03,22113,85.77,5461,39.8,,0.0,,0.0,0.787,-17.8,0.1866666666666667,0.0,0.21299999999999997,0.5306666666666666,40.52,elevated,0
0611003,0611,6,gmina lubelskie-miejski-11-03,2653,66.19,405,40.9,,0.0,,0.0,0.8250000000000001,-24.2,0.6133333333333333,0.0,0.17499999999999993,0.5453333333333333,40.49,elevated,0
1425006,1425,14,gmina mazowieckie-południowy-25-06,4400,62.93,759,32.7,,0.0,,0.0,0.725,-24.9,0.6599999999999999,0.0,0.275,0.43600000000000005,40.45,elevated,0
0624003,0624,6,gmina lubelskie-północny-24-03,8846,69.76,1448,37.9,,0.0,,0.0,0.685,-22.1,0.47333333333333344,0.0,0.31499999999999995,0.5053333333333333,40.39,elevated,0
1004007,1004,10,gmina łódzkie-centralny-04-07,13513,88.59,2677,37.9,,0.0,,0.0,0.711,-16.3,0.08666666666666671,0.0,0.28900000000000003,0.5053333333333333,40.35,elevated,0
0623003,0623,6,gmina lubelskie-miejski-23-03,4667,58.46,740,31.3,,0.0,,0.0,0.725,-26.3,0.7533333333333334,0.0,0.275,0.41733333333333333,40.34,elevated,0
0603003,0603,6,gmina lubelskie-zachodni-03-03,6188,63.78,1048,38.5,,0.0,,0.0,0.669,-23.8,0.5866666666666667,0.0,0.33099999999999996,0.5133333333333333,40.34,elevated,0
1436004,1436,14,gmina mazowieckie-północny-36-04,10693,65.42,1988,35.2,,0.0,,0.0,0.809,-24.5,0.6333333333333333,0.0,0.19099999999999995,0.4693333333333334,40.33,elevated,0
0607004,0607,6,gmina lubelskie-południowy-07-04,5475,65.96,799,34.8,,0.0,,0.0,0.711,-23.6,0.5733333333333335,0.0,0.28900000000000003,0.46399999999999997,40.31,elevated,0
1412002,1412,14,gmina mazowieckie-północny-12-02,6527,66.26,1213,28.6,,0.0,,0.0,0.731,-24.0,0.6,0.0,0.269,0.38133333333333336,40.31,elevated,0
0616007,0616,6,gmina lubelskie-centralny-16-07,10737,60.94,1596,40.6,,0.0,,0.0,0.852,-25.9,0.7266666666666666,0.0,0.14800000000000002,0.5413333333333333,40.28,elevated,0
1203006,1203,12,gmina małopolskie-zachodni-03-06,31675,83.89,5516,52.1,,0.0,,0.0,0.748,-17.2,0.1466666666666666,0.0,0.252,0.6946666666666667,40.26,elevated,0
1434002,1434,14,gmina mazowieckie-centralny-34-02,12688,57.7,1641,32.8,,0.0,,0.0,0.682,-26.0,0.7333333333333333,0.0,0.31799999999999995,0.4373333333333333,40.17,elevated,0
1418005,1418,14,gmina mazowieckie-północny-18-05,6747,58.82,1022,45.2,,0.0,,0.0,0.743,-25.3,0.6866666666666668,0.0,0.257,0.6026666666666667,40.04,elevated,0
1420002,1420,14,gmina mazowieckie-wschodni-20-02,22896,47.97,3855,11.3,,0.0,,0.0,0.145,-26.1,0.7400000000000001,0.0,0.855,0.15066666666666667,40.0,monitoring,0
2602006,2602,26,gmina świętokrzyskie-wschodni-02-06,28954,91.34,7194,32.3,,0.0,,0.0,0.682,-15.2,0.013333333333333286,0.0,0.31799999999999995,0.43066666666666664,39.96,monitoring,0
1423001,1423,14,gmina mazowieckie-miejski-23-01,8675,56.62,921,36.5,,0.0,,0.0,0.6940000000000001,-26.0,0.7333333333333333,0.0,0.30599999999999994,0.4866666666666667,39.9,monitoring,0
0614001,0614,6,gmina lubelskie-wschodni-14-01,15424,62.78,2554,34.1,,0.0,,0.0,0.742,-24.5,0.6333333333333333,0.0,0.258,0.45466666666666666,39.85,monitoring,0
0607002,0607,6,gmina lubelskie-południowy-07-02,5813,69.23,1028,24.9,,0.0,,0.0,0.8270000000000001,-23.6,0.5733333333333335,0.0,0.17299999999999993,0.33199999999999996,39.84,monitoring,0
0622001,0622,6,gmina lubelskie-centralny-22-01,14195,59.43,2286,36.9,,0.0,,0.0,0.769,-25.6,0.7066666666666668,0.0,0.23099999999999998,0.492,39.84,monitoring,0
2015004,2015,20,gmina podlaskie-zachodni-15-04,9602,61.06,1655,23.8,,0.0,,0.0,0.73,-25.5,0.7,0.0,0.27,0.31733333333333336,39.82,monitoring,0
3010006,3010,30,gmina wielkopolskie-centralny-10-06,6312,80.17,1299,46.9,,0.0,,0.0,0.762,-18.4,0.22666666666666657,0.0,0.238,0.6253333333333333,39.81,monitoring,0
1436003,1436,14,gmina mazowieckie-północny-36-03,5658,61.18,1021,28.3,,0.0,,0.0,0.638,-24.5,0.6333333333333333,0.0,0.362,0.37733333333333335,39.79,monitoring,0
0225005,0225,2,gmina dolnośląskie-południowy-25-05,34268,82.55,6752,41.7,,0.0,,0.0,0.683,-17.3,0.15333333333333338,0.0,0.31699999999999995,0.556,39.76,monitoring,0
2411001,2411,24,gmina śląskie-miejski-11-01,12300,83.45,2483,55.7,,0.0,,0.0,0.656,-16.0,0.06666666666666667,0.0,0.344,0.7426666666666667,39.72,monitoring,0
3023005,3023,30,gmina wielkopolskie-miejski-23-05,54183,84.5,12011,34.7,,0.0,,0.0,0.786,-17.8,0.1866666666666667,0.0,0.21399999999999997,0.4626666666666667,39.71,monitoring,0
2001001,2001,20,gmina podlaskie-południowy-01-01,3563,61.59,521,29.2,,0.0,,0.0,0.7000000000000001,-24.7,0.6466666666666666,0.0,0.29999999999999993,0.3893333333333333,39.69,monitoring,0
0604005,0604,6,gmina lubelskie-centralny-04-05,13673,55.73,2099,31.4,,0.0,,0.0,0.753,-26.8,0.7866666666666667,0.0,0.247,0.41866666666666663,39.65,monitoring,0
0621006,0621,6,gmina lubelskie-zachodni-21-06,5814,63.97,1035,32.6,,0.0,,0.0,0.778,-24.3,0.62,0.0,0.22199999999999998,0.4346666666666667,39.64,monitoring,0
0618005,0618,6,gmina lubelskie-północny-18-05,7294,63.28,1127,37.9,,0.0,,0.0,0.803,-24.3,0.62,0.0,0.19699999999999995,0.5053333333333333,39.51,monitoring,0
0618007,0618,6,gmina lubelskie-północny-18-07,6312,66.39,1071,11.6,,0.0,,0.0,0.749,-24.3,0.62,0.0,0.251,0.15466666666666667,39.42,monitoring,0
0405006,0405,4,gmina kujawsko-pomorskie-miejski-05-06,8293,79.81,1569,38.2,,0.0,,0.0,0.674,-18.0,0.2,0.0,0.32599999999999996,0.5093333333333334,39.41,monitoring,0
1011007,1011,10,gmina łódzkie-miejski-11-07,38005,78.44,5392,37.9,,0.0,,0.0,0.682,-18.5,0.23333333333333334,0.0,0.31799999999999995,0.5053333333333333,39.4,monitoring,0
1419002,1419,14,gmina mazowieckie-południowy-19-02,4402,58.82,675,22.2,,0.0,,0.0,0.756,-26.1,0.7400000000000001,0.0,0.244,0.296,39.35,monitoring,0
1419001,1419,14,gmina mazowieckie-południowy-19-01,34806,58.72,5731,21.7,,0.0,,0.0,0.749,-26.1,0.7400000000000001,0.0,0.251,0.28933333333333333,39.34,monitoring,0
1425002,1425,14,gmina mazowieckie-południowy-25-02,9911,62.55,1792,35.1,,0.0,,0.0,0.85,-24.9,0.6599999999999999,0.0,0.15000000000000002,0.468,39.34,monitoring,0
1204002,1204,12,gmina małopolskie-centralny-04-02,7260,81.18,1637,35.7,,0.0,,0.0,0.765,-18.3,0.22000000000000006,0.0,0.235,0.47600000000000003,39.3,monitoring,0
2812006,2812,28,gmina warmińsko-mazurskie-północny-12-06,5364,62.42,785,40.2,,0.0,,0.0,0.741,-23.8,0.5866666666666667,0.0,0.259,0.536,39.29,monitoring,0
0615005,0615,6,gmina lubelskie-zachodni-15-05,4477,58.65,699,28.4,,0.0,,0.0,0.776,-25.9,0.7266666666666666,0.0,0.22399999999999998,0.37866666666666665,39.28,monitoring,0
2812003,2812,28,gmina warmińsko-mazurskie-północny-12-03,4523,64.39,766,25.2,,0.0,,0.0,0.715,-23.8,0.5866666666666667,0.0,0.28500000000000003,0.33599999999999997,39.27,monitoring,0
1416005,1416,14,gmina mazowieckie-centralny-16-05,9771,60.26,1499,26.0,,0.0,,0.0,0.841,-26.0,0.7333333333333333,0.0,0.15900000000000003,0.3466666666666667,39.26,monitoring,0
2016004,2016,20,gmina podlaskie-centralny-16-04,6458,62.76,986,28.8,,0.0,,0.0,0.715,-24.1,0.6066666666666668,0.0,0.28500000000000003,0.384,39.25,monitoring,0
0608001,0608,6,gmina lubelskie-wschodni-08-01,8634,61.91,1368,39.0,,0.0,,0.0,0.707,-23.7,0.58,0.0,0.29300000000000004,0.52,39.2,monitoring,0
0422007,0422,4,gmina kujawsko-pomorskie-centralny-22-07,10629,79.2,2139,48.5,,0.0,,0.0,0.751,-18.0,0.2,0.0,0.249,0.6466666666666666,39.17,monitoring,0
1418002,1418,14,gmina mazowieckie-północny-18-02,15978,58.24,1948,29.5,,0.0,,0.0,0.7000000000000001,-25.3,0.6866666666666668,0.0,0.29999999999999993,0.3933333333333333,39.16,monitoring,0
0201006,0201,2,gmina dolnośląskie-południowy-01-06,7849,81.81,1571,38.8,,0.0,,0.0,0.727,-17.5,0.16666666666666666,0.0,0.273,0.5173333333333333,39.13,monitoring,0
0618002,0618,6,gmina lubelskie-północny-18-02,8449,62.14,1212,28.0,,0.0,,0.0,0.724,-24.3,0.62,0.0,0.276,0.37333333333333335,39.12,monitoring,0
1401007,1401,14,gmina mazowieckie-południowy-01-07,16846,58.65,2767,32.6,,0.0,,0.0,0.852,-26.1,0.7400000000000001,0.0,0.14800000000000002,0.4346666666666667,39.11,monitoring,0
3027001,3027,30,gmina wielkopolskie-zachodni-27-01,3301,76.36,521,54.3,,0.0,,0.0,0.775,-18.7,0.24666666666666662,0.0,0.22499999999999998,0.724,39.1,monitoring,0
1215001,1215,12,gmina małopolskie-zachodni-15-01,7159,78.75,1712,37.5,,0.0,,0.0,0.765,-18.8,0.25333333333333335,0.0,0.235,0.5,39.1,monitoring,0
3020002,3020,30,gmina wielkopolskie-wschodni-20-02,16291,78.81,2689,35.4,,0.0,,0.0,0.73,-18.6,0.2400000000000001,0.0,0.27,0.472,39.06,monitoring,0
1419005,1419,14,gmina mazowieckie-południowy-19-05,11720,41.69,1427,17.2,,0.0,,0.0,0.03,-26.1,0.7400000000000001,0.0,0.97,0.22933333333333333,39.04,monitoring,0
0415007,0415,4,gmina kujawsko-pomorskie-zachodni-15-07,24388,87.84,4942,36.1,,0.0,,0.0,0.639,-15.0,0.0,0.0,0.361,0.48133333333333334,39.03,monitoring,0
1441001,1441,14,gmina mazowieckie-miejski-41-01,11760,65.75,2136,36.3,,0.0,,0.0,0.8300000000000001,-23.4,0.5599999999999999,0.0,0.16999999999999993,0.484,39.01,monitoring,0
3020001,3020,30,gmina wielkopolskie-wschodni-20-01,5960,74.25,1175,44.8,,0.0,,0.0,0.618,-18.6,0.2400000000000001,0.0,0.382,0.5973333333333333,38.96,monitoring,0
1405001,1405,14,gmina mazowieckie-miejski-05-01,3657,63.66,561,29.6,,0.0,,0.0,0.758,-23.8,0.5866666666666667,0.0,0.242,0.39466666666666667,38.9,monitoring,0
1402001,1402,14,gmina mazowieckie-wschodni-02-01,26016,47.61,4080,20.5,,0.0,,0.0,0.03,-23.9,0.5933333333333333,0.0,0.97,0.2733333333333333,38.87,monitoring,0
0602005,0602,6,gmina lubelskie-wschodni-02-05,9621,60.53,1400,34.3,,0.0,,0.0,0.761,-24.5,0.6333333333333333,0.0,0.239,0.4573333333333333,38.84,monitoring,0
2814004,2814,28,gmina warmińsko-mazurskie-wschodni-14-04,16105,56.86,2619,22.4,,0.0,,0.0,0.76,-26.3,0.7533333333333334,0.0,0.24,0.29866666666666664,38.82,monitoring,0
2802002,2802,28,gmina warmińsko-mazurskie-wschodni-02-02,10956,63.21,2018,33.9,,0.0,,0.0,0.8200000000000001,-24.1,0.6066666666666668,0.0,0.17999999999999994,0.45199999999999996,38.82,monitoring,0
2416004,2416,24,gmina śląskie-centralny-16-04,12323,80.95,2591,38.7,,0.0,,0.0,0.6890000000000001,-17.2,0.1466666666666666,0.0,0.31099999999999994,0.516,38.78,monitoring,0
3209002,3209,32,gmina zachodniopomorskie-zachodni-09-02,17613,82.73,3594,38.1,,0.0,,0.0,0.774,-17.3,0.15333333333333338,0.0,0.22599999999999998,0.508,38.77,monitoring,0
0215004,0215,2,gmina dolnośląskie-zachodni-15-04,4399,82.8,956,31.1,,0.0,,0.0,0.665,-16.8,0.12000000000000005,0.0,0.33499999999999996,0.4146666666666667,38.71,monitoring,0
2611004,2611,26,gmina świętokrzyskie-miejski-11-04,17078,85.99,3760,51.2,,0.0,,0.0,0.755,-15.3,0.02000000000000005,0.0,0.245,0.6826666666666668,38.65,monitoring,0
1419004,1419,14,gmina mazowieckie-południowy-19-04,3326,55.73,506,36.0,,0.0,,0.0,0.808,-26.1,0.7400000000000001,0.0,0.19199999999999995,0.48,38.63,monitoring,0
1406002,1406,14,gmina mazowieckie-północny-06-02,32150,52.65,4939,21.3,,0.0,,0.0,0.116,-22.7,0.5133333333333333,0.0,0.884,0.28400000000000003,38.62,monitoring,0
0407003,0407,4,gmina kujawsko-pomorskie-południowy-07-03,8473,77.59,1664,46.4,,0.0,,0.0,0.72,-17.9,0.19333333333333325,0.0,0.28,0.6186666666666667,38.58,monitoring,0
2821003,2821,28,gmina warmińsko-mazurskie-zachodni-21-03,7812,60.55,1573,34.2,,0.0,,0.0,0.79,-24.5,0.6333333333333333,0.0,0.20999999999999996,0.456,38.58,monitoring,0
0416007,0416,4,gmina kujawsko-pomorskie-centralny-16-07,9726,78.92,1900,53.2,,0.0,,0.0,0.774,-17.5,0.16666666666666666,0.0,0.22599999999999998,0.7093333333333334,38.57,monitoring,0
0602004,0602,6,gmina lubelskie-wschodni-02-04,2368,60.81,360,31.4,,0.0,,0.0,0.784,-24.5,0.6333333333333333,0.0,0.21599999999999997,0.41866666666666663,38.55,monitoring,0
0206006,0206,2,gmina dolnośląskie-północny-06-06,6653,78.31,1368,38.4,,0.0,,0.0,0.6950000000000001,-17.9,0.19333333333333325,0.0,0.30499999999999994,0.512,38.54,monitoring,0
0615006,0615,6,gmina lubelskie-zachodni-15-06,5893,58.16,996,23.2,,0.0,,0.0,0.8,-25.9,0.7266666666666666,0.0,0.19999999999999996,0.30933333333333335,38.53,monitoring,0
1009007,1009,10,gmina łódzkie-zachodni-09-07,4891,80.47,914,32.8,,0.0,,0.0,0.762,-18.0,0.2,0.0,0.238,0.4373333333333333,38.51,monitoring,0
1431002,1431,14,gmina mazowieckie-południowy-31-02,18840,58.24,2658,35.0,,0.0,,0.0,0.841,-25.5,0.7,0.0,0.15900000000000003,0.4666666666666667,38.5,monitoring,0
2806004,2806,28,gmina warmińsko-mazurskie-północny-06-04,11144,62.87,2311,27.3,,0.0,,0.0,0.865,-24.6,0.6400000000000001,0.0,0.135,0.364,38.45,monitoring,0
1412001,1412,14,gmina mazowieckie-północny-12-01,9591,60.08,1845,31.6,,0.0,,0.0,0.706,-24.0,0.6,0.0,0.29400000000000004,0.42133333333333334,38.38,monitoring,0
1411002,1411,14,gmina mazowieckie-miejski-11-02,5436,61.14,836,29.3,,0.0,,0.0,0.632,-23.2,0.5466666666666666,0.0,0.368,0.39066666666666666,38.34,monitoring,0
0620007,0620,6,gmina lubelskie-wschodni-20-07,7575,57.87,1218,25.9,,0.0,,0.0,0.79,-25.6,0.7066666666666668,0.0,0.20999999999999996,0.3453333333333333,38.33,monitoring,0
1209003,1209,12,gmina małopolskie-zachodni-09-03,13488,81.76,2517,32.8,,0.0,,0.0,0.736,-17.2,0.1466666666666666,0.0,0.264,0.4373333333333333,38.27,monitoring,0
3023003,3023,30,gmina wielkopolskie-miejski-23-03,8043,75.91,1611,51.0,,0.0,,0.0,0.708,-17.8,0.1866666666666667,0.0,0.29200000000000004,0.68,38.23,monitoring,0
3020006,3020,30,gmina wielkopolskie-wschodni-20-06,23796,75.55,4036,37.3,,0.0,,0.0,0.7030000000000001,-18.6,0.2400000000000001,0.0,0.29699999999999993,0.4973333333333333,38.19,monitoring,0
1437007,1437,14,gmina mazowieckie-południowy-37-07,11996,65.98,1773,39.7,,0.0,,0.0,0.812,-22.3,0.4866666666666667,0.0,0.18799999999999994,0.5293333333333333,38.17,monitoring,0
0617004,0617,6,gmina lubelskie-miejski-17-04,14642,61.14,2077,25.7,,0.0,,0.0,0.801,-24.5,0.6333333333333333,0.0,0.19899999999999995,0.3426666666666667,38.14,monitoring,0
1202003,1202,12,gmina małopolskie-wschodni-02-03,15172,76.11,3054,45.9,,0.0,,0.0,0.745,-18.2,0.2133333333333333,0.0,0.255,0.612,38.12,monitoring,0
1426003,1426,14,gmina mazowieckie-wschodni-26-03,3146,50.39,437,29.9,,0.0,,0.0,0.8130000000000001,-27.7,0.8466666666666666,0.0,0.18699999999999994,0.39866666666666667,38.06,monitoring,0
0609005,0609,6,gmina lubelskie-zachodni-09-05,9239,55.34,1298,28.8,,0.0,,0.0,0.774,-25.9,0.7266666666666666,0.0,0.22599999999999998,0.384,38.06,monitoring,0
0401005,0401,4,gmina kujawsko-pomorskie-południowy-01-05,5321,73.66,950,41.7,,0.0,,0.0,0.714,-18.9,0.2599999999999999,0.0,0.28600000000000003,0.556,38.02,monitoring,0
2408006,2408,24,gmina śląskie-wschodni-08-06,39419,82.44,6169,38.3,,0.0,,0.0,0.745,-16.5,0.1,0.0,0.255,0.5106666666666666,37.98,monitoring,0
3202006,3202,32,gmina zachodniopomorskie-wschodni-02-06,4460,83.25,1038,48.9,,0.0,,0.0,0.658,-14.7,0.0,0.0,0.34199999999999997,0.652,37.97,monitoring,0
2433001,2433,24,gmina śląskie-zachodni-33-01,6588,75.81,1464,42.2,,0.0,,0.0,0.618,-17.4,0.1599999999999999,0.0,0.382,0.5626666666666668,37.94,monitoring,0
1013005,1013,10,gmina łódzkie-południowy-13-05,5424,83.12,1109,39.7,,0.0,,0.0,0.656,-15.5,0.03333333333333333,0.0,0.344,0.5293333333333333,37.93,monitoring,0
2801001,2801,28,gmina warmińsko-mazurskie-południowy-01-01,10633,55.7,1937,37.0,,0.0,,0.0,0.771,-25.2,0.6799999999999999,0.0,0.22899999999999998,0.49333333333333335,37.93,monitoring,0
1423002,1423,14,gmina mazowieckie-miejski-23-02,32962,57.66,5853,14.1,,0.0,,0.0,0.791,-26.0,0.7333333333333333,0.0,0.20899999999999996,0.188,37.93,monitoring,0
1434003,1434,14,gmina mazowieckie-centralny-34-03,13681,55.13,1708,19.3,,0.0,,0.0,0.729,-26.0,0.7333333333333333,0.0,0.271,0.25733333333333336,37.88,monitoring,0
0614005,0614,6,gmina lubelskie-wschodni-14-05,5318,58.4,775,29.1,,0.0,,0.0,0.74,-24.5,0.6333333333333333,0.0,0.26,0.388,37.87,monitoring,0
2401003,2401,24,gmina śląskie-południowy-01-03,8034,87.0,1692,34.6,,0.0,,0.0,0.735,-15.1,0.006666666666666643,0.0,0.265,0.4613333333333334,37.87,monitoring,0
1017003,1017,10,gmina łódzkie-miejski-17-03,14157,77.27,2763,45.2,,0.0,,0.0,0.5660000000000001,-16.3,0.08666666666666671,0.0,0.43399999999999994,0.6026666666666667,37.84,monitoring,0
1407005,1407,14,gmina mazowieckie-południowy-07-05,4394,59.37,662,29.6,,0.0,,0.0,0.708,-23.9,0.5933333333333333,0.0,0.29200000000000004,0.39466666666666667,37.84,monitoring,0
1203007,1203,12,gmina małopolskie-zachodni-03-07,8579,80.2,1886,40.5,,0.0,,0.0,0.782,-17.2,0.1466666666666666,0.0,0.21799999999999997,0.54,37.78,monitoring,0
2609004,2609,26,gmina świętokrzyskie-zachodni-09-04,20155,77.56,3522,43.3,,0.0,,0.0,0.6910000000000001,-17.2,0.1466666666666666,0.0,0.30899999999999994,0.5773333333333333,37.78,monitoring,0
0614002,0614,6,gmina lubelskie-wschodni-14-02,9199,58.36,1193,29.2,,0.0,,0.0,0.753,-24.5,0.6333333333333333,0.0,0.247,0.3893333333333333,37.75,monitoring,0
1410005,1410,14,gmina mazowieckie-centralny-10-05,14447,49.77,1921,14.9,,0.0,,0.0,0.661,-27.2,0.8133333333333332,0.0,0.33899999999999997,0.19866666666666666,37.6,monitoring,0
2016006,2016,20,gmina podlaskie-centralny-16-06,17344,57.33,2006,26.9,,0.0,,0.0,0.659,-24.1,0.6066666666666668,0.0,0.34099999999999997,0.35866666666666663,37.57,monitoring,0
0218003,0218,2,gmina dolnośląskie-północny-18-03,23013,80.86,4645,42.2,,0.0,,0.0,0.753,-16.5,0.1,0.0,0.247,0.5626666666666668,37.56,monitoring,0
1825001,1825,18,gmina podkarpackie-południowy-25-01,11382,78.23,2220,45.8,,0.0,,0.0,0.657,-16.4,0.09333333333333324,0.0,0.34299999999999997,0.6106666666666666,37.55,monitoring,0
0404006,0404,4,gmina kujawsko-pomorskie-centralny-04-06,5967,72.05,1099,50.3,,0.0,,0.0,0.72,-18.5,0.23333333333333334,0.0,0.28,0.6706666666666666,37.45,monitoring,0
1405004,1405,14,gmina mazowieckie-miejski-05-04,15820,58.97,2212,23.2,,0.0,,0.0,0.676,-23.8,0.5866666666666667,0.0,0.32399999999999995,0.30933333333333335,37.43,monitoring,0
1438001,1438,14,gmina mazowieckie-wschodni-38-01,23528,55.49,2516,18.1,,0.0,,0.0,0.76,-25.8,0.7200000000000001,0.0,0.24,0.24133333333333334,37.41,monitoring,0
2421003,2421,24,gmina śląskie-zachodni-21-03,30534,78.37,5098,48.1,,0.0,,0.0,0.778,-17.0,0.13333333333333333,0.0,0.22199999999999998,0.6413333333333333,37.39,monitoring,0
3010003,3010,30,gmina wielkopolskie-centralny-10-03,7248,75.99,1506,42.4,,0.0,,0.0,0.8220000000000001,-18.4,0.22666666666666657,0.0,0.17799999999999994,0.5653333333333334,37.38,monitoring,0
2410003,2410,24,gmina śląskie-centralny-10-03,10855,79.86,1880,41.3,,0.0,,0.0,0.652,-15.8,0.05333333333333338,0.0,0.348,0.5506666666666666,37.19,monitoring,0
0221002,0221,2,gmina dolnośląskie-zachodni-21-02,7992,84.78,1767,23.3,,0.0,,0.0,0.622,-12.3,0.0,0.0,0.378,0.3106666666666667,37.17,monitoring,0
1610006,1610,16,gmina opolskie-centralny-10-06,15307,79.57,2654,29.5,,0.0,,0.0,0.6880000000000001,-16.8,0.12000000000000005,0.0,0.31199999999999994,0.3933333333333333,37.17,monitoring,0
2433003,2433,24,gmina śląskie-zachodni-33-03,8582,77.17,1556,40.9,,0.0,,0.0,0.754,-17.4,0.1599999999999999,0.0,0.246,0.5453333333333333,37.15,monitoring,0
2425002,2425,24,gmina śląskie-południowy-25-02,31437,82.82,6035,32.1,,0.0,,0.0,0.755,-16.1,0.07333333333333343,0.0,0.245,0.428,37.14,monitoring,0
2811002,2811,28,gmina warmińsko-mazurskie-miejski-11-02,4170,61.92,618,28.4,,0.0,,0.0,0.78,-23.1,0.5400000000000001,0.0,0.21999999999999997,0.37866666666666665,37.12,monitoring,0
0421007,0421,4,gmina kujawsko-pomorskie-zachodni-21-07,6428,76.04,1345,46.2,,0.0,,0.0,0.709,-17.1,0.1400000000000001,0.0,0.29100000000000004,0.616,37.11,monitoring,0
2001006,2001,20,gmina podlaskie-południowy-01-06,5637,56.32,728,28.7,,0.0,,0.0,0.76,-24.7,0.6466666666666666,0.0,0.24,0.38266666666666665,37.11,monitoring,0
2409005,2409,24,gmina śląskie-zachodni-09-05,5665,77.35,1036,44.1,,0.0,,0.0,0.724,-16.9,0.12666666666666657,0.0,0.276,0.588,37.1,monitoring,0
3023006,3023,30,gmina wielkopolskie-miejski-23-06,6371,78.39,1252,35.7,,0.0,,0.0,0.8280000000000001,-17.8,0.1866666666666667,0.0,0.17199999999999993,0.47600000000000003,37.08,monitoring,0
0405002,0405,4,gmina kujawsko-pomorskie-miejski-05-02,7554,72.93,905,44.3,,0.0,,0.0,0.6910000000000001,-18.0,0.2,0.0,0.30899999999999994,0.5906666666666667,37.05,monitoring,0
0803003,0803,8,gmina lubuskie-zachodni-03-03,15327,81.95,2884,48.9,,0.0,,0.0,0.707,-15.0,0.0,0.0,0.29300000000000004,0.652,37.04,monitoring,0
3213006,3213,32,gmina zachodniopomorskie-południowy-13-06,11907,75.88,2231,32.5,,0.0,,0.0,0.639,-17.3,0.15333333333333338,0.0,0.361,0.43333333333333335,37.01,monitoring,0
2821005,2821,28,gmina warmińsko-mazurskie-zachodni-21-05,16062,56.77,2163,23.2,,0.0,,0.0,0.724,-24.5,0.6333333333333333,0.0,0.276,0.30933333333333335,37.0,monitoring,0
0423006,0423,4,gmina kujawsko-pomorskie-miejski-23-06,4154,74.88,748,37.5,,0.0,,0.0,0.729,-18.0,0.2,0.0,0.271,0.5,36.99,monitoring,0
0206002,0206,2,gmina dolnośląskie-północny-06-02,5509,76.25,1144,42.9,,0.0,,0.0,0.8140000000000001,-17.9,0.19333333333333325,0.0,0.18599999999999994,0.572,36.99,monitoring,0
0624005,0624,6,gmina lubelskie-północny-24-05,12702,63.61,2000,26.1,,0.0,,0.0,0.718,-22.1,0.47333333333333344,0.0,0.28200000000000003,0.34800000000000003,36.97,monitoring,0
1431004,1431,14,gmina mazowieckie-południowy-31-04,7254,55.37,1191,27.3,,0.0,,0.0,0.834,-25.5,0.7,0.0,0.16600000000000004,0.364,36.95,monitoring,0
1822006,1822,18,gmina podkarpackie-centralny-22-06,11114,71.43,1993,44.6,,0.0,,0.0,0.681,-18.3,0.22000000000000006,0.0,0.31899999999999995,0.5946666666666667,36.95,monitoring,0
1021007,1021,10,gmina łódzkie-zachodni-21-07,5979,80.51,1129,39.7,,0.0,,0.0,0.59,-14.9,0.0,0.0,0.41000000000000003,0.5293333333333333,36.93,monitoring,0
3030006,3030,30,gmina wielkopolskie-północny-30-06,8542,77.98,1616,39.2,,0.0,,0.0,0.658,-16.3,0.08666666666666671,0.0,0.34199999999999997,0.5226666666666667,36.88,monitoring,0
2219001,2219,22,gmina pomorskie-południowy-19-01,4427,76.89,899,32.7,,0.0,,0.0,0.712,-17.4,0.1599999999999999,0.0,0.28800000000000003,0.43600000000000005,36.87,monitoring,0
3011004,3011,30,gmina wielkopolskie-miejski-11-04,21981,80.04,4403,49.8,,0.0,,0.0,0.71,-15.4,0.02666666666666669,0.0,0.29000000000000004,0.6639999999999999,36.83,monitoring,0
0205002,0205,2,gmina dolnośląskie-miejski-05-02,8041,75.05,1574,47.3,,0.0,,0.0,0.708,-17.1,0.1400000000000001,0.0,0.29200000000000004,0.6306666666666666,36.82,monitoring,0
1209001,1209,12,gmina małopolskie-zachodni-09-01,34912,74.79,6884,39.4,,0.0,,0.0,0.653,-17.2,0.1466666666666666,0.0,0.347,0.5253333333333333,36.81,monitoring,0
0601005,0601,6,gmina lubelskie-południowy-01-05,12924,51.79,2018,33.0,,0.0,,0.0,0.834,-26.2,0.7466666666666666,0.0,0.16600000000000004,0.44,36.81,monitoring,0
0401007,0401,4,gmina kujawsko-pomorskie-południowy-01-07,12995,71.15,2169,36.8,,0.0,,0.0,0.712,-18.9,0.2599999999999999,0.0,0.28800000000000003,0.49066666666666664,36.76,monitoring,0
2803003,2803,28,gmina warmińsko-mazurskie-zachodni-03-03,20816,47.62,2850,11.5,,0.0,,0.0,0.031,-22.6,0.5066666666666667,0.0,0.969,0.15333333333333332,36.7,monitoring,0
0208007,0208,2,gmina dolnośląskie-wschodni-08-07,10799,71.41,1760,44.1,,0.0,,0.0,0.626,-17.7,0.17999999999999997,0.0,0.374,0.588,36.68,monitoring,0
1207003,1207,12,gmina małopolskie-południowy-07-03,19098,80.72,3916,52.2,,0.0,,0.0,0.792,-15.5,0.03333333333333333,0.0,0.20799999999999996,0.6960000000000001,36.63,monitoring,0
1214004,1214,12,gmina małopolskie-wschodni-14-04,11590,73.21,2366,51.9,,0.0,,0.0,0.742,-17.5,0.16666666666666666,0.0,0.258,0.692,36.6,monitoring,0
2423004,2423,24,gmina śląskie-miejski-23-04,18838,78.27,3476,46.3,,0.0,,0.0,0.861,-17.1,0.1400000000000001,0.0,0.139,0.6173333333333333,36.6,monitoring,0
1612001,1612,16,gmina opolskie-północny-12-01,3857,78.0,676,38.8,,0.0,,0.0,0.674,-16.2,0.07999999999999995,0.0,0.32599999999999996,0.5173333333333333,36.6,monitoring,0
0409005,0409,4,gmina kujawsko-pomorskie-zachodni-09-05,8557,74.81,1637,36.5,,0.0,,0.0,0.806,-18.3,0.22000000000000006,0.0,0.19399999999999995,0.4866666666666667,36.57,monitoring,0
3008005,3008,30,gmina wielkopolskie-wschodni-08-05,3388,75.82,588,44.2,,0.0,,0.0,0.72,-16.9,0.12666666666666657,0.0,0.28,0.5893333333333334,36.56,monitoring,0
0423004,0423,4,gmina kujawsko-pomorskie-miejski-23-04,4952,73.01,779,35.6,,0.0,,0.0,0.684,-18.0,0.2,0.0,0.31599999999999995,0.4746666666666667,36.56,monitoring,0
0422006,0422,4,gmina kujawsko-pomorskie-centralny-22-06,11789,72.18,2091,46.0,,0.0,,0.0,0.731,-18.0,0.2,0.0,0.269,0.6133333333333333,36.52,monitoring,0
3206002,3206,32,gmina zachodniopomorskie-północny-06-02,1890,77.6,369,46.8,,0.0,,0.0,0.672,-15.8,0.05333333333333338,0.0,0.32799999999999996,0.624,36.52,monitoring,0
0203005,0203,2,gmina dolnośląskie-zachodni-03-05,4026,80.13,775,29.3,,0.0,,0.0,0.704,-16.2,0.07999999999999995,0.0,0.29600000000000004,0.39066666666666666,36.51,monitoring,0
1606005,1606,16,gmina opolskie-północny-06-05,8365,76.89,1535,39.7,,0.0,,0.0,0.71,-16.7,0.11333333333333329,0.0,0.29000000000000004,0.5293333333333333,36.51,monitoring,0
2415006,2415,24,gmina śląskie-zachodni-15-06,12865,74.17,2112,44.2,,0.0,,0.0,0.686,-17.1,0.1400000000000001,0.0,0.31399999999999995,0.5893333333333334,36.48,monitoring,0
0207007,0207,2,gmina dolnośląskie-południowy-07-07,10895,73.26,1940,35.4,,0.0,,0.0,0.717,-18.1,0.20666666666666675,0.0,0.28300000000000003,0.472,36.47,monitoring,0
1404003,1404,14,gmina mazowieckie-centralny-04-03,60396,41.92,5056,16.7,,0.0,,0.0,0.043000000000000003,-24.0,0.6,0.0,0.957,0.22266666666666665,36.46,monitoring,0
0414002,0414,4,gmina kujawsko-pomorskie-wschodni-14-02,6999,78.49,1279,43.9,,0.0,,0.0,0.642,-15.4,0.02666666666666669,0.0,0.358,0.5853333333333333,36.45,monitoring,0
0608006,0608,6,gmina lubelskie-wschodni-08-06,4850,57.11,803,29.1,,0.0,,0.0,0.739,-23.7,0.58,0.0,0.261,0.388,36.43,monitoring,0
1415001,1415,14,gmina mazowieckie-zachodni-15-01,8760,57.11,1665,32.3,,0.0,,0.0,0.8170000000000001,-24.1,0.6066666666666668,0.0,0.18299999999999994,0.43066666666666664,36.42,monitoring,0
1822005,1822,18,gmina podkarpackie-centralny-22-05,19530,74.0,3176,39.0,,0.0,,0.0,0.81,-18.3,0.22000000000000006,0.0,0.18999999999999995,0.52,36.39,monitoring,0
0621003,0621,6,gmina lubelskie-zachodni-21-03,4408,54.88,633,24.8,,0.0,,0.0,0.7010000000000001,-24.3,0.62,0.0,0.29899999999999993,0.33066666666666666,36.36,monitoring,0
1407007,1407,14,gmina mazowieckie-południowy-07-07,14569,57.92,2671,19.3,,0.0,,0.0,0.735,-23.9,0.5933333333333333,0.0,0.265,0.25733333333333336,36.36,monitoring,0
1434004,1434,14,gmina mazowieckie-centralny-34-04,19568,50.27,2413,27.0,,0.0,,0.0,0.75,-26.0,0.7333333333333333,0.0,0.25,0.36,36.35,monitoring,0
2821004,2821,28,gmina warmińsko-mazurskie-zachodni-21-04,7176,54.29,1003,39.0,,0.0,,0.0,0.8130000000000001,-24.5,0.6333333333333333,0.0,0.18699999999999994,0.52,36.31,monitoring,0
2812001,2812,28,gmina warmińsko-mazurskie-północny-12-01,8608,57.68,1477,23.8,,0.0,,0.0,0.751,-23.8,0.5866666666666667,0.0,0.249,0.31733333333333336,36.31,monitoring,0
0609001,0609,6,gmina lubelskie-zachodni-09-01,11918,54.05,2028,13.0,,0.0,,0.0,0.801,-25.9,0.7266666666666666,0.0,0.19899999999999995,0.17333333333333334,36.28,monitoring,0
1610002,1610,16,gmina opolskie-centralny-10-02,9316,76.86,1719,29.6,,0.0,,0.0,0.674,-16.8,0.12000000000000005,0.0,0.32599999999999996,0.39466666666666667,36.27,monitoring,0
1609004,1609,16,gmina opolskie-zachodni-09-04,5088,73.24,980,44.4,,0.0,,0.0,0.711,-17.4,0.1599999999999999,0.0,0.28900000000000003,0.592,36.27,monitoring,0
2215003,2215,22,gmina pomorskie-zachodni-15-03,13007,83.55,2160,35.3,,0.0,,0.0,0.76,-13.2,0.0,0.0,0.24,0.4706666666666666,36.26,monitoring,0
3001004,3001,30,gmina wielkopolskie-południowy-01-04,10063,76.1,1885,30.3,,0.0,,0.0,0.676,-17.0,0.13333333333333333,0.0,0.32399999999999995,0.404,36.25,monitoring,0
0202005,0202,2,gmina dolnośląskie-wschodni-02-05,18000,77.02,2863,38.1,,0.0,,0.0,0.68,-16.3,0.08666666666666671,0.0,0.31999999999999995,0.508,36.25,monitoring,0
2818004,2818,28,gmina warmińsko-mazurskie-północny-18-04,13959,53.23,2199,21.6,,0.0,,0.0,0.768,-25.4,0.6933333333333332,0.0,0.23199999999999998,0.28800000000000003,36.24,monitoring,0
1217003,1217,12,gmina małopolskie-miejski-17-03,7315,77.52,1316,49.8,,0.0,,0.0,0.646,-15.2,0.013333333333333286,0.0,0.354,0.6639999999999999,36.2,monitoring,0
1406003,1406,14,gmina mazowieckie-północny-06-03,7851,58.92,1155,19.0,,0.0,,0.0,0.635,-22.7,0.5133333333333333,0.0,0.365,0.25333333333333335,36.18,monitoring,0
2432005,2432,24,gmina śląskie-wschodni-32-05,5633,72.87,948,28.2,,0.0,,0.0,0.759,-18.7,0.24666666666666662,0.0,0.241,0.376,36.18,monitoring,0
1009003,1009,10,gmina łódzkie-zachodni-09-03,3031,74.02,541,34.7,,0.0,,0.0,0.766,-18.0,0.2,0.0,0.23399999999999999,0.4626666666666667,36.15,monitoring,0
2432002,2432,24,gmina śląskie-wschodni-32-02,32606,72.65,4855,34.0,,0.0,,0.0,0.796,-18.7,0.24666666666666662,0.0,0.20399999999999996,0.4533333333333333,36.15,monitoring,0
2412001,2412,24,gmina śląskie-północny-12-01,11970,76.59,1976,37.5,,0.0,,0.0,0.751,-16.9,0.12666666666666657,0.0,0.249,0.5,36.13,monitoring,0
1602007,1602,16,gmina opolskie-wschodni-02-07,33158,75.62,5490,34.4,,0.0,,0.0,0.6880000000000001,-16.9,0.12666666666666657,0.0,0.31199999999999994,0.45866666666666667,36.12,monitoring,0
1440005,1440,14,gmina mazowieckie-centralny-40-05,9697,49.49,1526,33.4,,0.0,,0.0,0.804,-26.1,0.7400000000000001,0.0,0.19599999999999995,0.4453333333333333,36.12,monitoring,0
1005005,1005,10,gmina łódzkie-miejski-05-05,7543,78.01,1360,45.4,,0.0,,0.0,0.64,-15.1,0.006666666666666643,0.0,0.36,0.6053333333333333,36.03,monitoring,0
1432007,1432,14,gmina mazowieckie-wschodni-32-07,13916,54.9,2204,18.9,,0.0,,0.0,0.883,-25.7,0.7133333333333333,0.0,0.11699999999999999,0.252,36.02,monitoring,0
1210007,1210,12,gmina małopolskie-centralny-10-07,11751,78.38,2012,49.0,,0.0,,0.0,0.711,-15.3,0.02000000000000005,0.0,0.28900000000000003,0.6533333333333333,36.01,monitoring,0
1605002,1605,16,gmina opolskie-miejski-05-02,17042,75.01,2983,35.7,,0.0,,0.0,0.727,-17.2,0.1466666666666666,0.0,0.273,0.47600000000000003,35.98,monitoring,0
3008003,3008,30,gmina wielkopolskie-wschodni-08-03,22264,73.35,4094,50.8,,0.0,,0.0,0.734,-16.9,0.12666666666666657,0.0,0.266,0.6773333333333333,35.93,monitoring,0
2206003,2206,22,gmina pomorskie-północny-06-03,22772,81.69,4148,36.2,,0.0,,0.0,0.755,-15.2,0.013333333333333286,0.0,0.245,0.4826666666666667,35.9,monitoring,0
1438006,1438,14,gmina mazowieckie-wschodni-38-06,34524,53.88,5019,5.0,,0.0,,0.0,0.763,-25.8,0.7200000000000001,0.0,0.237,0.06666666666666667,35.9,monitoring,0
1435003,1435,14,gmina mazowieckie-miejski-35-03,17225,49.5,2549,19.1,,0.0,,0.0,0.807,-26.7,0.7799999999999999,0.0,0.19299999999999995,0.2546666666666667,35.86,monitoring,0
0413001,0413,4,gmina kujawsko-pomorskie-południowy-13-01,6309,77.23,1398,38.3,,0.0,,0.0,0.75,-16.4,0.09333333333333324,0.0,0.25,0.5106666666666666,35.83,monitoring,0
1011006,1011,10,gmina łódzkie-miejski-11-06,18682,68.45,3238,38.9,,0.0,,0.0,0.665,-18.5,0.23333333333333334,0.0,0.33499999999999996,0.5186666666666666,35.82,monitoring,0
0423007,0423,4,gmina kujawsko-pomorskie-miejski-23-07,4241,72.99,839,36.4,,0.0,,0.0,0.772,-18.0,0.2,0.0,0.22799999999999998,0.48533333333333334,35.81,monitoring,0
1422004,1422,14,gmina mazowieckie-centralny-22-04,6199,57.0,908,25.2,,0.0,,0.0,0.8170000000000001,-24.0,0.6,0.0,0.18299999999999994,0.33599999999999997,35.79,monitoring,0
1604005,1604,16,gmina opolskie-centralny-04-05,19776,76.53,3327,33.7,,0.0,,0.0,0.6920000000000001,-16.4,0.09333333333333324,0.0,0.30799999999999994,0.44933333333333336,35.78,monitoring,0
2606006,2606,26,gmina świętokrzyskie-północny-06-06,5201,71.84,885,48.5,,0.0,,0.0,0.74,-17.4,0.1599999999999999,0.0,0.26,0.6466666666666666,35.75,monitoring,0
2605005,2605,26,gmina świętokrzyskie-miejski-05-05,5967,76.19,1124,50.9,,0.0,,0.0,0.743,-15.9,0.060000000000000026,0.0,0.257,0.6786666666666666,35.74,monitoring,0
1009004,1009,10,gmina łódzkie-zachodni-09-04,3566,69.39,622,43.3,,0.0,,0.0,0.679,-18.0,0.2,0.0,0.32099999999999995,0.5773333333333333,35.74,monitoring,0
2601006,2601,26,gmina świętokrzyskie-południowy-01-06,3927,70.76,680,41.8,,0.0,,0.0,0.728,-18.0,0.2,0.0,0.272,0.5573333333333333,35.72,monitoring,0
1219001,1219,12,gmina małopolskie-południowy-19-01,15891,78.3,3210,48.5,,0.0,,0.0,0.6980000000000001,-14.6,0.0,0.0,0.30199999999999994,0.6466666666666666,35.71,monitoring,0
0608003,0608,6,gmina lubelskie-wschodni-08-03,11546,57.58,2015,21.5,,0.0,,0.0,0.783,-23.7,0.58,0.0,0.21699999999999997,0.2866666666666667,35.71,monitoring,0
3209001,3209,32,gmina zachodniopomorskie-zachodni-09-01,6898,73.27,1344,39.5,,0.0,,0.0,0.725,-17.3,0.15333333333333338,0.0,0.275,0.5266666666666666,35.71,monitoring,0
1215007,1215,12,gmina małopolskie-zachodni-15-07,13945,65.98,2197,45.3,,0.0,,0.0,0.66,-18.8,0.25333333333333335,0.0,0.33999999999999997,0.604,35.71,monitoring,0
0409002,0409,4,gmina kujawsko-pomorskie-zachodni-09-02,12083,69.46,2265,43.6,,0.0,,0.0,0.73,-18.3,0.22000000000000006,0.0,0.27,0.5813333333333334,35.69,monitoring,0
2403001,2403,24,gmina śląskie-zachodni-03-01,24675,72.76,4543,42.8,,0.0,,0.0,0.678,-16.9,0.12666666666666657,0.0,0.32199999999999995,0.5706666666666667,35.68,monitoring,0
1802001,1802,18,gmina podkarpackie-wschodni-02-01,18198,73.74,2753,49.9,,0.0,,0.0,0.748,-16.7,0.11333333333333329,0.0,0.252,0.6653333333333333,35.66,monitoring,0
2005002,2005,20,gmina podlaskie-miejski-05-02,7507,55.91,1166,42.9,,0.0,,0.0,0.758,-22.8,0.52,0.0,0.242,0.572,35.64,monitoring,0
0228001,0228,2,gmina dolnośląskie-centralny-28-01,2855,70.41,427,45.0,,0.0,,0.0,0.734,-17.9,0.19333333333333325,0.0,0.266,0.6,35.63,monitoring,0
0805006,0805,8,gmina lubuskie-miejski-05-06,10958,79.47,2482,32.6,,0.0,,0.0,0.651,-15.1,0.006666666666666643,0.0,0.349,0.4346666666666667,35.63,monitoring,0
1013002,1013,10,gmina łódzkie-południowy-13-02,16952,76.23,2543,42.6,,0.0,,0.0,0.643,-15.5,0.03333333333333333,0.0,0.357,0.5680000000000001,35.62,monitoring,0
2220005,2220,22,gmina pomorskie-wschodni-20-05,15883,73.77,2651,36.7,,0.0,,0.0,0.615,-16.4,0.09333333333333324,0.0,0.385,0.4893333333333334,35.62,monitoring,0
0203004,0203,2,gmina dolnośląskie-zachodni-03-04,17202,73.9,2739,46.2,,0.0,,0.0,0.668,-16.2,0.07999999999999995,0.0,0.33199999999999996,0.616,35.59,monitoring,0
0401002,0401,4,gmina kujawsko-pomorskie-południowy-01-02,17747,68.0,2807,39.9,,0.0,,0.0,0.735,-18.9,0.2599999999999999,0.0,0.265,0.532,35.57,monitoring,0
1812001,1812,18,gmina podkarpackie-północny-12-01,23413,68.76,4010,40.2,,0.0,,0.0,0.7020000000000001,-18.4,0.22666666666666657,0.0,0.29799999999999993,0.536,35.57,monitoring,0
3207006,3207,32,gmina zachodniopomorskie-południowy-07-06,18110,78.76,3076,52.4,,0.0,,0.0,0.763,-13.4,0.0,0.0,0.237,0.6986666666666667,35.56,monitoring,0
2601001,2601,26,gmina świętokrzyskie-południowy-01-01,12726,71.69,2129,42.9,,0.0,,0.0,0.795,-18.0,0.2,0.0,0.20499999999999996,0.572,35.55,monitoring,0
1824003,1824,18,gmina podkarpackie-północny-24-03,1800,77.36,389,39.8,,0.0,,0.0,0.747,-16.0,0.06666666666666667,0.0,0.253,0.5306666666666666,35.53,monitoring,0
1811004,1811,18,gmina podkarpackie-miejski-11-04,21263,76.43,2815,51.8,,0.0,,0.0,0.663,-14.5,0.0,0.0,0.33699999999999997,0.6906666666666667,35.53,monitoring,0
2403004,2403,24,gmina śląskie-zachodni-03-04,7428,74.06,1400,42.8,,0.0,,0.0,0.751,-16.9,0.12666666666666657,0.0,0.249,0.5706666666666667,35.52,monitoring,0
1603005,1603,16,gmina opolskie-zachodni-03-05,9594,80.48,2081,36.2,,0.0,,0.0,0.721,-14.3,0.0,0.0,0.279,0.4826666666666667,35.51,monitoring,0
3026005,3026,30,gmina wielkopolskie-wschodni-26-05,7898,76.49,1682,45.6,,0.0,,0.0,0.623,-13.5,0.0,0.0,0.377,0.608,35.5,monitoring,0
1610004,1610,16,gmina opolskie-centralny-10-04,7209,74.26,1526,36.3,,0.0,,0.0,0.7010000000000001,-16.8,0.12000000000000005,0.0,0.29899999999999993,0.484,35.49,monitoring,0
1411005,1411,14,gmina mazowieckie-miejski-11-05,28547,60.14,5105,19.6,,0.0,,0.0,0.835,-23.2,0.5466666666666666,0.0,0.16500000000000004,0.26133333333333336,35.48,monitoring,0
0417007,0417,4,gmina kujawsko-pomorskie-miejski-17-07,7942,74.39,1473,50.4,,0.0,,0.0,0.68,-15.8,0.05333333333333338,0.0,0.31999999999999995,0.6719999999999999,35.47,monitoring,0
2418004,2418,24,gmina śląskie-północny-18-04,8616,81.05,1808,38.1,,0.0,,0.0,0.764,-14.0,0.0,0.0,0.236,0.508,35.46,monitoring,0
0807004,0807,8,gmina lubuskie-południowy-07-04,5861,73.79,1225,39.4,,0.0,,0.0,0.682,-16.6,0.10666666666666676,0.0,0.31799999999999995,0.5253333333333333,35.45,monitoring,0
0805002,0805,8,gmina lubuskie-miejski-05-02,3790,75.83,739,39.7,,0.0,,0.0,0.5710000000000001,-15.1,0.006666666666666643,0.0,0.42899999999999994,0.5293333333333333,35.44,monitoring,0
1405007,1405,14,gmina mazowieckie-miejski-05-07,10555,56.73,1556,20.2,,0.0,,0.0,0.781,-23.8,0.5866666666666667,0.0,0.21899999999999997,0.2693333333333333,35.44,monitoring,0
2412006,2412,24,gmina śląskie-północny-12-06,15659,73.39,2260,45.5,,0.0,,0.0,0.752,-16.9,0.12666666666666657,0.0,0.248,0.6066666666666667,35.43,monitoring,0
1420003,1420,14,gmina mazowieckie-wschodni-20-03,27080,50.1,4102,12.2,,0.0,,0.0,0.75,-26.1,0.7400000000000001,0.0,0.25,0.16266666666666665,35.42,monitoring,0
0403003,0403,4,gmina kujawsko-pomorskie-zachodni-03-03,7603,77.04,1652,39.0,,0.0,,0.0,0.674,-15.5,0.03333333333333333,0.0,0.32599999999999996,0.52,35.41,monitoring,0
3027004,3027,30,gmina wielkopolskie-zachodni-27-04,9534,65.74,1343,45.5,,0.0,,0.0,0.672,-18.7,0.24666666666666662,0.0,0.32799999999999996,0.6066666666666667,35.41,monitoring,0
0227005,0227,2,gmina dolnośląskie-zachodni-27-05,18427,74.9,3278,43.3,,0.0,,0.0,0.802,-16.9,0.12666666666666657,0.0,0.19799999999999995,0.5773333333333333,35.41,monitoring,0
1203001,1203,12,gmina małopolskie-zachodni-03-01,20648,71.99,3728,46.6,,0.0,,0.0,0.744,-17.2,0.1466666666666666,0.0,0.256,0.6213333333333334,35.41,monitoring,0
2409003,2409,24,gmina śląskie-zachodni-09-03,6584,72.73,1220,46.9,,0.0,,0.0,0.739,-16.9,0.12666666666666657,0.0,0.261,0.6253333333333333,35.39,monitoring,0
3023002,3023,30,gmina wielkopolskie-miejski-23-02,8716,73.03,1707,29.5,,0.0,,0.0,0.746,-17.8,0.1866666666666667,0.0,0.254,0.3933333333333333,35.36,monitoring,0
0219002,0219,2,gmina dolnośląskie-południowy-19-02,4825,72.79,796,42.0,,0.0,,0.0,0.763,-17.3,0.15333333333333338,0.0,0.237,0.56,35.35,monitoring,0
2419006,2419,24,gmina śląskie-południowy-19-06,9619,70.46,1609,53.8,,0.0,,0.0,0.727,-17.1,0.1400000000000001,0.0,0.273,0.7173333333333333,35.34,monitoring,0
0409003,0409,4,gmina kujawsko-pomorskie-zachodni-09-03,21300,69.36,3369,43.9,,0.0,,0.0,0.767,-18.3,0.22000000000000006,0.0,0.23299999999999998,0.5853333333333333,35.34,monitoring,0
1802005,1802,18,gmina podkarpackie-wschodni-02-05,6785,75.86,1218,30.4,,0.0,,0.0,0.729,-16.7,0.11333333333333329,0.0,0.271,0.4053333333333333,35.33,monitoring,0
0409001,0409,4,gmina kujawsko-pomorskie-zachodni-09-01,6893,65.5,911,45.6,,0.0,,0.0,0.618,-18.3,0.22000000000000006,0.0,0.382,0.608,35.33,monitoring,0
1023003,1023,10,gmina łódzkie-miejski-23-03,6033,72.49,899,57.5,,0.0,,0.0,0.632,-15.5,0.03333333333333333,0.0,0.368,0.7666666666666667,35.29,monitoring,0
2413006,2413,24,gmina śląskie-południowy-13-06,22544,78.89,3884,43.2,,0.0,,0.0,0.747,-15.1,0.006666666666666643,0.0,0.253,0.5760000000000001,35.26,monitoring,0
2815005,2815,28,gmina warmińsko-mazurskie-zachodni-15-05,16241,53.17,2283,26.7,,0.0,,0.0,0.739,-24.1,0.6066666666666668,0.0,0.261,0.356,35.25,monitoring,0
1217005,1217,12,gmina małopolskie-miejski-17-05,3356,76.13,765,48.5,,0.0,,0.0,0.687,-15.2,0.013333333333333286,0.0,0.31299999999999994,0.6466666666666666,35.22,monitoring,0
1804007,1804,18,gmina podkarpackie-centralny-04-07,23456,75.77,4524,39.0,,0.0,,0.0,0.6960000000000001,-15.9,0.060000000000000026,0.0,0.30399999999999994,0.52,35.21,monitoring,0
1008004,1008,10,gmina łódzkie-wschodni-08-04,18392,77.85,3889,43.7,,0.0,,0.0,0.7000000000000001,-13.5,0.0,0.0,0.29999999999999993,0.5826666666666667,35.2,monitoring,0
1222001,1222,12,gmina małopolskie-centralny-22-01,1800,76.76,346,40.6,,0.0,,0.0,0.632,-12.1,0.0,0.0,0.368,0.5413333333333333,35.19,monitoring,0
1823002,1823,18,gmina podkarpackie-miejski-23-02,8502,76.06,1660,35.6,,0.0,,0.0,0.6990000000000001,-16.0,0.06666666666666667,0.0,0.30099999999999993,0.4746666666666667,35.19,monitoring,0
1215003,1215,12,gmina małopolskie-zachodni-15-03,6138,68.19,1135,29.9,,0.0,,0.0,0.7010000000000001,-18.8,0.25333333333333335,0.0,0.29899999999999993,0.39866666666666667,35.16,monitoring,0
2215002,2215,22,gmina pomorskie-zachodni-15-02,16363,76.72,3375,41.1,,0.0,,0.0,0.638,-13.2,0.0,0.0,0.362,0.548,35.15,monitoring,0
0416005,0416,4,gmina kujawsko-pomorskie-centralny-16-05,5967,70.8,1109,43.3,,0.0,,0.0,0.738,-17.5,0.16666666666666666,0.0,0.262,0.5773333333333333,35.15,monitoring,0
2817004,2817,28,gmina warmińsko-mazurskie-miejski-17-04,9366,54.7,1524,25.4,,0.0,,0.0,0.765,-23.8,0.5866666666666667,0.0,0.235,0.33866666666666667,35.15,monitoring,0
1218001,1218,12,gmina małopolskie-północny-18-01,26447,78.14,5045,39.8,,0.0,,0.0,0.6890000000000001,-13.9,0.0,0.0,0.31099999999999994,0.5306666666666666,35.15,monitoring,0
0621007,0621,6,gmina lubelskie-zachodni-21-07,45377,53.81,5900,23.7,,0.0,,0.0,0.785,-24.3,0.62,0.0,0.21499999999999997,0.316,35.12,monitoring,0
2219003,2219,22,gmina pomorskie-południowy-19-03,12961,69.97,2307,40.6,,0.0,,0.0,0.673,-17.4,0.1599999999999999,0.0,0.32699999999999996,0.5413333333333333,35.12,monitoring,0
1819006,1819,18,gmina podkarpackie-południowy-19-06,5389,79.58,1130,28.3,,0.0,,0.0,0.669,-14.5,0.0,0.0,0.33099999999999996,0.37733333333333335,35.11,monitoring,0
1221005,1221,12,gmina małopolskie-zachodni-21-05,8064,73.47,1458,50.3,,0.0,,0.0,0.721,-16.1,0.07333333333333343,0.0,0.279,0.6706666666666666,35.1,monitoring,0
2213003,2213,22,gmina pomorskie-południowy-13-03,46109,77.81,8203,40.6,,0.0,,0.0,0.687,-14.3,0.0,0.0,0.31299999999999994,0.5413333333333333,35.09,monitoring,0
1211001,1211,12,gmina małopolskie-miejski-11-01,12055,74.25,1794,39.8,,0.0,,0.0,0.679,-16.1,0.07333333333333343,0.0,0.32099999999999995,0.5306666666666666,35.08,monitoring,0
0410005,0410,4,gmina kujawsko-pomorskie-centralny-10-05,15289,82.55,3396,29.1,,0.0,,0.0,0.804,-14.4,0.0,0.0,0.19599999999999995,0.388,35.07,monitoring,0
0228005,0228,2,gmina dolnośląskie-centralny-28-05,11433,71.84,2018,30.8,,0.0,,0.0,0.751,-17.9,0.19333333333333325,0.0,0.249,0.4106666666666667,35.07,monitoring,0
1801006,1801,18,gmina podkarpackie-południowy-01-06,6625,75.6,1185,45.9,,0.0,,0.0,0.77,-16.0,0.06666666666666667,0.0,0.22999999999999998,0.612,35.06,monitoring,0
2432001,2432,24,gmina śląskie-wschodni-32-01,9391,69.21,1834,26.6,,0.0,,0.0,0.719,-18.7,0.24666666666666662,0.0,0.281,0.3546666666666667,35.04,monitoring,0
2604004,2604,26,gmina świętokrzyskie-centralny-04-04,12752,73.18,2186,41.2,,0.0,,0.0,0.6910000000000001,-16.4,0.09333333333333324,0.0,0.30899999999999994,0.5493333333333333,35.02,monitoring,0
1602004,1602,16,gmina opolskie-wschodni-02-04,7826,72.05,1514,44.4,,0.0,,0.0,0.733,-16.9,0.12666666666666657,0.0,0.267,0.592,35.02,monitoring,0
3022002,3022,30,gmina wielkopolskie-centralny-22-02,11581,68.58,1818,52.4,,0.0,,0.0,0.687,-17.2,0.1466666666666666,0.0,0.31299999999999994,0.6986666666666667,35.01,monitoring,0
0416006,0416,4,gmina kujawsko-pomorskie-centralny-16-06,12795,70.65,1933,37.9,,0.0,,0.0,0.708,-17.5,0.16666666666666666,0.0,0.29200000000000004,0.5053333333333333,35.0,monitoring,0
0610002,0610,6,gmina lubelskie-centralny-10-02,16773,53.16,2692,25.9,,0.0,,0.0,0.894,-25.1,0.6733333333333335,0.0,0.10599999999999998,0.3453333333333333,35.0,monitoring,0
3032002,3032,30,gmina wielkopolskie-wschodni-32-02,11158,68.03,1924,47.4,,0.0,,0.0,0.709,-17.8,0.1866666666666667,0.0,0.29100000000000004,0.632,34.99,monitoring,0
1018007,1018,10,gmina łódzkie-północny-18-07,6028,74.82,950,37.2,,0.0,,0.0,0.668,-15.9,0.060000000000000026,0.0,0.33199999999999996,0.49600000000000005,34.98,monitoring,0
2611003,2611,26,gmina świętokrzyskie-miejski-11-03,13400,76.48,2500,40.2,,0.0,,0.0,0.686,-15.3,0.02000000000000005,0.0,0.31399999999999995,0.536,34.93,monitoring,0
3013005,3013,30,gmina wielkopolskie-południowy-13-05,7809,73.42,1566,36.4,,0.0,,0.0,0.745,-16.9,0.12666666666666657,0.0,0.255,0.48533333333333334,34.9,monitoring,0
2613004,2613,26,gmina świętokrzyskie-południowy-13-04,2151,72.64,418,42.9,,0.0,,0.0,0.68,-16.3,0.08666666666666671,0.0,0.31999999999999995,0.572,34.9,monitoring,0
1609005,1609,16,gmina opolskie-zachodni-09-05,1800,70.33,313,38.3,,0.0,,0.0,0.6970000000000001,-17.4,0.1599999999999999,0.0,0.30299999999999994,0.5106666666666666,34.89,monitoring,0
1819004,1819,18,gmina podkarpackie-południowy-19-04,7951,77.36,1465,36.0,,0.0,,0.0,0.656,-14.5,0.0,0.0,0.344,0.48,34.89,monitoring,0
2429004,2429,24,gmina śląskie-miejski-29-04,6554,75.23,1107,38.8,,0.0,,0.0,0.641,-15.4,0.02666666666666669,0.0,0.359,0.5173333333333333,34.89,monitoring,0
3019003,3019,30,gmina wielkopolskie-południowy-19-03,4868,74.27,876,34.4,,0.0,,0.0,0.6880000000000001,-16.3,0.08666666666666671,0.0,0.31199999999999994,0.45866666666666667,34.88,monitoring,0
0411003,0411,4,gmina kujawsko-pomorskie-miejski-11-03,8629,72.5,1567,39.1,,0.0,,0.0,0.622,-16.1,0.07333333333333343,0.0,0.378,0.5213333333333333,34.88,monitoring,0
2212004,2212,22,gmina pomorskie-północny-12-04,15933,73.83,3308,52.6,,0.0,,0.0,0.738,-15.8,0.05333333333333338,0.0,0.262,0.7013333333333334,34.88,monitoring,0
0412005,0412,4,gmina kujawsko-pomorskie-północny-12-05,3264,77.57,653,50.3,,0.0,,0.0,0.8270000000000001,-15.4,0.02666666666666669,0.0,0.17299999999999993,0.6706666666666666,34.87,monitoring,0
1016005,1016,10,gmina łódzkie-centralny-16-05,11992,77.2,2509,34.6,,0.0,,0.0,0.642,-15.0,0.0,0.0,0.358,0.4613333333333334,34.86,monitoring,0
1211005,1211,12,gmina małopolskie-miejski-11-05,14887,70.06,2152,45.1,,0.0,,0.0,0.5650000000000001,-16.1,0.07333333333333343,0.0,0.43499999999999994,0.6013333333333334,34.86,monitoring,0
1204006,1204,12,gmina małopolskie-centralny-04-06,9067,66.66,1631,49.1,,0.0,,0.0,0.747,-18.3,0.22000000000000006,0.0,0.253,0.6546666666666667,34.84,monitoring,0
1009002,1009,10,gmina łódzkie-zachodni-09-02,12176,71.75,2491,23.7,,0.0,,0.0,0.734,-18.0,0.2,0.0,0.266,0.316,34.84,monitoring,0
0413006,0413,4,gmina kujawsko-pomorskie-południowy-13-06,9434,72.76,1651,42.6,,0.0,,0.0,0.704,-16.4,0.09333333333333324,0.0,0.29600000000000004,0.5680000000000001,34.83,monitoring,0
2208001,2208,22,gmina pomorskie-wschodni-08-01,30958,76.57,5884,37.3,,0.0,,0.0,0.734,-15.7,0.04666666666666662,0.0,0.266,0.4973333333333333,34.82,monitoring,0
0203007,0203,2,gmina dolnośląskie-zachodni-03-07,26400,77.59,5063,32.9,,0.0,,0.0,0.812,-16.2,0.07999999999999995,0.0,0.18799999999999994,0.43866666666666665,34.81,monitoring,0
1220001,1220,12,gmina małopolskie-wschodni-20-01,24122,74.4,3682,39.7,,0.0,,0.0,0.73,-16.2,0.07999999999999995,0.0,0.27,0.5293333333333333,34.79,monitoring,0
1214003,1214,12,gmina małopolskie-wschodni-14-03,25307,74.05,5236,33.0,,0.0,,0.0,0.839,-17.5,0.16666666666666666,0.0,0.16100000000000003,0.44,34.79,monitoring,0
2402005,2402,24,gmina śląskie-wschodni-02-05,7205,75.48,1397,40.7,,0.0,,0.0,0.638,-15.1,0.006666666666666643,0.0,0.362,0.5426666666666667,34.77,monitoring,0
2404004,2404,24,gmina śląskie-centralny-04-04,15403,77.5,2717,33.1,,0.0,,0.0,0.668,-15.1,0.006666666666666643,0.0,0.33199999999999996,0.44133333333333336,34.76,monitoring,0
0416001,0416,4,gmina kujawsko-pomorskie-centralny-16-01,8944,67.98,1493,44.6,,0.0,,0.0,0.673,-17.5,0.16666666666666666,0.0,0.32699999999999996,0.5946666666666667,34.75,monitoring,0
2611006,2611,26,gmina świętokrzyskie-miejski-11-06,7087,73.31,1294,48.6,,0.0,,0.0,0.634,-15.3,0.02000000000000005,0.0,0.366,0.648,34.75,monitoring,0
3034002,3034,30,gmina wielkopolskie-centralny-34-02,20889,74.57,3361,46.0,,0.0,,0.0,0.629,-12.8,0.0,0.0,0.371,0.6133333333333333,34.74,monitoring,0
2432004,2432,24,gmina śląskie-wschodni-32-04,20578,71.06,3993,30.2,,0.0,,0.0,0.859,-18.7,0.24666666666666662,0.0,0.14100000000000001,0.4026666666666667,34.73,monitoring,0
3216003,3216,32,gmina zachodniopomorskie-centralny-16-03,19122,77.33,3199,39.1,,0.0,,0.0,0.6960000000000001,-13.2,0.0,0.0,0.30399999999999994,0.5213333333333333,34.73,monitoring,0
0419002,0419,4,gmina kujawsko-pomorskie-południowy-19-02,13076,78.79,2556,32.1,,0.0,,0.0,0.709,-13.9,0.0,0.0,0.29100000000000004,0.428,34.7,monitoring,0
1222004,1222,12,gmina małopolskie-centralny-22-04,13236,77.77,2247,40.3,,0.0,,0.0,0.727,-12.1,0.0,0.0,0.273,0.5373333333333333,34.7,monitoring,0
3004006,3004,30,gmina wielkopolskie-centralny-04-06,10366,75.94,1977,46.8,,0.0,,0.0,0.751,-15.4,0.02666666666666669,0.0,0.249,0.624,34.7,monitoring,0
1204003,1204,12,gmina małopolskie-centralny-04-03,10378,64.59,1563,46.8,,0.0,,0.0,0.662,-18.3,0.22000000000000006,0.0,0.33799999999999997,0.624,34.67,monitoring,0
2009003,2009,20,gmina podlaskie-zachodni-09-03,13885,47.03,2013,20.5,,0.0,,0.0,0.726,-25.8,0.7200000000000001,0.0,0.274,0.2733333333333333,34.66,monitoring,0
1214005,1214,12,gmina małopolskie-wschodni-14-05,8250,68.66,1595,30.1,,0.0,,0.0,0.604,-17.5,0.16666666666666666,0.0,0.396,0.4013333333333334,34.66,monitoring,0
3032006,3032,30,gmina wielkopolskie-wschodni-32-06,2944,68.52,520,33.8,,0.0,,0.0,0.667,-17.8,0.1866666666666667,0.0,0.33299999999999996,0.4506666666666666,34.65,monitoring,0
3003003,3003,30,gmina wielkopolskie-zachodni-03-03,9787,78.9,2198,38.6,,0.0,,0.0,0.809,-15.3,0.02000000000000005,0.0,0.19099999999999995,0.5146666666666667,34.63,monitoring,0
1213001,1213,12,gmina małopolskie-południowy-13-01,10717,73.51,1792,47.2,,0.0,,0.0,0.807,-16.5,0.1,0.0,0.19299999999999995,0.6293333333333334,34.62,monitoring,0
0413002,0413,4,gmina kujawsko-pomorskie-południowy-13-02,21908,73.11,3842,36.9,,0.0,,0.0,0.7010000000000001,-16.4,0.09333333333333324,0.0,0.29899999999999993,0.492,34.61,monitoring,0
3034001,3034,30,gmina wielkopolskie-centralny-34-01,2736,79.74,554,38.3,,0.0,,0.0,0.806,-12.8,0.0,0.0,0.19399999999999995,0.5106666666666666,34.6,monitoring,0
3216001,3216,32,gmina zachodniopomorskie-centralny-16-01,9618,74.54,1718,39.2,,0.0,,0.0,0.595,-13.2,0.0,0.0,0.405,0.5226666666666667,34.58,monitoring,0
0806003,0806,8,gmina lubuskie-północny-06-03,4540,74.85,905,36.7,,0.0,,0.0,0.6970000000000001,-15.8,0.05333333333333338,0.0,0.30299999999999994,0.4893333333333334,34.58,monitoring,0
3001005,3001,30,gmina wielkopolskie-południowy-01-05,11571,71.17,2038,43.8,,0.0,,0.0,0.756,-17.0,0.13333333333333333,0.0,0.244,0.584,34.56,monitoring,0
0206004,0206,2,gmina dolnośląskie-północny-06-04,11435,69.1,1956,36.8,,0.0,,0.0,0.738,-17.9,0.19333333333333325,0.0,0.262,0.49066666666666664,34.55,monitoring,0
0204001,0204,2,gmina dolnośląskie-centralny-04-01,8788,75.23,1683,42.1,,0.0,,0.0,0.73,-15.6,0.03999999999999997,0.0,0.27,0.5613333333333334,34.54,monitoring,0
0230007,0230,2,gmina dolnośląskie-północny-30-07,10242,72.03,1873,35.1,,0.0,,0.0,0.706,-16.8,0.12000000000000005,0.0,0.29400000000000004,0.468,34.52,monitoring,0
1202007,1202,12,gmina małopolskie-wschodni-02-07,12405,68.67,2389,27.2,,0.0,,0.0,0.6920000000000001,-18.2,0.2133333333333333,0.0,0.30799999999999994,0.36266666666666664,34.52,monitoring,0
2816006,2816,28,gmina warmińsko-mazurskie-centralny-16-06,17934,49.73,2519,30.8,,0.0,,0.0,0.799,-24.8,0.6533333333333334,0.0,0.20099999999999996,0.4106666666666667,34.52,monitoring,0
1013004,1013,10,gmina łódzkie-południowy-13-04,3517,74.69,772,39.7,,0.0,,0.0,0.679,-15.5,0.03333333333333333,0.0,0.32099999999999995,0.5293333333333333,34.52,monitoring,0
1011001,1011,10,gmina łódzkie-miejski-11-01,13182,67.09,2394,47.6,,0.0,,0.0,0.8170000000000001,-18.5,0.23333333333333334,0.0,0.18299999999999994,0.6346666666666667,34.51,monitoring,0
0806002,0806,8,gmina lubuskie-północny-06-02,11205,73.65,1967,43.4,,0.0,,0.0,0.705,-15.8,0.05333333333333338,0.0,0.29500000000000004,0.5786666666666667,34.5,monitoring,0
1011004,1011,10,gmina łódzkie-miejski-11-04,7799,68.28,1436,46.0,,0.0,,0.0,0.857,-18.5,0.23333333333333334,0.0,0.14300000000000002,0.6133333333333333,34.5,monitoring,0
1819003,1819,18,gmina podkarpackie-południowy-19-03,12347,74.88,2226,56.3,,0.0,,0.0,0.745,-14.5,0.0,0.0,0.255,0.7506666666666666,34.5,monitoring,0
1002006,1002,10,gmina łódzkie-wschodni-02-06,13013,70.48,2499,26.3,,0.0,,0.0,0.66,-17.4,0.1599999999999999,0.0,0.33999999999999997,0.3506666666666667,34.48,monitoring,0
0224003,0224,2,gmina dolnośląskie-północny-24-03,6249,75.8,1194,46.9,,0.0,,0.0,0.72,-15.0,0.0,0.0,0.28,0.6253333333333333,34.45,monitoring,0
1008005,1008,10,gmina łódzkie-wschodni-08-05,22512,76.74,4475,43.1,,0.0,,0.0,0.732,-13.5,0.0,0.0,0.268,0.5746666666666667,34.45,monitoring,0
0217007,0217,2,gmina dolnośląskie-miejski-17-07,3888,75.63,767,42.1,,0.0,,0.0,0.681,-12.9,0.0,0.0,0.31899999999999995,0.5613333333333334,34.42,monitoring,0
0212006,0212,2,gmina dolnośląskie-północny-12-06,12149,74.12,1994,42.8,,0.0,,0.0,0.715,-15.7,0.04666666666666662,0.0,0.28500000000000003,0.5706666666666667,34.42,monitoring,0
3008001,3008,30,gmina wielkopolskie-wschodni-08-01,6779,72.12,1152,34.1,,0.0,,0.0,0.726,-16.9,0.12666666666666657,0.0,0.274,0.45466666666666666,34.42,monitoring,0
1015002,1015,10,gmina łódzkie-zachodni-15-02,10562,75.27,1893,36.2,,0.0,,0.0,0.65,-15.2,0.013333333333333286,0.0,0.35,0.4826666666666667,34.41,monitoring,0
3212001,3212,32,gmina zachodniopomorskie-północny-12-01,6125,74.57,1206,30.4,,0.0,,0.0,0.636,-15.6,0.03999999999999997,0.0,0.364,0.4053333333333333,34.36,monitoring,0
1814002,1814,18,gmina podkarpackie-wschodni-14-02,26166,76.75,4582,36.5,,0.0,,0.0,0.787,-15.7,0.04666666666666662,0.0,0.21299999999999997,0.4866666666666667,34.36,monitoring,0
2601005,2601,26,gmina świętokrzyskie-południowy-01-05,6930,64.92,960,42.0,,0.0,,0.0,0.635,-18.0,0.2,0.0,0.365,0.56,34.35,monitoring,0
1010001,1010,10,gmina łódzkie-centralny-10-01,10413,76.01,2097,39.3,,0.0,,0.0,0.685,-13.0,0.0,0.0,0.31499999999999995,0.5239999999999999,34.34,monitoring,0
3027003,3027,30,gmina wielkopolskie-zachodni-27-03,10666,65.89,1897,44.8,,0.0,,0.0,0.795,-18.7,0.24666666666666662,0.0,0.20499999999999996,0.5973333333333333,34.31,monitoring,0
2204005,2204,22,gmina pomorskie-centralny-04-05,5688,73.43,1097,46.3,,0.0,,0.0,0.631,-12.9,0.0,0.0,0.369,0.6173333333333333,34.31,monitoring,0
3218004,3218,32,gmina zachodniopomorskie-północny-18-04,9430,75.64,2069,29.4,,0.0,,0.0,0.667,-15.5,0.03333333333333333,0.0,0.33299999999999996,0.39199999999999996,34.3,monitoring,0
3028001,3028,30,gmina wielkopolskie-centralny-28-01,8772,74.37,1593,41.9,,0.0,,0.0,0.733,-15.7,0.04666666666666662,0.0,0.267,0.5586666666666666,34.3,monitoring,0
2603004,2603,26,gmina świętokrzyskie-zachodni-03-04,3258,68.56,573,54.8,,0.0,,0.0,0.8250000000000001,-17.5,0.16666666666666666,0.0,0.17499999999999993,0.7306666666666666,34.28,monitoring,0
3217004,3217,32,gmina zachodniopomorskie-miejski-17-04,8461,76.91,1535,45.0,,0.0,,0.0,0.772,-14.7,0.0,0.0,0.22799999999999998,0.6,34.28,monitoring,0
1009005,1009,10,gmina łódzkie-zachodni-09-05,7217,66.3,1225,38.0,,0.0,,0.0,0.672,-18.0,0.2,0.0,0.32799999999999996,0.5066666666666667,34.28,monitoring,0
1201005,1201,12,gmina małopolskie-południowy-01-05,9836,76.65,1822,31.6,,0.0,,0.0,0.677,-15.1,0.006666666666666643,0.0,0.32299999999999995,0.42133333333333334,34.26,monitoring,0
0208006,0208,2,gmina dolnośląskie-wschodni-08-06,16073,68.94,2893,35.0,,0.0,,0.0,0.725,-17.7,0.17999999999999997,0.0,0.275,0.4666666666666667,34.25,monitoring,0
1003007,1003,10,gmina łódzkie-zachodni-03-07,5641,72.33,1131,44.1,,0.0,,0.0,0.656,-15.6,0.03999999999999997,0.0,0.344,0.588,34.24,monitoring,0
1804002,1804,18,gmina podkarpackie-centralny-04-02,7774,72.23,1319,41.5,,0.0,,0.0,0.674,-15.9,0.060000000000000026,0.0,0.32599999999999996,0.5533333333333333,34.23,monitoring,0
2602005,2602,26,gmina świętokrzyskie-wschodni-02-05,6521,75.99,1378,36.9,,0.0,,0.0,0.705,-15.2,0.013333333333333286,0.0,0.29500000000000004,0.492,34.23,monitoring,0
0416003,0416,4,gmina kujawsko-pomorskie-centralny-16-03,7759,70.4,1529,35.1,,0.0,,0.0,0.764,-17.5,0.16666666666666666,0.0,0.236,0.468,34.22,monitoring,0
2401004,2401,24,gmina śląskie-południowy-01-04,9486,75.09,2064,39.4,,0.0,,0.0,0.673,-15.1,0.006666666666666643,0.0,0.32699999999999996,0.5253333333333333,34.22,monitoring,0
0809005,0809,8,gmina lubuskie-zachodni-09-05,9492,75.77,1511,52.6,,0.0,,0.0,0.854,-15.5,0.03333333333333333,0.0,0.14600000000000002,0.7013333333333334,34.21,monitoring,0
0405004,0405,4,gmina kujawsko-pomorskie-miejski-05-04,3406,66.73,538,42.5,,0.0,,0.0,0.731,-18.0,0.2,0.0,0.269,0.5666666666666667,34.21,monitoring,0
0214007,0214,2,gmina dolnośląskie-wschodni-14-07,15241,75.03,3292,35.0,,0.0,,0.0,0.721,-15.7,0.04666666666666662,0.0,0.279,0.4666666666666667,34.2,monitoring,0
2810006,2810,28,gmina warmińsko-mazurskie-centralny-10-06,8471,58.4,1439,18.5,,0.0,,0.0,0.6970000000000001,-21.7,0.4466666666666666,0.0,0.30299999999999994,0.24666666666666667,34.19,monitoring,0
2428005,2428,24,gmina śląskie-centralny-28-05,18243,70.02,3146,38.9,,0.0,,0.0,0.726,-17.1,0.1400000000000001,0.0,0.274,0.5186666666666666,34.19,monitoring,0
2426006,2426,24,gmina śląskie-wschodni-26-06,17915,72.35,2877,48.1,,0.0,,0.0,0.799,-16.4,0.09333333333333324,0.0,0.20099999999999996,0.6413333333333333,34.19,monitoring,0
0404002,0404,4,gmina kujawsko-pomorskie-centralny-04-02,5803,65.07,797,30.8,,0.0,,0.0,0.643,-18.5,0.23333333333333334,0.0,0.357,0.4106666666666667,34.19,monitoring,0
2406002,2406,24,gmina śląskie-północny-06-02,20259,72.89,3053,37.7,,0.0,,0.0,0.6920000000000001,-16.0,0.06666666666666667,0.0,0.30799999999999994,0.5026666666666667,34.18,monitoring,0
2606005,2606,26,gmina świętokrzyskie-północny-06-05,3867,65.54,589,49.4,,0.0,,0.0,0.655,-17.4,0.1599999999999999,0.0,0.345,0.6586666666666666,34.18,monitoring,0
2431001,2431,24,gmina śląskie-południowy-31-01,3407,74.81,664,32.7,,0.0,,0.0,0.6960000000000001,-15.7,0.04666666666666662,0.0,0.30399999999999994,0.43600000000000005,34.18,monitoring,0
2414001,2414,24,gmina śląskie-wschodni-14-01,7088,77.86,1528,40.4,,0.0,,0.0,0.789,-14.5,0.0,0.0,0.21099999999999997,0.5386666666666666,34.18,monitoring,0
1006005,1006,10,gmina łódzkie-północny-06-05,7915,76.28,1257,44.3,,0.0,,0.0,0.753,-14.0,0.0,0.0,0.247,0.5906666666666667,34.16,monitoring,0
0804006,0804,8,gmina lubuskie-centralny-04-06,34998,78.73,6789,41.1,,0.0,,0.0,0.835,-13.3,0.0,0.0,0.16500000000000004,0.548,34.14,monitoring,0
1006006,1006,10,gmina łódzkie-północny-06-06,12672,74.87,2078,47.1,,0.0,,0.0,0.718,-14.0,0.0,0.0,0.28200000000000003,0.628,34.13,monitoring,0
0415002,0415,4,gmina kujawsko-pomorskie-zachodni-15-02,11362,75.28,2304,34.9,,0.0,,0.0,0.645,-15.0,0.0,0.0,0.355,0.4653333333333333,34.13,monitoring,0
0206003,0206,2,gmina dolnośląskie-północny-06-03,8462,70.39,1587,24.0,,0.0,,0.0,0.747,-17.9,0.19333333333333325,0.0,0.253,0.32,34.11,monitoring,0
1822002,1822,18,gmina podkarpackie-centralny-22-02,1800,65.76,314,26.3,,0.0,,0.0,0.623,-18.3,0.22000000000000006,0.0,0.377,0.3506666666666667,34.1,monitoring,0
0226007,0226,2,gmina dolnośląskie-wschodni-26-07,8699,71.01,1519,39.0,,0.0,,0.0,0.685,-16.4,0.09333333333333324,0.0,0.31499999999999995,0.52,34.1,monitoring,0
1815004,1815,18,gmina podkarpackie-zachodni-15-04,13309,77.08,2670,36.9,,0.0,,0.0,0.741,-15.0,0.0,0.0,0.259,0.492,34.08,monitoring,0
2604001,2604,26,gmina świętokrzyskie-centralny-04-01,10410,72.43,1773,45.7,,0.0,,0.0,0.797,-16.4,0.09333333333333324,0.0,0.20299999999999996,0.6093333333333334,34.08,monitoring,0
0807007,0807,8,gmina lubuskie-południowy-07-07,4012,72.16,667,39.7,,0.0,,0.0,0.768,-16.6,0.10666666666666676,0.0,0.23199999999999998,0.5293333333333333,34.08,monitoring,0
0413007,0413,4,gmina kujawsko-pomorskie-południowy-13-07,4293,75.02,906,28.4,,0.0,,0.0,0.779,-16.4,0.09333333333333324,0.0,0.22099999999999997,0.37866666666666665,34.07,monitoring,0
1222002,1222,12,gmina małopolskie-centralny-22-02,15016,76.45,3403,40.1,,0.0,,0.0,0.739,-12.1,0.0,0.0,0.261,0.5346666666666667,34.07,monitoring,0
1014007,1014,10,gmina łódzkie-wschodni-14-07,8513,75.11,1764,34.0,,0.0,,0.0,0.639,-14.1,0.0,0.0,0.361,0.4533333333333333,34.06,monitoring,0
3215001,3215,32,gmina zachodniopomorskie-zachodni-15-01,14378,76.55,2394,44.2,,0.0,,0.0,0.775,-14.9,0.0,0.0,0.22499999999999998,0.5893333333333334,34.06,monitoring,0
3015004,3015,30,gmina wielkopolskie-zachodni-15-04,23031,75.19,4162,40.4,,0.0,,0.0,0.784,-15.7,0.04666666666666662,0.0,0.21599999999999997,0.5386666666666666,34.05,monitoring,0
1012001,1012,10,gmina łódzkie-północny-12-01,19255,67.59,3300,42.4,,0.0,,0.0,0.773,-17.9,0.19333333333333325,0.0,0.22699999999999998,0.5653333333333334,34.03,monitoring,0
2416005,2416,24,gmina śląskie-centralny-16-05,28918,69.99,5258,37.0,,0.0,,0.0,0.741,-17.2,0.1466666666666666,0.0,0.259,0.49333333333333335,34.03,monitoring,0
3219004,3219,32,gmina zachodniopomorskie-południowy-19-04,1909,69.54,320,49.7,,0.0,,0.0,0.657,-16.0,0.06666666666666667,0.0,0.34299999999999997,0.6626666666666667,34.03,monitoring,0
1803002,1803,18,gmina podkarpackie-zachodni-03-02,22886,73.86,4291,32.6,,0.0,,0.0,0.687,-15.8,0.05333333333333338,0.0,0.31299999999999994,0.4346666666666667,34.02,monitoring,0
3006006,3006,30,gmina wielkopolskie-północny-06-06,12891,73.48,2122,39.6,,0.0,,0.0,0.617,-13.9,0.0,0.0,0.383,0.528,34.01,monitoring,0
2425003,2425,24,gmina śląskie-południowy-25-03,3482,71.11,689,35.3,,0.0,,0.0,0.634,-16.1,0.07333333333333343,0.0,0.366,0.4706666666666666,33.99,monitoring,0
1404001,1404,14,gmina mazowieckie-centralny-04-01,18305,53.09,2764,17.5,,0.0,,0.0,0.794,-24.0,0.6,0.0,0.20599999999999996,0.23333333333333334,33.99,monitoring,0
0411007,0411,4,gmina kujawsko-pomorskie-miejski-11-07,4159,72.99,755,40.3,,0.0,,0.0,0.75,-16.1,0.07333333333333343,0.0,0.25,0.5373333333333333,33.99,monitoring,0
2431004,2431,24,gmina śląskie-południowy-31-04,10909,74.21,2006,42.9,,0.0,,0.0,0.768,-15.7,0.04666666666666662,0.0,0.23199999999999998,0.572,33.99,monitoring,0
3022001,3022,30,gmina wielkopolskie-centralny-22-01,8951,68.78,1391,51.9,,0.0,,0.0,0.807,-17.2,0.1466666666666666,0.0,0.19299999999999995,0.692,33.97,monitoring,0
0411005,0411,4,gmina kujawsko-pomorskie-miejski-11-05,4986,70.63,839,44.8,,0.0,,0.0,0.6900000000000001,-16.1,0.07333333333333343,0.0,0.30999999999999994,0.5973333333333333,33.94,monitoring,0
3031005,3031,30,gmina wielkopolskie-południowy-31-05,14193,72.18,2718,39.7,,0.0,,0.0,0.745,-16.3,0.08666666666666671,0.0,0.255,0.5293333333333333,33.93,monitoring,0
3220005,3220,32,gmina zachodniopomorskie-wschodni-20-05,18001,75.41,3282,42.5,,0.0,,0.0,0.729,-14.4,0.0,0.0,0.271,0.5666666666666667,33.93,monitoring,0
2201004,2201,22,gmina pomorskie-południowy-01-04,11807,74.62,2350,49.2,,0.0,,0.0,0.745,-13.3,0.0,0.0,0.255,0.656,33.93,monitoring,0
2207001,2207,22,gmina pomorskie-południowy-07-01,4452,75.62,996,39.0,,0.0,,0.0,0.725,-15.1,0.006666666666666643,0.0,0.275,0.52,33.93,monitoring,0
2211001,2211,22,gmina pomorskie-miejski-11-01,11272,75.13,1971,40.5,,0.0,,0.0,0.786,-15.6,0.03999999999999997,0.0,0.21399999999999997,0.54,33.9,monitoring,0
0213003,0213,2,gmina dolnośląskie-południowy-13-03,4103,75.75,788,41.0,,0.0,,0.0,0.737,-14.2,0.0,0.0,0.263,0.5466666666666666,33.89,monitoring,0
1823001,1823,18,gmina podkarpackie-miejski-23-01,9998,73.49,2046,41.1,,0.0,,0.0,0.775,-16.0,0.06666666666666667,0.0,0.22499999999999998,0.548,33.89,monitoring,0
2614004,2614,26,gmina świętokrzyskie-wschodni-14-04,8094,70.79,1633,46.4,,0.0,,0.0,0.714,-16.1,0.07333333333333343,0.0,0.28600000000000003,0.6186666666666667,33.89,monitoring,0
3202005,3202,32,gmina zachodniopomorskie-wschodni-02-05,5191,75.63,965,39.1,,0.0,,0.0,0.719,-14.7,0.0,0.0,0.281,0.5213333333333333,33.88,monitoring,0
2001004,2001,20,gmina podlaskie-południowy-01-04,14548,48.11,1401,30.9,,0.0,,0.0,0.79,-24.7,0.6466666666666666,0.0,0.20999999999999996,0.412,33.87,monitoring,0
0228006,0228,2,gmina dolnośląskie-centralny-28-06,28153,67.77,4521,37.1,,0.0,,0.0,0.759,-17.9,0.19333333333333325,0.0,0.241,0.4946666666666667,33.87,monitoring,0
3031002,3031,30,gmina wielkopolskie-południowy-31-02,8439,70.98,1762,36.8,,0.0,,0.0,0.681,-16.3,0.08666666666666671,0.0,0.31899999999999995,0.49066666666666664,33.86,monitoring,0
1442001,1442,14,gmina mazowieckie-północny-42-01,26771,54.31,4083,20.5,,0.0,,0.0,0.857,-23.8,0.5866666666666667,0.0,0.14300000000000002,0.2733333333333333,33.85,monitoring,0
1806006,1806,18,gmina podkarpackie-północny-06-06,4260,68.3,760,31.3,,0.0,,0.0,0.783,-18.2,0.2133333333333333,0.0,0.21699999999999997,0.41733333333333333,33.83,monitoring,0
0222005,0222,2,gmina dolnośląskie-centralny-22-05,2766,74.51,626,39.8,,0.0,,0.0,0.789,-15.8,0.05333333333333338,0.0,0.21099999999999997,0.5306666666666666,33.83,monitoring,0
1203005,1203,12,gmina małopolskie-zachodni-03-05,11662,71.08,2194,40.1,,0.0,,0.0,0.833,-17.2,0.1466666666666666,0.0,0.16700000000000004,0.5346666666666667,33.83,monitoring,0
2419002,2419,24,gmina śląskie-południowy-19-02,12869,71.59,2505,32.6,,0.0,,0.0,0.785,-17.1,0.1400000000000001,0.0,0.21499999999999997,0.4346666666666667,33.83,monitoring,0
1207002,1207,12,gmina małopolskie-południowy-07-02,10065,73.74,1888,43.5,,0.0,,0.0,0.745,-15.5,0.03333333333333333,0.0,0.255,0.58,33.82,monitoring,0
1002004,1002,10,gmina łódzkie-wschodni-02-04,6333,67.76,1329,45.9,,0.0,,0.0,0.764,-17.4,0.1599999999999999,0.0,0.236,0.612,33.81,monitoring,0
0408007,0408,4,gmina kujawsko-pomorskie-wschodni-08-07,6084,76.35,1072,38.5,,0.0,,0.0,0.753,-12.8,0.0,0.0,0.247,0.5133333333333333,33.8,monitoring,0
1211003,1211,12,gmina małopolskie-miejski-11-03,11053,72.42,2088,44.5,,0.0,,0.0,0.779,-16.1,0.07333333333333343,0.0,0.22099999999999997,0.5933333333333334,33.8,monitoring,0
3204001,3204,32,gmina zachodniopomorskie-centralny-04-01,10709,73.92,2109,44.3,,0.0,,0.0,0.747,-15.4,0.02666666666666669,0.0,0.253,0.5906666666666667,33.8,monitoring,0
0810006,0810,8,gmina lubuskie-centralny-10-06,2718,74.78,505,43.4,,0.0,,0.0,0.724,-14.9,0.0,0.0,0.276,0.5786666666666667,33.79,monitoring,0
1801002,1801,18,gmina podkarpackie-południowy-01-02,4166,73.62,831,35.6,,0.0,,0.0,0.751,-16.0,0.06666666666666667,0.0,0.249,0.4746666666666667,33.79,monitoring,0
0213004,0213,2,gmina dolnośląskie-południowy-13-04,18182,73.55,3438,44.1,,0.0,,0.0,0.678,-14.2,0.0,0.0,0.32199999999999995,0.588,33.79,monitoring,0
0408001,0408,4,gmina kujawsko-pomorskie-wschodni-08-01,8063,74.57,1602,44.0,,0.0,,0.0,0.721,-12.8,0.0,0.0,0.279,0.5866666666666667,33.78,monitoring,0
0219007,0219,2,gmina dolnośląskie-południowy-19-07,3560,67.82,735,44.3,,0.0,,0.0,0.745,-17.3,0.15333333333333338,0.0,0.255,0.5906666666666667,33.78,monitoring,0
3005006,3005,30,gmina wielkopolskie-miejski-05-06,8015,76.61,1653,43.5,,0.0,,0.0,0.804,-14.5,0.0,0.0,0.19599999999999995,0.58,33.78,monitoring,0
0206005,0206,2,gmina dolnośląskie-północny-06-05,19742,66.85,3585,37.2,,0.0,,0.0,0.731,-17.9,0.19333333333333325,0.0,0.269,0.49600000000000005,33.78,monitoring,0
0605007,0605,6,gmina lubelskie-miejski-05-07,5929,50.06,998,26.0,,0.0,,0.0,0.9,-25.1,0.6733333333333335,0.0,0.09999999999999998,0.3466666666666667,33.78,monitoring,0
1430007,1430,14,gmina mazowieckie-północny-30-07,10068,47.92,1441,25.5,,0.0,,0.0,0.807,-25.1,0.6733333333333335,0.0,0.19299999999999995,0.34,33.77,monitoring,0
0811002,0811,8,gmina lubuskie-miejski-11-02,5174,74.57,1133,46.2,,0.0,,0.0,0.739,-13.8,0.0,0.0,0.261,0.616,33.77,monitoring,0
3033006,3033,30,gmina wielkopolskie-zachodni-33-06,34953,76.16,6755,40.3,,0.0,,0.0,0.762,-12.2,0.0,0.0,0.238,0.5373333333333333,33.77,monitoring,0
2604003,2604,26,gmina świętokrzyskie-centralny-04-03,37599,69.64,6049,45.3,,0.0,,0.0,0.71,-16.4,0.09333333333333324,0.0,0.29000000000000004,0.604,33.77,monitoring,0
2425001,2425,24,gmina śląskie-południowy-25-01,5675,72.91,1017,42.8,,0.0,,0.0,0.791,-16.1,0.07333333333333343,0.0,0.20899999999999996,0.5706666666666667,33.76,monitoring,0
3028004,3028,30,gmina wielkopolskie-centralny-28-04,4906,73.86,832,34.0,,0.0,,0.0,0.713,-15.7,0.04666666666666662,0.0,0.28700000000000003,0.4533333333333333,33.76,monitoring,0
1414006,1414,14,gmina mazowieckie-wschodni-14-06,7204,49.56,1075,28.3,,0.0,,0.0,0.806,-24.4,0.6266666666666666,0.0,0.19399999999999995,0.37733333333333335,33.75,monitoring,0
2424003,2424,24,gmina śląskie-północny-24-03,3648,72.03,729,41.8,,0.0,,0.0,0.682,-15.6,0.03999999999999997,0.0,0.31799999999999995,0.5573333333333333,33.74,monitoring,0
1219004,1219,12,gmina małopolskie-południowy-19-04,5321,73.4,1048,41.2,,0.0,,0.0,0.655,-14.6,0.0,0.0,0.345,0.5493333333333333,33.74,monitoring,0
0807006,0807,8,gmina lubuskie-południowy-07-06,5365,68.15,946,51.6,,0.0,,0.0,0.724,-16.6,0.10666666666666676,0.0,0.276,0.6880000000000001,33.74,monitoring,0
1002005,1002,10,gmina łódzkie-wschodni-02-05,10965,69.74,1975,41.4,,0.0,,0.0,0.8230000000000001,-17.4,0.1599999999999999,0.0,0.17699999999999994,0.5519999999999999,33.73,monitoring,0
0223004,0223,2,gmina dolnośląskie-miejski-23-04,17574,72.29,2997,48.7,,0.0,,0.0,0.785,-15.9,0.060000000000000026,0.0,0.21499999999999997,0.6493333333333333,33.73,monitoring,0
3030001,3030,30,gmina wielkopolskie-północny-30-01,5345,71.27,1088,37.4,,0.0,,0.0,0.712,-16.3,0.08666666666666671,0.0,0.28800000000000003,0.49866666666666665,33.73,monitoring,0
2010006,2010,20,gmina podlaskie-centralny-10-06,17154,47.77,2155,15.9,,0.0,,0.0,0.72,-25.0,0.6666666666666666,0.0,0.28,0.212,33.73,monitoring,0
2434005,2434,24,gmina śląskie-centralny-34-05,5119,75.02,893,35.6,,0.0,,0.0,0.766,-15.6,0.03999999999999997,0.0,0.23399999999999999,0.4746666666666667,33.71,monitoring,0
3022004,3022,30,gmina wielkopolskie-centralny-22-04,8204,70.14,1514,29.2,,0.0,,0.0,0.726,-17.2,0.1466666666666666,0.0,0.274,0.3893333333333333,33.71,monitoring,0
2008004,2008,20,gmina podlaskie-wschodni-08-04,9341,53.07,1665,27.6,,0.0,,0.0,0.781,-23.1,0.5400000000000001,0.0,0.21899999999999997,0.368,33.7,monitoring,0
0412006,0412,4,gmina kujawsko-pomorskie-północny-12-06,16317,70.5,1916,42.2,,0.0,,0.0,0.598,-15.4,0.02666666666666669,0.0,0.402,0.5626666666666668,33.7,monitoring,0
1221006,1221,12,gmina małopolskie-zachodni-21-06,4080,71.11,834,43.7,,0.0,,0.0,0.729,-16.1,0.07333333333333343,0.0,0.271,0.5826666666666667,33.69,monitoring,0
3211006,3211,32,gmina zachodniopomorskie-miejski-11-06,3066,70.32,495,37.3,,0.0,,0.0,0.7020000000000001,-16.5,0.1,0.0,0.29799999999999993,0.4973333333333333,33.69,monitoring,0
1209002,1209,12,gmina małopolskie-zachodni-09-02,6451,66.19,1211,42.0,,0.0,,0.0,0.657,-17.2,0.1466666666666666,0.0,0.34299999999999997,0.56,33.68,monitoring,0
1803007,1803,18,gmina podkarpackie-zachodni-03-07,9678,70.91,1553,57.1,,0.0,,0.0,0.783,-15.8,0.05333333333333338,0.0,0.21699999999999997,0.7613333333333333,33.67,monitoring,0
0211007,0211,2,gmina dolnośląskie-miejski-11-07,5434,75.15,1192,42.9,,0.0,,0.0,0.75,-13.4,0.0,0.0,0.25,0.572,33.67,monitoring,0
2211006,2211,22,gmina pomorskie-miejski-11-06,18705,74.23,3616,36.3,,0.0,,0.0,0.742,-15.6,0.03999999999999997,0.0,0.258,0.484,33.67,monitoring,0
1204007,1204,12,gmina małopolskie-centralny-04-07,7644,63.44,1226,35.6,,0.0,,0.0,0.641,-18.3,0.22000000000000006,0.0,0.359,0.4746666666666667,33.67,monitoring,0
3032001,3032,30,gmina wielkopolskie-wschodni-32-01,5800,67.86,1012,33.6,,0.0,,0.0,0.747,-17.8,0.1866666666666667,0.0,0.253,0.448,33.66,monitoring,0
0810003,0810,8,gmina lubuskie-centralny-10-03,12326,76.5,2642,42.3,,0.0,,0.0,0.807,-14.9,0.0,0.0,0.19299999999999995,0.564,33.63,monitoring,0
0419003,0419,4,gmina kujawsko-pomorskie-południowy-19-03,4233,75.96,874,32.7,,0.0,,0.0,0.715,-13.9,0.0,0.0,0.28500000000000003,0.43600000000000005,33.61,monitoring,0
1013003,1013,10,gmina łódzkie-południowy-13-03,3639,75.15,618,31.5,,0.0,,0.0,0.739,-15.5,0.03333333333333333,0.0,0.261,0.42,33.61,monitoring,0
3208001,3208,32,gmina zachodniopomorskie-wschodni-08-01,6689,74.77,1211,39.1,,0.0,,0.0,0.717,-14.9,0.0,0.0,0.28300000000000003,0.5213333333333333,33.57,monitoring,0
0229004,0229,2,gmina dolnośląskie-miejski-29-04,3452,71.85,634,43.5,,0.0,,0.0,0.627,-15.0,0.0,0.0,0.373,0.58,33.56,monitoring,0
0224004,0224,2,gmina dolnośląskie-północny-24-04,18922,72.92,3088,52.3,,0.0,,0.0,0.737,-15.0,0.0,0.0,0.263,0.6973333333333332,33.56,monitoring,0
0814002,0814,8,gmina lubuskie-wschodni-14-02,4878,70.54,854,41.4,,0.0,,0.0,0.597,-15.3,0.02000000000000005,0.0,0.403,0.5519999999999999,33.55,monitoring,0
3035003,3035,30,gmina wielkopolskie-miejski-35-03,2486,75.22,460,33.4,,0.0,,0.0,0.749,-15.4,0.02666666666666669,0.0,0.251,0.4453333333333333,33.55,monitoring,0
1205002,1205,12,gmina małopolskie-miejski-05-02,1800,73.35,405,37.7,,0.0,,0.0,0.7030000000000001,-15.4,0.02666666666666669,0.0,0.29699999999999993,0.5026666666666667,33.54,monitoring,0
1820006,1820,18,gmina podkarpackie-wschodni-20-06,2999,67.46,529,43.5,,0.0,,0.0,0.724,-17.1,0.1400000000000001,0.0,0.276,0.58,33.54,monitoring,0
2421005,2421,24,gmina śląskie-zachodni-21-05,17308,68.22,2780,42.8,,0.0,,0.0,0.738,-17.0,0.13333333333333333,0.0,0.262,0.5706666666666667,33.53,monitoring,0
2807003,2807,28,gmina warmińsko-mazurskie-południowy-07-03,21942,56.77,3389,22.2,,0.0,,0.0,0.772,-22.0,0.4666666666666667,0.0,0.22799999999999998,0.296,33.5,monitoring,0
0226005,0226,2,gmina dolnośląskie-wschodni-26-05,7199,70.7,1356,42.0,,0.0,,0.0,0.761,-16.4,0.09333333333333324,0.0,0.239,0.56,33.5,monitoring,0
1809006,1809,18,gmina podkarpackie-zachodni-09-06,24143,70.4,4994,40.1,,0.0,,0.0,0.709,-16.2,0.07999999999999995,0.0,0.29100000000000004,0.5346666666666667,33.48,monitoring,0
1011005,1011,10,gmina łódzkie-miejski-11-05,9191,65.81,1562,39.6,,0.0,,0.0,0.8200000000000001,-18.5,0.23333333333333334,0.0,0.17999999999999994,0.528,33.47,monitoring,0
3009004,3009,30,gmina wielkopolskie-zachodni-09-04,4472,70.37,839,37.4,,0.0,,0.0,0.796,-17.0,0.13333333333333333,0.0,0.20399999999999996,0.49866666666666665,33.47,monitoring,0
3217006,3217,32,gmina zachodniopomorskie-miejski-17-06,10765,76.02,1963,29.6,,0.0,,0.0,0.711,-14.7,0.0,0.0,0.28900000000000003,0.39466666666666667,33.46,monitoring,0
3219001,3219,32,gmina zachodniopomorskie-południowy-19-01,9612,70.09,1618,42.2,,0.0,,0.0,0.6890000000000001,-16.0,0.06666666666666667,0.0,0.31099999999999994,0.5626666666666668,33.45,monitoring,0
1610005,1610,16,gmina opolskie-centralny-10-05,13007,67.65,2319,51.5,,0.0,,0.0,0.762,-16.8,0.12000000000000005,0.0,0.238,0.6866666666666666,33.44,monitoring,0
3033001,3033,30,gmina wielkopolskie-zachodni-33-01,11186,71.13,1423,56.2,,0.0,,0.0,0.705,-12.2,0.0,0.0,0.29500000000000004,0.7493333333333334,33.43,monitoring,0
1809005,1809,18,gmina podkarpackie-zachodni-09-05,11514,70.15,2339,41.8,,0.0,,0.0,0.717,-16.2,0.07999999999999995,0.0,0.28300000000000003,0.5573333333333333,33.43,monitoring,0
3001001,3001,30,gmina wielkopolskie-południowy-01-01,2691,70.39,524,37.8,,0.0,,0.0,0.804,-17.0,0.13333333333333333,0.0,0.19599999999999995,0.504,33.43,monitoring,0
2422006,2422,24,gmina śląskie-centralny-22-06,1800,71.17,292,49.3,,0.0,,0.0,0.6970000000000001,-15.3,0.02000000000000005,0.0,0.30299999999999994,0.6573333333333333,33.42,monitoring,0
1821005,1821,18,gmina podkarpackie-zachodni-21-05,4337,68.75,762,48.1,,0.0,,0.0,0.799,-16.9,0.12666666666666657,0.0,0.20099999999999996,0.6413333333333333,33.42,monitoring,0
0405005,0405,4,gmina kujawsko-pomorskie-miejski-05-05,8608,66.88,1669,35.1,,0.0,,0.0,0.774,-18.0,0.2,0.0,0.22599999999999998,0.468,33.39,monitoring,0
0803005,0803,8,gmina lubuskie-zachodni-03-05,5551,73.87,1010,34.7,,0.0,,0.0,0.666,-15.0,0.0,0.0,0.33399999999999996,0.4626666666666667,33.39,monitoring,0
1208003,1208,12,gmina małopolskie-wschodni-08-03,3518,71.3,651,34.0,,0.0,,0.0,0.78,-16.7,0.11333333333333329,0.0,0.21999999999999997,0.4533333333333333,33.38,monitoring,0
2613003,2613,26,gmina świętokrzyskie-południowy-13-03,8143,71.9,1610,37.6,,0.0,,0.0,0.779,-16.3,0.08666666666666671,0.0,0.22099999999999997,0.5013333333333333,33.38,monitoring,0
1417003,1417,14,gmina mazowieckie-miejski-17-03,8353,51.43,1265,24.8,,0.0,,0.0,0.754,-23.3,0.5533333333333333,0.0,0.246,0.33066666666666666,33.37,monitoring,0
1602006,1602,16,gmina opolskie-wschodni-02-06,6158,69.75,1192,28.7,,0.0,,0.0,0.704,-16.9,0.12666666666666657,0.0,0.29600000000000004,0.38266666666666665,33.36,monitoring,0
1204004,1204,12,gmina małopolskie-centralny-04-04,13860,66.35,2592,49.6,,0.0,,0.0,0.902,-18.3,0.22000000000000006,0.0,0.09799999999999998,0.6613333333333333,33.36,monitoring,0
0812001,0812,8,gmina lubuskie-północny-12-01,7799,69.55,1511,36.5,,0.0,,0.0,0.794,-17.2,0.1466666666666666,0.0,0.20599999999999996,0.4866666666666667,33.36,monitoring,0
1018006,1018,10,gmina łódzkie-północny-18-06,6606,72.43,1361,32.8,,0.0,,0.0,0.716,-15.9,0.060000000000000026,0.0,0.28400000000000003,0.4373333333333333,33.35,monitoring,0
0603001,0603,6,gmina lubelskie-zachodni-03-01,14403,50.7,1925,15.7,,0.0,,0.0,0.728,-23.8,0.5866666666666667,0.0,0.272,0.20933333333333332,33.32,monitoring,0
3221003,3221,32,gmina zachodniopomorskie-zachodni-21-03,10549,70.06,1920,48.5,,0.0,,0.0,0.616,-13.4,0.0,0.0,0.384,0.6466666666666666,33.31,monitoring,0
0210001,0210,2,gmina dolnośląskie-centralny-10-01,5940,71.44,940,36.7,,0.0,,0.0,0.762,-16.3,0.08666666666666671,0.0,0.238,0.4893333333333334,33.3,monitoring,0
1022002,1022,10,gmina łódzkie-centralny-22-02,5985,71.58,1122,39.2,,0.0,,0.0,0.788,-16.3,0.08666666666666671,0.0,0.21199999999999997,0.5226666666666667,33.28,monitoring,0
2610005,2610,26,gmina świętokrzyskie-centralny-10-05,3501,69.86,578,36.1,,0.0,,0.0,0.6940000000000001,-16.3,0.08666666666666671,0.0,0.30599999999999994,0.48133333333333334,33.27,monitoring,0
3031004,3031,30,gmina wielkopolskie-południowy-31-04,12861,70.88,1799,41.7,,0.0,,0.0,0.778,-16.3,0.08666666666666671,0.0,0.22199999999999998,0.556,33.27,monitoring,0
2604006,2604,26,gmina świętokrzyskie-centralny-04-06,9783,71.34,1543,34.5,,0.0,,0.0,0.759,-16.4,0.09333333333333324,0.0,0.241,0.46,33.26,monitoring,0
3025001,3025,30,gmina wielkopolskie-południowy-25-01,10753,67.51,1735,38.5,,0.0,,0.0,0.613,-16.3,0.08666666666666671,0.0,0.387,0.5133333333333333,33.26,monitoring,0
1222007,1222,12,gmina małopolskie-centralny-22-07,7603,76.55,1539,34.7,,0.0,,0.0,0.797,-12.1,0.0,0.0,0.20299999999999996,0.4626666666666667,33.23,monitoring,0
0219004,0219,2,gmina dolnośląskie-południowy-19-04,5504,67.06,849,35.4,,0.0,,0.0,0.708,-17.3,0.15333333333333338,0.0,0.29200000000000004,0.472,33.23,monitoring,0
1412004,1412,14,gmina mazowieckie-północny-12-04,16045,49.63,2531,28.4,,0.0,,0.0,0.8140000000000001,-24.0,0.6,0.0,0.18599999999999994,0.37866666666666665,33.23,monitoring,0
3021006,3021,30,gmina wielkopolskie-zachodni-21-06,7108,72.7,1421,33.9,,0.0,,0.0,0.643,-15.1,0.006666666666666643,0.0,0.357,0.45199999999999996,33.22,monitoring,0
3215004,3215,32,gmina zachodniopomorskie-zachodni-15-04,7620,74.83,1436,37.8,,0.0,,0.0,0.75,-14.9,0.0,0.0,0.25,0.504,33.21,monitoring,0
0404005,0404,4,gmina kujawsko-pomorskie-centralny-04-05,117272,69.18,21137,25.6,,0.0,,0.0,0.887,-18.5,0.23333333333333334,0.0,0.11299999999999999,0.3413333333333334,33.21,monitoring,0
1014005,1014,10,gmina łódzkie-wschodni-14-05,11232,76.85,1950,35.0,,0.0,,0.0,0.8150000000000001,-14.1,0.0,0.0,0.18499999999999994,0.4666666666666667,33.2,monitoring,0
2431003,2431,24,gmina śląskie-południowy-31-03,14396,73.63,2941,36.1,,0.0,,0.0,0.782,-15.7,0.04666666666666662,0.0,0.21799999999999997,0.48133333333333334,33.19,monitoring,0
0404003,0404,4,gmina kujawsko-pomorskie-centralny-04-03,5816,64.69,1045,38.1,,0.0,,0.0,0.792,-18.5,0.23333333333333334,0.0,0.20799999999999996,0.508,33.19,monitoring,0
0401006,0401,4,gmina kujawsko-pomorskie-południowy-01-06,9905,61.24,1781,33.1,,0.0,,0.0,0.664,-18.9,0.2599999999999999,0.0,0.33599999999999997,0.44133333333333336,33.18,monitoring,0
0418004,0418,4,gmina kujawsko-pomorskie-północny-18-04,8939,72.85,1747,45.8,,0.0,,0.0,0.73,-14.4,0.0,0.0,0.27,0.6106666666666666,33.17,monitoring,0
1815006,1815,18,gmina podkarpackie-zachodni-15-06,6420,73.64,1177,38.2,,0.0,,0.0,0.71,-15.0,0.0,0.0,0.29000000000000004,0.5093333333333334,33.14,monitoring,0
3203002,3203,32,gmina zachodniopomorskie-zachodni-03-02,5017,70.06,996,47.9,,0.0,,0.0,0.711,-15.6,0.03999999999999997,0.0,0.28900000000000003,0.6386666666666666,33.14,monitoring,0
1208002,1208,12,gmina małopolskie-wschodni-08-02,10750,66.78,2187,38.3,,0.0,,0.0,0.649,-16.7,0.11333333333333329,0.0,0.351,0.5106666666666666,33.13,monitoring,0
1607002,1607,16,gmina opolskie-południowy-07-02,8401,68.44,1326,34.4,,0.0,,0.0,0.678,-16.6,0.10666666666666676,0.0,0.32199999999999995,0.45866666666666667,33.12,monitoring,0
0230002,0230,2,gmina dolnośląskie-północny-30-02,3290,71.53,544,21.3,,0.0,,0.0,0.739,-16.8,0.12000000000000005,0.0,0.261,0.28400000000000003,33.11,monitoring,0
1608004,1608,16,gmina opolskie-wschodni-08-04,2641,67.69,474,48.5,,0.0,,0.0,0.658,-15.9,0.060000000000000026,0.0,0.34199999999999997,0.6466666666666666,33.11,monitoring,0
1821006,1821,18,gmina podkarpackie-zachodni-21-06,12062,70.5,2291,31.6,,0.0,,0.0,0.786,-16.9,0.12666666666666657,0.0,0.21399999999999997,0.42133333333333334,33.1,monitoring,0
0214006,0214,2,gmina dolnośląskie-wschodni-14-06,8176,70.03,1081,52.1,,0.0,,0.0,0.759,-15.7,0.04666666666666662,0.0,0.241,0.6946666666666667,33.09,monitoring,0
2403002,2403,24,gmina śląskie-zachodni-03-02,6505,65.61,1162,47.2,,0.0,,0.0,0.6960000000000001,-16.9,0.12666666666666657,0.0,0.30399999999999994,0.6293333333333334,33.09,monitoring,0
2205004,2205,22,gmina pomorskie-miejski-05-04,3073,72.11,572,39.4,,0.0,,0.0,0.686,-15.2,0.013333333333333286,0.0,0.31399999999999995,0.5253333333333333,33.09,monitoring,0
1024005,1024,10,gmina łódzkie-północny-24-05,7829,72.97,1401,48.6,,0.0,,0.0,0.765,-14.9,0.0,0.0,0.235,0.648,33.08,monitoring,0
3029001,3029,30,gmina wielkopolskie-miejski-29-01,15267,75.11,3048,34.6,,0.0,,0.0,0.8200000000000001,-15.5,0.03333333333333333,0.0,0.17999999999999994,0.4613333333333334,33.07,monitoring,0
3009002,3009,30,gmina wielkopolskie-zachodni-09-02,13125,66.5,1877,46.7,,0.0,,0.0,0.746,-17.0,0.13333333333333333,0.0,0.254,0.6226666666666667,33.07,monitoring,0
2202002,2202,22,gmina pomorskie-wschodni-02-02,5024,71.65,897,49.2,,0.0,,0.0,0.729,-15.1,0.006666666666666643,0.0,0.271,0.656,33.07,monitoring,0
0813002,0813,8,gmina lubuskie-południowy-13-02,4775,68.2,825,39.5,,0.0,,0.0,0.726,-16.7,0.11333333333333329,0.0,0.274,0.5266666666666666,33.06,monitoring,0
0205003,0205,2,gmina dolnośląskie-miejski-05-03,9319,66.77,1277,35.4,,0.0,,0.0,0.6890000000000001,-17.1,0.1400000000000001,0.0,0.31099999999999994,0.472,33.05,monitoring,0
2422001,2422,24,gmina śląskie-centralny-22-01,17210,72.04,3452,48.6,,0.0,,0.0,0.772,-15.3,0.02000000000000005,0.0,0.22799999999999998,0.648,33.03,monitoring,0
1002003,1002,10,gmina łódzkie-wschodni-02-03,6891,67.68,1234,38.6,,0.0,,0.0,0.794,-17.4,0.1599999999999999,0.0,0.20599999999999996,0.5146666666666667,33.03,monitoring,0
3208002,3208,32,gmina zachodniopomorskie-wschodni-08-02,15033,71.49,2636,37.7,,0.0,,0.0,0.63,-14.9,0.0,0.0,0.37,0.5026666666666667,33.01,monitoring,0
1220006,1220,12,gmina małopolskie-wschodni-20-06,6886,69.79,1249,37.0,,0.0,,0.0,0.713,-16.2,0.07999999999999995,0.0,0.28700000000000003,0.49333333333333335,33.01,monitoring,0
2216004,2216,22,gmina pomorskie-centralny-16-04,14703,69.77,2255,51.5,,0.0,,0.0,0.6990000000000001,-15.3,0.02000000000000005,0.0,0.30099999999999993,0.6866666666666666,33.01,monitoring,0
2408005,2408,24,gmina śląskie-wschodni-08-05,6975,69.23,1118,43.6,,0.0,,0.0,0.779,-16.5,0.1,0.0,0.22099999999999997,0.5813333333333334,33.0,monitoring,0
1803001,1803,18,gmina podkarpackie-zachodni-03-01,4203,71.02,705,42.1,,0.0,,0.0,0.752,-15.8,0.05333333333333338,0.0,0.248,0.5613333333333334,32.99,monitoring,0
2207004,2207,22,gmina pomorskie-południowy-07-04,11431,74.6,2113,30.6,,0.0,,0.0,0.724,-15.1,0.006666666666666643,0.0,0.276,0.40800000000000003,32.99,monitoring,0
1810001,1810,18,gmina podkarpackie-centralny-10-01,4580,61.57,723,51.2,,0.0,,0.0,0.796,-18.6,0.2400000000000001,0.0,0.20399999999999996,0.6826666666666668,32.97,monitoring,0
2405003,2405,24,gmina śląskie-miejski-05-03,4001,74.01,796,45.3,,0.0,,0.0,0.798,-14.9,0.0,0.0,0.20199999999999996,0.604,32.96,monitoring,0
2407001,2407,24,gmina śląskie-południowy-07-01,4489,69.86,915,33.1,,0.0,,0.0,0.68,-16.1,0.07333333333333343,0.0,0.31999999999999995,0.44133333333333336,32.95,monitoring,0
3015003,3015,30,gmina wielkopolskie-zachodni-15-03,9116,70.21,1817,40.0,,0.0,,0.0,0.6940000000000001,-15.7,0.04666666666666662,0.0,0.30599999999999994,0.5333333333333333,32.94,monitoring,0
1822004,1822,18,gmina podkarpackie-centralny-22-04,16068,66.18,3249,31.4,,0.0,,0.0,0.808,-18.3,0.22000000000000006,0.0,0.19199999999999995,0.41866666666666663,32.93,monitoring,0
2005004,2005,20,gmina podlaskie-miejski-05-04,10064,50.44,1702,32.9,,0.0,,0.0,0.754,-22.8,0.52,0.0,0.246,0.43866666666666665,32.93,monitoring,0
0807002,0807,8,gmina lubuskie-południowy-07-02,4762,69.31,976,34.1,,0.0,,0.0,0.733,-16.6,0.10666666666666676,0.0,0.267,0.45466666666666666,32.93,monitoring,0
0406004,0406,4,gmina kujawsko-pomorskie-północny-06-04,14094,70.03,2075,28.3,,0.0,,0.0,0.721,-16.6,0.10666666666666676,0.0,0.279,0.37733333333333335,32.93,monitoring,0
1818003,1818,18,gmina podkarpackie-północny-18-03,10477,72.71,1535,42.2,,0.0,,0.0,0.724,-14.5,0.0,0.0,0.276,0.5626666666666668,32.93,monitoring,0
1812005,1812,18,gmina podkarpackie-północny-12-05,12723,63.65,2070,36.3,,0.0,,0.0,0.751,-18.4,0.22666666666666657,0.0,0.249,0.484,32.93,monitoring,0
0210002,0210,2,gmina dolnośląskie-centralny-10-02,8369,71.62,1394,31.5,,0.0,,0.0,0.775,-16.3,0.08666666666666671,0.0,0.22499999999999998,0.42,32.9,monitoring,0
0205001,0205,2,gmina dolnośląskie-miejski-05-01,12696,67.42,2107,36.4,,0.0,,0.0,0.742,-17.1,0.1400000000000001,0.0,0.258,0.48533333333333334,32.89,monitoring,0
3209003,3209,32,gmina zachodniopomorskie-zachodni-09-03,7927,66.37,1080,40.9,,0.0,,0.0,0.76,-17.3,0.15333333333333338,0.0,0.24,0.5453333333333333,32.87,monitoring,0
1204005,1204,12,gmina małopolskie-centralny-04-05,9431,63.94,2014,36.7,,0.0,,0.0,0.759,-18.3,0.22000000000000006,0.0,0.241,0.4893333333333334,32.87,monitoring,0
2431002,2431,24,gmina śląskie-południowy-31-02,5916,70.92,1087,41.2,,0.0,,0.0,0.742,-15.7,0.04666666666666662,0.0,0.258,0.5493333333333333,32.86,monitoring,0
1801003,1801,18,gmina podkarpackie-południowy-01-03,24920,71.34,4478,43.7,,0.0,,0.0,0.8180000000000001,-16.0,0.06666666666666667,0.0,0.18199999999999994,0.5826666666666667,32.86,monitoring,0
2419004,2419,24,gmina śląskie-południowy-19-04,11233,67.11,1990,40.9,,0.0,,0.0,0.765,-17.1,0.1400000000000001,0.0,0.235,0.5453333333333333,32.86,monitoring,0
0225001,0225,2,gmina dolnośląskie-południowy-25-01,6850,66.19,1052,29.1,,0.0,,0.0,0.667,-17.3,0.15333333333333338,0.0,0.33299999999999996,0.388,32.85,monitoring,0
3201005,3201,32,gmina zachodniopomorskie-południowy-01-05,7781,70.44,1313,50.8,,0.0,,0.0,0.7000000000000001,-14.3,0.0,0.0,0.29999999999999993,0.6773333333333333,32.85,monitoring,0
0805007,0805,8,gmina lubuskie-miejski-05-07,7749,73.22,1463,46.2,,0.0,,0.0,0.798,-15.1,0.006666666666666643,0.0,0.20199999999999996,0.616,32.84,monitoring,0
1605005,1605,16,gmina opolskie-miejski-05-05,9045,64.9,1455,53.0,,0.0,,0.0,0.777,-17.2,0.1466666666666666,0.0,0.22299999999999998,0.7066666666666667,32.84,monitoring,0
2435001,2435,24,gmina śląskie-miejski-35-01,13065,70.38,2353,50.3,,0.0,,0.0,0.766,-15.5,0.03333333333333333,0.0,0.23399999999999999,0.6706666666666666,32.8,monitoring,0
0221001,0221,2,gmina dolnośląskie-zachodni-21-01,3226,72.37,569,47.7,,0.0,,0.0,0.766,-12.3,0.0,0.0,0.23399999999999999,0.636,32.79,monitoring,0
1206005,1206,12,gmina małopolskie-północny-06-05,16296,63.24,2643,39.7,,0.0,,0.0,0.762,-18.3,0.22000000000000006,0.0,0.238,0.5293333333333333,32.78,monitoring,0
2436005,2436,24,gmina śląskie-północny-36-05,7669,70.32,1350,29.6,,0.0,,0.0,0.614,-15.5,0.03333333333333333,0.0,0.386,0.39466666666666667,32.77,monitoring,0
3009003,3009,30,gmina wielkopolskie-zachodni-09-03,8783,67.89,1874,44.8,,0.0,,0.0,0.8250000000000001,-17.0,0.13333333333333333,0.0,0.17499999999999993,0.5973333333333333,32.76,monitoring,0
2419001,2419,24,gmina śląskie-południowy-19-01,21312,68.46,3436,35.2,,0.0,,0.0,0.791,-17.1,0.1400000000000001,0.0,0.20899999999999996,0.4693333333333334,32.76,monitoring,0
3021002,3021,30,gmina wielkopolskie-zachodni-21-02,3803,73.31,774,35.4,,0.0,,0.0,0.731,-15.1,0.006666666666666643,0.0,0.269,0.472,32.76,monitoring,0
3218003,3218,32,gmina zachodniopomorskie-północny-18-03,4665,72.1,902,30.5,,0.0,,0.0,0.6970000000000001,-15.5,0.03333333333333333,0.0,0.30299999999999994,0.4066666666666667,32.76,monitoring,0
1409004,1409,14,gmina mazowieckie-zachodni-09-04,25827,47.88,4364,17.9,,0.0,,0.0,0.8230000000000001,-24.8,0.6533333333333334,0.0,0.17699999999999994,0.23866666666666664,32.74,monitoring,0
2412002,2412,24,gmina śląskie-północny-12-02,6368,67.73,1167,33.1,,0.0,,0.0,0.722,-16.9,0.12666666666666657,0.0,0.278,0.44133333333333336,32.73,monitoring,0
0403006,0403,4,gmina kujawsko-pomorskie-zachodni-03-06,7037,71.8,1467,36.7,,0.0,,0.0,0.737,-15.5,0.03333333333333333,0.0,0.263,0.4893333333333334,32.7,monitoring,0
1608005,1608,16,gmina opolskie-wschodni-08-05,4604,71.57,827,39.7,,0.0,,0.0,0.803,-15.9,0.060000000000000026,0.0,0.19699999999999995,0.5293333333333333,32.7,monitoring,0
3030002,3030,30,gmina wielkopolskie-północny-30-02,17293,69.74,3280,35.2,,0.0,,0.0,0.745,-16.3,0.08666666666666671,0.0,0.255,0.4693333333333334,32.7,monitoring,0
0219003,0219,2,gmina dolnośląskie-południowy-19-03,21013,67.64,3357,32.2,,0.0,,0.0,0.769,-17.3,0.15333333333333338,0.0,0.23099999999999998,0.42933333333333334,32.69,monitoring,0
2415002,2415,24,gmina śląskie-zachodni-15-02,8177,68.22,1226,45.1,,0.0,,0.0,0.862,-17.1,0.1400000000000001,0.0,0.138,0.6013333333333334,32.69,monitoring,0
3024001,3024,30,gmina wielkopolskie-północny-24-01,7196,74.72,1231,35.5,,0.0,,0.0,0.789,-15.0,0.0,0.0,0.21099999999999997,0.47333333333333333,32.66,monitoring,0
1002001,1002,10,gmina łódzkie-wschodni-02-01,6673,66.43,1141,37.7,,0.0,,0.0,0.776,-17.4,0.1599999999999999,0.0,0.22399999999999998,0.5026666666666667,32.65,monitoring,0
1214001,1214,12,gmina małopolskie-wschodni-14-01,3205,65.99,529,32.4,,0.0,,0.0,0.732,-17.5,0.16666666666666666,0.0,0.268,0.432,32.65,monitoring,0
3011003,3011,30,gmina wielkopolskie-miejski-11-03,3114,70.34,507,39.2,,0.0,,0.0,0.686,-15.4,0.02666666666666669,0.0,0.31399999999999995,0.5226666666666667,32.65,monitoring,0
1814005,1814,18,gmina podkarpackie-wschodni-14-05,4625,71.7,844,34.6,,0.0,,0.0,0.75,-15.7,0.04666666666666662,0.0,0.25,0.4613333333333334,32.64,monitoring,0
0206001,0206,2,gmina dolnośląskie-północny-06-01,10317,66.96,1765,30.6,,0.0,,0.0,0.8150000000000001,-17.9,0.19333333333333325,0.0,0.18499999999999994,0.40800000000000003,32.63,monitoring,0
3205002,3205,32,gmina zachodniopomorskie-miejski-05-02,8140,72.96,1434,41.5,,0.0,,0.0,0.762,-14.6,0.0,0.0,0.238,0.5533333333333333,32.63,monitoring,0
1436002,1436,14,gmina mazowieckie-północny-36-02,7279,47.78,1145,22.4,,0.0,,0.0,0.8250000000000001,-24.5,0.6333333333333333,0.0,0.17499999999999993,0.29866666666666664,32.62,monitoring,0
0809001,0809,8,gmina lubuskie-zachodni-09-01,10467,71.79,1985,40.1,,0.0,,0.0,0.772,-15.5,0.03333333333333333,0.0,0.22799999999999998,0.5346666666666667,32.61,monitoring,0
1606002,1606,16,gmina opolskie-północny-06-02,14132,70.91,2521,35.7,,0.0,,0.0,0.863,-16.7,0.11333333333333329,0.0,0.137,0.47600000000000003,32.6,monitoring,0
3035006,3035,30,gmina wielkopolskie-miejski-35-06,5987,72.43,1083,32.9,,0.0,,0.0,0.733,-15.4,0.02666666666666669,0.0,0.267,0.43866666666666665,32.6,monitoring,0
3013006,3013,30,gmina wielkopolskie-południowy-13-06,5229,66.51,966,38.5,,0.0,,0.0,0.726,-16.9,0.12666666666666657,0.0,0.274,0.5133333333333333,32.59,monitoring,0
0802003,0802,8,gmina lubuskie-wschodni-02-03,6755,72.2,1125,41.5,,0.0,,0.0,0.735,-14.4,0.0,0.0,0.265,0.5533333333333333,32.59,monitoring,0
1005002,1005,10,gmina łódzkie-miejski-05-02,7902,72.1,1616,30.1,,0.0,,0.0,0.66,-15.1,0.006666666666666643,0.0,0.33999999999999997,0.4013333333333334,32.58,monitoring,0
1605006,1605,16,gmina opolskie-miejski-05-06,5935,66.85,868,37.0,,0.0,,0.0,0.77,-17.2,0.1466666666666666,0.0,0.22999999999999998,0.49333333333333335,32.58,monitoring,0
3219003,3219,32,gmina zachodniopomorskie-południowy-19-03,5691,69.15,1021,40.2,,0.0,,0.0,0.732,-16.0,0.06666666666666667,0.0,0.268,0.536,32.57,monitoring,0
1005007,1005,10,gmina łódzkie-miejski-05-07,13244,73.33,2130,46.8,,0.0,,0.0,0.84,-15.1,0.006666666666666643,0.0,0.16000000000000003,0.624,32.55,monitoring,0
0207002,0207,2,gmina dolnośląskie-południowy-07-02,16688,61.32,2493,33.2,,0.0,,0.0,0.632,-18.1,0.20666666666666675,0.0,0.368,0.4426666666666667,32.55,monitoring,0
1022005,1022,10,gmina łódzkie-centralny-22-05,1899,68.97,303,34.8,,0.0,,0.0,0.726,-16.3,0.08666666666666671,0.0,0.274,0.46399999999999997,32.55,monitoring,0
2402002,2402,24,gmina śląskie-wschodni-02-02,18445,70.05,2702,41.9,,0.0,,0.0,0.666,-15.1,0.006666666666666643,0.0,0.33399999999999996,0.5586666666666666,32.54,monitoring,0
2420003,2420,24,gmina śląskie-wschodni-20-03,10219,72.41,1861,38.8,,0.0,,0.0,0.757,-15.2,0.013333333333333286,0.0,0.243,0.5173333333333333,32.53,monitoring,0
0229006,0229,2,gmina dolnośląskie-miejski-29-06,4884,71.16,928,40.3,,0.0,,0.0,0.6910000000000001,-15.0,0.0,0.0,0.30899999999999994,0.5373333333333333,32.51,monitoring,0
1806004,1806,18,gmina podkarpackie-północny-06-04,8154,62.95,1495,38.3,,0.0,,0.0,0.756,-18.2,0.2133333333333333,0.0,0.244,0.5106666666666666,32.51,monitoring,0
3030005,3030,30,gmina wielkopolskie-północny-30-05,12478,68.22,2531,42.1,,0.0,,0.0,0.754,-16.3,0.08666666666666671,0.0,0.246,0.5613333333333334,32.5,monitoring,0
3207003,3207,32,gmina zachodniopomorskie-południowy-07-03,16337,72.0,2497,50.1,,0.0,,0.0,0.802,-13.4,0.0,0.0,0.19799999999999995,0.668,32.48,monitoring,0
0812004,0812,8,gmina lubuskie-północny-12-04,2582,63.36,451,38.6,,0.0,,0.0,0.647,-17.2,0.1466666666666666,0.0,0.353,0.5146666666666667,32.47,monitoring,0
1815001,1815,18,gmina podkarpackie-zachodni-15-01,13171,73.25,2396,37.2,,0.0,,0.0,0.763,-15.0,0.0,0.0,0.237,0.49600000000000005,32.45,monitoring,0
2436001,2436,24,gmina śląskie-północny-36-01,16976,70.24,3076,47.1,,0.0,,0.0,0.776,-15.5,0.03333333333333333,0.0,0.22399999999999998,0.628,32.45,monitoring,0
1612007,1612,16,gmina opolskie-północny-12-07,28980,69.68,4355,37.9,,0.0,,0.0,0.778,-16.2,0.07999999999999995,0.0,0.22199999999999998,0.5053333333333333,32.44,monitoring,0
3220002,3220,32,gmina zachodniopomorskie-wschodni-20-02,11616,71.22,2223,39.2,,0.0,,0.0,0.6930000000000001,-14.4,0.0,0.0,0.30699999999999994,0.5226666666666667,32.44,monitoring,0
1819005,1819,18,gmina podkarpackie-południowy-19-05,8130,74.03,1631,31.0,,0.0,,0.0,0.751,-14.5,0.0,0.0,0.249,0.41333333333333333,32.44,monitoring,0
1818004,1818,18,gmina podkarpackie-północny-18-04,15749,70.88,2487,37.4,,0.0,,0.0,0.667,-14.5,0.0,0.0,0.33299999999999996,0.49866666666666665,32.42,monitoring,0
1209005,1209,12,gmina małopolskie-zachodni-09-05,9870,67.18,1702,40.4,,0.0,,0.0,0.8270000000000001,-17.2,0.1466666666666666,0.0,0.17299999999999993,0.5386666666666666,32.42,monitoring,0
0216005,0216,2,gmina dolnośląskie-centralny-16-05,3784,71.98,825,32.4,,0.0,,0.0,0.705,-15.2,0.013333333333333286,0.0,0.29500000000000004,0.432,32.41,monitoring,0
3029002,3029,30,gmina wielkopolskie-miejski-29-02,37276,70.13,7019,44.7,,0.0,,0.0,0.758,-15.5,0.03333333333333333,0.0,0.242,0.5960000000000001,32.41,monitoring,0
2604005,2604,26,gmina świętokrzyskie-centralny-04-05,5669,70.78,931,29.8,,0.0,,0.0,0.796,-16.4,0.09333333333333324,0.0,0.20399999999999996,0.3973333333333333,32.4,monitoring,0
2406001,2406,24,gmina śląskie-północny-06-01,5713,69.9,1126,38.9,,0.0,,0.0,0.776,-16.0,0.06666666666666667,0.0,0.22399999999999998,0.5186666666666666,32.37,monitoring,0
1807003,1807,18,gmina podkarpackie-południowy-07-03,9284,66.06,1616,38.8,,0.0,,0.0,0.667,-16.4,0.09333333333333324,0.0,0.33299999999999996,0.5173333333333333,32.37,monitoring,0
3030003,3030,30,gmina wielkopolskie-północny-30-03,14283,70.9,2758,29.0,,0.0,,0.0,0.786,-16.3,0.08666666666666671,0.0,0.21399999999999997,0.38666666666666666,32.36,monitoring,0
3029003,3029,30,gmina wielkopolskie-miejski-29-03,6831,68.97,1500,36.7,,0.0,,0.0,0.655,-15.5,0.03333333333333333,0.0,0.345,0.4893333333333334,32.36,monitoring,0
1807002,1807,18,gmina podkarpackie-południowy-07-02,6864,68.73,1096,36.9,,0.0,,0.0,0.769,-16.4,0.09333333333333324,0.0,0.23099999999999998,0.492,32.34,monitoring,0
3212004,3212,32,gmina zachodniopomorskie-północny-12-04,10773,68.98,1904,34.0,,0.0,,0.0,0.652,-15.6,0.03999999999999997,0.0,0.348,0.4533333333333333,32.33,monitoring,0
1003002,1003,10,gmina łódzkie-zachodni-03-02,4917,67.86,729,43.0,,0.0,,0.0,0.671,-15.6,0.03999999999999997,0.0,0.32899999999999996,0.5733333333333334,32.33,monitoring,0
0209007,0209,2,gmina dolnośląskie-zachodni-09-07,12950,70.94,2428,44.0,,0.0,,0.0,0.729,-14.7,0.0,0.0,0.271,0.5866666666666667,32.33,monitoring,0
0222001,0222,2,gmina dolnośląskie-centralny-22-01,9923,70.65,1680,33.8,,0.0,,0.0,0.748,-15.8,0.05333333333333338,0.0,0.252,0.4506666666666666,32.33,monitoring,0
2210005,2210,22,gmina pomorskie-centralny-10-05,3779,71.91,786,39.5,,0.0,,0.0,0.778,-15.3,0.02000000000000005,0.0,0.22199999999999998,0.5266666666666666,32.32,monitoring,0
1814006,1814,18,gmina podkarpackie-wschodni-14-06,10008,71.53,1725,37.3,,0.0,,0.0,0.8,-15.7,0.04666666666666662,0.0,0.19999999999999996,0.4973333333333333,32.31,monitoring,0
3216004,3216,32,gmina zachodniopomorskie-centralny-16-04,3954,69.68,670,41.5,,0.0,,0.0,0.66,-13.2,0.0,0.0,0.33999999999999997,0.5533333333333333,32.31,monitoring,0
3220006,3220,32,gmina zachodniopomorskie-wschodni-20-06,9758,72.53,1887,43.3,,0.0,,0.0,0.794,-14.4,0.0,0.0,0.20599999999999996,0.5773333333333333,32.3,monitoring,0
1808003,1808,18,gmina podkarpackie-wschodni-08-03,14831,72.76,2639,32.5,,0.0,,0.0,0.725,-14.4,0.0,0.0,0.275,0.43333333333333335,32.29,monitoring,0
3025004,3025,30,gmina wielkopolskie-południowy-25-04,3842,68.96,663,34.7,,0.0,,0.0,0.756,-16.3,0.08666666666666671,0.0,0.244,0.4626666666666667,32.27,monitoring,0
0409007,0409,4,gmina kujawsko-pomorskie-zachodni-09-07,3202,63.92,626,34.3,,0.0,,0.0,0.81,-18.3,0.22000000000000006,0.0,0.18999999999999995,0.4573333333333333,32.25,monitoring,0
2603002,2603,26,gmina świętokrzyskie-zachodni-03-02,13349,65.58,1776,32.6,,0.0,,0.0,0.761,-17.5,0.16666666666666666,0.0,0.239,0.4346666666666667,32.24,monitoring,0
2424006,2424,24,gmina śląskie-północny-24-06,7186,69.92,1187,35.3,,0.0,,0.0,0.711,-15.6,0.03999999999999997,0.0,0.28900000000000003,0.4706666666666666,32.24,monitoring,0
2214001,2214,22,gmina pomorskie-wschodni-14-01,9254,69.54,1536,43.2,,0.0,,0.0,0.731,-15.4,0.02666666666666669,0.0,0.269,0.5760000000000001,32.21,monitoring,0
3017005,3017,30,gmina wielkopolskie-miejski-17-05,7660,70.76,1464,34.5,,0.0,,0.0,0.8270000000000001,-16.2,0.07999999999999995,0.0,0.17299999999999993,0.46,32.19,monitoring,0
1216001,1216,12,gmina małopolskie-centralny-16-01,6045,71.04,953,40.6,,0.0,,0.0,0.79,-15.5,0.03333333333333333,0.0,0.20999999999999996,0.5413333333333333,32.19,monitoring,0
1201004,1201,12,gmina małopolskie-południowy-01-04,9371,69.4,1900,50.7,,0.0,,0.0,0.743,-15.1,0.006666666666666643,0.0,0.257,0.676,32.18,monitoring,0
2613006,2613,26,gmina świętokrzyskie-południowy-13-06,5254,69.58,1017,37.4,,0.0,,0.0,0.8130000000000001,-16.3,0.08666666666666671,0.0,0.18699999999999994,0.49866666666666665,32.18,monitoring,0
1221004,1221,12,gmina małopolskie-zachodni-21-04,14233,67.63,2391,39.3,,0.0,,0.0,0.72,-16.1,0.07333333333333343,0.0,0.28,0.5239999999999999,32.16,monitoring,0
2219004,2219,22,gmina pomorskie-południowy-19-04,8804,61.03,1073,40.6,,0.0,,0.0,0.624,-17.4,0.1599999999999999,0.0,0.376,0.5413333333333333,32.16,monitoring,0
2435005,2435,24,gmina śląskie-miejski-35-05,6714,68.3,1173,42.3,,0.0,,0.0,0.6910000000000001,-15.5,0.03333333333333333,0.0,0.30899999999999994,0.564,32.16,monitoring,0
1801004,1801,18,gmina podkarpackie-południowy-01-04,6583,69.58,1182,40.9,,0.0,,0.0,0.802,-16.0,0.06666666666666667,0.0,0.19799999999999995,0.5453333333333333,32.15,monitoring,0
0217001,0217,2,gmina dolnośląskie-miejski-17-01,33343,73.72,6498,38.2,,0.0,,0.0,0.8250000000000001,-12.9,0.0,0.0,0.17499999999999993,0.5093333333333334,32.14,monitoring,0
1005001,1005,10,gmina łódzkie-miejski-05-01,3738,69.9,533,43.9,,0.0,,0.0,0.719,-15.1,0.006666666666666643,0.0,0.281,0.5853333333333333,32.14,monitoring,0
1605007,1605,16,gmina opolskie-miejski-05-07,16348,65.39,2668,27.2,,0.0,,0.0,0.685,-17.2,0.1466666666666666,0.0,0.31499999999999995,0.36266666666666664,32.14,monitoring,0
2612005,2612,26,gmina świętokrzyskie-północny-12-05,18265,67.13,2999,32.4,,0.0,,0.0,0.638,-16.0,0.06666666666666667,0.0,0.362,0.432,32.13,monitoring,0
1216005,1216,12,gmina małopolskie-centralny-16-05,3942,68.22,788,34.3,,0.0,,0.0,0.631,-15.5,0.03333333333333333,0.0,0.369,0.4573333333333333,32.13,monitoring,0
1210003,1210,12,gmina małopolskie-centralny-10-03,6376,68.95,1113,48.4,,0.0,,0.0,0.74,-15.3,0.02000000000000005,0.0,0.26,0.6453333333333333,32.13,monitoring,0
1441004,1441,14,gmina mazowieckie-miejski-41-04,6817,48.87,913,23.7,,0.0,,0.0,0.79,-23.4,0.5599999999999999,0.0,0.20999999999999996,0.316,32.12,monitoring,0
3219006,3219,32,gmina zachodniopomorskie-południowy-19-06,6427,68.53,1302,34.5,,0.0,,0.0,0.714,-16.0,0.06666666666666667,0.0,0.28600000000000003,0.46,32.12,monitoring,0
3220003,3220,32,gmina zachodniopomorskie-wschodni-20-03,18327,74.42,2764,25.7,,0.0,,0.0,0.764,-14.4,0.0,0.0,0.236,0.3426666666666667,32.12,monitoring,0
1607005,1607,16,gmina opolskie-południowy-07-05,11691,65.74,1927,37.3,,0.0,,0.0,0.6980000000000001,-16.6,0.10666666666666676,0.0,0.30199999999999994,0.4973333333333333,32.11,monitoring,0
3018004,3018,30,gmina wielkopolskie-północny-18-04,19388,67.28,4025,35.0,,0.0,,0.0,0.772,-16.8,0.12000000000000005,0.0,0.22799999999999998,0.4666666666666667,32.11,monitoring,0
0805001,0805,8,gmina lubuskie-miejski-05-01,10247,71.82,1826,48.3,,0.0,,0.0,0.836,-15.1,0.006666666666666643,0.0,0.16400000000000003,0.644,32.11,monitoring,0
0225007,0225,2,gmina dolnośląskie-południowy-25-07,20123,65.44,3463,32.9,,0.0,,0.0,0.747,-17.3,0.15333333333333338,0.0,0.253,0.43866666666666665,32.1,monitoring,0
0403002,0403,4,gmina kujawsko-pomorskie-zachodni-03-02,12914,69.95,2157,38.4,,0.0,,0.0,0.738,-15.5,0.03333333333333333,0.0,0.262,0.512,32.1,monitoring,0
1206002,1206,12,gmina małopolskie-północny-06-02,6515,65.45,1046,23.1,,0.0,,0.0,0.809,-18.3,0.22000000000000006,0.0,0.19099999999999995,0.308,32.09,monitoring,0
1607001,1607,16,gmina opolskie-południowy-07-01,11569,67.02,1773,40.5,,0.0,,0.0,0.777,-16.6,0.10666666666666676,0.0,0.22299999999999998,0.54,32.09,monitoring,0
3035001,3035,30,gmina wielkopolskie-miejski-35-01,6493,67.06,1336,39.4,,0.0,,0.0,0.612,-15.4,0.02666666666666669,0.0,0.388,0.5253333333333333,32.08,monitoring,0
2218002,2218,22,gmina pomorskie-północny-18-02,1800,72.54,298,35.8,,0.0,,0.0,0.763,-14.8,0.0,0.0,0.237,0.4773333333333333,32.08,monitoring,0
2422005,2422,24,gmina śląskie-centralny-22-05,7860,70.12,1475,34.2,,0.0,,0.0,0.6920000000000001,-15.3,0.02000000000000005,0.0,0.30799999999999994,0.456,32.06,monitoring,0
3012005,3012,30,gmina wielkopolskie-północny-12-05,8130,74.49,1845,30.0,,0.0,,0.0,0.805,-13.3,0.0,0.0,0.19499999999999995,0.4,32.06,monitoring,0
1018001,1018,10,gmina łódzkie-północny-18-01,14375,69.19,2749,38.9,,0.0,,0.0,0.769,-15.9,0.060000000000000026,0.0,0.23099999999999998,0.5186666666666666,32.04,monitoring,0
3209005,3209,32,gmina zachodniopomorskie-zachodni-09-05,5073,63.66,659,33.8,,0.0,,0.0,0.685,-17.3,0.15333333333333338,0.0,0.31499999999999995,0.4506666666666666,32.04,monitoring,0
1219007,1219,12,gmina małopolskie-południowy-19-07,23158,71.9,3578,31.8,,0.0,,0.0,0.711,-14.6,0.0,0.0,0.28900000000000003,0.424,32.04,monitoring,0
1213005,1213,12,gmina małopolskie-południowy-13-05,8295,70.55,1561,27.3,,0.0,,0.0,0.8230000000000001,-16.5,0.1,0.0,0.17699999999999994,0.364,32.02,monitoring,0
2614005,2614,26,gmina świętokrzyskie-wschodni-14-05,3204,66.96,504,42.3,,0.0,,0.0,0.731,-16.1,0.07333333333333343,0.0,0.269,0.564,32.01,monitoring,0
1007002,1007,10,gmina łódzkie-południowy-07-02,29132,76.09,5564,14.3,,0.0,,0.0,0.762,-14.7,0.0,0.0,0.238,0.19066666666666668,32.01,monitoring,0
0408002,0408,4,gmina kujawsko-pomorskie-wschodni-08-02,6621,71.31,1350,40.5,,0.0,,0.0,0.755,-12.8,0.0,0.0,0.245,0.54,32.0,monitoring,0
1024001,1024,10,gmina łódzkie-północny-24-01,10074,71.05,1629,34.9,,0.0,,0.0,0.7030000000000001,-14.9,0.0,0.0,0.29699999999999993,0.4653333333333333,32.0,monitoring,0
1206004,1206,12,gmina małopolskie-północny-06-04,5439,61.94,900,38.9,,0.0,,0.0,0.788,-18.3,0.22000000000000006,0.0,0.21199999999999997,0.5186666666666666,32.0,monitoring,0
3205004,3205,32,gmina zachodniopomorskie-miejski-05-04,9537,70.87,1759,33.7,,0.0,,0.0,0.6880000000000001,-14.6,0.0,0.0,0.31199999999999994,0.44933333333333336,31.99,monitoring,0
0224007,0224,2,gmina dolnośląskie-północny-24-07,13509,69.19,2221,45.1,,0.0,,0.0,0.7010000000000001,-15.0,0.0,0.0,0.29899999999999993,0.6013333333333334,31.99,monitoring,0
2210004,2210,22,gmina pomorskie-centralny-10-04,23200,68.35,4515,40.9,,0.0,,0.0,0.674,-15.3,0.02000000000000005,0.0,0.32599999999999996,0.5453333333333333,31.99,monitoring,0
0806004,0806,8,gmina lubuskie-północny-06-04,4000,67.55,680,32.6,,0.0,,0.0,0.647,-15.8,0.05333333333333338,0.0,0.353,0.4346666666666667,31.98,monitoring,0
1415005,1415,14,gmina mazowieckie-zachodni-15-05,30375,47.86,3460,25.2,,0.0,,0.0,0.87,-24.1,0.6066666666666668,0.0,0.13,0.33599999999999997,31.96,monitoring,0
1611007,1611,16,gmina opolskie-miejski-11-07,13561,68.74,2050,46.6,,0.0,,0.0,0.6960000000000001,-14.6,0.0,0.0,0.30399999999999994,0.6213333333333334,31.96,monitoring,0
1001004,1001,10,gmina łódzkie-południowy-01-04,11157,70.04,1565,42.1,,0.0,,0.0,0.72,-14.7,0.0,0.0,0.28,0.5613333333333334,31.94,monitoring,0
1809004,1809,18,gmina podkarpackie-zachodni-09-04,2718,68.09,517,39.5,,0.0,,0.0,0.78,-16.2,0.07999999999999995,0.0,0.21999999999999997,0.5266666666666666,31.93,monitoring,0
2218003,2218,22,gmina pomorskie-północny-18-03,5852,69.94,1149,45.5,,0.0,,0.0,0.745,-14.8,0.0,0.0,0.255,0.6066666666666667,31.91,monitoring,0
1813006,1813,18,gmina podkarpackie-południowy-13-06,24101,70.0,4563,46.3,,0.0,,0.0,0.753,-13.9,0.0,0.0,0.247,0.6173333333333333,31.91,monitoring,0
0220005,0220,2,gmina dolnośląskie-wschodni-20-05,4368,73.21,918,37.6,,0.0,,0.0,0.8250000000000001,-13.9,0.0,0.0,0.17499999999999993,0.5013333333333333,31.9,monitoring,0
0221007,0221,2,gmina dolnośląskie-zachodni-21-07,10637,71.6,1891,37.6,,0.0,,0.0,0.759,-12.3,0.0,0.0,0.241,0.5013333333333333,31.88,monitoring,0
3017003,3017,30,gmina wielkopolskie-miejski-17-03,48886,68.93,7483,30.3,,0.0,,0.0,0.754,-16.2,0.07999999999999995,0.0,0.246,0.404,31.87,monitoring,0
0418007,0418,4,gmina kujawsko-pomorskie-północny-18-07,13180,69.49,2131,47.8,,0.0,,0.0,0.747,-14.4,0.0,0.0,0.253,0.6373333333333333,31.87,monitoring,0
2610001,2610,26,gmina świętokrzyskie-centralny-10-01,11772,67.68,2038,36.7,,0.0,,0.0,0.762,-16.3,0.08666666666666671,0.0,0.238,0.4893333333333334,31.87,monitoring,0
1805005,1805,18,gmina podkarpackie-miejski-05-05,19431,72.77,3609,38.5,,0.0,,0.0,0.8180000000000001,-14.0,0.0,0.0,0.18199999999999994,0.5133333333333333,31.86,monitoring,0
3221002,3221,32,gmina zachodniopomorskie-zachodni-21-02,7622,69.65,1455,38.9,,0.0,,0.0,0.6890000000000001,-13.4,0.0,0.0,0.31099999999999994,0.5186666666666666,31.86,monitoring,0
1822003,1822,18,gmina podkarpackie-centralny-22-03,23015,62.72,2464,28.0,,0.0,,0.0,0.756,-18.3,0.22000000000000006,0.0,0.244,0.37333333333333335,31.86,monitoring,0
3210005,3210,32,gmina zachodniopomorskie-centralny-10-05,2787,62.85,328,43.9,,0.0,,0.0,0.64,-16.5,0.1,0.0,0.36,0.5853333333333333,31.85,monitoring,0
1411001,1411,14,gmina mazowieckie-miejski-11-01,9023,48.9,1515,21.7,,0.0,,0.0,0.781,-23.2,0.5466666666666666,0.0,0.21899999999999997,0.28933333333333333,31.84,monitoring,0
1816002,1816,18,gmina podkarpackie-centralny-16-02,12296,68.89,2168,45.2,,0.0,,0.0,0.706,-14.8,0.0,0.0,0.29400000000000004,0.6026666666666667,31.84,monitoring,0
2220002,2220,22,gmina pomorskie-wschodni-20-02,17763,65.92,2547,40.5,,0.0,,0.0,0.734,-16.4,0.09333333333333324,0.0,0.266,0.54,31.82,monitoring,0
0220003,0220,2,gmina dolnośląskie-wschodni-20-03,3953,71.24,636,39.3,,0.0,,0.0,0.764,-13.9,0.0,0.0,0.236,0.5239999999999999,31.82,monitoring,0
2614003,2614,26,gmina świętokrzyskie-wschodni-14-03,9601,64.63,1510,39.9,,0.0,,0.0,0.638,-16.1,0.07333333333333343,0.0,0.362,0.532,31.8,monitoring,0
1008006,1008,10,gmina łódzkie-wschodni-08-06,4261,72.45,783,31.7,,0.0,,0.0,0.762,-13.5,0.0,0.0,0.238,0.42266666666666663,31.79,monitoring,0
3213001,3213,32,gmina zachodniopomorskie-południowy-13-01,15340,60.41,2595,53.2,,0.0,,0.0,0.719,-17.3,0.15333333333333338,0.0,0.281,0.7093333333333334,31.79,monitoring,0
2209005,2209,22,gmina pomorskie-zachodni-09-05,3814,66.75,649,47.1,,0.0,,0.0,0.77,-16.0,0.06666666666666667,0.0,0.22999999999999998,0.628,31.78,monitoring,0
2207003,2207,22,gmina pomorskie-południowy-07-03,8477,69.82,1528,49.1,,0.0,,0.0,0.794,-15.1,0.006666666666666643,0.0,0.20599999999999996,0.6546666666666667,31.78,monitoring,0
0813003,0813,8,gmina lubuskie-południowy-13-03,9985,64.7,1412,43.5,,0.0,,0.0,0.749,-16.7,0.11333333333333329,0.0,0.251,0.58,31.78,monitoring,0
0811004,0811,8,gmina lubuskie-miejski-11-04,15619,73.75,2880,27.6,,0.0,,0.0,0.791,-13.8,0.0,0.0,0.20899999999999996,0.368,31.75,monitoring,0
3214006,3214,32,gmina zachodniopomorskie-wschodni-14-06,9581,68.1,1357,46.7,,0.0,,0.0,0.6950000000000001,-14.9,0.0,0.0,0.30499999999999994,0.6226666666666667,31.74,monitoring,0
2607001,2607,26,gmina świętokrzyskie-południowy-07-01,4861,62.31,715,45.6,,0.0,,0.0,0.669,-16.7,0.11333333333333329,0.0,0.33099999999999996,0.608,31.74,monitoring,0
2203006,2203,22,gmina pomorskie-zachodni-03-06,10673,66.1,1535,48.0,,0.0,,0.0,0.62,-12.9,0.0,0.0,0.38,0.64,31.74,monitoring,0
1431006,1431,14,gmina mazowieckie-południowy-31-06,10565,44.09,1257,8.0,,0.0,,0.0,0.795,-25.5,0.7,0.0,0.20499999999999996,0.10666666666666667,31.73,monitoring,0
0211003,0211,2,gmina dolnośląskie-miejski-11-03,4480,68.65,828,41.8,,0.0,,0.0,0.685,-13.4,0.0,0.0,0.31499999999999995,0.5573333333333333,31.71,monitoring,0
2606004,2606,26,gmina świętokrzyskie-północny-06-04,22868,63.08,3685,43.4,,0.0,,0.0,0.782,-17.4,0.1599999999999999,0.0,0.21799999999999997,0.5786666666666667,31.71,monitoring,0
0201007,0201,2,gmina dolnośląskie-południowy-01-07,8160,66.26,1297,35.2,,0.0,,0.0,0.871,-17.5,0.16666666666666666,0.0,0.129,0.4693333333333334,31.69,monitoring,0
1001006,1001,10,gmina łódzkie-południowy-01-06,8828,68.05,1533,44.2,,0.0,,0.0,0.681,-14.7,0.0,0.0,0.31899999999999995,0.5893333333333334,31.68,monitoring,0
3212002,3212,32,gmina zachodniopomorskie-północny-12-02,8959,68.47,1926,41.1,,0.0,,0.0,0.755,-15.6,0.03999999999999997,0.0,0.245,0.548,31.68,monitoring,0
0226006,0226,2,gmina dolnośląskie-wschodni-26-06,6359,67.77,1284,32.6,,0.0,,0.0,0.771,-16.4,0.09333333333333324,0.0,0.22899999999999998,0.4346666666666667,31.67,monitoring,0
1215005,1215,12,gmina małopolskie-zachodni-15-05,10699,61.87,2107,34.3,,0.0,,0.0,0.856,-18.8,0.25333333333333335,0.0,0.14400000000000002,0.4573333333333333,31.65,monitoring,0
2202006,2202,22,gmina pomorskie-wschodni-02-06,17149,67.3,2540,41.4,,0.0,,0.0,0.645,-15.1,0.006666666666666643,0.0,0.355,0.5519999999999999,31.65,monitoring,0
2407005,2407,24,gmina śląskie-południowy-07-05,3622,67.6,730,36.2,,0.0,,0.0,0.753,-16.1,0.07333333333333343,0.0,0.247,0.4826666666666667,31.64,monitoring,0
2403005,2403,24,gmina śląskie-zachodni-03-05,8004,65.07,1422,35.8,,0.0,,0.0,0.752,-16.9,0.12666666666666657,0.0,0.248,0.4773333333333333,31.63,monitoring,0
3212003,3212,32,gmina zachodniopomorskie-północny-12-03,11438,66.69,1513,39.1,,0.0,,0.0,0.671,-15.6,0.03999999999999997,0.0,0.32899999999999996,0.5213333333333333,31.63,monitoring,0
2407002,2407,24,gmina śląskie-południowy-07-02,15813,64.66,2356,43.2,,0.0,,0.0,0.682,-16.1,0.07333333333333343,0.0,0.31799999999999995,0.5760000000000001,31.63,monitoring,0
2433004,2433,24,gmina śląskie-zachodni-33-04,5890,66.2,1060,32.9,,0.0,,0.0,0.845,-17.4,0.1599999999999999,0.0,0.15500000000000003,0.43866666666666665,31.62,monitoring,0
0215005,0215,2,gmina dolnośląskie-zachodni-15-05,6277,65.33,1127,36.7,,0.0,,0.0,0.758,-16.8,0.12000000000000005,0.0,0.242,0.4893333333333334,31.61,monitoring,0
1607007,1607,16,gmina opolskie-południowy-07-07,4042,63.12,614,43.9,,0.0,,0.0,0.6910000000000001,-16.6,0.10666666666666676,0.0,0.30899999999999994,0.5853333333333333,31.61,monitoring,0
3004001,3004,30,gmina wielkopolskie-centralny-04-01,6180,69.87,1205,32.0,,0.0,,0.0,0.728,-15.4,0.02666666666666669,0.0,0.272,0.4266666666666667,31.61,monitoring,0
1014004,1014,10,gmina łódzkie-wschodni-14-04,4095,67.42,754,42.7,,0.0,,0.0,0.653,-14.1,0.0,0.0,0.347,0.5693333333333334,31.59,monitoring,0
0812003,0812,8,gmina lubuskie-północny-12-03,15080,64.93,2936,33.2,,0.0,,0.0,0.772,-17.2,0.1466666666666666,0.0,0.22799999999999998,0.4426666666666667,31.58,monitoring,0
1217002,1217,12,gmina małopolskie-miejski-17-02,19644,68.15,3499,36.5,,0.0,,0.0,0.667,-15.2,0.013333333333333286,0.0,0.33299999999999996,0.4866666666666667,31.57,monitoring,0
3017004,3017,30,gmina wielkopolskie-miejski-17-04,12722,67.26,2174,35.1,,0.0,,0.0,0.752,-16.2,0.07999999999999995,0.0,0.248,0.468,31.57,monitoring,0
2210006,2210,22,gmina pomorskie-centralny-10-06,11439,68.65,2040,36.9,,0.0,,0.0,0.705,-15.3,0.02000000000000005,0.0,0.29500000000000004,0.492,31.56,monitoring,0
3206006,3206,32,gmina zachodniopomorskie-północny-06-06,11515,68.2,1726,40.2,,0.0,,0.0,0.778,-15.8,0.05333333333333338,0.0,0.22199999999999998,0.536,31.55,monitoring,0
1015007,1015,10,gmina łódzkie-zachodni-15-07,11732,68.72,2020,43.2,,0.0,,0.0,0.743,-15.2,0.013333333333333286,0.0,0.257,0.5760000000000001,31.55,monitoring,0
2004004,2004,20,gmina podlaskie-centralny-04-04,2717,54.94,402,19.2,,0.0,,0.0,0.838,-21.6,0.4400000000000001,0.0,0.16200000000000003,0.256,31.54,monitoring,0
1820005,1820,18,gmina podkarpackie-wschodni-20-05,6098,62.74,1099,45.3,,0.0,,0.0,0.76,-17.1,0.1400000000000001,0.0,0.24,0.604,31.54,monitoring,0
2403006,2403,24,gmina śląskie-zachodni-03-06,4076,64.91,715,44.7,,0.0,,0.0,0.8210000000000001,-16.9,0.12666666666666657,0.0,0.17899999999999994,0.5960000000000001,31.54,monitoring,0
0229003,0229,2,gmina dolnośląskie-miejski-29-03,3066,68.63,582,39.1,,0.0,,0.0,0.684,-15.0,0.0,0.0,0.31599999999999995,0.5213333333333333,31.53,monitoring,0
1608001,1608,16,gmina opolskie-wschodni-08-01,2590,67.32,490,45.4,,0.0,,0.0,0.795,-15.9,0.060000000000000026,0.0,0.20499999999999996,0.6053333333333333,31.53,monitoring,0
3011006,3011,30,gmina wielkopolskie-miejski-11-06,5473,69.12,1054,45.4,,0.0,,0.0,0.805,-15.4,0.02666666666666669,0.0,0.19499999999999995,0.6053333333333333,31.53,monitoring,0
3025002,3025,30,gmina wielkopolskie-południowy-25-02,2512,64.19,427,43.4,,0.0,,0.0,0.7020000000000001,-16.3,0.08666666666666671,0.0,0.29799999999999993,0.5786666666666667,31.53,monitoring,0
2414002,2414,24,gmina śląskie-wschodni-14-02,15850,70.45,2968,39.1,,0.0,,0.0,0.761,-14.5,0.0,0.0,0.239,0.5213333333333333,31.53,monitoring,0
2434002,2434,24,gmina śląskie-centralny-34-02,26701,70.45,4396,28.7,,0.0,,0.0,0.766,-15.6,0.03999999999999997,0.0,0.23399999999999999,0.38266666666666665,31.51,monitoring,0
0414007,0414,4,gmina kujawsko-pomorskie-wschodni-14-07,6930,68.0,1263,40.3,,0.0,,0.0,0.723,-15.4,0.02666666666666669,0.0,0.277,0.5373333333333333,31.5,monitoring,0
0810002,0810,8,gmina lubuskie-centralny-10-02,5255,69.19,893,39.6,,0.0,,0.0,0.716,-14.9,0.0,0.0,0.28400000000000003,0.528,31.49,monitoring,0
1205007,1205,12,gmina małopolskie-miejski-05-07,11398,69.09,2306,36.7,,0.0,,0.0,0.746,-15.4,0.02666666666666669,0.0,0.254,0.4893333333333334,31.47,monitoring,0
1205006,1205,12,gmina małopolskie-miejski-05-06,5041,68.3,921,45.6,,0.0,,0.0,0.778,-15.4,0.02666666666666669,0.0,0.22199999999999998,0.608,31.47,monitoring,0
1010003,1010,10,gmina łódzkie-centralny-10-03,3887,68.81,739,45.7,,0.0,,0.0,0.747,-13.0,0.0,0.0,0.253,0.6093333333333334,31.47,monitoring,0
1017007,1017,10,gmina łódzkie-miejski-17-07,9777,64.06,1579,45.4,,0.0,,0.0,0.719,-16.3,0.08666666666666671,0.0,0.281,0.6053333333333333,31.46,monitoring,0
0813006,0813,8,gmina lubuskie-południowy-13-06,22459,66.89,3604,30.5,,0.0,,0.0,0.781,-16.7,0.11333333333333329,0.0,0.21899999999999997,0.4066666666666667,31.46,monitoring,0
1823005,1823,18,gmina podkarpackie-miejski-23-05,4976,64.74,819,37.0,,0.0,,0.0,0.645,-16.0,0.06666666666666667,0.0,0.355,0.49333333333333335,31.46,monitoring,0
2408002,2408,24,gmina śląskie-wschodni-08-02,8801,63.56,1642,51.0,,0.0,,0.0,0.767,-16.5,0.1,0.0,0.23299999999999998,0.68,31.45,monitoring,0
1413007,1413,14,gmina mazowieckie-południowy-13-07,37515,46.87,4259,16.5,,0.0,,0.0,0.78,-23.8,0.5866666666666667,0.0,0.21999999999999997,0.22,31.45,monitoring,0
2609005,2609,26,gmina świętokrzyskie-zachodni-09-05,8833,60.84,1348,44.0,,0.0,,0.0,0.6940000000000001,-17.2,0.1466666666666666,0.0,0.30599999999999994,0.5866666666666667,31.45,monitoring,0
1013006,1013,10,gmina łódzkie-południowy-13-06,6350,67.38,1022,48.1,,0.0,,0.0,0.774,-15.5,0.03333333333333333,0.0,0.22599999999999998,0.6413333333333333,31.45,monitoring,0
3003005,3003,30,gmina wielkopolskie-zachodni-03-05,8138,67.28,1185,45.7,,0.0,,0.0,0.727,-15.3,0.02000000000000005,0.0,0.273,0.6093333333333334,31.43,monitoring,0
3007002,3007,30,gmina wielkopolskie-południowy-07-02,4439,64.02,592,35.9,,0.0,,0.0,0.771,-17.2,0.1466666666666666,0.0,0.22899999999999998,0.47866666666666663,31.42,monitoring,0
1611002,1611,16,gmina opolskie-miejski-11-02,13765,68.15,1961,41.6,,0.0,,0.0,0.6960000000000001,-14.6,0.0,0.0,0.30399999999999994,0.5546666666666666,31.41,monitoring,0
0215002,0215,2,gmina dolnośląskie-zachodni-15-02,8109,65.15,1390,41.4,,0.0,,0.0,0.807,-16.8,0.12000000000000005,0.0,0.19299999999999995,0.5519999999999999,31.41,monitoring,0
2420006,2420,24,gmina śląskie-wschodni-20-06,17885,70.57,3037,30.6,,0.0,,0.0,0.744,-15.2,0.013333333333333286,0.0,0.256,0.40800000000000003,31.4,monitoring,0
1203004,1203,12,gmina małopolskie-zachodni-03-04,7297,64.94,1345,25.0,,0.0,,0.0,0.732,-17.2,0.1466666666666666,0.0,0.268,0.3333333333333333,31.4,monitoring,0
0217004,0217,2,gmina dolnośląskie-miejski-17-04,7882,71.12,1575,36.2,,0.0,,0.0,0.785,-12.9,0.0,0.0,0.21499999999999997,0.4826666666666667,31.37,monitoring,0
1022007,1022,10,gmina łódzkie-centralny-22-07,12067,64.6,1846,38.5,,0.0,,0.0,0.7010000000000001,-16.3,0.08666666666666671,0.0,0.29899999999999993,0.5133333333333333,31.37,monitoring,0
1208006,1208,12,gmina małopolskie-wschodni-08-06,5903,63.85,1093,40.0,,0.0,,0.0,0.734,-16.7,0.11333333333333329,0.0,0.266,0.5333333333333333,31.36,monitoring,0
1014002,1014,10,gmina łódzkie-wschodni-14-02,8124,67.59,1321,57.6,,0.0,,0.0,0.796,-14.1,0.0,0.0,0.20399999999999996,0.768,31.36,monitoring,0
0421001,0421,4,gmina kujawsko-pomorskie-zachodni-21-01,11761,62.39,1699,47.9,,0.0,,0.0,0.786,-17.1,0.1400000000000001,0.0,0.21399999999999997,0.6386666666666666,31.35,monitoring,0
2422003,2422,24,gmina śląskie-centralny-22-03,7097,69.4,1284,34.0,,0.0,,0.0,0.739,-15.3,0.02000000000000005,0.0,0.261,0.4533333333333333,31.35,monitoring,0
1015001,1015,10,gmina łódzkie-zachodni-15-01,6136,70.21,1363,45.0,,0.0,,0.0,0.841,-15.2,0.013333333333333286,0.0,0.15900000000000003,0.6,31.35,monitoring,0
2427001,2427,24,gmina śląskie-zachodni-27-01,4591,67.28,650,44.5,,0.0,,0.0,0.715,-15.2,0.013333333333333286,0.0,0.28500000000000003,0.5933333333333334,31.34,monitoring,0
2414005,2414,24,gmina śląskie-wschodni-14-05,4101,71.82,823,31.8,,0.0,,0.0,0.786,-14.5,0.0,0.0,0.21399999999999997,0.424,31.34,monitoring,0
1012006,1012,10,gmina łódzkie-północny-12-06,6873,62.71,1182,30.4,,0.0,,0.0,0.78,-17.9,0.19333333333333325,0.0,0.21999999999999997,0.4053333333333333,31.32,monitoring,0
2204003,2204,22,gmina pomorskie-centralny-04-03,4619,70.63,955,31.4,,0.0,,0.0,0.737,-12.9,0.0,0.0,0.263,0.41866666666666663,31.3,monitoring,0
1017006,1017,10,gmina łódzkie-miejski-17-06,10364,64.39,1874,40.0,,0.0,,0.0,0.711,-16.3,0.08666666666666671,0.0,0.28900000000000003,0.5333333333333333,31.3,monitoring,0
3013004,3013,30,gmina wielkopolskie-południowy-13-04,3187,65.29,551,36.3,,0.0,,0.0,0.802,-16.9,0.12666666666666657,0.0,0.19799999999999995,0.484,31.29,monitoring,0
2413002,2413,24,gmina śląskie-południowy-13-02,4895,67.56,865,49.8,,0.0,,0.0,0.758,-15.1,0.006666666666666643,0.0,0.242,0.6639999999999999,31.29,monitoring,0
1805007,1805,18,gmina podkarpackie-miejski-05-07,12989,68.35,2131,35.8,,0.0,,0.0,0.675,-14.0,0.0,0.0,0.32499999999999996,0.4773333333333333,31.28,monitoring,0
3007006,3007,30,gmina wielkopolskie-południowy-07-06,5710,63.74,1017,38.4,,0.0,,0.0,0.793,-17.2,0.1466666666666666,0.0,0.20699999999999996,0.512,31.28,monitoring,0
0810001,0810,8,gmina lubuskie-centralny-10-01,5006,69.34,927,38.7,,0.0,,0.0,0.741,-14.9,0.0,0.0,0.259,0.516,31.26,monitoring,0
0229005,0229,2,gmina dolnośląskie-miejski-29-05,13381,69.89,2319,33.1,,0.0,,0.0,0.723,-15.0,0.0,0.0,0.277,0.44133333333333336,31.26,monitoring,0
2412003,2412,24,gmina śląskie-północny-12-03,7008,65.83,1255,34.1,,0.0,,0.0,0.8130000000000001,-16.9,0.12666666666666657,0.0,0.18699999999999994,0.45466666666666666,31.25,monitoring,0
2424001,2424,24,gmina śląskie-północny-24-01,4227,71.16,765,32.7,,0.0,,0.0,0.854,-15.6,0.03999999999999997,0.0,0.14600000000000002,0.43600000000000005,31.25,monitoring,0
0401003,0401,4,gmina kujawsko-pomorskie-południowy-01-03,11103,59.96,1907,28.0,,0.0,,0.0,0.787,-18.9,0.2599999999999999,0.0,0.21299999999999997,0.37333333333333335,31.25,monitoring,0
2217001,2217,22,gmina pomorskie-miejski-17-01,3706,68.7,746,36.7,,0.0,,0.0,0.7030000000000001,-14.9,0.0,0.0,0.29699999999999993,0.4893333333333334,31.23,monitoring,0
2603006,2603,26,gmina świętokrzyskie-zachodni-03-06,2490,61.92,372,42.3,,0.0,,0.0,0.791,-17.5,0.16666666666666666,0.0,0.20899999999999996,0.564,31.23,monitoring,0
1823004,1823,18,gmina podkarpackie-miejski-23-04,5701,68.5,1123,38.7,,0.0,,0.0,0.843,-16.0,0.06666666666666667,0.0,0.15700000000000003,0.516,31.22,monitoring,0
2605004,2605,26,gmina świętokrzyskie-miejski-05-04,4265,66.81,736,36.6,,0.0,,0.0,0.744,-15.9,0.060000000000000026,0.0,0.256,0.48800000000000004,31.21,monitoring,0
1023007,1023,10,gmina łódzkie-miejski-23-07,3330,68.66,580,40.7,,0.0,,0.0,0.801,-15.5,0.03333333333333333,0.0,0.19899999999999995,0.5426666666666667,31.2,monitoring,0
2416002,2416,24,gmina śląskie-centralny-16-02,3343,63.24,552,41.0,,0.0,,0.0,0.8,-17.2,0.1466666666666666,0.0,0.19999999999999996,0.5466666666666666,31.2,monitoring,0
0811006,0811,8,gmina lubuskie-miejski-11-06,16071,68.51,2874,40.8,,0.0,,0.0,0.728,-13.8,0.0,0.0,0.272,0.5439999999999999,31.2,monitoring,0
1825006,1825,18,gmina podkarpackie-południowy-25-06,6623,66.85,1253,32.2,,0.0,,0.0,0.781,-16.4,0.09333333333333324,0.0,0.21899999999999997,0.42933333333333334,31.2,monitoring,0
3201002,3201,32,gmina zachodniopomorskie-południowy-01-02,3528,69.66,720,29.5,,0.0,,0.0,0.6940000000000001,-14.3,0.0,0.0,0.30599999999999994,0.3933333333333333,31.19,monitoring,0
0806006,0806,8,gmina lubuskie-północny-06-06,9006,66.24,1316,40.4,,0.0,,0.0,0.737,-15.8,0.05333333333333338,0.0,0.263,0.5386666666666666,31.19,monitoring,0
3216006,3216,32,gmina zachodniopomorskie-centralny-16-06,11059,67.79,1870,44.1,,0.0,,0.0,0.724,-13.2,0.0,0.0,0.276,0.588,31.18,monitoring,0
1817006,1817,18,gmina podkarpackie-miejski-17-06,5728,69.16,960,32.1,,0.0,,0.0,0.6930000000000001,-12.9,0.0,0.0,0.30699999999999994,0.428,31.18,monitoring,0
0204004,0204,2,gmina dolnośląskie-centralny-04-04,9983,66.37,1437,40.3,,0.0,,0.0,0.72,-15.6,0.03999999999999997,0.0,0.28,0.5373333333333333,31.15,monitoring,0
0420004,0420,4,gmina kujawsko-pomorskie-wschodni-20-04,17688,68.91,3065,42.7,,0.0,,0.0,0.769,-14.7,0.0,0.0,0.23099999999999998,0.5693333333333334,31.11,monitoring,0
1005006,1005,10,gmina łódzkie-miejski-05-06,10225,66.04,1827,48.6,,0.0,,0.0,0.705,-15.1,0.006666666666666643,0.0,0.29500000000000004,0.648,31.11,monitoring,0
0205006,0205,2,gmina dolnośląskie-miejski-05-06,6290,66.28,1039,33.7,,0.0,,0.0,0.871,-17.1,0.1400000000000001,0.0,0.129,0.44933333333333336,31.11,monitoring,0
1218003,1218,12,gmina małopolskie-północny-18-03,7918,67.87,1315,45.9,,0.0,,0.0,0.75,-13.9,0.0,0.0,0.25,0.612,31.1,monitoring,0
0801002,0801,8,gmina lubuskie-południowy-01-02,26121,67.71,4714,35.7,,0.0,,0.0,0.67,-14.9,0.0,0.0,0.32999999999999996,0.47600000000000003,31.08,monitoring,0
1209006,1209,12,gmina małopolskie-zachodni-09-06,30165,65.01,5198,29.0,,0.0,,0.0,0.801,-17.2,0.1466666666666666,0.0,0.19899999999999995,0.38666666666666666,31.07,monitoring,0
2202005,2202,22,gmina pomorskie-wschodni-02-05,14812,69.31,2973,33.7,,0.0,,0.0,0.738,-15.1,0.006666666666666643,0.0,0.262,0.44933333333333336,31.06,monitoring,0
2427003,2427,24,gmina śląskie-zachodni-27-03,4097,66.4,626,38.6,,0.0,,0.0,0.667,-15.2,0.013333333333333286,0.0,0.33299999999999996,0.5146666666666667,31.04,monitoring,0
2209003,2209,22,gmina pomorskie-zachodni-09-03,5151,66.12,710,40.4,,0.0,,0.0,0.776,-16.0,0.06666666666666667,0.0,0.22399999999999998,0.5386666666666666,31.03,monitoring,0
1802003,1802,18,gmina podkarpackie-wschodni-02-03,3588,63.65,590,43.3,,0.0,,0.0,0.787,-16.7,0.11333333333333329,0.0,0.21299999999999997,0.5773333333333333,31.03,monitoring,0
2214006,2214,22,gmina pomorskie-wschodni-14-06,4749,69.7,835,43.3,,0.0,,0.0,0.87,-15.4,0.02666666666666669,0.0,0.13,0.5773333333333333,31.02,monitoring,0
0804005,0804,8,gmina lubuskie-centralny-04-05,2383,67.83,401,47.3,,0.0,,0.0,0.769,-13.3,0.0,0.0,0.23099999999999998,0.6306666666666666,31.01,monitoring,0
1608003,1608,16,gmina opolskie-wschodni-08-03,15526,67.66,2983,42.4,,0.0,,0.0,0.845,-15.9,0.060000000000000026,0.0,0.15500000000000003,0.5653333333333334,31.01,monitoring,0
2614006,2614,26,gmina świętokrzyskie-wschodni-14-06,3968,65.08,547,44.8,,0.0,,0.0,0.781,-16.1,0.07333333333333343,0.0,0.21899999999999997,0.5973333333333333,31.01,monitoring,0
1207007,1207,12,gmina małopolskie-południowy-07-07,19966,71.16,3818,22.0,,0.0,,0.0,0.789,-15.5,0.03333333333333333,0.0,0.21099999999999997,0.29333333333333333,31.01,monitoring,0
2213006,2213,22,gmina pomorskie-południowy-13-06,7034,69.75,1577,36.2,,0.0,,0.0,0.771,-14.3,0.0,0.0,0.22899999999999998,0.4826666666666667,30.98,monitoring,0
1817005,1817,18,gmina podkarpackie-miejski-17-05,45984,67.57,7075,45.1,,0.0,,0.0,0.746,-12.9,0.0,0.0,0.254,0.6013333333333334,30.97,monitoring,0
3208003,3208,32,gmina zachodniopomorskie-wschodni-08-03,6386,71.24,1007,35.7,,0.0,,0.0,0.8310000000000001,-14.9,0.0,0.0,0.16899999999999993,0.47600000000000003,30.97,monitoring,0
1220004,1220,12,gmina małopolskie-wschodni-20-04,3602,63.65,541,33.2,,0.0,,0.0,0.653,-16.2,0.07999999999999995,0.0,0.347,0.4426666666666667,30.96,monitoring,0
1024002,1024,10,gmina łódzkie-północny-24-02,17048,70.2,2839,31.7,,0.0,,0.0,0.76,-14.9,0.0,0.0,0.24,0.42266666666666663,30.95,monitoring,0
0222004,0222,2,gmina dolnośląskie-centralny-22-04,6282,66.14,995,42.5,,0.0,,0.0,0.776,-15.8,0.05333333333333338,0.0,0.22399999999999998,0.5666666666666667,30.94,monitoring,0
3009001,3009,30,gmina wielkopolskie-zachodni-09-01,6862,65.05,1346,34.3,,0.0,,0.0,0.8290000000000001,-17.0,0.13333333333333333,0.0,0.17099999999999993,0.4573333333333333,30.94,monitoring,0
0212004,0212,2,gmina dolnośląskie-północny-12-04,9425,64.18,1334,37.7,,0.0,,0.0,0.646,-15.7,0.04666666666666662,0.0,0.354,0.5026666666666667,30.93,monitoring,0
3027006,3027,30,gmina wielkopolskie-zachodni-27-06,12967,57.13,2392,40.5,,0.0,,0.0,0.77,-18.7,0.24666666666666662,0.0,0.22999999999999998,0.54,30.92,monitoring,0
1824005,1824,18,gmina podkarpackie-północny-24-05,7282,65.16,1269,43.5,,0.0,,0.0,0.771,-16.0,0.06666666666666667,0.0,0.22899999999999998,0.58,30.92,monitoring,0
2607005,2607,26,gmina świętokrzyskie-południowy-07-05,3532,62.74,598,29.6,,0.0,,0.0,0.659,-16.7,0.11333333333333329,0.0,0.34099999999999997,0.39466666666666667,30.92,monitoring,0
2405005,2405,24,gmina śląskie-miejski-05-05,5903,70.21,1054,46.7,,0.0,,0.0,0.876,-14.9,0.0,0.0,0.124,0.6226666666666667,30.91,monitoring,0
1206006,1206,12,gmina małopolskie-północny-06-06,5430,59.87,718,30.3,,0.0,,0.0,0.759,-18.3,0.22000000000000006,0.0,0.241,0.404,30.9,monitoring,0
0205005,0205,2,gmina dolnośląskie-miejski-05-05,1800,62.63,352,31.8,,0.0,,0.0,0.727,-17.1,0.1400000000000001,0.0,0.273,0.424,30.9,monitoring,0
1009001,1009,10,gmina łódzkie-zachodni-09-01,6709,60.31,1064,29.4,,0.0,,0.0,0.731,-18.0,0.2,0.0,0.269,0.39199999999999996,30.9,monitoring,0
1022003,1022,10,gmina łódzkie-centralny-22-03,5072,64.51,802,33.7,,0.0,,0.0,0.713,-16.3,0.08666666666666671,0.0,0.28700000000000003,0.44933333333333336,30.9,monitoring,0
0804003,0804,8,gmina lubuskie-centralny-04-03,13467,68.41,2030,41.6,,0.0,,0.0,0.766,-13.3,0.0,0.0,0.23399999999999999,0.5546666666666666,30.88,monitoring,0
1825004,1825,18,gmina podkarpackie-południowy-25-04,6947,65.05,1234,37.9,,0.0,,0.0,0.784,-16.4,0.09333333333333324,0.0,0.21599999999999997,0.5053333333333333,30.87,monitoring,0
1820002,1820,18,gmina podkarpackie-wschodni-20-02,10787,61.34,1480,42.0,,0.0,,0.0,0.751,-17.1,0.1400000000000001,0.0,0.249,0.56,30.87,monitoring,0
1002002,1002,10,gmina łódzkie-wschodni-02-02,9662,63.94,1688,35.7,,0.0,,0.0,0.855,-17.4,0.1599999999999999,0.0,0.14500000000000002,0.47600000000000003,30.86,monitoring,0
1008007,1008,10,gmina łódzkie-wschodni-08-07,15787,68.79,3007,43.0,,0.0,,0.0,0.794,-13.5,0.0,0.0,0.20599999999999996,0.5733333333333334,30.86,monitoring,0
0218002,0218,2,gmina dolnośląskie-północny-18-02,11887,62.15,1778,38.6,,0.0,,0.0,0.682,-16.5,0.1,0.0,0.31799999999999995,0.5146666666666667,30.85,monitoring,0
0802005,0802,8,gmina lubuskie-wschodni-02-05,12939,68.53,1906,39.5,,0.0,,0.0,0.758,-14.4,0.0,0.0,0.242,0.5266666666666666,30.85,monitoring,0
1212002,1212,12,gmina małopolskie-północny-12-02,4141,68.35,779,42.0,,0.0,,0.0,0.77,-12.4,0.0,0.0,0.22999999999999998,0.56,30.84,monitoring,0
1212004,1212,12,gmina małopolskie-północny-12-04,4472,68.02,832,39.0,,0.0,,0.0,0.734,-12.4,0.0,0.0,0.266,0.52,30.84,monitoring,0
2436006,2436,24,gmina śląskie-północny-36-06,9542,67.18,1899,36.1,,0.0,,0.0,0.746,-15.5,0.03333333333333333,0.0,0.254,0.48133333333333334,30.82,monitoring,0
2427005,2427,24,gmina śląskie-zachodni-27-05,14210,68.58,2804,42.6,,0.0,,0.0,0.8140000000000001,-15.2,0.013333333333333286,0.0,0.18599999999999994,0.5680000000000001,30.81,monitoring,0
0808006,0808,8,gmina lubuskie-wschodni-08-06,3736,67.71,623,32.9,,0.0,,0.0,0.68,-14.1,0.0,0.0,0.31999999999999995,0.43866666666666665,30.8,monitoring,0
3027005,3027,30,gmina wielkopolskie-zachodni-27-05,27839,61.29,5534,24.8,,0.0,,0.0,0.844,-18.7,0.24666666666666662,0.0,0.15600000000000003,0.33066666666666666,30.79,monitoring,0
1214007,1214,12,gmina małopolskie-wschodni-14-07,4655,60.7,918,37.8,,0.0,,0.0,0.755,-17.5,0.16666666666666666,0.0,0.245,0.504,30.79,monitoring,0
2422002,2422,24,gmina śląskie-centralny-22-02,12439,67.52,2098,39.9,,0.0,,0.0,0.767,-15.3,0.02000000000000005,0.0,0.23299999999999998,0.532,30.77,monitoring,0
2430005,2430,24,gmina śląskie-północny-30-05,7745,68.45,1643,37.4,,0.0,,0.0,0.868,-15.9,0.060000000000000026,0.0,0.132,0.49866666666666665,30.77,monitoring,0
1019003,1019,10,gmina łódzkie-południowy-19-03,5093,66.44,999,23.5,,0.0,,0.0,0.747,-16.4,0.09333333333333324,0.0,0.253,0.31333333333333335,30.77,monitoring,0
3029005,3029,30,gmina wielkopolskie-miejski-29-05,15413,67.05,2650,41.0,,0.0,,0.0,0.784,-15.5,0.03333333333333333,0.0,0.21599999999999997,0.5466666666666666,30.76,monitoring,0
0421003,0421,4,gmina kujawsko-pomorskie-zachodni-21-03,12000,65.24,1935,20.3,,0.0,,0.0,0.767,-17.1,0.1400000000000001,0.0,0.23299999999999998,0.27066666666666667,30.76,monitoring,0
3208006,3208,32,gmina zachodniopomorskie-wschodni-08-06,3376,67.89,512,34.8,,0.0,,0.0,0.708,-14.9,0.0,0.0,0.29200000000000004,0.46399999999999997,30.75,monitoring,0
0414001,0414,4,gmina kujawsko-pomorskie-wschodni-14-01,5634,66.59,934,42.4,,0.0,,0.0,0.762,-15.4,0.02666666666666669,0.0,0.238,0.5653333333333334,30.75,monitoring,0
2613005,2613,26,gmina świętokrzyskie-południowy-13-05,2084,61.95,291,44.7,,0.0,,0.0,0.705,-16.3,0.08666666666666671,0.0,0.29500000000000004,0.5960000000000001,30.74,monitoring,0
2214004,2214,22,gmina pomorskie-wschodni-14-04,19842,65.59,2976,38.1,,0.0,,0.0,0.6910000000000001,-15.4,0.02666666666666669,0.0,0.30899999999999994,0.508,30.73,monitoring,0
3004003,3004,30,gmina wielkopolskie-centralny-04-03,5373,65.48,824,36.8,,0.0,,0.0,0.68,-15.4,0.02666666666666669,0.0,0.31999999999999995,0.49066666666666664,30.7,monitoring,0
1016002,1016,10,gmina łódzkie-centralny-16-02,4752,71.69,933,24.1,,0.0,,0.0,0.794,-15.0,0.0,0.0,0.20599999999999996,0.32133333333333336,30.7,monitoring,0
3214004,3214,32,gmina zachodniopomorskie-wschodni-14-04,4960,68.0,855,34.9,,0.0,,0.0,0.72,-14.9,0.0,0.0,0.28,0.4653333333333333,30.69,monitoring,0
0410001,0410,4,gmina kujawsko-pomorskie-centralny-10-01,4050,69.16,772,35.7,,0.0,,0.0,0.775,-14.4,0.0,0.0,0.22499999999999998,0.47600000000000003,30.69,monitoring,0
2424004,2424,24,gmina śląskie-północny-24-04,10670,67.56,2171,30.3,,0.0,,0.0,0.748,-15.6,0.03999999999999997,0.0,0.252,0.404,30.68,monitoring,0
1016006,1016,10,gmina łódzkie-centralny-16-06,12516,70.27,2351,27.3,,0.0,,0.0,0.761,-15.0,0.0,0.0,0.239,0.364,30.67,monitoring,0
0417006,0417,4,gmina kujawsko-pomorskie-miejski-17-06,10253,68.14,2067,36.4,,0.0,,0.0,0.846,-15.8,0.05333333333333338,0.0,0.15400000000000003,0.48533333333333334,30.67,monitoring,0
1210002,1210,12,gmina małopolskie-centralny-10-02,19062,68.7,2991,26.9,,0.0,,0.0,0.732,-15.3,0.02000000000000005,0.0,0.268,0.35866666666666663,30.67,monitoring,0
2402006,2402,24,gmina śląskie-wschodni-02-06,6396,69.24,1090,30.1,,0.0,,0.0,0.752,-15.1,0.006666666666666643,0.0,0.248,0.4013333333333334,30.67,monitoring,0
2206005,2206,22,gmina pomorskie-północny-06-05,4042,66.56,595,33.4,,0.0,,0.0,0.679,-15.2,0.013333333333333286,0.0,0.32099999999999995,0.4453333333333333,30.65,monitoring,0
1015006,1015,10,gmina łódzkie-zachodni-15-06,4992,67.35,725,48.2,,0.0,,0.0,0.8220000000000001,-15.2,0.013333333333333286,0.0,0.17799999999999994,0.6426666666666667,30.65,monitoring,0
1821004,1821,18,gmina podkarpackie-zachodni-21-04,5549,63.38,890,21.5,,0.0,,0.0,0.683,-16.9,0.12666666666666657,0.0,0.31699999999999995,0.2866666666666667,30.65,monitoring,0
1606006,1606,16,gmina opolskie-północny-06-06,23510,65.4,4430,30.4,,0.0,,0.0,0.808,-16.7,0.11333333333333329,0.0,0.19199999999999995,0.4053333333333333,30.65,monitoring,0
1019005,1019,10,gmina łódzkie-południowy-19-05,10405,63.65,1762,27.6,,0.0,,0.0,0.674,-16.4,0.09333333333333324,0.0,0.32599999999999996,0.368,30.64,monitoring,0
0217003,0217,2,gmina dolnośląskie-miejski-17-03,2637,67.51,496,31.5,,0.0,,0.0,0.68,-12.9,0.0,0.0,0.31999999999999995,0.42,30.63,monitoring,0
0801003,0801,8,gmina lubuskie-południowy-01-03,27055,69.04,4729,35.2,,0.0,,0.0,0.774,-14.9,0.0,0.0,0.22599999999999998,0.4693333333333334,30.62,monitoring,0
0811005,0811,8,gmina lubuskie-miejski-11-05,6252,66.97,1194,46.5,,0.0,,0.0,0.77,-13.8,0.0,0.0,0.22999999999999998,0.62,30.62,monitoring,0
0225004,0225,2,gmina dolnośląskie-południowy-25-04,3421,62.32,630,32.2,,0.0,,0.0,0.775,-17.3,0.15333333333333338,0.0,0.22499999999999998,0.42933333333333334,30.61,monitoring,0
0422004,0422,4,gmina kujawsko-pomorskie-centralny-22-04,2563,62.74,560,33.0,,0.0,,0.0,0.893,-18.0,0.2,0.0,0.10699999999999998,0.44,30.6,monitoring,0
2415003,2415,24,gmina śląskie-zachodni-15-03,5806,61.28,997,39.1,,0.0,,0.0,0.758,-17.1,0.1400000000000001,0.0,0.242,0.5213333333333333,30.59,monitoring,0
1803003,1803,18,gmina podkarpackie-zachodni-03-03,14633,62.89,2611,47.7,,0.0,,0.0,0.716,-15.8,0.05333333333333338,0.0,0.28400000000000003,0.636,30.59,monitoring,0
0415001,0415,4,gmina kujawsko-pomorskie-zachodni-15-01,5035,71.27,864,36.8,,0.0,,0.0,0.883,-15.0,0.0,0.0,0.11699999999999999,0.49066666666666664,30.59,monitoring,0
2425005,2425,24,gmina śląskie-południowy-25-05,5308,63.98,885,46.1,,0.0,,0.0,0.792,-16.1,0.07333333333333343,0.0,0.20799999999999996,0.6146666666666667,30.58,monitoring,0
1021005,1021,10,gmina łódzkie-zachodni-21-05,2796,68.03,545,32.1,,0.0,,0.0,0.713,-14.9,0.0,0.0,0.28700000000000003,0.428,30.57,monitoring,0
0418002,0418,4,gmina kujawsko-pomorskie-północny-18-02,3650,67.65,574,36.4,,0.0,,0.0,0.73,-14.4,0.0,0.0,0.27,0.48533333333333334,30.56,monitoring,0
0221003,0221,2,gmina dolnośląskie-zachodni-21-03,9716,64.39,1690,46.5,,0.0,,0.0,0.669,-12.3,0.0,0.0,0.33099999999999996,0.62,30.55,monitoring,0
1802004,1802,18,gmina podkarpackie-wschodni-02-04,27974,63.76,4324,35.2,,0.0,,0.0,0.785,-16.7,0.11333333333333329,0.0,0.21499999999999997,0.4693333333333334,30.55,monitoring,0
1608002,1608,16,gmina opolskie-wschodni-08-02,17313,67.66,2649,32.5,,0.0,,0.0,0.8230000000000001,-15.9,0.060000000000000026,0.0,0.17699999999999994,0.43333333333333335,30.55,monitoring,0
0203001,0203,2,gmina dolnośląskie-zachodni-03-01,6315,61.35,1068,44.0,,0.0,,0.0,0.683,-16.2,0.07999999999999995,0.0,0.31699999999999995,0.5866666666666667,30.54,monitoring,0
1612005,1612,16,gmina opolskie-północny-12-05,3964,65.01,596,36.1,,0.0,,0.0,0.78,-16.2,0.07999999999999995,0.0,0.21999999999999997,0.48133333333333334,30.53,monitoring,0
2428006,2428,24,gmina śląskie-centralny-28-06,5844,62.83,1280,32.8,,0.0,,0.0,0.784,-17.1,0.1400000000000001,0.0,0.21599999999999997,0.4373333333333333,30.53,monitoring,0
0406001,0406,4,gmina kujawsko-pomorskie-północny-06-01,7204,61.18,1045,39.0,,0.0,,0.0,0.6930000000000001,-16.6,0.10666666666666676,0.0,0.30699999999999994,0.52,30.53,monitoring,0
1004003,1004,10,gmina łódzkie-centralny-04-03,10553,66.81,1774,19.5,,0.0,,0.0,0.747,-16.3,0.08666666666666671,0.0,0.253,0.26,30.52,monitoring,0
1006001,1006,10,gmina łódzkie-północny-06-01,8659,67.01,1422,34.4,,0.0,,0.0,0.6940000000000001,-14.0,0.0,0.0,0.30599999999999994,0.45866666666666667,30.51,monitoring,0
2213001,2213,22,gmina pomorskie-południowy-13-01,11555,66.02,2393,37.9,,0.0,,0.0,0.678,-14.3,0.0,0.0,0.32199999999999995,0.5053333333333333,30.51,monitoring,0
1218005,1218,12,gmina małopolskie-północny-18-05,5031,71.11,1012,24.1,,0.0,,0.0,0.791,-13.9,0.0,0.0,0.20899999999999996,0.32133333333333336,30.51,monitoring,0
1424006,1424,14,gmina mazowieckie-północny-24-06,15565,47.15,2364,16.4,,0.0,,0.0,0.8170000000000001,-23.2,0.5466666666666666,0.0,0.18299999999999994,0.21866666666666665,30.5,monitoring,0
1820003,1820,18,gmina podkarpackie-wschodni-20-03,16738,62.37,2924,30.3,,0.0,,0.0,0.75,-17.1,0.1400000000000001,0.0,0.25,0.404,30.49,monitoring,0
1220005,1220,12,gmina małopolskie-wschodni-20-05,12896,65.46,1966,33.8,,0.0,,0.0,0.786,-16.2,0.07999999999999995,0.0,0.21399999999999997,0.4506666666666666,30.49,monitoring,0
3005004,3005,30,gmina wielkopolskie-miejski-05-04,141611,72.72,20633,17.3,,0.0,,0.0,0.812,-14.5,0.0,0.0,0.18799999999999994,0.2306666666666667,30.48,monitoring,0
3033003,3033,30,gmina wielkopolskie-zachodni-33-03,3738,67.86,700,35.6,,0.0,,0.0,0.743,-12.2,0.0,0.0,0.257,0.4746666666666667,30.47,monitoring,0
2436003,2436,24,gmina śląskie-północny-36-03,9255,65.23,1882,41.3,,0.0,,0.0,0.741,-15.5,0.03333333333333333,0.0,0.259,0.5506666666666666,30.47,monitoring,0
3013001,3013,30,gmina wielkopolskie-południowy-13-01,2393,61.6,387,44.8,,0.0,,0.0,0.801,-16.9,0.12666666666666657,0.0,0.19899999999999995,0.5973333333333333,30.47,monitoring,0
2220003,2220,22,gmina pomorskie-wschodni-20-03,5732,61.42,966,41.5,,0.0,,0.0,0.704,-16.4,0.09333333333333324,0.0,0.29600000000000004,0.5533333333333333,30.45,monitoring,0
2408003,2408,24,gmina śląskie-wschodni-08-03,19511,62.18,3293,41.9,,0.0,,0.0,0.752,-16.5,0.1,0.0,0.248,0.5586666666666666,30.45,monitoring,0
1018005,1018,10,gmina łódzkie-północny-18-05,4509,64.51,754,38.0,,0.0,,0.0,0.742,-15.9,0.060000000000000026,0.0,0.258,0.5066666666666667,30.45,monitoring,0
2614002,2614,26,gmina świętokrzyskie-wschodni-14-02,8335,63.43,1466,42.7,,0.0,,0.0,0.76,-16.1,0.07333333333333343,0.0,0.24,0.5693333333333334,30.43,monitoring,0
2218005,2218,22,gmina pomorskie-północny-18-05,3200,68.24,594,38.0,,0.0,,0.0,0.782,-14.8,0.0,0.0,0.21799999999999997,0.5066666666666667,30.43,monitoring,0
1201006,1201,12,gmina małopolskie-południowy-01-06,9926,66.98,1657,30.9,,0.0,,0.0,0.6900000000000001,-15.1,0.006666666666666643,0.0,0.30999999999999994,0.412,30.42,monitoring,0
1812006,1812,18,gmina podkarpackie-północny-12-06,20353,58.12,3179,28.4,,0.0,,0.0,0.738,-18.4,0.22666666666666657,0.0,0.262,0.37866666666666665,30.42,monitoring,0
1208007,1208,12,gmina małopolskie-wschodni-08-07,4978,64.02,834,33.7,,0.0,,0.0,0.799,-16.7,0.11333333333333329,0.0,0.20099999999999996,0.44933333333333336,30.42,monitoring,0
0402001,0402,4,gmina kujawsko-pomorskie-wschodni-02-01,1894,64.33,295,49.8,,0.0,,0.0,0.705,-14.8,0.0,0.0,0.29500000000000004,0.6639999999999999,30.42,monitoring,0
2413004,2413,24,gmina śląskie-południowy-13-04,5530,66.02,967,36.9,,0.0,,0.0,0.6940000000000001,-15.1,0.006666666666666643,0.0,0.30599999999999994,0.492,30.42,monitoring,0
3207005,3207,32,gmina zachodniopomorskie-południowy-07-05,6554,66.94,1088,44.7,,0.0,,0.0,0.779,-13.4,0.0,0.0,0.22099999999999997,0.5960000000000001,30.41,monitoring,0
1023005,1023,10,gmina łódzkie-miejski-23-05,9900,66.55,1776,40.8,,0.0,,0.0,0.8,-15.5,0.03333333333333333,0.0,0.19999999999999996,0.5439999999999999,30.41,monitoring,0
1811001,1811,18,gmina podkarpackie-miejski-11-01,11917,68.49,2251,34.2,,0.0,,0.0,0.769,-14.5,0.0,0.0,0.23099999999999998,0.456,30.39,monitoring,0
0609006,0609,6,gmina lubelskie-zachodni-09-06,15578,38.96,1880,12.7,,0.0,,0.0,0.8190000000000001,-25.9,0.7266666666666666,0.0,0.18099999999999994,0.16933333333333334,30.36,monitoring,0
0203002,0203,2,gmina dolnośląskie-zachodni-03-02,6012,63.04,1023,50.9,,0.0,,0.0,0.8250000000000001,-16.2,0.07999999999999995,0.0,0.17499999999999993,0.6786666666666666,30.36,monitoring,0
2217004,2217,22,gmina pomorskie-miejski-17-04,9347,66.21,1715,36.8,,0.0,,0.0,0.6960000000000001,-14.9,0.0,0.0,0.30399999999999994,0.49066666666666664,30.35,monitoring,0
3210006,3210,32,gmina zachodniopomorskie-centralny-10-06,1980,61.29,307,42.2,,0.0,,0.0,0.728,-16.5,0.1,0.0,0.272,0.5626666666666668,30.35,monitoring,0
0407004,0407,4,gmina kujawsko-pomorskie-południowy-07-04,9740,56.88,1344,34.7,,0.0,,0.0,0.674,-17.9,0.19333333333333325,0.0,0.32599999999999996,0.4626666666666667,30.34,monitoring,0
0209005,0209,2,gmina dolnośląskie-zachodni-09-05,7810,68.48,1513,44.4,,0.0,,0.0,0.85,-14.7,0.0,0.0,0.15000000000000002,0.592,30.33,monitoring,0
1607006,1607,16,gmina opolskie-południowy-07-06,6964,64.06,1116,33.0,,0.0,,0.0,0.795,-16.6,0.10666666666666676,0.0,0.20499999999999996,0.44,30.31,monitoring,0
3005002,3005,30,gmina wielkopolskie-miejski-05-02,8667,69.22,1823,36.0,,0.0,,0.0,0.8240000000000001,-14.5,0.0,0.0,0.17599999999999993,0.48,30.29,monitoring,0
0208005,0208,2,gmina dolnośląskie-wschodni-08-05,9305,60.23,1439,29.5,,0.0,,0.0,0.757,-17.7,0.17999999999999997,0.0,0.243,0.3933333333333333,30.28,monitoring,0
0805004,0805,8,gmina lubuskie-miejski-05-04,3490,67.9,729,34.9,,0.0,,0.0,0.774,-15.1,0.006666666666666643,0.0,0.22599999999999998,0.4653333333333333,30.28,monitoring,0
1202002,1202,12,gmina małopolskie-wschodni-02-02,6707,54.2,730,44.9,,0.0,,0.0,0.683,-18.2,0.2133333333333333,0.0,0.31699999999999995,0.5986666666666667,30.28,monitoring,0
3006005,3006,30,gmina wielkopolskie-północny-06-05,10793,65.55,2185,48.1,,0.0,,0.0,0.76,-13.9,0.0,0.0,0.24,0.6413333333333333,30.28,monitoring,0
1217007,1217,12,gmina małopolskie-miejski-17-07,7840,65.44,1102,31.0,,0.0,,0.0,0.655,-15.2,0.013333333333333286,0.0,0.345,0.41333333333333333,30.28,monitoring,0
2401002,2401,24,gmina śląskie-południowy-01-02,8720,68.36,1538,35.3,,0.0,,0.0,0.798,-15.1,0.006666666666666643,0.0,0.20199999999999996,0.4706666666666666,30.27,monitoring,0
2418002,2418,24,gmina śląskie-północny-18-02,10552,65.48,1716,46.5,,0.0,,0.0,0.746,-14.0,0.0,0.0,0.254,0.62,30.27,monitoring,0
1203002,1203,12,gmina małopolskie-zachodni-03-02,9146,59.72,1389,28.5,,0.0,,0.0,0.665,-17.2,0.1466666666666666,0.0,0.33499999999999996,0.38,30.25,monitoring,0
3026002,3026,30,gmina wielkopolskie-wschodni-26-02,3074,66.35,571,45.5,,0.0,,0.0,0.78,-13.5,0.0,0.0,0.21999999999999997,0.6066666666666667,30.23,monitoring,0
2435002,2435,24,gmina śląskie-miejski-35-02,11989,63.12,1885,46.5,,0.0,,0.0,0.717,-15.5,0.03333333333333333,0.0,0.28300000000000003,0.62,30.23,monitoring,0
2418001,2418,24,gmina śląskie-północny-18-01,5639,66.74,1076,40.9,,0.0,,0.0,0.762,-14.0,0.0,0.0,0.238,0.5453333333333333,30.23,monitoring,0
1016007,1016,10,gmina łódzkie-centralny-16-07,6144,68.74,1195,33.5,,0.0,,0.0,0.792,-15.0,0.0,0.0,0.20799999999999996,0.44666666666666666,30.23,monitoring,0
1807005,1807,18,gmina podkarpackie-południowy-07-05,6636,64.49,1058,26.0,,0.0,,0.0,0.744,-16.4,0.09333333333333324,0.0,0.256,0.3466666666666667,30.22,monitoring,0
1003004,1003,10,gmina łódzkie-zachodni-03-04,1996,62.73,353,50.5,,0.0,,0.0,0.747,-15.6,0.03999999999999997,0.0,0.253,0.6733333333333333,30.2,monitoring,0
1216007,1216,12,gmina małopolskie-centralny-16-07,5297,63.08,884,47.9,,0.0,,0.0,0.73,-15.5,0.03333333333333333,0.0,0.27,0.6386666666666666,30.19,monitoring,0
3003006,3003,30,gmina wielkopolskie-zachodni-03-06,10482,66.65,1885,42.7,,0.0,,0.0,0.8170000000000001,-15.3,0.02000000000000005,0.0,0.18299999999999994,0.5693333333333334,30.18,monitoring,0
2421001,2421,24,gmina śląskie-zachodni-21-01,10550,63.07,2018,32.5,,0.0,,0.0,0.8170000000000001,-17.0,0.13333333333333333,0.0,0.18299999999999994,0.43333333333333335,30.18,monitoring,0
1001005,1001,10,gmina łódzkie-południowy-01-05,6153,67.11,1152,34.1,,0.0,,0.0,0.733,-14.7,0.0,0.0,0.267,0.45466666666666666,30.18,monitoring,0
3201003,3201,32,gmina zachodniopomorskie-południowy-01-03,19071,68.01,3918,43.2,,0.0,,0.0,0.839,-14.3,0.0,0.0,0.16100000000000003,0.5760000000000001,30.17,monitoring,0
1214002,1214,12,gmina małopolskie-wschodni-14-02,15489,59.99,2360,39.2,,0.0,,0.0,0.804,-17.5,0.16666666666666666,0.0,0.19599999999999995,0.5226666666666667,30.17,monitoring,0
0802006,0802,8,gmina lubuskie-wschodni-02-06,2165,68.89,441,30.3,,0.0,,0.0,0.781,-14.4,0.0,0.0,0.21899999999999997,0.404,30.17,monitoring,0
1020001,1020,10,gmina łódzkie-wschodni-20-01,14683,65.11,2807,43.4,,0.0,,0.0,0.772,-15.4,0.02666666666666669,0.0,0.22799999999999998,0.5786666666666667,30.17,monitoring,0
2211005,2211,22,gmina pomorskie-miejski-11-05,7900,64.94,1355,33.2,,0.0,,0.0,0.717,-15.6,0.03999999999999997,0.0,0.28300000000000003,0.4426666666666667,30.16,monitoring,0
3218002,3218,32,gmina zachodniopomorskie-północny-18-02,23605,67.07,3724,37.9,,0.0,,0.0,0.8290000000000001,-15.5,0.03333333333333333,0.0,0.17099999999999993,0.5053333333333333,30.15,monitoring,0
2611001,2611,26,gmina świętokrzyskie-miejski-11-01,3596,65.77,538,34.9,,0.0,,0.0,0.726,-15.3,0.02000000000000005,0.0,0.274,0.4653333333333333,30.15,monitoring,0
0405001,0405,4,gmina kujawsko-pomorskie-miejski-05-01,7319,57.41,1055,35.0,,0.0,,0.0,0.733,-18.0,0.2,0.0,0.267,0.4666666666666667,30.15,monitoring,0
1601002,1601,16,gmina opolskie-południowy-01-02,5134,65.61,731,33.5,,0.0,,0.0,0.669,-13.5,0.0,0.0,0.33099999999999996,0.44666666666666666,30.14,monitoring,0
0218004,0218,2,gmina dolnośląskie-północny-18-04,6275,58.89,963,45.3,,0.0,,0.0,0.674,-16.5,0.1,0.0,0.32599999999999996,0.604,30.13,monitoring,0
1202005,1202,12,gmina małopolskie-wschodni-02-05,19662,59.57,3120,29.8,,0.0,,0.0,0.8150000000000001,-18.2,0.2133333333333333,0.0,0.18499999999999994,0.3973333333333333,30.13,monitoring,0
3005005,3005,30,gmina wielkopolskie-miejski-05-05,8789,62.77,1427,47.9,,0.0,,0.0,0.657,-14.5,0.0,0.0,0.34299999999999997,0.6386666666666666,30.13,monitoring,0
1021004,1021,10,gmina łódzkie-zachodni-21-04,3815,66.78,645,39.2,,0.0,,0.0,0.764,-14.9,0.0,0.0,0.236,0.5226666666666667,30.11,monitoring,0
1201002,1201,12,gmina małopolskie-południowy-01-02,6985,67.56,1275,33.0,,0.0,,0.0,0.766,-15.1,0.006666666666666643,0.0,0.23399999999999999,0.44,30.1,monitoring,0
0225006,0225,2,gmina dolnośląskie-południowy-25-06,6622,61.84,1041,23.5,,0.0,,0.0,0.749,-17.3,0.15333333333333338,0.0,0.251,0.31333333333333335,30.08,monitoring,0
0406007,0406,4,gmina kujawsko-pomorskie-północny-06-07,5003,63.93,813,26.9,,0.0,,0.0,0.77,-16.6,0.10666666666666676,0.0,0.22999999999999998,0.35866666666666663,30.08,monitoring,0
1218004,1218,12,gmina małopolskie-północny-18-04,10541,67.21,1760,40.2,,0.0,,0.0,0.794,-13.9,0.0,0.0,0.20599999999999996,0.536,30.07,monitoring,0
1605004,1605,16,gmina opolskie-miejski-05-04,10782,61.91,1899,33.8,,0.0,,0.0,0.8180000000000001,-17.2,0.1466666666666666,0.0,0.18199999999999994,0.4506666666666666,30.06,monitoring,0
0808003,0808,8,gmina lubuskie-wschodni-08-03,8793,65.96,1519,38.6,,0.0,,0.0,0.732,-14.1,0.0,0.0,0.268,0.5146666666666667,30.05,monitoring,0
2215006,2215,22,gmina pomorskie-zachodni-15-06,8729,67.03,1464,37.1,,0.0,,0.0,0.767,-13.2,0.0,0.0,0.23299999999999998,0.4946666666666667,30.04,monitoring,0
2210002,2210,22,gmina pomorskie-centralny-10-02,4259,62.37,590,46.3,,0.0,,0.0,0.679,-15.3,0.02000000000000005,0.0,0.32099999999999995,0.6173333333333333,30.04,monitoring,0
1208001,1208,12,gmina małopolskie-wschodni-08-01,5727,60.37,753,36.3,,0.0,,0.0,0.707,-16.7,0.11333333333333329,0.0,0.29300000000000004,0.484,30.04,monitoring,0
0803002,0803,8,gmina lubuskie-zachodni-03-02,19421,66.32,3436,39.4,,0.0,,0.0,0.755,-15.0,0.0,0.0,0.245,0.5253333333333333,30.03,monitoring,0
2427006,2427,24,gmina śląskie-zachodni-27-06,5339,63.83,801,40.8,,0.0,,0.0,0.6880000000000001,-15.2,0.013333333333333286,0.0,0.31199999999999994,0.5439999999999999,30.02,monitoring,0
1007007,1007,10,gmina łódzkie-południowy-07-07,15842,65.09,2909,25.5,,0.0,,0.0,0.603,-14.7,0.0,0.0,0.397,0.34,30.01,monitoring,0
3206003,3206,32,gmina zachodniopomorskie-północny-06-03,12289,66.63,2036,34.5,,0.0,,0.0,0.842,-15.8,0.05333333333333338,0.0,0.15800000000000003,0.46,30.0,monitoring,0
3214001,3214,32,gmina zachodniopomorskie-wschodni-14-01,15255,70.06,2566,30.1,,0.0,,0.0,0.849,-14.9,0.0,0.0,0.15100000000000002,0.4013333333333334,29.99,monitoring,0
2418006,2418,24,gmina śląskie-północny-18-06,4784,65.92,809,32.9,,0.0,,0.0,0.6950000000000001,-14.0,0.0,0.0,0.30499999999999994,0.43866666666666665,29.99,monitoring,0
0227001,0227,2,gmina dolnośląskie-zachodni-27-01,13966,62.01,2244,25.8,,0.0,,0.0,0.732,-16.9,0.12666666666666657,0.0,0.268,0.34400000000000003,29.98,monitoring,0
0211005,0211,2,gmina dolnośląskie-miejski-11-05,8891,64.46,1438,50.9,,0.0,,0.0,0.768,-13.4,0.0,0.0,0.23199999999999998,0.6786666666666666,29.98,monitoring,0
0411006,0411,4,gmina kujawsko-pomorskie-miejski-11-06,5650,65.15,962,40.1,,0.0,,0.0,0.863,-16.1,0.07333333333333343,0.0,0.137,0.5346666666666667,29.98,monitoring,0
0222007,0222,2,gmina dolnośląskie-centralny-22-07,3167,65.1,537,33.1,,0.0,,0.0,0.771,-15.8,0.05333333333333338,0.0,0.22899999999999998,0.44133333333333336,29.97,monitoring,0
0225003,0225,2,gmina dolnośląskie-południowy-25-03,3739,59.99,593,32.8,,0.0,,0.0,0.754,-17.3,0.15333333333333338,0.0,0.246,0.4373333333333333,29.96,monitoring,0
1601004,1601,16,gmina opolskie-południowy-01-04,4790,65.94,896,38.6,,0.0,,0.0,0.741,-13.5,0.0,0.0,0.259,0.5146666666666667,29.96,monitoring,0
1019007,1019,10,gmina łódzkie-południowy-19-07,7793,65.96,1444,22.5,,0.0,,0.0,0.811,-16.4,0.09333333333333324,0.0,0.18899999999999995,0.3,29.95,monitoring,0
3033002,3033,30,gmina wielkopolskie-zachodni-33-02,8048,65.47,1702,40.1,,0.0,,0.0,0.733,-12.2,0.0,0.0,0.267,0.5346666666666667,29.95,monitoring,0
2205002,2205,22,gmina pomorskie-miejski-05-02,5271,67.05,972,34.8,,0.0,,0.0,0.788,-15.2,0.013333333333333286,0.0,0.21199999999999997,0.46399999999999997,29.95,monitoring,0
1207004,1207,12,gmina małopolskie-południowy-07-04,7401,64.82,1271,36.7,,0.0,,0.0,0.749,-15.5,0.03333333333333333,0.0,0.251,0.4893333333333334,29.94,monitoring,0
1803004,1803,18,gmina podkarpackie-zachodni-03-04,2258,63.12,374,39.3,,0.0,,0.0,0.739,-15.8,0.05333333333333338,0.0,0.261,0.5239999999999999,29.91,monitoring,0
0402006,0402,4,gmina kujawsko-pomorskie-wschodni-02-06,7525,65.21,1197,39.9,,0.0,,0.0,0.726,-14.8,0.0,0.0,0.274,0.532,29.91,monitoring,0
0215001,0215,2,gmina dolnośląskie-zachodni-15-01,9595,62.41,1511,27.1,,0.0,,0.0,0.754,-16.8,0.12000000000000005,0.0,0.246,0.36133333333333334,29.9,monitoring,0
1021006,1021,10,gmina łódzkie-zachodni-21-06,9850,66.49,1678,33.2,,0.0,,0.0,0.731,-14.9,0.0,0.0,0.269,0.4426666666666667,29.9,monitoring,0
2205001,2205,22,gmina pomorskie-miejski-05-01,5854,66.72,964,43.1,,0.0,,0.0,0.843,-15.2,0.013333333333333286,0.0,0.15700000000000003,0.5746666666666667,29.88,monitoring,0
0411001,0411,4,gmina kujawsko-pomorskie-miejski-11-01,2608,61.22,494,31.8,,0.0,,0.0,0.648,-16.1,0.07333333333333343,0.0,0.352,0.424,29.87,monitoring,0
0229007,0229,2,gmina dolnośląskie-miejski-29-07,3938,64.45,574,45.5,,0.0,,0.0,0.739,-15.0,0.0,0.0,0.261,0.6066666666666667,29.87,monitoring,0
3211005,3211,32,gmina zachodniopomorskie-miejski-11-05,9606,61.69,1322,35.6,,0.0,,0.0,0.75,-16.5,0.1,0.0,0.25,0.4746666666666667,29.87,monitoring,0
2608004,2608,26,gmina świętokrzyskie-wschodni-08-04,3887,63.51,740,42.8,,0.0,,0.0,0.748,-15.5,0.03333333333333333,0.0,0.252,0.5706666666666667,29.86,monitoring,0
2420005,2420,24,gmina śląskie-wschodni-20-05,20813,61.09,2926,61.2,,0.0,,0.0,0.744,-15.2,0.013333333333333286,0.0,0.256,0.8160000000000001,29.84,monitoring,0
3203006,3203,32,gmina zachodniopomorskie-zachodni-03-06,8057,65.56,1466,36.9,,0.0,,0.0,0.806,-15.6,0.03999999999999997,0.0,0.19399999999999995,0.492,29.84,monitoring,0
1604006,1604,16,gmina opolskie-centralny-04-06,11535,63.38,1711,36.1,,0.0,,0.0,0.8160000000000001,-16.4,0.09333333333333324,0.0,0.18399999999999994,0.48133333333333334,29.83,monitoring,0
1823006,1823,18,gmina podkarpackie-miejski-23-06,13467,65.1,2335,34.8,,0.0,,0.0,0.8270000000000001,-16.0,0.06666666666666667,0.0,0.17299999999999993,0.46399999999999997,29.81,monitoring,0
1609003,1609,16,gmina opolskie-zachodni-09-03,6342,59.58,992,23.1,,0.0,,0.0,0.6940000000000001,-17.4,0.1599999999999999,0.0,0.30599999999999994,0.308,29.81,monitoring,0
2612001,2612,26,gmina świętokrzyskie-północny-12-01,3518,63.82,599,41.5,,0.0,,0.0,0.8240000000000001,-16.0,0.06666666666666667,0.0,0.17599999999999993,0.5533333333333333,29.8,monitoring,0
2414004,2414,24,gmina śląskie-wschodni-14-04,11721,65.96,1875,36.7,,0.0,,0.0,0.747,-14.5,0.0,0.0,0.253,0.4893333333333334,29.79,monitoring,0
2605003,2605,26,gmina świętokrzyskie-miejski-05-03,9439,63.52,1649,42.2,,0.0,,0.0,0.805,-15.9,0.060000000000000026,0.0,0.19499999999999995,0.5626666666666668,29.79,monitoring,0
1217006,1217,12,gmina małopolskie-miejski-17-06,9007,64.45,1325,39.4,,0.0,,0.0,0.731,-15.2,0.013333333333333286,0.0,0.269,0.5253333333333333,29.78,monitoring,0
1221007,1221,12,gmina małopolskie-zachodni-21-07,2568,63.06,391,37.6,,0.0,,0.0,0.78,-16.1,0.07333333333333343,0.0,0.21999999999999997,0.5013333333333333,29.77,monitoring,0
2608002,2608,26,gmina świętokrzyskie-wschodni-08-02,8193,66.35,1697,28.6,,0.0,,0.0,0.772,-15.5,0.03333333333333333,0.0,0.22799999999999998,0.38133333333333336,29.77,monitoring,0
2207002,2207,22,gmina pomorskie-południowy-07-02,22881,67.43,4010,30.7,,0.0,,0.0,0.783,-15.1,0.006666666666666643,0.0,0.21699999999999997,0.4093333333333333,29.74,monitoring,0
2213002,2213,22,gmina pomorskie-południowy-13-02,9083,67.52,1857,26.8,,0.0,,0.0,0.745,-14.3,0.0,0.0,0.255,0.35733333333333334,29.74,monitoring,0
2202003,2202,22,gmina pomorskie-wschodni-02-03,3444,64.19,656,46.5,,0.0,,0.0,0.765,-15.1,0.006666666666666643,0.0,0.235,0.62,29.73,monitoring,0
3002001,3002,30,gmina wielkopolskie-wschodni-02-01,7366,60.78,1151,39.8,,0.0,,0.0,0.652,-15.7,0.04666666666666662,0.0,0.348,0.5306666666666666,29.72,monitoring,0
0228007,0228,2,gmina dolnośląskie-centralny-28-07,4551,55.53,566,38.4,,0.0,,0.0,0.715,-17.9,0.19333333333333325,0.0,0.28500000000000003,0.512,29.71,monitoring,0
3022005,3022,30,gmina wielkopolskie-centralny-22-05,3528,58.65,615,33.0,,0.0,,0.0,0.713,-17.2,0.1466666666666666,0.0,0.28700000000000003,0.44,29.71,monitoring,0
1021001,1021,10,gmina łódzkie-zachodni-21-01,13865,63.63,2344,39.1,,0.0,,0.0,0.675,-14.9,0.0,0.0,0.32499999999999996,0.5213333333333333,29.71,monitoring,0
1006003,1006,10,gmina łódzkie-północny-06-03,8340,66.18,1669,28.1,,0.0,,0.0,0.7020000000000001,-14.0,0.0,0.0,0.29799999999999993,0.3746666666666667,29.7,monitoring,0
3026006,3026,30,gmina wielkopolskie-wschodni-26-06,9463,64.59,1533,36.4,,0.0,,0.0,0.6970000000000001,-13.5,0.0,0.0,0.30299999999999994,0.48533333333333334,29.7,monitoring,0
1808002,1808,18,gmina podkarpackie-wschodni-08-02,7509,66.37,1037,43.7,,0.0,,0.0,0.8260000000000001,-14.4,0.0,0.0,0.17399999999999993,0.5826666666666667,29.7,monitoring,0
1010002,1010,10,gmina łódzkie-centralny-10-02,15527,67.94,2949,29.6,,0.0,,0.0,0.789,-13.0,0.0,0.0,0.21099999999999997,0.39466666666666667,29.69,monitoring,0
1024006,1024,10,gmina łódzkie-północny-24-06,7777,65.95,956,33.1,,0.0,,0.0,0.734,-14.9,0.0,0.0,0.266,0.44133333333333336,29.66,monitoring,0
2218006,2218,22,gmina pomorskie-północny-18-06,55957,68.65,8330,14.2,,0.0,,0.0,0.71,-14.8,0.0,0.0,0.29000000000000004,0.18933333333333333,29.64,monitoring,0
1808005,1808,18,gmina podkarpackie-wschodni-08-05,17401,66.81,3450,28.3,,0.0,,0.0,0.737,-14.4,0.0,0.0,0.263,0.37733333333333335,29.64,monitoring,0
3210004,3210,32,gmina zachodniopomorskie-centralny-10-04,24288,60.29,3438,35.5,,0.0,,0.0,0.716,-16.5,0.1,0.0,0.28400000000000003,0.47333333333333333,29.63,monitoring,0
2212006,2212,22,gmina pomorskie-północny-12-06,5105,63.46,810,29.9,,0.0,,0.0,0.717,-15.8,0.05333333333333338,0.0,0.28300000000000003,0.39866666666666667,29.62,monitoring,0
1219005,1219,12,gmina małopolskie-południowy-19-05,12965,65.65,2444,35.7,,0.0,,0.0,0.745,-14.6,0.0,0.0,0.255,0.47600000000000003,29.62,monitoring,0
2433005,2433,24,gmina śląskie-zachodni-33-05,5847,60.82,1092,28.2,,0.0,,0.0,0.807,-17.4,0.1599999999999999,0.0,0.19299999999999995,0.376,29.61,monitoring,0
1017005,1017,10,gmina łódzkie-miejski-17-05,5955,63.37,1073,31.8,,0.0,,0.0,0.794,-16.3,0.08666666666666671,0.0,0.20599999999999996,0.424,29.61,monitoring,0
1601007,1601,16,gmina opolskie-południowy-01-07,7592,65.59,1229,31.9,,0.0,,0.0,0.717,-13.5,0.0,0.0,0.28300000000000003,0.42533333333333334,29.6,monitoring,0
0217006,0217,2,gmina dolnośląskie-miejski-17-06,11463,65.37,2009,39.4,,0.0,,0.0,0.765,-12.9,0.0,0.0,0.235,0.5253333333333333,29.58,monitoring,0
3025003,3025,30,gmina wielkopolskie-południowy-25-03,8714,59.13,1282,41.6,,0.0,,0.0,0.6950000000000001,-16.3,0.08666666666666671,0.0,0.30499999999999994,0.5546666666666666,29.55,monitoring,0
3010001,3010,30,gmina wielkopolskie-centralny-10-01,4198,58.05,671,40.8,,0.0,,0.0,0.924,-18.4,0.22666666666666657,0.0,0.07599999999999996,0.5439999999999999,29.54,monitoring,0
1817003,1817,18,gmina podkarpackie-miejski-17-03,8718,66.19,1565,40.1,,0.0,,0.0,0.81,-12.9,0.0,0.0,0.18999999999999995,0.5346666666666667,29.54,monitoring,0
1816001,1816,18,gmina podkarpackie-centralny-16-01,6827,63.5,1063,46.8,,0.0,,0.0,0.747,-14.8,0.0,0.0,0.253,0.624,29.53,monitoring,0
1219006,1219,12,gmina małopolskie-południowy-19-06,10585,64.48,1737,41.6,,0.0,,0.0,0.75,-14.6,0.0,0.0,0.25,0.5546666666666666,29.53,monitoring,0
1817001,1817,18,gmina podkarpackie-miejski-17-01,7766,67.23,1604,28.2,,0.0,,0.0,0.769,-12.9,0.0,0.0,0.23099999999999998,0.376,29.51,monitoring,0
1601001,1601,16,gmina opolskie-południowy-01-01,11190,69.08,1882,26.9,,0.0,,0.0,0.837,-13.5,0.0,0.0,0.16300000000000003,0.35866666666666663,29.51,monitoring,0
2220001,2220,22,gmina pomorskie-wschodni-20-01,5971,61.42,980,30.4,,0.0,,0.0,0.727,-16.4,0.09333333333333324,0.0,0.273,0.4053333333333333,29.5,monitoring,0
0421002,0421,4,gmina kujawsko-pomorskie-zachodni-21-02,5109,60.85,944,32.0,,0.0,,0.0,0.81,-17.1,0.1400000000000001,0.0,0.18999999999999995,0.4266666666666667,29.49,monitoring,0
3218006,3218,32,gmina zachodniopomorskie-północny-18-06,4249,63.93,580,30.7,,0.0,,0.0,0.718,-15.5,0.03333333333333333,0.0,0.28200000000000003,0.4093333333333333,29.48,monitoring,0
3002002,3002,30,gmina wielkopolskie-wschodni-02-02,4926,64.36,822,33.8,,0.0,,0.0,0.787,-15.7,0.04666666666666662,0.0,0.21299999999999997,0.4506666666666666,29.47,monitoring,0
3002005,3002,30,gmina wielkopolskie-wschodni-02-05,5890,62.58,1056,28.5,,0.0,,0.0,0.672,-15.7,0.04666666666666662,0.0,0.32799999999999996,0.38,29.47,monitoring,0
2205003,2205,22,gmina pomorskie-miejski-05-03,9046,67.54,1585,29.8,,0.0,,0.0,0.8250000000000001,-15.2,0.013333333333333286,0.0,0.17499999999999993,0.3973333333333333,29.47,monitoring,0
1217001,1217,12,gmina małopolskie-miejski-17-01,5821,64.87,889,36.8,,0.0,,0.0,0.765,-15.2,0.013333333333333286,0.0,0.235,0.49066666666666664,29.46,monitoring,0
2410006,2410,24,gmina śląskie-centralny-10-06,8913,63.53,1424,34.9,,0.0,,0.0,0.774,-15.8,0.05333333333333338,0.0,0.22599999999999998,0.4653333333333333,29.46,monitoring,0
0212001,0212,2,gmina dolnośląskie-północny-12-01,19850,64.45,3319,29.1,,0.0,,0.0,0.758,-15.7,0.04666666666666662,0.0,0.242,0.388,29.45,monitoring,0
1024007,1024,10,gmina łódzkie-północny-24-07,5058,64.42,659,37.6,,0.0,,0.0,0.726,-14.9,0.0,0.0,0.274,0.5013333333333333,29.45,monitoring,0
0216004,0216,2,gmina dolnośląskie-centralny-16-04,6911,67.07,1455,31.1,,0.0,,0.0,0.8180000000000001,-15.2,0.013333333333333286,0.0,0.18199999999999994,0.4146666666666667,29.44,monitoring,0
3205006,3205,32,gmina zachodniopomorskie-miejski-05-06,17126,63.51,2950,39.2,,0.0,,0.0,0.7020000000000001,-14.6,0.0,0.0,0.29799999999999993,0.5226666666666667,29.43,monitoring,0
2203004,2203,22,gmina pomorskie-zachodni-03-04,3471,63.85,676,47.9,,0.0,,0.0,0.782,-12.9,0.0,0.0,0.21799999999999997,0.6386666666666666,29.42,monitoring,0
0814001,0814,8,gmina lubuskie-wschodni-14-01,10352,66.73,1793,33.9,,0.0,,0.0,0.841,-15.3,0.02000000000000005,0.0,0.15900000000000003,0.45199999999999996,29.41,monitoring,0
0407007,0407,4,gmina kujawsko-pomorskie-południowy-07-07,3019,58.82,569,32.5,,0.0,,0.0,0.843,-17.9,0.19333333333333325,0.0,0.15700000000000003,0.43333333333333335,29.41,monitoring,0
1213002,1213,12,gmina małopolskie-południowy-13-02,7210,62.26,988,30.5,,0.0,,0.0,0.787,-16.5,0.1,0.0,0.21299999999999997,0.4066666666666667,29.41,monitoring,0
1003003,1003,10,gmina łódzkie-zachodni-03-03,5853,63.56,1099,29.9,,0.0,,0.0,0.721,-15.6,0.03999999999999997,0.0,0.279,0.39866666666666667,29.38,monitoring,0
1820004,1820,18,gmina podkarpackie-wschodni-20-04,5233,60.28,1016,32.1,,0.0,,0.0,0.798,-17.1,0.1400000000000001,0.0,0.20199999999999996,0.428,29.38,monitoring,0
2435003,2435,24,gmina śląskie-miejski-35-03,2889,65.7,510,30.9,,0.0,,0.0,0.806,-15.5,0.03333333333333333,0.0,0.19399999999999995,0.412,29.37,monitoring,0
0403004,0403,4,gmina kujawsko-pomorskie-zachodni-03-04,9310,65.29,1502,31.0,,0.0,,0.0,0.791,-15.5,0.03333333333333333,0.0,0.20899999999999996,0.41333333333333333,29.36,monitoring,0
1808006,1808,18,gmina podkarpackie-wschodni-08-06,5774,66.05,994,28.6,,0.0,,0.0,0.74,-14.4,0.0,0.0,0.26,0.38133333333333336,29.35,monitoring,0
2204004,2204,22,gmina pomorskie-centralny-04-04,15210,63.21,2851,33.9,,0.0,,0.0,0.66,-12.9,0.0,0.0,0.33999999999999997,0.45199999999999996,29.34,monitoring,0
3006003,3006,30,gmina wielkopolskie-północny-06-03,10471,63.51,1563,32.7,,0.0,,0.0,0.664,-13.9,0.0,0.0,0.33599999999999997,0.43600000000000005,29.34,monitoring,0
0420006,0420,4,gmina kujawsko-pomorskie-wschodni-20-06,14482,64.17,2389,33.4,,0.0,,0.0,0.6970000000000001,-14.7,0.0,0.0,0.30299999999999994,0.4453333333333333,29.34,monitoring,0
1220003,1220,12,gmina małopolskie-wschodni-20-03,9405,61.46,1262,36.2,,0.0,,0.0,0.764,-16.2,0.07999999999999995,0.0,0.236,0.4826666666666667,29.33,monitoring,0
2607006,2607,26,gmina świętokrzyskie-południowy-07-06,5930,60.72,1209,35.4,,0.0,,0.0,0.794,-16.7,0.11333333333333329,0.0,0.20599999999999996,0.472,29.33,monitoring,0
0402005,0402,4,gmina kujawsko-pomorskie-wschodni-02-05,1813,65.28,296,31.4,,0.0,,0.0,0.73,-14.8,0.0,0.0,0.27,0.41866666666666663,29.33,monitoring,0
2409006,2409,24,gmina śląskie-zachodni-09-06,19818,59.31,3062,24.2,,0.0,,0.0,0.68,-16.9,0.12666666666666657,0.0,0.31999999999999995,0.32266666666666666,29.31,monitoring,0
0423002,0423,4,gmina kujawsko-pomorskie-miejski-23-02,8173,55.87,1020,38.4,,0.0,,0.0,0.788,-18.0,0.2,0.0,0.21199999999999997,0.512,29.3,monitoring,0
1609006,1609,16,gmina opolskie-zachodni-09-06,9065,60.85,1450,24.2,,0.0,,0.0,0.8130000000000001,-17.4,0.1599999999999999,0.0,0.18699999999999994,0.32266666666666666,29.3,monitoring,0
3018005,3018,30,gmina wielkopolskie-północny-18-05,9527,58.73,1268,29.7,,0.0,,0.0,0.685,-16.8,0.12000000000000005,0.0,0.31499999999999995,0.39599999999999996,29.29,monitoring,0
0211002,0211,2,gmina dolnośląskie-miejski-11-02,5051,62.82,835,45.5,,0.0,,0.0,0.735,-13.4,0.0,0.0,0.265,0.6066666666666667,29.29,monitoring,0
0417001,0417,4,gmina kujawsko-pomorskie-miejski-17-01,5047,61.53,848,42.6,,0.0,,0.0,0.767,-15.8,0.05333333333333338,0.0,0.23299999999999998,0.5680000000000001,29.28,monitoring,0
0210003,0210,2,gmina dolnośląskie-centralny-10-03,10003,62.78,1824,39.5,,0.0,,0.0,0.863,-16.3,0.08666666666666671,0.0,0.137,0.5266666666666666,29.28,monitoring,0
2203001,2203,22,gmina pomorskie-zachodni-03-01,9241,64.84,1480,31.1,,0.0,,0.0,0.717,-12.9,0.0,0.0,0.28300000000000003,0.4146666666666667,29.26,monitoring,0
3208004,3208,32,gmina zachodniopomorskie-wschodni-08-04,12216,63.93,2269,36.8,,0.0,,0.0,0.724,-14.9,0.0,0.0,0.276,0.49066666666666664,29.23,monitoring,0
0801007,0801,8,gmina lubuskie-południowy-01-07,13893,63.16,2636,36.6,,0.0,,0.0,0.6920000000000001,-14.9,0.0,0.0,0.30799999999999994,0.48800000000000004,29.21,monitoring,0
2202004,2202,22,gmina pomorskie-wschodni-02-04,7109,64.09,1209,36.3,,0.0,,0.0,0.744,-15.1,0.006666666666666643,0.0,0.256,0.484,29.2,monitoring,0
0214002,0214,2,gmina dolnośląskie-wschodni-14-02,6965,64.67,1195,24.8,,0.0,,0.0,0.764,-15.7,0.04666666666666662,0.0,0.236,0.33066666666666666,29.19,monitoring,0
3018003,3018,30,gmina wielkopolskie-północny-18-03,48689,64.14,7010,17.5,,0.0,,0.0,0.834,-16.8,0.12000000000000005,0.0,0.16600000000000004,0.23333333333333334,29.19,monitoring,0
0415003,0415,4,gmina kujawsko-pomorskie-zachodni-15-03,10332,64.36,1671,46.7,,0.0,,0.0,0.8210000000000001,-15.0,0.0,0.0,0.17899999999999994,0.6226666666666667,29.18,monitoring,0
2415001,2415,24,gmina śląskie-zachodni-15-01,4843,59.08,751,39.5,,0.0,,0.0,0.8300000000000001,-17.1,0.1400000000000001,0.0,0.16999999999999993,0.5266666666666666,29.13,monitoring,0
0216006,0216,2,gmina dolnośląskie-centralny-16-06,3568,61.55,557,39.5,,0.0,,0.0,0.684,-15.2,0.013333333333333286,0.0,0.31599999999999995,0.5266666666666666,29.11,monitoring,0
1212006,1212,12,gmina małopolskie-północny-12-06,5315,66.62,836,38.3,,0.0,,0.0,0.862,-12.4,0.0,0.0,0.138,0.5106666666666666,29.11,monitoring,0
0404004,0404,4,gmina kujawsko-pomorskie-centralny-04-04,5826,53.67,809,37.4,,0.0,,0.0,0.775,-18.5,0.23333333333333334,0.0,0.22499999999999998,0.49866666666666665,29.11,monitoring,0
1001002,1001,10,gmina łódzkie-południowy-01-02,7802,63.76,1403,35.3,,0.0,,0.0,0.72,-14.7,0.0,0.0,0.28,0.4706666666666666,29.1,monitoring,0
2608005,2608,26,gmina świętokrzyskie-wschodni-08-05,20492,63.02,3900,31.6,,0.0,,0.0,0.729,-15.5,0.03333333333333333,0.0,0.271,0.42133333333333334,29.09,monitoring,0
2417003,2417,24,gmina śląskie-miejski-17-03,13013,64.19,2070,36.3,,0.0,,0.0,0.748,-13.9,0.0,0.0,0.252,0.484,29.08,monitoring,0
1016004,1016,10,gmina łódzkie-centralny-16-04,14256,62.7,2198,43.5,,0.0,,0.0,0.738,-15.0,0.0,0.0,0.262,0.58,29.08,monitoring,0
2208003,2208,22,gmina pomorskie-wschodni-08-03,3077,62.68,496,22.9,,0.0,,0.0,0.679,-15.7,0.04666666666666662,0.0,0.32099999999999995,0.3053333333333333,29.07,monitoring,0
0421005,0421,4,gmina kujawsko-pomorskie-zachodni-21-05,4154,59.15,732,33.9,,0.0,,0.0,0.799,-17.1,0.1400000000000001,0.0,0.20099999999999996,0.45199999999999996,29.07,monitoring,0
2204001,2204,22,gmina pomorskie-centralny-04-01,7201,64.39,1149,44.2,,0.0,,0.0,0.8170000000000001,-12.9,0.0,0.0,0.18299999999999994,0.5893333333333334,29.06,monitoring,0
0408003,0408,4,gmina kujawsko-pomorskie-wschodni-08-03,6156,65.51,1114,31.9,,0.0,,0.0,0.775,-12.8,0.0,0.0,0.22499999999999998,0.42533333333333334,29.05,monitoring,0
0216001,0216,2,gmina dolnośląskie-centralny-16-01,3573,62.54,601,45.9,,0.0,,0.0,0.779,-15.2,0.013333333333333286,0.0,0.22099999999999997,0.612,29.05,monitoring,0
1014003,1014,10,gmina łódzkie-wschodni-14-03,9849,63.4,1322,44.8,,0.0,,0.0,0.781,-14.1,0.0,0.0,0.21899999999999997,0.5973333333333333,29.05,monitoring,0
0809002,0809,8,gmina lubuskie-zachodni-09-02,5349,59.93,1005,35.0,,0.0,,0.0,0.63,-15.5,0.03333333333333333,0.0,0.37,0.4666666666666667,29.04,monitoring,0
1206001,1206,12,gmina małopolskie-północny-06-01,11501,53.69,1289,44.1,,0.0,,0.0,0.808,-18.3,0.22000000000000006,0.0,0.19199999999999995,0.588,29.03,monitoring,0
1801007,1801,18,gmina podkarpackie-południowy-01-07,9804,60.31,1534,42.3,,0.0,,0.0,0.769,-16.0,0.06666666666666667,0.0,0.23099999999999998,0.564,29.02,monitoring,0
1802006,1802,18,gmina podkarpackie-wschodni-02-06,17985,58.37,2755,31.8,,0.0,,0.0,0.7020000000000001,-16.7,0.11333333333333329,0.0,0.29799999999999993,0.424,29.02,monitoring,0
0212007,0212,2,gmina dolnośląskie-północny-12-07,13264,62.74,2460,37.5,,0.0,,0.0,0.797,-15.7,0.04666666666666662,0.0,0.20299999999999996,0.5,29.01,monitoring,0
2218004,2218,22,gmina pomorskie-północny-18-04,11715,63.82,2066,39.3,,0.0,,0.0,0.762,-14.8,0.0,0.0,0.238,0.5239999999999999,29.01,monitoring,0
1221002,1221,12,gmina małopolskie-zachodni-21-02,7439,61.24,1163,30.5,,0.0,,0.0,0.736,-16.1,0.07333333333333343,0.0,0.264,0.4066666666666667,29.0,monitoring,0
2417005,2417,24,gmina śląskie-miejski-17-05,7746,62.86,1328,36.8,,0.0,,0.0,0.706,-13.9,0.0,0.0,0.29400000000000004,0.49066666666666664,28.99,monitoring,0
0229001,0229,2,gmina dolnośląskie-miejski-29-01,9385,66.3,1766,32.5,,0.0,,0.0,0.8200000000000001,-15.0,0.0,0.0,0.17999999999999994,0.43333333333333335,28.98,monitoring,0
1813002,1813,18,gmina podkarpackie-południowy-13-02,26552,63.42,4617,39.7,,0.0,,0.0,0.753,-13.9,0.0,0.0,0.247,0.5293333333333333,28.97,monitoring,0
2429001,2429,24,gmina śląskie-miejski-29-01,11564,60.99,1766,45.4,,0.0,,0.0,0.746,-15.4,0.02666666666666669,0.0,0.254,0.6053333333333333,28.97,monitoring,0
2217003,2217,22,gmina pomorskie-miejski-17-03,14478,64.23,2455,44.3,,0.0,,0.0,0.8210000000000001,-14.9,0.0,0.0,0.17899999999999994,0.5906666666666667,28.97,monitoring,0
0205004,0205,2,gmina dolnośląskie-miejski-05-04,4113,55.66,697,42.9,,0.0,,0.0,0.73,-17.1,0.1400000000000001,0.0,0.27,0.572,28.96,monitoring,0
1019002,1019,10,gmina łódzkie-południowy-19-02,4211,60.38,652,32.9,,0.0,,0.0,0.764,-16.4,0.09333333333333324,0.0,0.236,0.43866666666666665,28.94,monitoring,0
2417001,2417,24,gmina śląskie-miejski-17-01,8492,63.46,1521,42.0,,0.0,,0.0,0.776,-13.9,0.0,0.0,0.22399999999999998,0.56,28.93,monitoring,0
1816003,1816,18,gmina podkarpackie-centralny-16-03,12593,62.21,1891,37.2,,0.0,,0.0,0.6900000000000001,-14.8,0.0,0.0,0.30999999999999994,0.49600000000000005,28.91,monitoring,0
2401006,2401,24,gmina śląskie-południowy-01-06,25479,65.4,4359,24.8,,0.0,,0.0,0.748,-15.1,0.006666666666666643,0.0,0.252,0.33066666666666666,28.89,monitoring,0
1020004,1020,10,gmina łódzkie-wschodni-20-04,7257,65.69,1238,37.1,,0.0,,0.0,0.892,-15.4,0.02666666666666669,0.0,0.10799999999999998,0.4946666666666667,28.89,monitoring,0
0214001,0214,2,gmina dolnośląskie-wschodni-14-01,7228,63.45,1169,30.0,,0.0,,0.0,0.786,-15.7,0.04666666666666662,0.0,0.21399999999999997,0.4,28.88,monitoring,0
2420001,2420,24,gmina śląskie-wschodni-20-01,12952,63.52,2100,28.7,,0.0,,0.0,0.713,-15.2,0.013333333333333286,0.0,0.28700000000000003,0.38266666666666665,28.87,monitoring,0
3017006,3017,30,gmina wielkopolskie-miejski-17-06,2812,60.77,533,24.5,,0.0,,0.0,0.7000000000000001,-16.2,0.07999999999999995,0.0,0.29999999999999993,0.32666666666666666,28.87,monitoring,0
1202004,1202,12,gmina małopolskie-wschodni-02-04,9480,54.39,1338,33.1,,0.0,,0.0,0.761,-18.2,0.2133333333333333,0.0,0.239,0.44133333333333336,28.87,monitoring,0
0803006,0803,8,gmina lubuskie-zachodni-03-06,7177,63.52,1179,37.0,,0.0,,0.0,0.748,-15.0,0.0,0.0,0.252,0.49333333333333335,28.87,monitoring,0
2422004,2422,24,gmina śląskie-centralny-22-04,17557,62.84,2869,35.1,,0.0,,0.0,0.747,-15.3,0.02000000000000005,0.0,0.253,0.468,28.86,monitoring,0
1005004,1005,10,gmina łódzkie-miejski-05-04,14552,63.81,3148,31.8,,0.0,,0.0,0.738,-15.1,0.006666666666666643,0.0,0.262,0.424,28.85,monitoring,0
1810003,1810,18,gmina podkarpackie-centralny-10-03,7514,53.55,1313,27.5,,0.0,,0.0,0.739,-18.6,0.2400000000000001,0.0,0.261,0.36666666666666664,28.85,monitoring,0
3009006,3009,30,gmina wielkopolskie-zachodni-09-06,12455,57.64,1862,24.9,,0.0,,0.0,0.683,-17.0,0.13333333333333333,0.0,0.31699999999999995,0.33199999999999996,28.82,monitoring,0
2213005,2213,22,gmina pomorskie-południowy-13-05,6052,62.46,1199,40.0,,0.0,,0.0,0.733,-14.3,0.0,0.0,0.267,0.5333333333333333,28.8,monitoring,0
2411006,2411,24,gmina śląskie-miejski-11-06,11585,60.8,1907,35.8,,0.0,,0.0,0.767,-16.0,0.06666666666666667,0.0,0.23299999999999998,0.4773333333333333,28.79,monitoring,0
1021002,1021,10,gmina łódzkie-zachodni-21-02,3500,64.0,503,35.2,,0.0,,0.0,0.766,-14.9,0.0,0.0,0.23399999999999999,0.4693333333333334,28.77,monitoring,0
2402003,2402,24,gmina śląskie-wschodni-02-03,12883,60.73,1645,40.6,,0.0,,0.0,0.683,-15.1,0.006666666666666643,0.0,0.31699999999999995,0.5413333333333333,28.76,monitoring,0
1806001,1806,18,gmina podkarpackie-północny-06-01,14193,56.15,2143,36.8,,0.0,,0.0,0.874,-18.2,0.2133333333333333,0.0,0.126,0.49066666666666664,28.76,monitoring,0
0215006,0215,2,gmina dolnośląskie-zachodni-15-06,7536,62.07,1165,30.9,,0.0,,0.0,0.895,-16.8,0.12000000000000005,0.0,0.10499999999999998,0.412,28.75,monitoring,0
1216002,1216,12,gmina małopolskie-centralny-16-02,10876,63.7,1684,37.8,,0.0,,0.0,0.842,-15.5,0.03333333333333333,0.0,0.15800000000000003,0.504,28.75,monitoring,0
0417004,0417,4,gmina kujawsko-pomorskie-miejski-17-04,11632,62.47,1785,32.3,,0.0,,0.0,0.789,-15.8,0.05333333333333338,0.0,0.21099999999999997,0.43066666666666664,28.75,monitoring,0
1215002,1215,12,gmina małopolskie-zachodni-15-02,4286,52.75,549,27.8,,0.0,,0.0,0.747,-18.8,0.25333333333333335,0.0,0.253,0.3706666666666667,28.74,monitoring,0
1601003,1601,16,gmina opolskie-południowy-01-03,16197,64.82,2706,33.3,,0.0,,0.0,0.79,-13.5,0.0,0.0,0.20999999999999996,0.44399999999999995,28.74,monitoring,0
2408004,2408,24,gmina śląskie-wschodni-08-04,9435,60.52,1483,37.5,,0.0,,0.0,0.84,-16.5,0.1,0.0,0.16000000000000003,0.5,28.74,monitoring,0
1805002,1805,18,gmina podkarpackie-miejski-05-02,6108,63.06,1234,33.6,,0.0,,0.0,0.721,-14.0,0.0,0.0,0.279,0.448,28.71,monitoring,0
1006004,1006,10,gmina łódzkie-północny-06-04,6608,62.67,959,38.4,,0.0,,0.0,0.742,-14.0,0.0,0.0,0.258,0.512,28.7,monitoring,0
3016004,3016,30,gmina wielkopolskie-centralny-16-04,12574,55.45,2058,25.2,,0.0,,0.0,0.713,-17.8,0.1866666666666667,0.0,0.28700000000000003,0.33599999999999997,28.69,monitoring,0
2423005,2423,24,gmina śląskie-miejski-23-05,13811,62.13,2167,21.8,,0.0,,0.0,0.879,-17.1,0.1400000000000001,0.0,0.121,0.2906666666666667,28.67,monitoring,0
2417002,2417,24,gmina śląskie-miejski-17-02,21565,60.93,3632,43.8,,0.0,,0.0,0.712,-13.9,0.0,0.0,0.28800000000000003,0.584,28.67,monitoring,0
1813004,1813,18,gmina podkarpackie-południowy-13-04,8224,62.46,1230,36.3,,0.0,,0.0,0.725,-13.9,0.0,0.0,0.275,0.484,28.63,monitoring,0
1217004,1217,12,gmina małopolskie-miejski-17-04,10173,62.23,1310,34.3,,0.0,,0.0,0.728,-15.2,0.013333333333333286,0.0,0.272,0.4573333333333333,28.62,monitoring,0
2211004,2211,22,gmina pomorskie-miejski-11-04,5712,62.01,1055,33.1,,0.0,,0.0,0.763,-15.6,0.03999999999999997,0.0,0.237,0.44133333333333336,28.62,monitoring,0
1212003,1212,12,gmina małopolskie-północny-12-03,6374,61.66,850,40.9,,0.0,,0.0,0.726,-12.4,0.0,0.0,0.274,0.5453333333333333,28.62,monitoring,0
1020005,1020,10,gmina łódzkie-wschodni-20-05,11596,60.45,1929,36.9,,0.0,,0.0,0.7000000000000001,-15.4,0.02666666666666669,0.0,0.29999999999999993,0.492,28.61,monitoring,0
0202007,0202,2,gmina dolnośląskie-wschodni-02-07,9478,59.45,1508,25.1,,0.0,,0.0,0.6930000000000001,-16.3,0.08666666666666671,0.0,0.30699999999999994,0.33466666666666667,28.59,monitoring,0
2610002,2610,26,gmina świętokrzyskie-centralny-10-02,11171,62.56,2035,21.6,,0.0,,0.0,0.8,-16.3,0.08666666666666671,0.0,0.19999999999999996,0.28800000000000003,28.57,monitoring,0
2216002,2216,22,gmina pomorskie-centralny-16-02,5474,63.44,950,33.4,,0.0,,0.0,0.792,-15.3,0.02000000000000005,0.0,0.20799999999999996,0.4453333333333333,28.57,monitoring,0
0406002,0406,4,gmina kujawsko-pomorskie-północny-06-02,20251,61.45,3422,21.5,,0.0,,0.0,0.796,-16.6,0.10666666666666676,0.0,0.20399999999999996,0.2866666666666667,28.54,monitoring,0
3028002,3028,30,gmina wielkopolskie-centralny-28-02,10809,61.42,1615,35.3,,0.0,,0.0,0.778,-15.7,0.04666666666666662,0.0,0.22199999999999998,0.4706666666666666,28.53,monitoring,0
2603005,2603,26,gmina świętokrzyskie-zachodni-03-05,6441,58.85,1222,16.8,,0.0,,0.0,0.773,-17.5,0.16666666666666666,0.0,0.22699999999999998,0.224,28.53,monitoring,0
0801006,0801,8,gmina lubuskie-południowy-01-06,9620,63.48,1382,42.3,,0.0,,0.0,0.8250000000000001,-14.9,0.0,0.0,0.17499999999999993,0.564,28.52,monitoring,0
0805003,0805,8,gmina lubuskie-miejski-05-03,7290,62.73,1331,46.3,,0.0,,0.0,0.837,-15.1,0.006666666666666643,0.0,0.16300000000000003,0.6173333333333333,28.51,monitoring,0
2610006,2610,26,gmina świętokrzyskie-centralny-10-06,63955,61.19,8731,23.3,,0.0,,0.0,0.762,-16.3,0.08666666666666671,0.0,0.238,0.3106666666666667,28.51,monitoring,0
3028005,3028,30,gmina wielkopolskie-centralny-28-05,7632,62.99,1264,30.3,,0.0,,0.0,0.81,-15.7,0.04666666666666662,0.0,0.18999999999999995,0.404,28.51,monitoring,0
2430004,2430,24,gmina śląskie-północny-30-04,6252,61.75,1176,33.5,,0.0,,0.0,0.81,-15.9,0.060000000000000026,0.0,0.18999999999999995,0.44666666666666666,28.49,monitoring,0
1010007,1010,10,gmina łódzkie-centralny-10-07,3873,63.26,711,44.2,,0.0,,0.0,0.834,-13.0,0.0,0.0,0.16600000000000004,0.5893333333333334,28.48,monitoring,0
2603001,2603,26,gmina świętokrzyskie-zachodni-03-01,6964,56.31,1072,34.6,,0.0,,0.0,0.804,-17.5,0.16666666666666666,0.0,0.19599999999999995,0.4613333333333334,28.47,monitoring,0
3020003,3020,30,gmina wielkopolskie-wschodni-20-03,14172,54.19,2356,29.8,,0.0,,0.0,0.8270000000000001,-18.6,0.2400000000000001,0.0,0.17299999999999993,0.3973333333333333,28.46,monitoring,0
0420003,0420,4,gmina kujawsko-pomorskie-wschodni-20-03,6516,64.09,1392,27.0,,0.0,,0.0,0.746,-14.7,0.0,0.0,0.254,0.36,28.44,monitoring,0
3202004,3202,32,gmina zachodniopomorskie-wschodni-02-04,9657,62.96,1554,35.4,,0.0,,0.0,0.762,-14.7,0.0,0.0,0.238,0.472,28.43,monitoring,0
0402004,0402,4,gmina kujawsko-pomorskie-wschodni-02-04,8144,63.62,1544,33.7,,0.0,,0.0,0.779,-14.8,0.0,0.0,0.22099999999999997,0.44933333333333336,28.41,monitoring,0
1810006,1810,18,gmina podkarpackie-centralny-10-06,17649,52.38,2965,24.6,,0.0,,0.0,0.718,-18.6,0.2400000000000001,0.0,0.28200000000000003,0.328,28.4,monitoring,0
1811002,1811,18,gmina podkarpackie-miejski-11-02,10095,63.04,1513,34.3,,0.0,,0.0,0.76,-14.5,0.0,0.0,0.24,0.4573333333333333,28.4,monitoring,0
0406006,0406,4,gmina kujawsko-pomorskie-północny-06-06,33055,59.53,4753,32.1,,0.0,,0.0,0.809,-16.6,0.10666666666666676,0.0,0.19099999999999995,0.428,28.4,monitoring,0
1811005,1811,18,gmina podkarpackie-miejski-11-05,16498,62.96,2559,32.3,,0.0,,0.0,0.742,-14.5,0.0,0.0,0.258,0.43066666666666664,28.4,monitoring,0
2411004,2411,24,gmina śląskie-miejski-11-04,9603,59.64,1049,34.4,,0.0,,0.0,0.752,-16.0,0.06666666666666667,0.0,0.248,0.45866666666666667,28.39,monitoring,0
0226001,0226,2,gmina dolnośląskie-wschodni-26-01,24511,61.51,4661,20.0,,0.0,,0.0,0.779,-16.4,0.09333333333333324,0.0,0.22099999999999997,0.26666666666666666,28.38,monitoring,0
3214003,3214,32,gmina zachodniopomorskie-wschodni-14-03,11901,63.47,2273,31.3,,0.0,,0.0,0.758,-14.9,0.0,0.0,0.242,0.41733333333333333,28.38,monitoring,0
1012004,1012,10,gmina łódzkie-północny-12-04,5041,57.59,750,22.5,,0.0,,0.0,0.834,-17.9,0.19333333333333325,0.0,0.16600000000000004,0.3,28.36,monitoring,0
0406003,0406,4,gmina kujawsko-pomorskie-północny-06-03,5012,57.99,874,36.0,,0.0,,0.0,0.778,-16.6,0.10666666666666676,0.0,0.22199999999999998,0.48,28.35,monitoring,0
1817004,1817,18,gmina podkarpackie-miejski-17-04,10718,65.9,2088,14.3,,0.0,,0.0,0.741,-12.9,0.0,0.0,0.259,0.19066666666666668,28.33,monitoring,0
1814003,1814,18,gmina podkarpackie-wschodni-14-03,1800,58.67,252,37.7,,0.0,,0.0,0.705,-15.7,0.04666666666666662,0.0,0.29500000000000004,0.5026666666666667,28.3,monitoring,0
0203003,0203,2,gmina dolnośląskie-zachodni-03-03,2554,59.85,487,25.4,,0.0,,0.0,0.734,-16.2,0.07999999999999995,0.0,0.266,0.33866666666666667,28.27,monitoring,0
3216005,3216,32,gmina zachodniopomorskie-centralny-16-05,6624,63.11,943,33.4,,0.0,,0.0,0.774,-13.2,0.0,0.0,0.22599999999999998,0.4453333333333333,28.24,monitoring,0
1017002,1017,10,gmina łódzkie-miejski-17-02,11988,59.15,2002,23.4,,0.0,,0.0,0.707,-16.3,0.08666666666666671,0.0,0.29300000000000004,0.312,28.23,monitoring,0
0419001,0419,4,gmina kujawsko-pomorskie-południowy-19-01,21098,65.02,3894,21.6,,0.0,,0.0,0.77,-13.9,0.0,0.0,0.22999999999999998,0.28800000000000003,28.22,monitoring,0
3025005,3025,30,gmina wielkopolskie-południowy-25-05,5987,55.8,772,34.9,,0.0,,0.0,0.655,-16.3,0.08666666666666671,0.0,0.345,0.4653333333333333,28.2,monitoring,0
1601005,1601,16,gmina opolskie-południowy-01-05,36133,62.09,5618,34.5,,0.0,,0.0,0.745,-13.5,0.0,0.0,0.255,0.46,28.19,monitoring,0
3217003,3217,32,gmina zachodniopomorskie-miejski-17-03,11042,65.67,1753,30.1,,0.0,,0.0,0.866,-14.7,0.0,0.0,0.134,0.4013333333333334,28.17,monitoring,0
0209002,0209,2,gmina dolnośląskie-zachodni-09-02,6716,62.47,1184,38.1,,0.0,,0.0,0.79,-14.7,0.0,0.0,0.20999999999999996,0.508,28.17,monitoring,0
0807001,0807,8,gmina lubuskie-południowy-07-01,9217,59.2,1512,27.2,,0.0,,0.0,0.785,-16.6,0.10666666666666676,0.0,0.21499999999999997,0.36266666666666664,28.16,monitoring,0
3029004,3029,30,gmina wielkopolskie-miejski-29-04,6979,62.61,1395,32.9,,0.0,,0.0,0.8250000000000001,-15.5,0.03333333333333333,0.0,0.17499999999999993,0.43866666666666665,28.16,monitoring,0
0414003,0414,4,gmina kujawsko-pomorskie-wschodni-14-03,7669,63.69,1238,32.1,,0.0,,0.0,0.855,-15.4,0.02666666666666669,0.0,0.14500000000000002,0.428,28.13,monitoring,0
3032005,3032,30,gmina wielkopolskie-wschodni-32-05,21048,56.32,3269,27.5,,0.0,,0.0,0.8290000000000001,-17.8,0.1866666666666667,0.0,0.17099999999999993,0.36666666666666664,28.13,monitoring,0
0418006,0418,4,gmina kujawsko-pomorskie-północny-18-06,11970,62.74,1882,30.5,,0.0,,0.0,0.75,-14.4,0.0,0.0,0.25,0.4066666666666667,28.12,monitoring,0
2216006,2216,22,gmina pomorskie-centralny-16-06,7112,60.63,1006,47.6,,0.0,,0.0,0.8300000000000001,-15.3,0.02000000000000005,0.0,0.16999999999999993,0.6346666666666667,28.1,monitoring,0
1801005,1801,18,gmina podkarpackie-południowy-01-05,14979,59.69,2483,39.9,,0.0,,0.0,0.8290000000000001,-16.0,0.06666666666666667,0.0,0.17099999999999993,0.532,28.08,monitoring,0
1209007,1209,12,gmina małopolskie-zachodni-09-07,14050,58.73,2522,33.7,,0.0,,0.0,0.904,-17.2,0.1466666666666666,0.0,0.09599999999999997,0.44933333333333336,28.07,monitoring,0
0417002,0417,4,gmina kujawsko-pomorskie-miejski-17-02,11033,60.5,1909,28.6,,0.0,,0.0,0.755,-15.8,0.05333333333333338,0.0,0.245,0.38133333333333336,28.06,monitoring,0
3010004,3010,30,gmina wielkopolskie-centralny-10-04,4206,52.73,504,29.4,,0.0,,0.0,0.781,-18.4,0.22666666666666657,0.0,0.21899999999999997,0.39199999999999996,28.05,monitoring,0
1210004,1210,12,gmina małopolskie-centralny-10-04,3868,62.36,826,33.4,,0.0,,0.0,0.804,-15.3,0.02000000000000005,0.0,0.19599999999999995,0.4453333333333333,28.05,monitoring,0
1008001,1008,10,gmina łódzkie-wschodni-08-01,6994,61.9,946,37.5,,0.0,,0.0,0.777,-13.5,0.0,0.0,0.22299999999999998,0.5,28.03,monitoring,0
3021003,3021,30,gmina wielkopolskie-zachodni-21-03,2520,61.87,501,36.0,,0.0,,0.0,0.78,-15.1,0.006666666666666643,0.0,0.21999999999999997,0.48,28.01,monitoring,0
1020007,1020,10,gmina łódzkie-wschodni-20-07,8546,59.19,1324,46.2,,0.0,,0.0,0.783,-15.4,0.02666666666666669,0.0,0.21699999999999997,0.616,28.01,monitoring,0
0221004,0221,2,gmina dolnośląskie-zachodni-21-04,2529,58.36,365,45.8,,0.0,,0.0,0.6930000000000001,-12.3,0.0,0.0,0.30699999999999994,0.6106666666666666,27.99,monitoring,0
3202002,3202,32,gmina zachodniopomorskie-wschodni-02-02,10712,61.28,1672,47.4,,0.0,,0.0,0.8300000000000001,-14.7,0.0,0.0,0.16999999999999993,0.632,27.98,monitoring,0
0214003,0214,2,gmina dolnośląskie-wschodni-14-03,5296,60.44,825,31.8,,0.0,,0.0,0.772,-15.7,0.04666666666666662,0.0,0.22799999999999998,0.424,27.98,monitoring,0
1202001,1202,12,gmina małopolskie-wschodni-02-01,17015,53.44,2210,22.1,,0.0,,0.0,0.739,-18.2,0.2133333333333333,0.0,0.261,0.2946666666666667,27.97,monitoring,0
0401001,0401,4,gmina kujawsko-pomorskie-południowy-01-01,21551,52.26,2931,28.3,,0.0,,0.0,0.8300000000000001,-18.9,0.2599999999999999,0.0,0.16999999999999993,0.37733333333333335,27.96,monitoring,0
1604004,1604,16,gmina opolskie-centralny-04-04,5647,60.15,712,27.0,,0.0,,0.0,0.8210000000000001,-16.4,0.09333333333333324,0.0,0.17899999999999994,0.36,27.95,monitoring,0
2402004,2402,24,gmina śląskie-wschodni-02-04,4837,61.48,948,30.6,,0.0,,0.0,0.732,-15.1,0.006666666666666643,0.0,0.268,0.40800000000000003,27.93,monitoring,0
3005001,3005,30,gmina wielkopolskie-miejski-05-01,9468,62.38,1829,29.5,,0.0,,0.0,0.749,-14.5,0.0,0.0,0.251,0.3933333333333333,27.93,monitoring,0
2420004,2420,24,gmina śląskie-wschodni-20-04,6662,60.73,1088,41.2,,0.0,,0.0,0.795,-15.2,0.013333333333333286,0.0,0.20499999999999996,0.5493333333333333,27.91,monitoring,0
1214006,1214,12,gmina małopolskie-wschodni-14-06,7705,56.46,1096,37.7,,0.0,,0.0,0.896,-17.5,0.16666666666666666,0.0,0.10399999999999998,0.5026666666666667,27.9,monitoring,0
1023002,1023,10,gmina łódzkie-miejski-23-02,4250,60.74,611,35.4,,0.0,,0.0,0.798,-15.5,0.03333333333333333,0.0,0.20199999999999996,0.472,27.86,monitoring,0
0220006,0220,2,gmina dolnośląskie-wschodni-20-06,3898,61.34,631,28.7,,0.0,,0.0,0.709,-13.9,0.0,0.0,0.29100000000000004,0.38266666666666665,27.84,monitoring,0
3012003,3012,30,gmina wielkopolskie-północny-12-03,11671,60.73,1676,40.6,,0.0,,0.0,0.775,-13.3,0.0,0.0,0.22499999999999998,0.5413333333333333,27.81,monitoring,0
1806005,1806,18,gmina podkarpackie-północny-06-05,7353,51.77,1057,35.3,,0.0,,0.0,0.785,-18.2,0.2133333333333333,0.0,0.21499999999999997,0.4706666666666666,27.8,monitoring,0
0412002,0412,4,gmina kujawsko-pomorskie-północny-12-02,8878,60.65,1533,37.4,,0.0,,0.0,0.803,-15.4,0.02666666666666669,0.0,0.19699999999999995,0.49866666666666665,27.79,monitoring,0
0813005,0813,8,gmina lubuskie-południowy-13-05,14750,57.69,2232,18.0,,0.0,,0.0,0.71,-16.7,0.11333333333333329,0.0,0.29000000000000004,0.24,27.77,monitoring,0
0809007,0809,8,gmina lubuskie-zachodni-09-07,4612,60.21,698,36.1,,0.0,,0.0,0.792,-15.5,0.03333333333333333,0.0,0.20799999999999996,0.48133333333333334,27.76,monitoring,0
3012006,3012,30,gmina wielkopolskie-północny-12-06,3824,61.92,568,37.3,,0.0,,0.0,0.808,-13.3,0.0,0.0,0.19199999999999995,0.4973333333333333,27.74,monitoring,0
0401004,0401,4,gmina kujawsko-pomorskie-południowy-01-04,9688,52.48,1440,30.5,,0.0,,0.0,0.881,-18.9,0.2599999999999999,0.0,0.119,0.4066666666666667,27.73,monitoring,0
1804004,1804,18,gmina podkarpackie-centralny-04-04,5033,60.07,851,29.5,,0.0,,0.0,0.796,-15.9,0.060000000000000026,0.0,0.20399999999999996,0.3933333333333333,27.71,monitoring,0
1815002,1815,18,gmina podkarpackie-zachodni-15-02,17470,63.33,3472,29.4,,0.0,,0.0,0.8130000000000001,-15.0,0.0,0.0,0.18699999999999994,0.39199999999999996,27.71,monitoring,0
1205004,1205,12,gmina małopolskie-miejski-05-04,15309,61.04,2317,31.0,,0.0,,0.0,0.782,-15.4,0.02666666666666669,0.0,0.21799999999999997,0.41333333333333333,27.7,monitoring,0
1216004,1216,12,gmina małopolskie-centralny-16-04,9073,58.66,1542,43.6,,0.0,,0.0,0.789,-15.5,0.03333333333333333,0.0,0.21099999999999997,0.5813333333333334,27.7,monitoring,0
3033004,3033,30,gmina wielkopolskie-zachodni-33-04,4932,58.82,717,52.6,,0.0,,0.0,0.797,-12.2,0.0,0.0,0.20299999999999996,0.7013333333333334,27.69,monitoring,0
1818001,1818,18,gmina podkarpackie-północny-18-01,5408,60.84,888,28.2,,0.0,,0.0,0.7010000000000001,-14.5,0.0,0.0,0.29899999999999993,0.376,27.69,monitoring,0
0402007,0402,4,gmina kujawsko-pomorskie-wschodni-02-07,5918,60.3,1010,34.9,,0.0,,0.0,0.729,-14.8,0.0,0.0,0.271,0.4653333333333333,27.68,monitoring,0
3026001,3026,30,gmina wielkopolskie-wschodni-26-01,9371,61.89,1711,33.9,,0.0,,0.0,0.789,-13.5,0.0,0.0,0.21099999999999997,0.45199999999999996,27.68,monitoring,0
2401005,2401,24,gmina śląskie-południowy-01-05,5789,59.64,1100,43.8,,0.0,,0.0,0.781,-15.1,0.006666666666666643,0.0,0.21899999999999997,0.584,27.67,monitoring,0
2219005,2219,22,gmina pomorskie-południowy-19-05,7068,54.78,1191,25.8,,0.0,,0.0,0.75,-17.4,0.1599999999999999,0.0,0.25,0.34400000000000003,27.67,monitoring,0
0201005,0201,2,gmina dolnośląskie-południowy-01-05,4113,55.65,657,37.1,,0.0,,0.0,0.885,-17.5,0.16666666666666666,0.0,0.11499999999999999,0.4946666666666667,27.66,monitoring,0
3020005,3020,30,gmina wielkopolskie-wschodni-20-05,12085,53.45,2253,28.8,,0.0,,0.0,0.88,-18.6,0.2400000000000001,0.0,0.12,0.384,27.63,monitoring,0
0803001,0803,8,gmina lubuskie-zachodni-03-01,9786,62.92,1770,27.8,,0.0,,0.0,0.794,-15.0,0.0,0.0,0.20599999999999996,0.3706666666666667,27.62,monitoring,0
2603003,2603,26,gmina świętokrzyskie-zachodni-03-03,3301,55.67,519,28.4,,0.0,,0.0,0.8280000000000001,-17.5,0.16666666666666666,0.0,0.17199999999999993,0.37866666666666665,27.6,monitoring,0
2426002,2426,24,gmina śląskie-wschodni-26-02,12205,57.32,1831,33.8,,0.0,,0.0,0.79,-16.4,0.09333333333333324,0.0,0.20999999999999996,0.4506666666666666,27.6,monitoring,0
2410004,2410,24,gmina śląskie-centralny-10-04,5485,58.87,757,35.4,,0.0,,0.0,0.791,-15.8,0.05333333333333338,0.0,0.20899999999999996,0.472,27.57,monitoring,0
0423003,0423,4,gmina kujawsko-pomorskie-miejski-23-03,3225,53.7,536,20.0,,0.0,,0.0,0.753,-18.0,0.2,0.0,0.247,0.26666666666666666,27.56,monitoring,0
2201006,2201,22,gmina pomorskie-południowy-01-06,5024,60.47,818,28.6,,0.0,,0.0,0.704,-13.3,0.0,0.0,0.29600000000000004,0.38133333333333336,27.55,monitoring,0
2429005,2429,24,gmina śląskie-miejski-29-05,44677,60.55,7258,33.6,,0.0,,0.0,0.799,-15.4,0.02666666666666669,0.0,0.20099999999999996,0.448,27.54,monitoring,0
3006001,3006,30,gmina wielkopolskie-północny-06-01,12154,60.93,2085,31.1,,0.0,,0.0,0.744,-13.9,0.0,0.0,0.256,0.4146666666666667,27.53,monitoring,0
3001006,3001,30,gmina wielkopolskie-południowy-01-06,7778,55.89,1354,35.8,,0.0,,0.0,0.836,-17.0,0.13333333333333333,0.0,0.16400000000000003,0.4773333333333333,27.5,monitoring,0
3024004,3024,30,gmina wielkopolskie-północny-24-04,12877,61.37,2458,34.2,,0.0,,0.0,0.792,-15.0,0.0,0.0,0.20799999999999996,0.456,27.47,monitoring,0
0802001,0802,8,gmina lubuskie-wschodni-02-01,1800,58.53,289,40.8,,0.0,,0.0,0.726,-14.4,0.0,0.0,0.274,0.5439999999999999,27.43,monitoring,0
2404002,2404,24,gmina śląskie-centralny-04-02,5789,58.61,851,29.0,,0.0,,0.0,0.655,-15.1,0.006666666666666643,0.0,0.345,0.38666666666666666,27.43,monitoring,0
0207006,0207,2,gmina dolnośląskie-południowy-07-06,10274,49.85,1445,28.8,,0.0,,0.0,0.687,-18.1,0.20666666666666675,0.0,0.31299999999999994,0.384,27.4,monitoring,0
2423006,2423,24,gmina śląskie-miejski-23-06,3630,53.17,596,31.4,,0.0,,0.0,0.715,-17.1,0.1400000000000001,0.0,0.28500000000000003,0.41866666666666663,27.38,monitoring,0
0209006,0209,2,gmina dolnośląskie-zachodni-09-06,8118,60.23,1449,37.1,,0.0,,0.0,0.778,-14.7,0.0,0.0,0.22199999999999998,0.4946666666666667,27.36,monitoring,0
0230004,0230,2,gmina dolnośląskie-północny-30-04,11397,54.17,1715,41.8,,0.0,,0.0,0.797,-16.8,0.12000000000000005,0.0,0.20299999999999996,0.5573333333333333,27.36,monitoring,0
3007001,3007,30,gmina wielkopolskie-południowy-07-01,8059,55.01,1145,32.5,,0.0,,0.0,0.8210000000000001,-17.2,0.1466666666666666,0.0,0.17899999999999994,0.43333333333333335,27.32,monitoring,0
1004005,1004,10,gmina łódzkie-centralny-04-05,4233,53.95,617,44.5,,0.0,,0.0,0.746,-16.3,0.08666666666666671,0.0,0.254,0.5933333333333334,27.31,monitoring,0
0416002,0416,4,gmina kujawsko-pomorskie-centralny-16-02,10888,53.4,1422,26.4,,0.0,,0.0,0.754,-17.5,0.16666666666666666,0.0,0.246,0.352,27.27,monitoring,0
0216003,0216,2,gmina dolnośląskie-centralny-16-03,11849,60.59,2157,25.7,,0.0,,0.0,0.749,-15.2,0.013333333333333286,0.0,0.251,0.3426666666666667,27.24,monitoring,0
0220001,0220,2,gmina dolnośląskie-wschodni-20-01,9002,58.55,1180,30.2,,0.0,,0.0,0.669,-13.9,0.0,0.0,0.33099999999999996,0.4026666666666667,27.24,monitoring,0
1812002,1812,18,gmina podkarpackie-północny-12-02,11934,52.37,1472,22.2,,0.0,,0.0,0.802,-18.4,0.22666666666666657,0.0,0.19799999999999995,0.296,27.24,monitoring,0
1604003,1604,16,gmina opolskie-centralny-04-03,14390,59.09,2426,19.6,,0.0,,0.0,0.806,-16.4,0.09333333333333324,0.0,0.19399999999999995,0.26133333333333336,27.19,monitoring,0
3016001,3016,30,gmina wielkopolskie-centralny-16-01,11082,53.07,1889,25.8,,0.0,,0.0,0.785,-17.8,0.1866666666666667,0.0,0.21499999999999997,0.34400000000000003,27.18,monitoring,0
1812004,1812,18,gmina podkarpackie-północny-12-04,9902,50.2,1291,30.2,,0.0,,0.0,0.779,-18.4,0.22666666666666657,0.0,0.22099999999999997,0.4026666666666667,27.16,monitoring,0
1023001,1023,10,gmina łódzkie-miejski-23-01,2971,58.98,537,40.8,,0.0,,0.0,0.841,-15.5,0.03333333333333333,0.0,0.15900000000000003,0.5439999999999999,27.16,monitoring,0
0404007,0404,4,gmina kujawsko-pomorskie-centralny-04-07,26365,52.51,3530,29.3,,0.0,,0.0,0.884,-18.5,0.23333333333333334,0.0,0.11599999999999999,0.39066666666666666,27.15,monitoring,0
2436002,2436,24,gmina śląskie-północny-36-02,8753,56.58,1158,41.9,,0.0,,0.0,0.75,-15.5,0.03333333333333333,0.0,0.25,0.5586666666666666,27.14,monitoring,0
3027002,3027,30,gmina wielkopolskie-zachodni-27-02,6962,49.6,1042,39.5,,0.0,,0.0,0.866,-18.7,0.24666666666666662,0.0,0.134,0.5266666666666666,27.13,monitoring,0
3013003,3013,30,gmina wielkopolskie-południowy-13-03,61558,55.53,7024,18.1,,0.0,,0.0,0.718,-16.9,0.12666666666666657,0.0,0.28200000000000003,0.24133333333333334,27.13,monitoring,0
0202002,0202,2,gmina dolnośląskie-wschodni-02-02,11125,59.03,2224,21.6,,0.0,,0.0,0.812,-16.3,0.08666666666666671,0.0,0.18799999999999994,0.28800000000000003,27.12,monitoring,0
1002007,1002,10,gmina łódzkie-wschodni-02-07,7015,54.79,1110,24.2,,0.0,,0.0,0.799,-17.4,0.1599999999999999,0.0,0.20099999999999996,0.32266666666666666,27.12,monitoring,0
1611006,1611,16,gmina opolskie-miejski-11-06,13114,58.97,1856,46.6,,0.0,,0.0,0.8230000000000001,-14.6,0.0,0.0,0.17699999999999994,0.6213333333333334,27.11,monitoring,0
3209004,3209,32,gmina zachodniopomorskie-zachodni-09-04,15870,54.19,2506,24.0,,0.0,,0.0,0.764,-17.3,0.15333333333333338,0.0,0.236,0.32,27.08,monitoring,0
1011002,1011,10,gmina łódzkie-miejski-11-02,2498,51.68,360,22.1,,0.0,,0.0,0.804,-18.5,0.23333333333333334,0.0,0.19599999999999995,0.2946666666666667,27.08,monitoring,0
2421006,2421,24,gmina śląskie-zachodni-21-06,15402,51.16,1920,40.0,,0.0,,0.0,0.718,-17.0,0.13333333333333333,0.0,0.28200000000000003,0.5333333333333333,27.05,monitoring,0
0410007,0410,4,gmina kujawsko-pomorskie-centralny-10-07,5719,60.26,1020,38.4,,0.0,,0.0,0.8240000000000001,-14.4,0.0,0.0,0.17599999999999993,0.512,27.04,monitoring,0
0222002,0222,2,gmina dolnośląskie-centralny-22-02,6927,58.55,1054,23.9,,0.0,,0.0,0.752,-15.8,0.05333333333333338,0.0,0.248,0.31866666666666665,27.03,monitoring,0
0419005,0419,4,gmina kujawsko-pomorskie-południowy-19-05,6900,58.9,1009,42.7,,0.0,,0.0,0.802,-13.9,0.0,0.0,0.19799999999999995,0.5693333333333334,27.01,monitoring,0
2428003,2428,24,gmina śląskie-centralny-28-03,3902,53.74,603,37.1,,0.0,,0.0,0.8240000000000001,-17.1,0.1400000000000001,0.0,0.17599999999999993,0.4946666666666667,27.0,monitoring,0
2215005,2215,22,gmina pomorskie-zachodni-15-05,10072,61.67,1621,29.1,,0.0,,0.0,0.8230000000000001,-13.2,0.0,0.0,0.17699999999999994,0.388,26.97,monitoring,0
3211003,3211,32,gmina zachodniopomorskie-miejski-11-03,21752,55.98,3584,33.4,,0.0,,0.0,0.8160000000000001,-16.5,0.1,0.0,0.18399999999999994,0.4453333333333333,26.96,monitoring,0
2210003,2210,22,gmina pomorskie-centralny-10-03,6461,57.99,958,32.1,,0.0,,0.0,0.732,-15.3,0.02000000000000005,0.0,0.268,0.428,26.95,monitoring,0
3214002,3214,32,gmina zachodniopomorskie-wschodni-14-02,4915,59.76,717,34.7,,0.0,,0.0,0.788,-14.9,0.0,0.0,0.21199999999999997,0.4626666666666667,26.93,monitoring,0
1602005,1602,16,gmina opolskie-wschodni-02-05,5159,54.93,842,21.2,,0.0,,0.0,0.738,-16.9,0.12666666666666657,0.0,0.262,0.2826666666666667,26.92,monitoring,0
2417004,2417,24,gmina śląskie-miejski-17-04,8140,60.46,1626,29.9,,0.0,,0.0,0.785,-13.9,0.0,0.0,0.21499999999999997,0.39866666666666667,26.9,monitoring,0
0810005,0810,8,gmina lubuskie-centralny-10-05,12418,57.66,1723,43.2,,0.0,,0.0,0.767,-14.9,0.0,0.0,0.23299999999999998,0.5760000000000001,26.89,monitoring,0
2203005,2203,22,gmina pomorskie-zachodni-03-05,6552,57.94,982,35.3,,0.0,,0.0,0.722,-12.9,0.0,0.0,0.278,0.4706666666666666,26.87,monitoring,0
1010006,1010,10,gmina łódzkie-centralny-10-06,7293,61.82,1410,30.1,,0.0,,0.0,0.848,-13.0,0.0,0.0,0.15200000000000002,0.4013333333333334,26.87,monitoring,0
1816006,1816,18,gmina podkarpackie-centralny-16-06,6556,60.17,932,34.0,,0.0,,0.0,0.809,-14.8,0.0,0.0,0.19099999999999995,0.4533333333333333,26.85,monitoring,0
0814006,0814,8,gmina lubuskie-wschodni-14-06,15148,59.54,2891,26.0,,0.0,,0.0,0.768,-15.3,0.02000000000000005,0.0,0.23199999999999998,0.3466666666666667,26.81,monitoring,0
0412007,0412,4,gmina kujawsko-pomorskie-północny-12-07,4312,56.47,670,32.6,,0.0,,0.0,0.7000000000000001,-15.4,0.02666666666666669,0.0,0.29999999999999993,0.4346666666666667,26.81,monitoring,0
2212005,2212,22,gmina pomorskie-północny-12-05,3397,57.74,590,31.6,,0.0,,0.0,0.8,-15.8,0.05333333333333338,0.0,0.19999999999999996,0.42133333333333334,26.81,monitoring,0
2409002,2409,24,gmina śląskie-zachodni-09-02,4056,52.08,560,32.4,,0.0,,0.0,0.715,-16.9,0.12666666666666657,0.0,0.28500000000000003,0.432,26.8,monitoring,0
0807003,0807,8,gmina lubuskie-południowy-07-03,51522,59.29,8308,7.0,,0.0,,0.0,0.797,-16.6,0.10666666666666676,0.0,0.20299999999999996,0.09333333333333334,26.74,monitoring,0
3017001,3017,30,gmina wielkopolskie-miejski-17-01,9586,54.61,1359,33.5,,0.0,,0.0,0.746,-16.2,0.07999999999999995,0.0,0.254,0.44666666666666666,26.71,monitoring,0
0810004,0810,8,gmina lubuskie-centralny-10-04,5518,59.26,845,24.2,,0.0,,0.0,0.714,-14.9,0.0,0.0,0.28600000000000003,0.32266666666666666,26.71,monitoring,0
1610001,1610,16,gmina opolskie-centralny-10-01,30909,56.36,5240,25.4,,0.0,,0.0,0.851,-16.8,0.12000000000000005,0.0,0.14900000000000002,0.33866666666666667,26.61,monitoring,0
0408006,0408,4,gmina kujawsko-pomorskie-wschodni-08-06,2383,59.83,342,32.7,,0.0,,0.0,0.8140000000000001,-12.8,0.0,0.0,0.18599999999999994,0.43600000000000005,26.59,monitoring,0
0418001,0418,4,gmina kujawsko-pomorskie-północny-18-01,3387,59.67,570,36.3,,0.0,,0.0,0.836,-14.4,0.0,0.0,0.16400000000000003,0.484,26.57,monitoring,0
3204002,3204,32,gmina zachodniopomorskie-centralny-04-02,5627,56.4,797,29.7,,0.0,,0.0,0.704,-15.4,0.02666666666666669,0.0,0.29600000000000004,0.39599999999999996,26.56,monitoring,0
0422003,0422,4,gmina kujawsko-pomorskie-centralny-22-03,4549,51.53,592,28.8,,0.0,,0.0,0.838,-18.0,0.2,0.0,0.16200000000000003,0.384,26.56,monitoring,0
0404001,0404,4,gmina kujawsko-pomorskie-centralny-04-01,5805,46.77,923,32.6,,0.0,,0.0,0.734,-18.5,0.23333333333333334,0.0,0.266,0.4346666666666667,26.54,monitoring,0
2429006,2429,24,gmina śląskie-miejski-29-06,4378,57.75,777,31.4,,0.0,,0.0,0.777,-15.4,0.02666666666666669,0.0,0.22299999999999998,0.41866666666666663,26.53,monitoring,0
2424002,2424,24,gmina śląskie-północny-24-02,11531,55.9,1567,38.6,,0.0,,0.0,0.781,-15.6,0.03999999999999997,0.0,0.21899999999999997,0.5146666666666667,26.51,monitoring,0
2601003,2601,26,gmina świętokrzyskie-południowy-01-03,9942,50.63,1492,28.6,,0.0,,0.0,0.806,-18.0,0.2,0.0,0.19399999999999995,0.38133333333333336,26.49,monitoring,0
2206002,2206,22,gmina pomorskie-północny-06-02,4039,58.76,792,24.5,,0.0,,0.0,0.747,-15.2,0.013333333333333286,0.0,0.253,0.32666666666666666,26.48,monitoring,0
1605003,1605,16,gmina opolskie-miejski-05-03,5559,55.1,748,19.3,,0.0,,0.0,0.8240000000000001,-17.2,0.1466666666666666,0.0,0.17599999999999993,0.25733333333333336,26.45,monitoring,0
0808002,0808,8,gmina lubuskie-wschodni-08-02,51670,61.35,7477,26.7,,0.0,,0.0,0.852,-14.1,0.0,0.0,0.14800000000000002,0.356,26.43,monitoring,0
1814001,1814,18,gmina podkarpackie-wschodni-14-01,3009,57.73,535,17.4,,0.0,,0.0,0.725,-15.7,0.04666666666666662,0.0,0.275,0.23199999999999998,26.41,monitoring,0
2410002,2410,24,gmina śląskie-centralny-10-02,3708,54.25,700,32.7,,0.0,,0.0,0.705,-15.8,0.05333333333333338,0.0,0.29500000000000004,0.43600000000000005,26.41,monitoring,0
1216006,1216,12,gmina małopolskie-centralny-16-06,4321,58.83,701,30.0,,0.0,,0.0,0.84,-15.5,0.03333333333333333,0.0,0.16000000000000003,0.4,26.4,monitoring,0
1810004,1810,18,gmina podkarpackie-centralny-10-04,19779,52.11,3264,25.6,,0.0,,0.0,0.936,-18.6,0.2400000000000001,0.0,0.06399999999999995,0.3413333333333334,26.4,monitoring,0
0405003,0405,4,gmina kujawsko-pomorskie-miejski-05-03,5839,51.2,878,27.1,,0.0,,0.0,0.8290000000000001,-18.0,0.2,0.0,0.17099999999999993,0.36133333333333334,26.4,monitoring,0
3210002,3210,32,gmina zachodniopomorskie-centralny-10-02,45489,54.43,7645,19.2,,0.0,,0.0,0.708,-16.5,0.1,0.0,0.29200000000000004,0.256,26.39,monitoring,0
0409006,0409,4,gmina kujawsko-pomorskie-zachodni-09-06,4635,48.53,772,34.5,,0.0,,0.0,0.8150000000000001,-18.3,0.22000000000000006,0.0,0.18499999999999994,0.46,26.37,monitoring,0
2426004,2426,24,gmina śląskie-wschodni-26-04,8967,55.19,1401,23.7,,0.0,,0.0,0.765,-16.4,0.09333333333333324,0.0,0.235,0.316,26.35,monitoring,0
2201003,2201,22,gmina pomorskie-południowy-01-03,9141,55.61,1510,37.1,,0.0,,0.0,0.7000000000000001,-13.3,0.0,0.0,0.29999999999999993,0.4946666666666667,26.31,monitoring,0
2426005,2426,24,gmina śląskie-wschodni-26-05,10180,52.96,1281,32.7,,0.0,,0.0,0.745,-16.4,0.09333333333333324,0.0,0.255,0.43600000000000005,26.28,monitoring,0
3023004,3023,30,gmina wielkopolskie-miejski-23-04,3571,52.96,596,25.2,,0.0,,0.0,0.876,-17.8,0.1866666666666667,0.0,0.124,0.33599999999999997,26.28,monitoring,0
0808005,0808,8,gmina lubuskie-wschodni-08-05,12890,56.52,1870,34.5,,0.0,,0.0,0.725,-14.1,0.0,0.0,0.275,0.46,26.25,monitoring,0
0407006,0407,4,gmina kujawsko-pomorskie-południowy-07-06,4404,53.03,612,18.9,,0.0,,0.0,0.85,-17.9,0.19333333333333325,0.0,0.15000000000000002,0.252,26.24,monitoring,0
2216005,2216,22,gmina pomorskie-centralny-16-05,6353,57.87,1083,32.1,,0.0,,0.0,0.806,-15.3,0.02000000000000005,0.0,0.19399999999999995,0.428,26.24,monitoring,0
0808004,0808,8,gmina lubuskie-wschodni-08-04,17216,59.22,2636,35.4,,0.0,,0.0,0.848,-14.1,0.0,0.0,0.15200000000000002,0.472,26.23,monitoring,0
1612004,1612,16,gmina opolskie-północny-12-04,22439,54.43,3743,22.5,,0.0,,0.0,0.713,-16.2,0.07999999999999995,0.0,0.28700000000000003,0.3,26.21,monitoring,0
2218001,2218,22,gmina pomorskie-północny-18-01,13233,59.56,2186,26.7,,0.0,,0.0,0.802,-14.8,0.0,0.0,0.19799999999999995,0.356,26.19,monitoring,0
1201001,1201,12,gmina małopolskie-południowy-01-01,60591,61.4,7496,5.0,,0.0,,0.0,0.735,-15.1,0.006666666666666643,0.0,0.265,0.06666666666666667,26.17,monitoring,0
0411004,0411,4,gmina kujawsko-pomorskie-miejski-11-04,9170,55.44,1303,28.7,,0.0,,0.0,0.795,-16.1,0.07333333333333343,0.0,0.20499999999999996,0.38266666666666665,26.15,monitoring,0
1210005,1210,12,gmina małopolskie-centralny-10-05,90137,60.45,10356,21.2,,0.0,,0.0,0.844,-15.3,0.02000000000000005,0.0,0.15600000000000003,0.2826666666666667,26.15,monitoring,0
0405007,0405,4,gmina kujawsko-pomorskie-miejski-05-07,3314,50.17,508,21.1,,0.0,,0.0,0.772,-18.0,0.2,0.0,0.22799999999999998,0.2813333333333334,26.12,monitoring,0
1603002,1603,16,gmina opolskie-zachodni-03-02,6682,57.89,1171,40.5,,0.0,,0.0,0.845,-14.3,0.0,0.0,0.15500000000000003,0.54,26.09,monitoring,0
2408001,2408,24,gmina śląskie-wschodni-08-01,11222,54.13,1981,29.0,,0.0,,0.0,0.805,-16.5,0.1,0.0,0.19499999999999995,0.38666666666666666,26.06,monitoring,0
0812007,0812,8,gmina lubuskie-północny-12-07,13894,51.62,1664,26.8,,0.0,,0.0,0.776,-17.2,0.1466666666666666,0.0,0.22399999999999998,0.35733333333333334,26.06,monitoring,0
2602002,2602,26,gmina świętokrzyskie-wschodni-02-02,2943,56.84,497,40.3,,0.0,,0.0,0.8320000000000001,-15.2,0.013333333333333286,0.0,0.16799999999999993,0.5373333333333333,26.04,monitoring,0
0224001,0224,2,gmina dolnośląskie-północny-24-01,7140,58.56,1217,28.5,,0.0,,0.0,0.79,-15.0,0.0,0.0,0.20999999999999996,0.38,26.04,monitoring,0
0803007,0803,8,gmina lubuskie-zachodni-03-07,9232,57.22,1335,32.0,,0.0,,0.0,0.761,-15.0,0.0,0.0,0.239,0.4266666666666667,26.03,monitoring,0
0202003,0202,2,gmina dolnośląskie-wschodni-02-03,49877,56.35,6413,16.7,,0.0,,0.0,0.784,-16.3,0.08666666666666671,0.0,0.21599999999999997,0.22266666666666665,26.03,monitoring,0
1803006,1803,18,gmina podkarpackie-zachodni-03-06,2893,54.09,442,21.2,,0.0,,0.0,0.656,-15.8,0.05333333333333338,0.0,0.344,0.2826666666666667,26.02,monitoring,0
1211007,1211,12,gmina małopolskie-miejski-11-07,13877,58.09,2446,9.5,,0.0,,0.0,0.78,-16.1,0.07333333333333343,0.0,0.21999999999999997,0.12666666666666668,26.01,monitoring,0
1609002,1609,16,gmina opolskie-zachodni-09-02,7158,50.68,1029,31.8,,0.0,,0.0,0.805,-17.4,0.1599999999999999,0.0,0.19499999999999995,0.424,26.01,monitoring,0
1205001,1205,12,gmina małopolskie-miejski-05-01,7336,55.48,1067,37.2,,0.0,,0.0,0.783,-15.4,0.02666666666666669,0.0,0.21699999999999997,0.49600000000000005,26.0,monitoring,0
3031003,3031,30,gmina wielkopolskie-południowy-31-03,43356,56.09,6073,21.9,,0.0,,0.0,0.8150000000000001,-16.3,0.08666666666666671,0.0,0.18499999999999994,0.292,26.0,monitoring,0
2419005,2419,24,gmina śląskie-południowy-19-05,45366,52.6,7810,25.8,,0.0,,0.0,0.806,-17.1,0.1400000000000001,0.0,0.19399999999999995,0.34400000000000003,25.97,monitoring,0
2421002,2421,24,gmina śląskie-zachodni-21-02,73957,55.04,10019,19.2,,0.0,,0.0,0.85,-17.0,0.13333333333333333,0.0,0.15000000000000002,0.256,25.95,monitoring,0
0410006,0410,4,gmina kujawsko-pomorskie-centralny-10-06,12341,58.12,2134,21.3,,0.0,,0.0,0.734,-14.4,0.0,0.0,0.266,0.28400000000000003,25.9,monitoring,0
0207001,0207,2,gmina dolnośląskie-południowy-07-01,7016,49.45,1249,26.3,,0.0,,0.0,0.8200000000000001,-18.1,0.20666666666666675,0.0,0.17999999999999994,0.3506666666666667,25.88,monitoring,0
2401001,2401,24,gmina śląskie-południowy-01-01,3886,56.26,629,34.1,,0.0,,0.0,0.766,-15.1,0.006666666666666643,0.0,0.23399999999999999,0.45466666666666666,25.88,monitoring,0
1205003,1205,12,gmina małopolskie-miejski-05-03,16102,55.23,2826,32.5,,0.0,,0.0,0.752,-15.4,0.02666666666666669,0.0,0.248,0.43333333333333335,25.87,monitoring,0
1819001,1819,18,gmina podkarpackie-południowy-19-01,3297,59.15,553,30.4,,0.0,,0.0,0.849,-14.5,0.0,0.0,0.15100000000000002,0.4053333333333333,25.86,monitoring,0
0420002,0420,4,gmina kujawsko-pomorskie-wschodni-20-02,34525,58.7,4670,25.9,,0.0,,0.0,0.798,-14.7,0.0,0.0,0.20199999999999996,0.3453333333333333,25.85,monitoring,0
2607003,2607,26,gmina świętokrzyskie-południowy-07-03,6793,51.33,1111,29.3,,0.0,,0.0,0.741,-16.7,0.11333333333333329,0.0,0.259,0.39066666666666666,25.83,monitoring,0
2430001,2430,24,gmina śląskie-północny-30-01,10404,57.24,1697,20.6,,0.0,,0.0,0.8200000000000001,-15.9,0.060000000000000026,0.0,0.17999999999999994,0.27466666666666667,25.82,monitoring,0
3008004,3008,30,gmina wielkopolskie-wschodni-08-04,23836,49.78,3428,26.3,,0.0,,0.0,0.685,-16.9,0.12666666666666657,0.0,0.31499999999999995,0.3506666666666667,25.78,monitoring,0
3011002,3011,30,gmina wielkopolskie-miejski-11-02,5927,56.3,866,34.7,,0.0,,0.0,0.8230000000000001,-15.4,0.02666666666666669,0.0,0.17699999999999994,0.4626666666666667,25.78,monitoring,0
0811003,0811,8,gmina lubuskie-miejski-11-03,4868,59.25,822,25.6,,0.0,,0.0,0.8280000000000001,-13.8,0.0,0.0,0.17199999999999993,0.3413333333333334,25.77,monitoring,0
1211002,1211,12,gmina małopolskie-miejski-11-02,5083,53.8,769,32.4,,0.0,,0.0,0.795,-16.1,0.07333333333333343,0.0,0.20499999999999996,0.432,25.77,monitoring,0
3012002,3012,30,gmina wielkopolskie-północny-12-02,16460,55.33,2076,44.4,,0.0,,0.0,0.802,-13.3,0.0,0.0,0.19799999999999995,0.592,25.77,monitoring,0
3001003,3001,30,gmina wielkopolskie-południowy-01-03,9171,52.5,1398,22.8,,0.0,,0.0,0.791,-17.0,0.13333333333333333,0.0,0.20899999999999996,0.304,25.75,monitoring,0
3219002,3219,32,gmina zachodniopomorskie-południowy-19-02,14323,57.13,2550,11.0,,0.0,,0.0,0.767,-16.0,0.06666666666666667,0.0,0.23299999999999998,0.14666666666666667,25.74,monitoring,0
0225002,0225,2,gmina dolnośląskie-południowy-25-02,31160,51.05,3203,21.8,,0.0,,0.0,0.764,-17.3,0.15333333333333338,0.0,0.236,0.2906666666666667,25.74,monitoring,0
3206005,3206,32,gmina zachodniopomorskie-północny-06-05,92931,60.65,12723,9.8,,0.0,,0.0,0.881,-15.8,0.05333333333333338,0.0,0.119,0.13066666666666668,25.73,monitoring,0
3001002,3001,30,gmina wielkopolskie-południowy-01-02,4266,51.26,540,22.8,,0.0,,0.0,0.742,-17.0,0.13333333333333333,0.0,0.258,0.304,25.72,monitoring,0
2434004,2434,24,gmina śląskie-centralny-34-04,21392,54.26,3388,26.3,,0.0,,0.0,0.71,-15.6,0.03999999999999997,0.0,0.29000000000000004,0.3506666666666667,25.7,monitoring,0
2411002,2411,24,gmina śląskie-miejski-11-02,29231,56.54,3909,24.6,,0.0,,0.0,0.847,-16.0,0.06666666666666667,0.0,0.15300000000000002,0.328,25.7,monitoring,0
0201004,0201,2,gmina dolnośląskie-południowy-01-04,9492,50.04,1307,25.9,,0.0,,0.0,0.783,-17.5,0.16666666666666666,0.0,0.21699999999999997,0.3453333333333333,25.69,monitoring,0
1812003,1812,18,gmina podkarpackie-północny-12-03,17861,47.59,2608,29.8,,0.0,,0.0,0.8300000000000001,-18.4,0.22666666666666657,0.0,0.16999999999999993,0.3973333333333333,25.68,monitoring,0
1222006,1222,12,gmina małopolskie-centralny-22-06,1800,56.28,266,24.6,,0.0,,0.0,0.705,-12.1,0.0,0.0,0.29500000000000004,0.328,25.68,monitoring,0
3204005,3204,32,gmina zachodniopomorskie-centralny-04-05,7322,53.44,1025,33.2,,0.0,,0.0,0.705,-15.4,0.02666666666666669,0.0,0.29500000000000004,0.4426666666666667,25.66,monitoring,0
1813001,1813,18,gmina podkarpackie-południowy-13-01,7757,56.14,1298,28.9,,0.0,,0.0,0.734,-13.9,0.0,0.0,0.266,0.3853333333333333,25.65,monitoring,0
0423001,0423,4,gmina kujawsko-pomorskie-miejski-23-01,14873,51.93,2294,10.9,,0.0,,0.0,0.8250000000000001,-18.0,0.2,0.0,0.17499999999999993,0.14533333333333334,25.64,monitoring,0
3031001,3031,30,gmina wielkopolskie-południowy-31-01,14149,54.9,2144,25.4,,0.0,,0.0,0.8310000000000001,-16.3,0.08666666666666671,0.0,0.16899999999999993,0.33866666666666667,25.64,monitoring,0
2435004,2435,24,gmina śląskie-miejski-35-04,12431,54.31,1995,33.0,,0.0,,0.0,0.755,-15.5,0.03333333333333333,0.0,0.245,0.44,25.64,monitoring,0
1004004,1004,10,gmina łódzkie-centralny-04-04,5903,55.26,945,20.1,,0.0,,0.0,0.808,-16.3,0.08666666666666671,0.0,0.19199999999999995,0.268,25.63,monitoring,0
1012003,1012,10,gmina łódzkie-północny-12-03,66850,49.94,7980,19.6,,0.0,,0.0,0.793,-17.9,0.19333333333333325,0.0,0.20699999999999996,0.26133333333333336,25.63,monitoring,0
2214005,2214,22,gmina pomorskie-wschodni-14-05,15817,56.66,2912,26.1,,0.0,,0.0,0.795,-15.4,0.02666666666666669,0.0,0.20499999999999996,0.34800000000000003,25.6,monitoring,0
1825005,1825,18,gmina podkarpackie-południowy-25-05,5949,52.16,943,27.5,,0.0,,0.0,0.75,-16.4,0.09333333333333324,0.0,0.25,0.36666666666666664,25.58,monitoring,0
1609001,1609,16,gmina opolskie-zachodni-09-01,8734,49.0,1283,31.6,,0.0,,0.0,0.782,-17.4,0.1599999999999999,0.0,0.21799999999999997,0.42133333333333334,25.57,monitoring,0
2609001,2609,26,gmina świętokrzyskie-zachodni-09-01,5124,50.42,878,26.8,,0.0,,0.0,0.781,-17.2,0.1466666666666666,0.0,0.21899999999999997,0.35733333333333334,25.56,monitoring,0
0218005,0218,2,gmina dolnośląskie-północny-18-05,14760,50.88,2021,36.3,,0.0,,0.0,0.779,-16.5,0.1,0.0,0.22099999999999997,0.484,25.54,monitoring,0
3035005,3035,30,gmina wielkopolskie-miejski-35-05,5173,55.93,750,26.5,,0.0,,0.0,0.775,-15.4,0.02666666666666669,0.0,0.22499999999999998,0.35333333333333333,25.53,monitoring,0
0402003,0402,4,gmina kujawsko-pomorskie-wschodni-02-03,9657,56.24,1512,27.8,,0.0,,0.0,0.745,-14.8,0.0,0.0,0.255,0.3706666666666667,25.52,monitoring,0
2423001,2423,24,gmina śląskie-miejski-23-01,5885,52.52,882,21.2,,0.0,,0.0,0.8200000000000001,-17.1,0.1400000000000001,0.0,0.17999999999999994,0.2826666666666667,25.51,monitoring,0
2434001,2434,24,gmina śląskie-centralny-34-01,14332,54.63,2419,26.6,,0.0,,0.0,0.749,-15.6,0.03999999999999997,0.0,0.251,0.3546666666666667,25.51,monitoring,0
0808001,0808,8,gmina lubuskie-wschodni-08-01,11691,57.07,2269,30.8,,0.0,,0.0,0.804,-14.1,0.0,0.0,0.19599999999999995,0.4106666666666667,25.5,monitoring,0
0226004,0226,2,gmina dolnośląskie-wschodni-26-04,8672,55.57,1480,22.8,,0.0,,0.0,0.869,-16.4,0.09333333333333324,0.0,0.131,0.304,25.5,monitoring,0
3211004,3211,32,gmina zachodniopomorskie-miejski-11-04,3464,52.92,627,27.9,,0.0,,0.0,0.8130000000000001,-16.5,0.1,0.0,0.18699999999999994,0.372,25.45,monitoring,0
0211006,0211,2,gmina dolnośląskie-miejski-11-06,7366,56.28,1006,27.5,,0.0,,0.0,0.753,-13.4,0.0,0.0,0.247,0.36666666666666664,25.44,monitoring,0
1816004,1816,18,gmina podkarpackie-centralny-16-04,2756,57.52,352,20.3,,0.0,,0.0,0.753,-14.8,0.0,0.0,0.247,0.27066666666666667,25.43,monitoring,0
0411002,0411,4,gmina kujawsko-pomorskie-miejski-11-02,2956,52.72,458,29.0,,0.0,,0.0,0.762,-16.1,0.07333333333333343,0.0,0.238,0.38666666666666666,25.43,monitoring,0
0221006,0221,2,gmina dolnośląskie-zachodni-21-06,43506,58.77,6317,21.7,,0.0,,0.0,0.8190000000000001,-12.3,0.0,0.0,0.18099999999999994,0.28933333333333333,25.41,monitoring,0
1806007,1806,18,gmina podkarpackie-północny-06-07,6000,48.79,650,17.2,,0.0,,0.0,0.791,-18.2,0.2133333333333333,0.0,0.20899999999999996,0.22933333333333333,25.41,monitoring,0
1013001,1013,10,gmina łódzkie-południowy-13-01,4563,57.11,828,15.9,,0.0,,0.0,0.777,-15.5,0.03333333333333333,0.0,0.22299999999999998,0.212,25.37,monitoring,0
2209001,2209,22,gmina pomorskie-zachodni-09-01,8969,52.04,1500,27.8,,0.0,,0.0,0.72,-16.0,0.06666666666666667,0.0,0.28,0.3706666666666667,25.35,monitoring,0
3032003,3032,30,gmina wielkopolskie-wschodni-32-03,29566,50.78,5104,18.2,,0.0,,0.0,0.836,-17.8,0.1866666666666667,0.0,0.16400000000000003,0.24266666666666667,25.35,monitoring,0
3206001,3206,32,gmina zachodniopomorskie-północny-06-01,7147,54.23,1022,22.0,,0.0,,0.0,0.744,-15.8,0.05333333333333338,0.0,0.256,0.29333333333333333,25.34,monitoring,0
0219001,0219,2,gmina dolnośląskie-południowy-19-01,44063,51.41,3876,18.5,,0.0,,0.0,0.799,-17.3,0.15333333333333338,0.0,0.20099999999999996,0.24666666666666667,25.34,monitoring,0
0422002,0422,4,gmina kujawsko-pomorskie-centralny-22-02,20122,49.76,2811,10.6,,0.0,,0.0,0.766,-18.0,0.2,0.0,0.23399999999999999,0.14133333333333334,25.32,monitoring,0
1023006,1023,10,gmina łódzkie-miejski-23-06,8166,55.78,1218,29.2,,0.0,,0.0,0.8250000000000001,-15.5,0.03333333333333333,0.0,0.17499999999999993,0.3893333333333333,25.32,monitoring,0
3002004,3002,30,gmina wielkopolskie-wschodni-02-04,1833,55.67,310,20.4,,0.0,,0.0,0.783,-15.7,0.04666666666666662,0.0,0.21699999999999997,0.27199999999999996,25.31,monitoring,0
1215004,1215,12,gmina małopolskie-zachodni-15-04,6443,45.29,927,29.0,,0.0,,0.0,0.8220000000000001,-18.8,0.25333333333333335,0.0,0.17799999999999994,0.38666666666666666,25.31,monitoring,0
0222006,0222,2,gmina dolnośląskie-centralny-22-06,4028,53.35,597,24.2,,0.0,,0.0,0.728,-15.8,0.05333333333333338,0.0,0.272,0.32266666666666666,25.29,monitoring,0
1008003,1008,10,gmina łódzkie-wschodni-08-03,15822,55.67,2403,29.8,,0.0,,0.0,0.762,-13.5,0.0,0.0,0.238,0.3973333333333333,25.28,monitoring,0
3014006,3014,30,gmina wielkopolskie-wschodni-14-06,27070,54.87,5059,20.0,,0.0,,0.0,0.752,-15.7,0.04666666666666662,0.0,0.248,0.26666666666666666,25.26,monitoring,0
0422005,0422,4,gmina kujawsko-pomorskie-centralny-22-05,4893,46.13,741,27.0,,0.0,,0.0,0.743,-18.0,0.2,0.0,0.257,0.36,25.24,monitoring,0
0201003,0201,2,gmina dolnośląskie-południowy-01-03,3664,51.22,509,16.3,,0.0,,0.0,0.812,-17.5,0.16666666666666666,0.0,0.18799999999999994,0.21733333333333335,25.24,monitoring,0
1821001,1821,18,gmina podkarpackie-zachodni-21-01,8959,52.41,1473,27.1,,0.0,,0.0,0.862,-16.9,0.12666666666666657,0.0,0.138,0.36133333333333334,25.24,monitoring,0
1802002,1802,18,gmina podkarpackie-wschodni-02-02,8870,50.83,898,29.2,,0.0,,0.0,0.786,-16.7,0.11333333333333329,0.0,0.21399999999999997,0.3893333333333333,25.23,monitoring,0
2607004,2607,26,gmina świętokrzyskie-południowy-07-04,7810,49.2,1095,32.9,,0.0,,0.0,0.744,-16.7,0.11333333333333329,0.0,0.256,0.43866666666666665,25.23,monitoring,0
3025006,3025,30,gmina wielkopolskie-południowy-25-06,2253,53.12,299,29.1,,0.0,,0.0,0.8290000000000001,-16.3,0.08666666666666671,0.0,0.17099999999999993,0.388,25.22,monitoring,0
3221004,3221,32,gmina zachodniopomorskie-zachodni-21-04,61736,59.03,8151,25.9,,0.0,,0.0,0.882,-13.4,0.0,0.0,0.118,0.3453333333333333,25.22,monitoring,0
0215007,0215,2,gmina dolnośląskie-zachodni-15-07,5052,51.53,865,22.9,,0.0,,0.0,0.785,-16.8,0.12000000000000005,0.0,0.21499999999999997,0.3053333333333333,25.2,monitoring,0
3030004,3030,30,gmina wielkopolskie-północny-30-04,63026,54.8,7160,28.6,,0.0,,0.0,0.899,-16.3,0.08666666666666671,0.0,0.10099999999999998,0.38133333333333336,25.2,monitoring,0
1213004,1213,12,gmina małopolskie-południowy-13-04,29638,54.84,4366,13.3,,0.0,,0.0,0.8140000000000001,-16.5,0.1,0.0,0.18599999999999994,0.17733333333333334,25.2,monitoring,0
0813004,0813,8,gmina lubuskie-południowy-13-04,9092,49.5,893,26.3,,0.0,,0.0,0.711,-16.7,0.11333333333333329,0.0,0.28900000000000003,0.3506666666666667,25.2,monitoring,0
0228004,0228,2,gmina dolnośląskie-centralny-28-04,17035,49.06,2047,15.6,,0.0,,0.0,0.775,-17.9,0.19333333333333325,0.0,0.22499999999999998,0.208,25.19,monitoring,0
3016006,3016,30,gmina wielkopolskie-centralny-16-06,8792,49.63,1212,26.6,,0.0,,0.0,0.867,-17.8,0.1866666666666667,0.0,0.133,0.3546666666666667,25.19,monitoring,0
2411003,2411,24,gmina śląskie-miejski-11-03,56321,56.25,8343,8.3,,0.0,,0.0,0.771,-16.0,0.06666666666666667,0.0,0.22899999999999998,0.11066666666666668,25.19,monitoring,0
1824001,1824,18,gmina podkarpackie-północny-24-01,10533,54.63,1766,12.2,,0.0,,0.0,0.733,-16.0,0.06666666666666667,0.0,0.267,0.16266666666666665,25.18,monitoring,0
3221001,3221,32,gmina zachodniopomorskie-zachodni-21-01,15946,56.12,2666,39.1,,0.0,,0.0,0.864,-13.4,0.0,0.0,0.136,0.5213333333333333,25.16,monitoring,0
0208002,0208,2,gmina dolnośląskie-wschodni-08-02,22080,50.55,2438,24.8,,0.0,,0.0,0.885,-17.7,0.17999999999999997,0.0,0.11499999999999999,0.33066666666666666,25.14,monitoring,0
0213002,0213,2,gmina dolnośląskie-południowy-13-02,16328,57.52,2310,24.6,,0.0,,0.0,0.8200000000000001,-14.2,0.0,0.0,0.17999999999999994,0.328,25.12,monitoring,0
2405006,2405,24,gmina śląskie-miejski-05-06,8573,55.32,1420,30.8,,0.0,,0.0,0.774,-14.9,0.0,0.0,0.22599999999999998,0.4106666666666667,25.11,monitoring,0
2432006,2432,24,gmina śląskie-wschodni-32-06,32139,48.35,4411,17.9,,0.0,,0.0,0.877,-18.7,0.24666666666666662,0.0,0.123,0.23866666666666664,25.11,monitoring,0
1804005,1804,18,gmina podkarpackie-centralny-04-05,8288,53.51,1045,28.1,,0.0,,0.0,0.799,-15.9,0.060000000000000026,0.0,0.20099999999999996,0.3746666666666667,25.1,monitoring,0
0412003,0412,4,gmina kujawsko-pomorskie-północny-12-03,11115,55.29,1725,25.7,,0.0,,0.0,0.791,-15.4,0.02666666666666669,0.0,0.20899999999999996,0.3426666666666667,25.08,monitoring,0
1818005,1818,18,gmina podkarpackie-północny-18-05,14328,54.88,1903,22.5,,0.0,,0.0,0.6990000000000001,-14.5,0.0,0.0,0.30099999999999993,0.3,25.06,monitoring,0
3010005,3010,30,gmina wielkopolskie-centralny-10-05,1800,46.55,297,25.2,,0.0,,0.0,0.8220000000000001,-18.4,0.22666666666666657,0.0,0.17799999999999994,0.33599999999999997,25.05,monitoring,0
3204004,3204,32,gmina zachodniopomorskie-centralny-04-04,4928,56.15,766,26.1,,0.0,,0.0,0.834,-15.4,0.02666666666666669,0.0,0.16600000000000004,0.34800000000000003,25.05,monitoring,0
0413003,0413,4,gmina kujawsko-pomorskie-południowy-13-03,4929,52.19,703,35.3,,0.0,,0.0,0.868,-16.4,0.09333333333333324,0.0,0.132,0.4706666666666666,25.05,monitoring,0
0228003,0228,2,gmina dolnośląskie-centralny-28-03,7008,48.41,1096,23.2,,0.0,,0.0,0.8200000000000001,-17.9,0.19333333333333325,0.0,0.17999999999999994,0.30933333333333335,25.04,monitoring,0
3029006,3029,30,gmina wielkopolskie-miejski-29-06,2150,58.12,385,14.3,,0.0,,0.0,0.847,-15.5,0.03333333333333333,0.0,0.15300000000000002,0.19066666666666668,25.02,monitoring,0
1809003,1809,18,gmina podkarpackie-zachodni-09-03,6991,53.05,1052,16.3,,0.0,,0.0,0.742,-16.2,0.07999999999999995,0.0,0.258,0.21733333333333335,25.01,monitoring,0
1611005,1611,16,gmina opolskie-miejski-11-05,100968,60.41,16740,5.0,,0.0,,0.0,0.809,-14.6,0.0,0.0,0.19099999999999995,0.06666666666666667,25.01,monitoring,0
0223002,0223,2,gmina dolnośląskie-miejski-23-02,9706,55.2,1636,9.7,,0.0,,0.0,0.746,-15.9,0.060000000000000026,0.0,0.254,0.12933333333333333,24.99,monitoring,0
3220001,3220,32,gmina zachodniopomorskie-wschodni-20-01,17875,57.21,3291,19.8,,0.0,,0.0,0.792,-14.4,0.0,0.0,0.20799999999999996,0.264,24.93,monitoring,0
0813001,0813,8,gmina lubuskie-południowy-13-01,42599,53.2,6738,22.8,,0.0,,0.0,0.872,-16.7,0.11333333333333329,0.0,0.128,0.304,24.93,monitoring,0
3019002,3019,30,gmina wielkopolskie-południowy-19-02,7654,51.51,899,30.8,,0.0,,0.0,0.808,-16.3,0.08666666666666671,0.0,0.19199999999999995,0.4106666666666667,24.92,monitoring,0
3021004,3021,30,gmina wielkopolskie-zachodni-21-04,11194,53.33,1710,34.7,,0.0,,0.0,0.757,-15.1,0.006666666666666643,0.0,0.243,0.4626666666666667,24.89,monitoring,0
1604002,1604,16,gmina opolskie-centralny-04-02,9186,48.93,1139,31.2,,0.0,,0.0,0.722,-16.4,0.09333333333333324,0.0,0.278,0.416,24.86,monitoring,0
3015005,3015,30,gmina wielkopolskie-zachodni-15-05,8087,53.95,1189,23.2,,0.0,,0.0,0.782,-15.7,0.04666666666666662,0.0,0.21799999999999997,0.30933333333333335,24.85,monitoring,0
0228002,0228,2,gmina dolnośląskie-centralny-28-02,6664,46.66,862,29.9,,0.0,,0.0,0.8180000000000001,-17.9,0.19333333333333325,0.0,0.18199999999999994,0.39866666666666667,24.84,monitoring,0
3203003,3203,32,gmina zachodniopomorskie-zachodni-03-03,6058,52.45,745,26.2,,0.0,,0.0,0.73,-15.6,0.03999999999999997,0.0,0.27,0.34933333333333333,24.83,monitoring,0
2205005,2205,22,gmina pomorskie-miejski-05-05,12130,58.11,1969,14.8,,0.0,,0.0,0.8310000000000001,-15.2,0.013333333333333286,0.0,0.16899999999999993,0.19733333333333333,24.83,monitoring,0
1014006,1014,10,gmina łódzkie-wschodni-14-06,27545,56.82,4188,27.7,,0.0,,0.0,0.848,-14.1,0.0,0.0,0.15200000000000002,0.36933333333333335,24.81,monitoring,0
1006002,1006,10,gmina łódzkie-północny-06-02,8622,56.65,1468,22.3,,0.0,,0.0,0.801,-14.0,0.0,0.0,0.19899999999999995,0.29733333333333334,24.8,monitoring,0
0230003,0230,2,gmina dolnośląskie-północny-30-03,2053,50.41,265,24.9,,0.0,,0.0,0.801,-16.8,0.12000000000000005,0.0,0.19899999999999995,0.33199999999999996,24.77,monitoring,0
2214002,2214,22,gmina pomorskie-wschodni-14-02,9210,53.82,1359,23.9,,0.0,,0.0,0.75,-15.4,0.02666666666666669,0.0,0.25,0.31866666666666665,24.77,monitoring,0
2415004,2415,24,gmina śląskie-zachodni-15-04,52886,52.69,6621,15.1,,0.0,,0.0,0.865,-17.1,0.1400000000000001,0.0,0.135,0.20133333333333334,24.76,monitoring,0
0214005,0214,2,gmina dolnośląskie-wschodni-14-05,23521,52.78,2729,34.7,,0.0,,0.0,0.8300000000000001,-15.7,0.04666666666666662,0.0,0.16999999999999993,0.4626666666666667,24.74,monitoring,0
0208004,0208,2,gmina dolnośląskie-wschodni-08-04,14372,47.3,1675,26.5,,0.0,,0.0,0.805,-17.7,0.17999999999999997,0.0,0.19499999999999995,0.35333333333333333,24.74,monitoring,0
2215004,2215,22,gmina pomorskie-zachodni-15-04,20153,54.52,2693,30.7,,0.0,,0.0,0.78,-13.2,0.0,0.0,0.21999999999999997,0.4093333333333333,24.74,monitoring,0
1212007,1212,12,gmina małopolskie-północny-12-07,3053,54.46,498,31.9,,0.0,,0.0,0.79,-12.4,0.0,0.0,0.20999999999999996,0.42533333333333334,24.71,monitoring,0
2406005,2406,24,gmina śląskie-północny-06-05,6639,54.78,1192,24.1,,0.0,,0.0,0.879,-16.0,0.06666666666666667,0.0,0.121,0.32133333333333336,24.71,monitoring,0
3022003,3022,30,gmina wielkopolskie-centralny-22-03,8885,48.39,1134,19.8,,0.0,,0.0,0.738,-17.2,0.1466666666666666,0.0,0.262,0.264,24.71,monitoring,0
2419003,2419,24,gmina śląskie-południowy-19-03,48333,50.64,5798,19.5,,0.0,,0.0,0.8180000000000001,-17.1,0.1400000000000001,0.0,0.18199999999999994,0.26,24.7,monitoring,0
1608007,1608,16,gmina opolskie-wschodni-08-07,26442,50.96,4065,35.7,,0.0,,0.0,0.792,-15.9,0.060000000000000026,0.0,0.20799999999999996,0.47600000000000003,24.7,monitoring,0
0226002,0226,2,gmina dolnośląskie-wschodni-26-02,15845,51.8,2266,25.7,,0.0,,0.0,0.8210000000000001,-16.4,0.09333333333333324,0.0,0.17899999999999994,0.3426666666666667,24.69,monitoring,0
1006007,1006,10,gmina łódzkie-północny-06-07,4515,52.68,622,30.9,,0.0,,0.0,0.71,-14.0,0.0,0.0,0.29000000000000004,0.412,24.69,monitoring,0
1606007,1606,16,gmina opolskie-północny-06-07,12636,50.76,1994,24.3,,0.0,,0.0,0.808,-16.7,0.11333333333333329,0.0,0.19199999999999995,0.324,24.68,monitoring,0
1203003,1203,12,gmina małopolskie-zachodni-03-03,4674,49.25,645,26.5,,0.0,,0.0,0.8280000000000001,-17.2,0.1466666666666666,0.0,0.17199999999999993,0.35333333333333333,24.67,monitoring,0
0213001,0213,2,gmina dolnośląskie-południowy-13-01,21570,59.13,4383,14.7,,0.0,,0.0,0.865,-14.2,0.0,0.0,0.135,0.19599999999999998,24.66,monitoring,0
3007003,3007,30,gmina wielkopolskie-południowy-07-03,4986,47.19,692,29.6,,0.0,,0.0,0.768,-17.2,0.1466666666666666,0.0,0.23199999999999998,0.39466666666666667,24.63,monitoring,0
2219006,2219,22,gmina pomorskie-południowy-19-06,10473,48.82,1574,28.4,,0.0,,0.0,0.856,-17.4,0.1599999999999999,0.0,0.14400000000000002,0.37866666666666665,24.62,monitoring,0
1213006,1213,12,gmina małopolskie-południowy-13-06,7960,53.51,1238,23.3,,0.0,,0.0,0.896,-16.5,0.1,0.0,0.10399999999999998,0.3106666666666667,24.62,monitoring,0
1820001,1820,18,gmina podkarpackie-wschodni-20-01,6118,47.88,869,29.8,,0.0,,0.0,0.788,-17.1,0.1400000000000001,0.0,0.21199999999999997,0.3973333333333333,24.61,monitoring,0
0222003,0222,2,gmina dolnośląskie-centralny-22-03,26530,58.1,4004,6.9,,0.0,,0.0,0.876,-15.8,0.05333333333333338,0.0,0.124,0.092,24.61,monitoring,0
0212003,0212,2,gmina dolnośląskie-północny-12-03,18357,53.98,3308,29.8,,0.0,,0.0,0.86,-15.7,0.04666666666666662,0.0,0.14,0.3973333333333333,24.6,monitoring,0
3022006,3022,30,gmina wielkopolskie-centralny-22-06,3259,47.62,475,32.9,,0.0,,0.0,0.8140000000000001,-17.2,0.1466666666666666,0.0,0.18599999999999994,0.43866666666666665,24.6,monitoring,0
2209002,2209,22,gmina pomorskie-zachodni-09-02,7881,52.56,1277,30.6,,0.0,,0.0,0.846,-16.0,0.06666666666666667,0.0,0.15400000000000003,0.40800000000000003,24.6,monitoring,0
0807005,0807,8,gmina lubuskie-południowy-07-05,4622,51.36,619,26.6,,0.0,,0.0,0.846,-16.6,0.10666666666666676,0.0,0.15400000000000003,0.3546666666666667,24.6,monitoring,0
1822001,1822,18,gmina podkarpackie-centralny-22-01,7403,47.09,945,13.3,,0.0,,0.0,0.798,-18.3,0.22000000000000006,0.0,0.20199999999999996,0.17733333333333334,24.56,monitoring,0
2430006,2430,24,gmina śląskie-północny-30-06,16146,53.21,2188,31.0,,0.0,,0.0,0.869,-15.9,0.060000000000000026,0.0,0.131,0.41333333333333333,24.55,monitoring,0
2208002,2208,22,gmina pomorskie-wschodni-08-02,4502,55.41,736,27.1,,0.0,,0.0,0.908,-15.7,0.04666666666666662,0.0,0.09199999999999997,0.36133333333333334,24.53,monitoring,0
1222003,1222,12,gmina małopolskie-centralny-22-03,24446,52.79,3423,25.6,,0.0,,0.0,0.6940000000000001,-12.1,0.0,0.0,0.30599999999999994,0.3413333333333334,24.52,monitoring,0
1612006,1612,16,gmina opolskie-północny-12-06,13268,54.36,2351,12.9,,0.0,,0.0,0.8270000000000001,-16.2,0.07999999999999995,0.0,0.17299999999999993,0.17200000000000001,24.51,monitoring,0
0210007,0210,2,gmina dolnośląskie-centralny-10-07,14934,53.18,1945,28.2,,0.0,,0.0,0.904,-16.3,0.08666666666666671,0.0,0.09599999999999997,0.376,24.51,monitoring,0
2413003,2413,24,gmina śląskie-południowy-13-03,8415,53.37,1253,29.3,,0.0,,0.0,0.76,-15.1,0.006666666666666643,0.0,0.24,0.39066666666666666,24.51,monitoring,0
2410005,2410,24,gmina śląskie-centralny-10-05,10825,53.31,1520,17.5,,0.0,,0.0,0.771,-15.8,0.05333333333333338,0.0,0.22899999999999998,0.23333333333333334,24.45,monitoring,0
0219005,0219,2,gmina dolnośląskie-południowy-19-05,10152,44.47,1664,35.7,,0.0,,0.0,0.733,-17.3,0.15333333333333338,0.0,0.267,0.47600000000000003,24.44,monitoring,0
1207006,1207,12,gmina małopolskie-południowy-07-06,92646,55.8,11932,11.3,,0.0,,0.0,0.801,-15.5,0.03333333333333333,0.0,0.19899999999999995,0.15066666666666667,24.35,monitoring,0
0213006,0213,2,gmina dolnośląskie-południowy-13-06,54332,57.08,8949,16.5,,0.0,,0.0,0.8280000000000001,-14.2,0.0,0.0,0.17199999999999993,0.22,24.34,monitoring,0
3023001,3023,30,gmina wielkopolskie-miejski-23-01,2921,46.24,374,30.9,,0.0,,0.0,0.85,-17.8,0.1866666666666667,0.0,0.15000000000000002,0.412,24.34,monitoring,0
1216003,1216,12,gmina małopolskie-centralny-16-03,6797,55.57,1167,21.3,,0.0,,0.0,0.868,-15.5,0.03333333333333333,0.0,0.132,0.28400000000000003,24.32,monitoring,0
3004004,3004,30,gmina wielkopolskie-centralny-04-04,61611,57.23,10739,5.0,,0.0,,0.0,0.806,-15.4,0.02666666666666669,0.0,0.19399999999999995,0.06666666666666667,24.31,monitoring,0
2416006,2416,24,gmina śląskie-centralny-16-06,7236,50.48,1157,24.5,,0.0,,0.0,0.906,-17.2,0.1466666666666666,0.0,0.09399999999999997,0.32666666666666666,24.3,monitoring,0
1003006,1003,10,gmina łódzkie-zachodni-03-06,29065,55.88,5646,19.7,,0.0,,0.0,0.885,-15.6,0.03999999999999997,0.0,0.11499999999999999,0.26266666666666666,24.3,monitoring,0
1604001,1604,16,gmina opolskie-centralny-04-01,6357,49.27,832,27.6,,0.0,,0.0,0.773,-16.4,0.09333333333333324,0.0,0.22699999999999998,0.368,24.29,monitoring,0
1804006,1804,18,gmina podkarpackie-centralny-04-06,15153,50.26,2288,28.7,,0.0,,0.0,0.756,-15.9,0.060000000000000026,0.0,0.244,0.38266666666666665,24.29,monitoring,0
2418003,2418,24,gmina śląskie-północny-18-03,57171,53.98,7586,30.6,,0.0,,0.0,0.809,-14.0,0.0,0.0,0.19099999999999995,0.40800000000000003,24.27,monitoring,0
3207002,3207,32,gmina zachodniopomorskie-południowy-07-02,11996,55.53,2212,21.7,,0.0,,0.0,0.81,-13.4,0.0,0.0,0.18999999999999995,0.28933333333333333,24.26,monitoring,0
0415004,0415,4,gmina kujawsko-pomorskie-zachodni-15-04,31977,54.8,4698,28.3,,0.0,,0.0,0.8290000000000001,-15.0,0.0,0.0,0.17099999999999993,0.37733333333333335,24.25,monitoring,0
2411005,2411,24,gmina śląskie-miejski-11-05,7200,52.65,976,26.5,,0.0,,0.0,0.858,-16.0,0.06666666666666667,0.0,0.14200000000000002,0.35333333333333333,24.25,monitoring,0
2610003,2610,26,gmina świętokrzyskie-centralny-10-03,8520,51.47,1209,23.1,,0.0,,0.0,0.8250000000000001,-16.3,0.08666666666666671,0.0,0.17499999999999993,0.308,24.23,monitoring,0
3217002,3217,32,gmina zachodniopomorskie-miejski-17-02,59081,57.75,6406,11.8,,0.0,,0.0,0.836,-14.7,0.0,0.0,0.16400000000000003,0.15733333333333335,24.21,monitoring,0
2204006,2204,22,gmina pomorskie-centralny-04-06,13697,51.27,2098,31.3,,0.0,,0.0,0.707,-12.9,0.0,0.0,0.29300000000000004,0.41733333333333333,24.21,monitoring,0
0216007,0216,2,gmina dolnośląskie-centralny-16-07,5413,52.01,697,26.0,,0.0,,0.0,0.726,-15.2,0.013333333333333286,0.0,0.274,0.3466666666666667,24.2,monitoring,0
1022001,1022,10,gmina łódzkie-centralny-22-01,4038,48.17,592,30.1,,0.0,,0.0,0.741,-16.3,0.08666666666666671,0.0,0.259,0.4013333333333334,24.2,monitoring,0
0227004,0227,2,gmina dolnośląskie-zachodni-27-04,12599,48.56,1802,31.7,,0.0,,0.0,0.852,-16.9,0.12666666666666657,0.0,0.14800000000000002,0.42266666666666663,24.18,monitoring,0
1007001,1007,10,gmina łódzkie-południowy-07-01,3375,54.86,457,26.9,,0.0,,0.0,0.8300000000000001,-14.7,0.0,0.0,0.16999999999999993,0.35866666666666663,24.17,monitoring,0
2604002,2604,26,gmina świętokrzyskie-centralny-04-02,6162,49.71,886,27.4,,0.0,,0.0,0.804,-16.4,0.09333333333333324,0.0,0.19599999999999995,0.3653333333333333,24.16,monitoring,0
2611002,2611,26,gmina świętokrzyskie-miejski-11-02,4503,52.16,649,27.5,,0.0,,0.0,0.764,-15.3,0.02000000000000005,0.0,0.236,0.36666666666666664,24.14,monitoring,0
2415005,2415,24,gmina śląskie-zachodni-15-05,11705,48.3,1830,24.5,,0.0,,0.0,0.8200000000000001,-17.1,0.1400000000000001,0.0,0.17999999999999994,0.32666666666666666,24.13,monitoring,0
3213004,3213,32,gmina zachodniopomorskie-południowy-13-04,38952,48.65,4965,25.0,,0.0,,0.0,0.866,-17.3,0.15333333333333338,0.0,0.134,0.3333333333333333,24.12,monitoring,0
3011005,3011,30,gmina wielkopolskie-miejski-11-05,10409,52.85,1255,18.9,,0.0,,0.0,0.746,-15.4,0.02666666666666669,0.0,0.254,0.252,24.11,monitoring,0
2418005,2418,24,gmina śląskie-północny-18-05,10415,55.83,1073,16.7,,0.0,,0.0,0.802,-14.0,0.0,0.0,0.19799999999999995,0.22266666666666665,24.11,monitoring,0
2426001,2426,24,gmina śląskie-wschodni-26-01,24894,49.15,2811,26.0,,0.0,,0.0,0.776,-16.4,0.09333333333333324,0.0,0.22399999999999998,0.3466666666666667,24.11,monitoring,0
3031006,3031,30,gmina wielkopolskie-południowy-31-06,10500,49.73,1171,15.0,,0.0,,0.0,0.706,-16.3,0.08666666666666671,0.0,0.29400000000000004,0.2,24.1,monitoring,0
2409001,2409,24,gmina śląskie-zachodni-09-01,9565,48.13,1542,22.2,,0.0,,0.0,0.774,-16.9,0.12666666666666657,0.0,0.22599999999999998,0.296,24.08,monitoring,0
0227007,0227,2,gmina dolnośląskie-zachodni-27-07,8451,48.88,1509,24.9,,0.0,,0.0,0.8260000000000001,-16.9,0.12666666666666657,0.0,0.17399999999999993,0.33199999999999996,24.08,monitoring,0
1824004,1824,18,gmina podkarpackie-północny-24-04,6251,50.71,1049,17.6,,0.0,,0.0,0.733,-16.0,0.06666666666666667,0.0,0.267,0.2346666666666667,24.05,monitoring,0
1018004,1018,10,gmina łódzkie-północny-18-04,7753,50.97,914,26.0,,0.0,,0.0,0.793,-15.9,0.060000000000000026,0.0,0.20699999999999996,0.3466666666666667,24.04,monitoring,0
2412004,2412,24,gmina śląskie-północny-12-04,4294,45.23,517,34.5,,0.0,,0.0,0.748,-16.9,0.12666666666666657,0.0,0.252,0.46,24.04,monitoring,0
2417006,2417,24,gmina śląskie-miejski-17-06,8836,52.56,1590,34.0,,0.0,,0.0,0.801,-13.9,0.0,0.0,0.19899999999999995,0.4533333333333333,24.03,monitoring,0
3015002,3015,30,gmina wielkopolskie-zachodni-15-02,10856,54.36,1845,13.6,,0.0,,0.0,0.8200000000000001,-15.7,0.04666666666666662,0.0,0.17999999999999994,0.18133333333333332,24.02,monitoring,0
3026004,3026,30,gmina wielkopolskie-wschodni-26-04,8499,53.22,1060,27.3,,0.0,,0.0,0.783,-13.5,0.0,0.0,0.21699999999999997,0.364,24.0,monitoring,0
1018003,1018,10,gmina łódzkie-północny-18-03,15932,49.61,2184,28.1,,0.0,,0.0,0.757,-15.9,0.060000000000000026,0.0,0.243,0.3746666666666667,23.99,monitoring,0
2611005,2611,26,gmina świętokrzyskie-miejski-11-05,8149,52.54,1076,35.3,,0.0,,0.0,0.855,-15.3,0.02000000000000005,0.0,0.14500000000000002,0.4706666666666666,23.98,monitoring,0
2201002,2201,22,gmina pomorskie-południowy-01-02,16704,54.52,2656,25.6,,0.0,,0.0,0.8270000000000001,-13.3,0.0,0.0,0.17299999999999993,0.3413333333333334,23.98,monitoring,0
3201004,3201,32,gmina zachodniopomorskie-południowy-01-04,3985,53.62,567,24.7,,0.0,,0.0,0.783,-14.3,0.0,0.0,0.21699999999999997,0.3293333333333333,23.98,monitoring,0
1015004,1015,10,gmina łódzkie-zachodni-15-04,4965,52.66,895,24.3,,0.0,,0.0,0.767,-15.2,0.013333333333333286,0.0,0.23299999999999998,0.324,23.97,monitoring,0
0224002,0224,2,gmina dolnośląskie-północny-24-02,9496,52.76,1647,21.8,,0.0,,0.0,0.728,-15.0,0.0,0.0,0.272,0.2906666666666667,23.95,monitoring,0
2407003,2407,24,gmina śląskie-południowy-07-03,5590,53.02,990,15.4,,0.0,,0.0,0.839,-16.1,0.07333333333333343,0.0,0.16100000000000003,0.20533333333333334,23.94,monitoring,0
0208003,0208,2,gmina dolnośląskie-wschodni-08-03,7926,46.5,1254,18.9,,0.0,,0.0,0.807,-17.7,0.17999999999999997,0.0,0.19299999999999995,0.252,23.91,monitoring,0
3010002,3010,30,gmina wielkopolskie-centralny-10-02,25133,44.47,2969,21.9,,0.0,,0.0,0.837,-18.4,0.22666666666666657,0.0,0.16300000000000003,0.292,23.91,monitoring,0
1013007,1013,10,gmina łódzkie-południowy-13-07,9500,55.47,1420,11.8,,0.0,,0.0,0.84,-15.5,0.03333333333333333,0.0,0.16000000000000003,0.15733333333333335,23.91,monitoring,0
2402001,2402,24,gmina śląskie-wschodni-02-01,55914,54.15,8917,17.8,,0.0,,0.0,0.782,-15.1,0.006666666666666643,0.0,0.21799999999999997,0.23733333333333334,23.85,monitoring,0
0812002,0812,8,gmina lubuskie-północny-12-02,10819,46.93,1696,26.3,,0.0,,0.0,0.8210000000000001,-17.2,0.1466666666666666,0.0,0.17899999999999994,0.3506666666666667,23.84,monitoring,0
0209001,0209,2,gmina dolnośląskie-zachodni-09-01,33932,55.82,5672,15.2,,0.0,,0.0,0.8200000000000001,-14.7,0.0,0.0,0.17999999999999994,0.20266666666666666,23.84,monitoring,0
3006004,3006,30,gmina wielkopolskie-północny-06-04,4354,53.6,794,25.4,,0.0,,0.0,0.808,-13.9,0.0,0.0,0.19199999999999995,0.33866666666666667,23.79,monitoring,0
2605006,2605,26,gmina świętokrzyskie-miejski-05-06,9243,51.22,1491,23.4,,0.0,,0.0,0.8130000000000001,-15.9,0.060000000000000026,0.0,0.18699999999999994,0.312,23.79,monitoring,0
2612002,2612,26,gmina świętokrzyskie-północny-12-02,5121,53.82,889,12.5,,0.0,,0.0,0.856,-16.0,0.06666666666666667,0.0,0.14400000000000002,0.16666666666666666,23.78,monitoring,0
1206007,1206,12,gmina małopolskie-północny-06-07,12875,45.81,2189,29.5,,0.0,,0.0,0.9520000000000001,-18.3,0.22000000000000006,0.0,0.04799999999999993,0.3933333333333333,23.77,monitoring,0
0416004,0416,4,gmina kujawsko-pomorskie-centralny-16-04,5360,47.84,791,6.2,,0.0,,0.0,0.766,-17.5,0.16666666666666666,0.0,0.23399999999999999,0.08266666666666667,23.7,monitoring,0
3215003,3215,32,gmina zachodniopomorskie-zachodni-15-03,135142,54.91,14933,27.0,,0.0,,0.0,0.886,-14.9,0.0,0.0,0.11399999999999999,0.36,23.69,monitoring,0
0806005,0806,8,gmina lubuskie-północny-06-05,6662,51.43,921,24.5,,0.0,,0.0,0.8280000000000001,-15.8,0.05333333333333338,0.0,0.17199999999999993,0.32666666666666666,23.68,monitoring,0
2421004,2421,24,gmina śląskie-zachodni-21-04,39443,50.67,5299,13.6,,0.0,,0.0,0.877,-17.0,0.13333333333333333,0.0,0.123,0.18133333333333332,23.67,monitoring,0
0227006,0227,2,gmina dolnośląskie-zachodni-27-06,2194,49.51,286,22.6,,0.0,,0.0,0.882,-16.9,0.12666666666666657,0.0,0.118,0.30133333333333334,23.66,monitoring,0
1012002,1012,10,gmina łódzkie-północny-12-02,66440,45.98,7627,20.0,,0.0,,0.0,0.848,-17.9,0.19333333333333325,0.0,0.15200000000000002,0.26666666666666666,23.65,monitoring,0
1606004,1606,16,gmina opolskie-północny-06-04,11581,48.01,1774,25.8,,0.0,,0.0,0.8220000000000001,-16.7,0.11333333333333329,0.0,0.17799999999999994,0.34400000000000003,23.61,monitoring,0
2612006,2612,26,gmina świętokrzyskie-północny-12-06,12248,48.41,1609,22.5,,0.0,,0.0,0.721,-16.0,0.06666666666666667,0.0,0.279,0.3,23.61,monitoring,0
0420007,0420,4,gmina kujawsko-pomorskie-wschodni-20-07,12753,55.71,1867,13.6,,0.0,,0.0,0.8310000000000001,-14.7,0.0,0.0,0.16899999999999993,0.18133333333333332,23.6,monitoring,0
1825002,1825,18,gmina podkarpackie-południowy-25-02,3435,50.56,560,14.5,,0.0,,0.0,0.807,-16.4,0.09333333333333324,0.0,0.19299999999999995,0.19333333333333333,23.6,monitoring,0
2607002,2607,26,gmina świętokrzyskie-południowy-07-02,7271,47.37,986,17.9,,0.0,,0.0,0.739,-16.7,0.11333333333333329,0.0,0.261,0.23866666666666664,23.58,monitoring,0
1009006,1009,10,gmina łódzkie-zachodni-09-06,3539,43.64,497,28.2,,0.0,,0.0,0.8310000000000001,-18.0,0.2,0.0,0.16899999999999993,0.376,23.58,monitoring,0
3021005,3021,30,gmina wielkopolskie-zachodni-21-05,11919,55.4,1610,20.8,,0.0,,0.0,0.89,-15.1,0.006666666666666643,0.0,0.10999999999999999,0.2773333333333333,23.55,monitoring,0
0210004,0210,2,gmina dolnośląskie-centralny-10-04,2193,48.4,338,16.5,,0.0,,0.0,0.723,-16.3,0.08666666666666671,0.0,0.277,0.22,23.54,monitoring,0
0230001,0230,2,gmina dolnośląskie-północny-30-01,27325,47.4,4190,23.5,,0.0,,0.0,0.801,-16.8,0.12000000000000005,0.0,0.19899999999999995,0.31333333333333335,23.53,monitoring,0
2609003,2609,26,gmina świętokrzyskie-zachodni-09-03,37980,48.71,6150,10.3,,0.0,,0.0,0.812,-17.2,0.1466666666666666,0.0,0.18799999999999994,0.13733333333333334,23.53,monitoring,0
3020004,3020,30,gmina wielkopolskie-wschodni-20-04,35450,44.88,3835,17.3,,0.0,,0.0,0.893,-18.6,0.2400000000000001,0.0,0.10699999999999998,0.2306666666666667,23.49,monitoring,0
0227003,0227,2,gmina dolnośląskie-zachodni-27-03,6507,48.27,1009,21.8,,0.0,,0.0,0.847,-16.9,0.12666666666666657,0.0,0.15300000000000002,0.2906666666666667,23.45,monitoring,0
1610007,1610,16,gmina opolskie-centralny-10-07,25351,50.53,4163,11.7,,0.0,,0.0,0.856,-16.8,0.12000000000000005,0.0,0.14400000000000002,0.156,23.44,monitoring,0
3205005,3205,32,gmina zachodniopomorskie-miejski-05-05,15183,53.79,2281,16.7,,0.0,,0.0,0.792,-14.6,0.0,0.0,0.20799999999999996,0.22266666666666665,23.43,monitoring,0
0223007,0223,2,gmina dolnośląskie-miejski-23-07,38439,51.14,6167,21.7,,0.0,,0.0,0.838,-15.9,0.060000000000000026,0.0,0.16200000000000003,0.28933333333333333,23.42,monitoring,0
1612003,1612,16,gmina opolskie-północny-12-03,5867,48.55,866,31.1,,0.0,,0.0,0.838,-16.2,0.07999999999999995,0.0,0.16200000000000003,0.4146666666666667,23.42,monitoring,0
0811001,0811,8,gmina lubuskie-miejski-11-01,11501,53.18,1595,27.3,,0.0,,0.0,0.845,-13.8,0.0,0.0,0.15500000000000003,0.364,23.42,monitoring,0
0226003,0226,2,gmina dolnośląskie-wschodni-26-03,3649,50.29,580,20.9,,0.0,,0.0,0.863,-16.4,0.09333333333333324,0.0,0.137,0.2786666666666667,23.42,monitoring,0
0417005,0417,4,gmina kujawsko-pomorskie-miejski-17-05,4115,46.12,448,33.6,,0.0,,0.0,0.7020000000000001,-15.8,0.05333333333333338,0.0,0.29799999999999993,0.448,23.41,monitoring,0
0415005,0415,4,gmina kujawsko-pomorskie-zachodni-15-05,9472,51.77,1439,28.7,,0.0,,0.0,0.799,-15.0,0.0,0.0,0.20099999999999996,0.38266666666666665,23.39,monitoring,0
2425006,2425,24,gmina śląskie-południowy-25-06,9358,50.41,1286,23.0,,0.0,,0.0,0.848,-16.1,0.07333333333333343,0.0,0.15200000000000002,0.30666666666666664,23.38,monitoring,0
0211001,0211,2,gmina dolnośląskie-miejski-11-01,4482,51.84,727,33.8,,0.0,,0.0,0.844,-13.4,0.0,0.0,0.15600000000000003,0.4506666666666666,23.36,monitoring,0
1802007,1802,18,gmina podkarpackie-wschodni-02-07,14086,48.71,1730,13.6,,0.0,,0.0,0.791,-16.7,0.11333333333333329,0.0,0.20899999999999996,0.18133333333333332,23.34,monitoring,0
3219005,3219,32,gmina zachodniopomorskie-południowy-19-05,3925,51.37,654,24.6,,0.0,,0.0,0.895,-16.0,0.06666666666666667,0.0,0.10499999999999998,0.328,23.31,monitoring,0
2609006,2609,26,gmina świętokrzyskie-zachodni-09-06,41125,48.0,6524,16.4,,0.0,,0.0,0.851,-17.2,0.1466666666666666,0.0,0.14900000000000002,0.21866666666666665,23.31,monitoring,0
2428004,2428,24,gmina śląskie-centralny-28-04,8906,45.3,1273,28.7,,0.0,,0.0,0.8190000000000001,-17.1,0.1400000000000001,0.0,0.18099999999999994,0.38266666666666665,23.28,monitoring,0
3014004,3014,30,gmina wielkopolskie-wschodni-14-04,14917,52.53,2870,19.4,,0.0,,0.0,0.87,-15.7,0.04666666666666662,0.0,0.13,0.25866666666666666,23.26,monitoring,0
1611004,1611,16,gmina opolskie-miejski-11-04,6715,50.99,1035,25.9,,0.0,,0.0,0.761,-14.6,0.0,0.0,0.239,0.3453333333333333,23.25,monitoring,0
3013002,3013,30,gmina wielkopolskie-południowy-13-02,40827,47.87,6187,16.5,,0.0,,0.0,0.8160000000000001,-16.9,0.12666666666666657,0.0,0.18399999999999994,0.22,23.23,monitoring,0
0223006,0223,2,gmina dolnośląskie-miejski-23-06,2539,48.81,363,34.8,,0.0,,0.0,0.857,-15.9,0.060000000000000026,0.0,0.14300000000000002,0.46399999999999997,23.23,monitoring,0
0419004,0419,4,gmina kujawsko-pomorskie-południowy-19-04,11022,50.11,1577,42.7,,0.0,,0.0,0.855,-13.9,0.0,0.0,0.14500000000000002,0.5693333333333334,23.19,monitoring,0
2405001,2405,24,gmina śląskie-miejski-05-01,5102,52.57,659,33.2,,0.0,,0.0,0.893,-14.9,0.0,0.0,0.10699999999999998,0.4426666666666667,23.15,monitoring,0
2613001,2613,26,gmina świętokrzyskie-południowy-13-01,7400,48.58,925,26.5,,0.0,,0.0,0.85,-16.3,0.08666666666666671,0.0,0.15000000000000002,0.35333333333333333,23.14,monitoring,0
3210003,3210,32,gmina zachodniopomorskie-centralny-10-03,7244,48.62,970,26.7,,0.0,,0.0,0.879,-16.5,0.1,0.0,0.121,0.356,23.14,monitoring,0
1811003,1811,18,gmina podkarpackie-miejski-11-03,34114,52.26,4930,22.0,,0.0,,0.0,0.799,-14.5,0.0,0.0,0.20099999999999996,0.29333333333333333,23.13,monitoring,0
2409004,2409,24,gmina śląskie-zachodni-09-04,7335,44.15,914,29.3,,0.0,,0.0,0.767,-16.9,0.12666666666666657,0.0,0.23299999999999998,0.39066666666666666,23.11,monitoring,0
3201001,3201,32,gmina zachodniopomorskie-południowy-01-01,6455,50.19,848,23.3,,0.0,,0.0,0.724,-14.3,0.0,0.0,0.276,0.3106666666666667,23.11,monitoring,0
0803004,0803,8,gmina lubuskie-zachodni-03-04,28965,51.13,3908,21.1,,0.0,,0.0,0.747,-15.0,0.0,0.0,0.253,0.2813333333333334,23.11,monitoring,0
0210006,0210,2,gmina dolnośląskie-centralny-10-06,5941,47.43,892,30.2,,0.0,,0.0,0.834,-16.3,0.08666666666666671,0.0,0.16600000000000004,0.4026666666666667,23.09,monitoring,0
3024005,3024,30,gmina wielkopolskie-północny-24-05,8019,52.26,994,28.2,,0.0,,0.0,0.85,-15.0,0.0,0.0,0.15000000000000002,0.376,23.09,monitoring,0
2606003,2606,26,gmina świętokrzyskie-północny-06-03,10506,41.45,1243,32.7,,0.0,,0.0,0.747,-17.4,0.1599999999999999,0.0,0.253,0.43600000000000005,23.09,monitoring,0
0420001,0420,4,gmina kujawsko-pomorskie-wschodni-20-01,5856,50.51,944,37.7,,0.0,,0.0,0.852,-14.7,0.0,0.0,0.14800000000000002,0.5026666666666667,23.04,monitoring,0
2207006,2207,22,gmina pomorskie-południowy-07-06,3275,48.83,593,30.7,,0.0,,0.0,0.742,-15.1,0.006666666666666643,0.0,0.258,0.4093333333333333,23.04,monitoring,0
2410001,2410,24,gmina śląskie-centralny-10-01,7401,47.0,977,30.1,,0.0,,0.0,0.756,-15.8,0.05333333333333338,0.0,0.244,0.4013333333333334,23.02,monitoring,0
0422001,0422,4,gmina kujawsko-pomorskie-centralny-22-01,4352,42.95,694,31.1,,0.0,,0.0,0.888,-18.0,0.2,0.0,0.11199999999999999,0.4146666666666667,23.0,monitoring,0
1220002,1220,12,gmina małopolskie-wschodni-20-02,9902,50.83,1715,9.5,,0.0,,0.0,0.8210000000000001,-16.2,0.07999999999999995,0.0,0.17899999999999994,0.12666666666666668,23.0,monitoring,0
1807004,1807,18,gmina podkarpackie-południowy-07-04,4060,47.03,437,34.5,,0.0,,0.0,0.874,-16.4,0.09333333333333324,0.0,0.126,0.46,22.99,monitoring,0
3014005,3014,30,gmina wielkopolskie-wschodni-14-05,12228,52.34,2295,16.3,,0.0,,0.0,0.871,-15.7,0.04666666666666662,0.0,0.129,0.21733333333333335,22.98,monitoring,0
2220006,2220,22,gmina pomorskie-wschodni-20-06,16192,46.99,2186,21.5,,0.0,,0.0,0.778,-16.4,0.09333333333333324,0.0,0.22199999999999998,0.2866666666666667,22.97,monitoring,0
2211002,2211,22,gmina pomorskie-miejski-11-02,2171,48.93,290,23.6,,0.0,,0.0,0.773,-15.6,0.03999999999999997,0.0,0.22699999999999998,0.3146666666666667,22.93,monitoring,0
3014001,3014,30,gmina wielkopolskie-wschodni-14-01,7697,49.39,1208,25.9,,0.0,,0.0,0.8240000000000001,-15.7,0.04666666666666662,0.0,0.17599999999999993,0.3453333333333333,22.92,monitoring,0
2212002,2212,22,gmina pomorskie-północny-12-02,4188,50.07,538,22.7,,0.0,,0.0,0.844,-15.8,0.05333333333333338,0.0,0.15600000000000003,0.30266666666666664,22.9,monitoring,0
2606002,2606,26,gmina świętokrzyskie-północny-06-02,35672,42.28,5126,32.4,,0.0,,0.0,0.801,-17.4,0.1599999999999999,0.0,0.19899999999999995,0.432,22.9,monitoring,0
0408004,0408,4,gmina kujawsko-pomorskie-wschodni-08-04,6285,52.15,935,19.0,,0.0,,0.0,0.8,-12.8,0.0,0.0,0.19999999999999996,0.25333333333333335,22.88,monitoring,0
1012007,1012,10,gmina łódzkie-północny-12-07,51652,45.7,6323,6.4,,0.0,,0.0,0.8210000000000001,-17.9,0.19333333333333325,0.0,0.17899999999999994,0.08533333333333334,22.88,monitoring,0
3211001,3211,32,gmina zachodniopomorskie-miejski-11-01,2503,44.17,315,21.1,,0.0,,0.0,0.679,-16.5,0.1,0.0,0.32099999999999995,0.2813333333333334,22.88,monitoring,0
0224005,0224,2,gmina dolnośląskie-północny-24-05,49124,50.25,7145,21.5,,0.0,,0.0,0.74,-15.0,0.0,0.0,0.26,0.2866666666666667,22.87,monitoring,0
2416003,2416,24,gmina śląskie-centralny-16-03,21058,45.66,2891,19.2,,0.0,,0.0,0.8240000000000001,-17.2,0.1466666666666666,0.0,0.17599999999999993,0.256,22.85,monitoring,0
0204003,0204,2,gmina dolnośląskie-centralny-04-03,47255,53.41,7091,16.6,,0.0,,0.0,0.923,-15.6,0.03999999999999997,0.0,0.07699999999999996,0.22133333333333335,22.82,monitoring,0
1611003,1611,16,gmina opolskie-miejski-11-03,65694,51.82,8535,11.0,,0.0,,0.0,0.734,-14.6,0.0,0.0,0.266,0.14666666666666667,22.82,monitoring,0
3016005,3016,30,gmina wielkopolskie-centralny-16-05,13712,44.32,1792,13.6,,0.0,,0.0,0.8130000000000001,-17.8,0.1866666666666667,0.0,0.18699999999999994,0.18133333333333332,22.79,monitoring,0
1604007,1604,16,gmina opolskie-centralny-04-07,40219,48.26,5400,19.8,,0.0,,0.0,0.839,-16.4,0.09333333333333324,0.0,0.16100000000000003,0.264,22.79,monitoring,0
0810007,0810,8,gmina lubuskie-centralny-10-07,34050,50.78,3520,15.1,,0.0,,0.0,0.725,-14.9,0.0,0.0,0.275,0.20133333333333334,22.78,monitoring,0
1016001,1016,10,gmina łódzkie-centralny-16-01,12262,52.66,1897,25.3,,0.0,,0.0,0.881,-15.0,0.0,0.0,0.119,0.3373333333333333,22.77,monitoring,0
2217002,2217,22,gmina pomorskie-miejski-17-02,6851,52.11,1090,15.1,,0.0,,0.0,0.785,-14.9,0.0,0.0,0.21499999999999997,0.20133333333333334,22.74,monitoring,0
3009005,3009,30,gmina wielkopolskie-zachodni-09-05,26666,45.11,3346,24.2,,0.0,,0.0,0.8260000000000001,-17.0,0.13333333333333333,0.0,0.17399999999999993,0.32266666666666666,22.72,monitoring,0
2204002,2204,22,gmina pomorskie-centralny-04-02,9196,52.5,1345,11.9,,0.0,,0.0,0.781,-12.9,0.0,0.0,0.21899999999999997,0.15866666666666668,22.71,monitoring,0
0224006,0224,2,gmina dolnośląskie-północny-24-06,10322,49.4,1564,30.9,,0.0,,0.0,0.793,-15.0,0.0,0.0,0.20699999999999996,0.412,22.7,monitoring,0
3207001,3207,32,gmina zachodniopomorskie-południowy-07-01,6858,52.31,1235,14.1,,0.0,,0.0,0.792,-13.4,0.0,0.0,0.20799999999999996,0.188,22.69,monitoring,0
3220004,3220,32,gmina zachodniopomorskie-wschodni-20-04,6617,52.15,995,18.2,,0.0,,0.0,0.8170000000000001,-14.4,0.0,0.0,0.18299999999999994,0.24266666666666667,22.68,monitoring,0
1213007,1213,12,gmina małopolskie-południowy-13-07,4502,43.69,804,28.6,,0.0,,0.0,0.737,-16.5,0.1,0.0,0.263,0.38133333333333336,22.68,monitoring,0
2608003,2608,26,gmina świętokrzyskie-wschodni-08-03,13440,46.54,1940,27.9,,0.0,,0.0,0.718,-15.5,0.03333333333333333,0.0,0.28200000000000003,0.372,22.68,monitoring,0
2406003,2406,24,gmina śląskie-północny-06-03,60469,51.65,6639,12.3,,0.0,,0.0,0.886,-16.0,0.06666666666666667,0.0,0.11399999999999999,0.164,22.67,monitoring,0
0206007,0206,2,gmina dolnośląskie-północny-06-07,24269,44.87,3012,21.0,,0.0,,0.0,0.919,-17.9,0.19333333333333325,0.0,0.08099999999999996,0.28,22.66,monitoring,0
2614001,2614,26,gmina świętokrzyskie-wschodni-14-01,17207,48.69,2315,21.2,,0.0,,0.0,0.842,-16.1,0.07333333333333343,0.0,0.15800000000000003,0.2826666666666667,22.66,monitoring,0
2220004,2220,22,gmina pomorskie-wschodni-20-04,7605,47.49,1156,17.9,,0.0,,0.0,0.808,-16.4,0.09333333333333324,0.0,0.19199999999999995,0.23866666666666664,22.65,monitoring,0
1815005,1815,18,gmina podkarpackie-zachodni-15-05,7994,49.23,1110,23.7,,0.0,,0.0,0.738,-15.0,0.0,0.0,0.262,0.316,22.65,monitoring,0
2610004,2610,26,gmina świętokrzyskie-centralny-10-04,7166,48.02,1184,23.8,,0.0,,0.0,0.86,-16.3,0.08666666666666671,0.0,0.14,0.31733333333333336,22.65,monitoring,0
0418003,0418,4,gmina kujawsko-pomorskie-północny-18-03,4594,52.93,720,20.2,,0.0,,0.0,0.869,-14.4,0.0,0.0,0.131,0.2693333333333333,22.64,monitoring,0
0223003,0223,2,gmina dolnośląskie-miejski-23-03,6655,47.09,1040,20.7,,0.0,,0.0,0.747,-15.9,0.060000000000000026,0.0,0.253,0.27599999999999997,22.63,monitoring,0
0230006,0230,2,gmina dolnośląskie-północny-30-06,3430,47.4,495,28.7,,0.0,,0.0,0.9400000000000001,-16.8,0.12000000000000005,0.0,0.05999999999999994,0.38266666666666665,22.63,monitoring,0
3019006,3019,30,gmina wielkopolskie-południowy-19-06,8314,45.84,1072,23.0,,0.0,,0.0,0.768,-16.3,0.08666666666666671,0.0,0.23199999999999998,0.30666666666666664,22.6,monitoring,0
3019005,3019,30,gmina wielkopolskie-południowy-19-05,34486,48.37,4882,19.3,,0.0,,0.0,0.858,-16.3,0.08666666666666671,0.0,0.14200000000000002,0.25733333333333336,22.51,monitoring,0
0811007,0811,8,gmina lubuskie-miejski-11-07,9884,50.87,1555,25.8,,0.0,,0.0,0.839,-13.8,0.0,0.0,0.16100000000000003,0.34400000000000003,22.5,monitoring,0
1213003,1213,12,gmina małopolskie-południowy-13-03,5604,44.13,858,26.2,,0.0,,0.0,0.758,-16.5,0.1,0.0,0.242,0.34933333333333333,22.49,monitoring,0
2601004,2601,26,gmina świętokrzyskie-południowy-01-04,34173,43.53,4855,15.7,,0.0,,0.0,0.855,-18.0,0.2,0.0,0.14500000000000002,0.20933333333333332,22.49,monitoring,0
0812005,0812,8,gmina lubuskie-północny-12-05,7793,44.3,1340,27.9,,0.0,,0.0,0.876,-17.2,0.1466666666666666,0.0,0.124,0.372,22.45,monitoring,0
0219006,0219,2,gmina dolnośląskie-południowy-19-06,7717,44.26,897,16.9,,0.0,,0.0,0.807,-17.3,0.15333333333333338,0.0,0.19299999999999995,0.2253333333333333,22.44,monitoring,0
0217005,0217,2,gmina dolnośląskie-miejski-17-05,4635,47.91,674,24.7,,0.0,,0.0,0.712,-12.9,0.0,0.0,0.28800000000000003,0.3293333333333333,22.44,monitoring,0
2426003,2426,24,gmina śląskie-wschodni-26-03,11478,48.45,2093,11.8,,0.0,,0.0,0.8290000000000001,-16.4,0.09333333333333324,0.0,0.17099999999999993,0.15733333333333335,22.42,monitoring,0
1017004,1017,10,gmina łódzkie-miejski-17-04,5476,46.3,828,29.9,,0.0,,0.0,0.86,-16.3,0.08666666666666671,0.0,0.14,0.39866666666666667,22.41,monitoring,0
2403003,2403,24,gmina śląskie-zachodni-03-03,35686,45.24,4052,24.7,,0.0,,0.0,0.86,-16.9,0.12666666666666657,0.0,0.14,0.3293333333333333,22.38,monitoring,0
0804002,0804,8,gmina lubuskie-centralny-04-02,5997,51.09,978,21.2,,0.0,,0.0,0.8290000000000001,-13.3,0.0,0.0,0.17099999999999993,0.2826666666666667,22.37,monitoring,0
1019006,1019,10,gmina łódzkie-południowy-19-06,23104,47.28,3690,19.2,,0.0,,0.0,0.84,-16.4,0.09333333333333324,0.0,0.16000000000000003,0.256,22.37,monitoring,0
1211006,1211,12,gmina małopolskie-miejski-11-06,6444,47.16,1170,21.3,,0.0,,0.0,0.81,-16.1,0.07333333333333343,0.0,0.18999999999999995,0.28400000000000003,22.37,monitoring,0
2407006,2407,24,gmina śląskie-południowy-07-06,2298,45.8,301,27.8,,0.0,,0.0,0.804,-16.1,0.07333333333333343,0.0,0.19599999999999995,0.3706666666666667,22.34,monitoring,0
2217006,2217,22,gmina pomorskie-miejski-17-06,32422,50.5,5092,21.6,,0.0,,0.0,0.81,-14.9,0.0,0.0,0.18999999999999995,0.28800000000000003,22.34,monitoring,0
2609002,2609,26,gmina świętokrzyskie-zachodni-09-02,8622,43.2,1314,25.4,,0.0,,0.0,0.8240000000000001,-17.2,0.1466666666666666,0.0,0.17599999999999993,0.33866666666666667,22.33,monitoring,0
3018002,3018,30,gmina wielkopolskie-północny-18-02,36112,46.13,4382,30.7,,0.0,,0.0,0.935,-16.8,0.12000000000000005,0.0,0.06499999999999995,0.4093333333333333,22.32,monitoring,0
0209004,0209,2,gmina dolnośląskie-zachodni-09-04,13035,49.98,1527,19.3,,0.0,,0.0,0.777,-14.7,0.0,0.0,0.22299999999999998,0.25733333333333336,22.29,monitoring,0
3006002,3006,30,gmina wielkopolskie-północny-06-02,10173,50.5,1849,14.6,,0.0,,0.0,0.764,-13.9,0.0,0.0,0.236,0.19466666666666665,22.29,monitoring,0
2613002,2613,26,gmina świętokrzyskie-południowy-13-02,67752,48.23,11375,14.3,,0.0,,0.0,0.84,-16.3,0.08666666666666671,0.0,0.16000000000000003,0.19066666666666668,22.28,monitoring,0
1824006,1824,18,gmina podkarpackie-północny-24-06,27875,49.62,3915,14.0,,0.0,,0.0,0.859,-16.0,0.06666666666666667,0.0,0.14100000000000001,0.18666666666666668,22.26,monitoring,0
1218007,1218,12,gmina małopolskie-północny-18-07,5670,49.5,755,25.6,,0.0,,0.0,0.808,-13.9,0.0,0.0,0.19199999999999995,0.3413333333333334,22.24,monitoring,0
0423005,0423,4,gmina kujawsko-pomorskie-miejski-23-05,38528,44.38,5424,6.7,,0.0,,0.0,0.852,-18.0,0.2,0.0,0.14800000000000002,0.08933333333333333,22.24,monitoring,0
3208005,3208,32,gmina zachodniopomorskie-wschodni-08-05,6490,47.63,551,27.4,,0.0,,0.0,0.743,-14.9,0.0,0.0,0.257,0.3653333333333333,22.24,monitoring,0
1220007,1220,12,gmina małopolskie-wschodni-20-07,8574,44.32,922,29.1,,0.0,,0.0,0.778,-16.2,0.07999999999999995,0.0,0.22199999999999998,0.388,22.22,monitoring,0
0805005,0805,8,gmina lubuskie-miejski-05-05,11551,52.72,1897,18.9,,0.0,,0.0,0.91,-15.1,0.006666666666666643,0.0,0.08999999999999997,0.252,22.22,monitoring,0
3215005,3215,32,gmina zachodniopomorskie-zachodni-15-05,16576,50.99,1884,24.5,,0.0,,0.0,0.867,-14.9,0.0,0.0,0.133,0.32666666666666666,22.21,monitoring,0
1209004,1209,12,gmina małopolskie-zachodni-09-04,15950,43.87,2187,18.3,,0.0,,0.0,0.8130000000000001,-17.2,0.1466666666666666,0.0,0.18699999999999994,0.24400000000000002,22.21,monitoring,0
1218002,1218,12,gmina małopolskie-północny-18-02,3406,51.8,521,17.0,,0.0,,0.0,0.847,-13.9,0.0,0.0,0.15300000000000002,0.22666666666666666,22.19,monitoring,0
2432003,2432,24,gmina śląskie-wschodni-32-03,25529,42.08,3496,7.7,,0.0,,0.0,0.863,-18.7,0.24666666666666662,0.0,0.137,0.10266666666666667,22.18,monitoring,0
1204001,1204,12,gmina małopolskie-centralny-04-01,14811,42.23,2154,24.3,,0.0,,0.0,0.9400000000000001,-18.3,0.22000000000000006,0.0,0.05999999999999994,0.324,22.17,monitoring,0
3018001,3018,30,gmina wielkopolskie-północny-18-01,56154,44.34,8659,21.8,,0.0,,0.0,0.8160000000000001,-16.8,0.12000000000000005,0.0,0.18399999999999994,0.2906666666666667,22.12,monitoring,0
1824002,1824,18,gmina podkarpackie-północny-24-02,52282,47.0,6066,17.9,,0.0,,0.0,0.793,-16.0,0.06666666666666667,0.0,0.20699999999999996,0.23866666666666664,22.12,monitoring,0
1202006,1202,12,gmina małopolskie-wschodni-02-06,16001,37.28,2075,22.6,,0.0,,0.0,0.712,-18.2,0.2133333333333333,0.0,0.28800000000000003,0.30133333333333334,22.11,monitoring,0
2605002,2605,26,gmina świętokrzyskie-miejski-05-02,104031,50.86,13468,23.7,,0.0,,0.0,0.99,-15.9,0.060000000000000026,0.0,0.010000000000000009,0.316,22.08,monitoring,0
1016003,1016,10,gmina łódzkie-centralny-16-03,9644,49.93,1527,16.9,,0.0,,0.0,0.78,-15.0,0.0,0.0,0.21999999999999997,0.2253333333333333,22.08,monitoring,0
1805001,1805,18,gmina podkarpackie-miejski-05-01,3560,51.42,502,13.5,,0.0,,0.0,0.8180000000000001,-14.0,0.0,0.0,0.18199999999999994,0.18,22.08,monitoring,0
1804003,1804,18,gmina podkarpackie-centralny-04-03,22151,47.7,3259,15.9,,0.0,,0.0,0.8,-15.9,0.060000000000000026,0.0,0.19999999999999996,0.212,22.07,monitoring,0
1803005,1803,18,gmina podkarpackie-zachodni-03-05,12944,46.26,1420,26.1,,0.0,,0.0,0.802,-15.8,0.05333333333333338,0.0,0.19799999999999995,0.34800000000000003,22.06,monitoring,0
2413001,2413,24,gmina śląskie-południowy-13-01,8067,51.86,1126,28.3,,0.0,,0.0,0.964,-15.1,0.006666666666666643,0.0,0.03600000000000003,0.37733333333333335,22.04,monitoring,0
0207004,0207,2,gmina dolnośląskie-południowy-07-04,9239,41.78,1144,11.7,,0.0,,0.0,0.8190000000000001,-18.1,0.20666666666666675,0.0,0.18099999999999994,0.156,22.01,monitoring,0
1603003,1603,16,gmina opolskie-zachodni-03-03,5717,49.37,773,22.3,,0.0,,0.0,0.805,-14.3,0.0,0.0,0.19499999999999995,0.29733333333333334,22.0,monitoring,0
0207005,0207,2,gmina dolnośląskie-południowy-07-05,32189,39.2,3933,13.8,,0.0,,0.0,0.73,-18.1,0.20666666666666675,0.0,0.27,0.184,21.97,monitoring,0
0804007,0804,8,gmina lubuskie-centralny-04-07,49617,48.66,6683,23.2,,0.0,,0.0,0.787,-13.3,0.0,0.0,0.21299999999999997,0.30933333333333335,21.95,monitoring,0
1015005,1015,10,gmina łódzkie-zachodni-15-05,3787,49.26,515,24.6,,0.0,,0.0,0.85,-15.2,0.013333333333333286,0.0,0.15000000000000002,0.328,21.95,monitoring,0
0420005,0420,4,gmina kujawsko-pomorskie-wschodni-20-05,10346,49.37,1556,27.5,,0.0,,0.0,0.85,-14.7,0.0,0.0,0.15000000000000002,0.36666666666666664,21.94,monitoring,0
1207001,1207,12,gmina małopolskie-południowy-07-01,7096,48.8,1172,24.1,,0.0,,0.0,0.869,-15.5,0.03333333333333333,0.0,0.131,0.32133333333333336,21.93,monitoring,0
0220004,0220,2,gmina dolnośląskie-wschodni-20-04,39373,51.33,4464,25.6,,0.0,,0.0,0.921,-13.9,0.0,0.0,0.07899999999999996,0.3413333333333334,21.92,monitoring,0
2431006,2431,24,gmina śląskie-południowy-31-06,5707,46.14,643,24.1,,0.0,,0.0,0.788,-15.7,0.04666666666666662,0.0,0.21199999999999997,0.32133333333333336,21.89,monitoring,0
0804004,0804,8,gmina lubuskie-centralny-04-04,27419,49.67,4486,26.1,,0.0,,0.0,0.859,-13.3,0.0,0.0,0.14100000000000001,0.34800000000000003,21.88,monitoring,0
0205007,0205,2,gmina dolnośląskie-miejski-05-07,5328,41.02,766,35.3,,0.0,,0.0,0.842,-17.1,0.1400000000000001,0.0,0.15800000000000003,0.4706666666666666,21.88,monitoring,0
1008002,1008,10,gmina łódzkie-wschodni-08-02,9411,48.91,1468,26.4,,0.0,,0.0,0.8320000000000001,-13.5,0.0,0.0,0.16799999999999993,0.352,21.86,monitoring,0
1210006,1210,12,gmina małopolskie-centralny-10-06,41642,50.26,4553,18.2,,0.0,,0.0,0.868,-15.3,0.02000000000000005,0.0,0.132,0.24266666666666667,21.86,monitoring,0
1821002,1821,18,gmina podkarpackie-zachodni-21-02,45416,44.18,4749,21.5,,0.0,,0.0,0.85,-16.9,0.12666666666666657,0.0,0.15000000000000002,0.2866666666666667,21.85,monitoring,0
1605001,1605,16,gmina opolskie-miejski-05-01,43624,46.16,5692,5.0,,0.0,,0.0,0.853,-17.2,0.1466666666666666,0.0,0.14700000000000002,0.06666666666666667,21.84,monitoring,0
0814003,0814,8,gmina lubuskie-wschodni-14-03,6413,47.35,886,28.9,,0.0,,0.0,0.8270000000000001,-15.3,0.02000000000000005,0.0,0.17299999999999993,0.3853333333333333,21.84,monitoring,0
0801004,0801,8,gmina lubuskie-południowy-01-04,47360,52.5,5888,15.1,,0.0,,0.0,0.903,-14.9,0.0,0.0,0.09699999999999998,0.20133333333333334,21.83,monitoring,0
3205003,3205,32,gmina zachodniopomorskie-miejski-05-03,10609,45.38,1328,33.4,,0.0,,0.0,0.74,-14.6,0.0,0.0,0.26,0.4453333333333333,21.81,monitoring,0
1011003,1011,10,gmina łódzkie-miejski-11-03,11739,40.91,1677,6.8,,0.0,,0.0,0.8210000000000001,-18.5,0.23333333333333334,0.0,0.17899999999999994,0.09066666666666666,21.81,monitoring,0
1611001,1611,16,gmina opolskie-miejski-11-01,3538,49.64,546,33.2,,0.0,,0.0,0.92,-14.6,0.0,0.0,0.07999999999999996,0.4426666666666667,21.8,monitoring,0
3008002,3008,30,gmina wielkopolskie-wschodni-08-02,12286,42.87,1469,26.2,,0.0,,0.0,0.835,-16.9,0.12666666666666657,0.0,0.16500000000000004,0.34933333333333333,21.8,monitoring,0
0421006,0421,4,gmina kujawsko-pomorskie-zachodni-21-06,27779,44.37,3518,11.7,,0.0,,0.0,0.8200000000000001,-17.1,0.1400000000000001,0.0,0.17999999999999994,0.156,21.78,monitoring,0
3019001,3019,30,gmina wielkopolskie-południowy-19-01,7080,46.28,925,19.4,,0.0,,0.0,0.853,-16.3,0.08666666666666671,0.0,0.14700000000000002,0.25866666666666666,21.76,monitoring,0
3034006,3034,30,gmina wielkopolskie-centralny-34-06,5931,50.49,1074,16.2,,0.0,,0.0,0.836,-12.8,0.0,0.0,0.16400000000000003,0.216,21.74,monitoring,0
2208004,2208,22,gmina pomorskie-wschodni-08-04,5564,47.95,640,16.7,,0.0,,0.0,0.8270000000000001,-15.7,0.04666666666666662,0.0,0.17299999999999993,0.22266666666666665,21.73,monitoring,0
2214003,2214,22,gmina pomorskie-wschodni-14-03,7307,48.12,1033,22.1,,0.0,,0.0,0.835,-15.4,0.02666666666666669,0.0,0.16500000000000004,0.2946666666666667,21.72,monitoring,0
2209004,2209,22,gmina pomorskie-zachodni-09-04,8198,43.87,1458,26.9,,0.0,,0.0,0.773,-16.0,0.06666666666666667,0.0,0.22699999999999998,0.35866666666666663,21.71,monitoring,0
0407001,0407,4,gmina kujawsko-pomorskie-południowy-07-01,24601,43.61,2903,9.4,,0.0,,0.0,0.89,-17.9,0.19333333333333325,0.0,0.10999999999999999,0.12533333333333332,21.67,monitoring,0
2602004,2602,26,gmina świętokrzyskie-wschodni-02-04,16428,47.38,1986,26.7,,0.0,,0.0,0.8190000000000001,-15.2,0.013333333333333286,0.0,0.18099999999999994,0.356,21.65,monitoring,0
1805003,1805,18,gmina podkarpackie-miejski-05-03,16912,46.83,2063,24.7,,0.0,,0.0,0.756,-14.0,0.0,0.0,0.244,0.3293333333333333,21.64,monitoring,0
0211004,0211,2,gmina dolnośląskie-miejski-11-04,8673,49.56,1261,18.8,,0.0,,0.0,0.8300000000000001,-13.4,0.0,0.0,0.16999999999999993,0.25066666666666665,21.62,monitoring,0
3033005,3033,30,gmina wielkopolskie-zachodni-33-05,12421,47.68,1941,24.8,,0.0,,0.0,0.797,-12.2,0.0,0.0,0.20299999999999996,0.33066666666666666,21.6,monitoring,0
2429002,2429,24,gmina śląskie-miejski-29-02,3091,45.66,436,36.1,,0.0,,0.0,0.85,-15.4,0.02666666666666669,0.0,0.15000000000000002,0.48133333333333334,21.59,monitoring,0
3209006,3209,32,gmina zachodniopomorskie-zachodni-09-06,22963,42.86,4139,20.5,,0.0,,0.0,0.87,-17.3,0.15333333333333338,0.0,0.13,0.2733333333333333,21.58,monitoring,0
0418005,0418,4,gmina kujawsko-pomorskie-północny-18-05,20127,48.8,2821,20.5,,0.0,,0.0,0.8140000000000001,-14.4,0.0,0.0,0.18599999999999994,0.2733333333333333,21.58,monitoring,0
3214005,3214,32,gmina zachodniopomorskie-wschodni-14-05,12636,51.16,1913,16.5,,0.0,,0.0,0.884,-14.9,0.0,0.0,0.11599999999999999,0.22,21.58,monitoring,0
2428001,2428,24,gmina śląskie-centralny-28-01,31375,43.57,4125,16.8,,0.0,,0.0,0.85,-17.1,0.1400000000000001,0.0,0.15000000000000002,0.224,21.55,monitoring,0
1814004,1814,18,gmina podkarpackie-wschodni-14-04,14736,47.23,2246,17.0,,0.0,,0.0,0.8200000000000001,-15.7,0.04666666666666662,0.0,0.17999999999999994,0.22666666666666666,21.54,monitoring,0
0227002,0227,2,gmina dolnośląskie-zachodni-27-02,18359,45.41,3299,5.0,,0.0,,0.0,0.8150000000000001,-16.9,0.12666666666666657,0.0,0.18499999999999994,0.06666666666666667,21.53,monitoring,0
0220002,0220,2,gmina dolnośląskie-wschodni-20-02,31562,49.62,4427,11.7,,0.0,,0.0,0.791,-13.9,0.0,0.0,0.20899999999999996,0.156,21.52,monitoring,0
3212006,3212,32,gmina zachodniopomorskie-północny-12-06,6296,47.87,1188,10.1,,0.0,,0.0,0.786,-15.6,0.03999999999999997,0.0,0.21399999999999997,0.13466666666666666,21.51,monitoring,0
3034003,3034,30,gmina wielkopolskie-centralny-34-03,7072,48.67,1314,21.1,,0.0,,0.0,0.8240000000000001,-12.8,0.0,0.0,0.17599999999999993,0.2813333333333334,21.49,monitoring,0
2210001,2210,22,gmina pomorskie-centralny-10-01,18357,46.8,2974,25.0,,0.0,,0.0,0.8240000000000001,-15.3,0.02000000000000005,0.0,0.17599999999999993,0.3333333333333333,21.39,monitoring,0
0201002,0201,2,gmina dolnośląskie-południowy-01-02,33232,42.33,5230,12.6,,0.0,,0.0,0.838,-17.5,0.16666666666666666,0.0,0.16200000000000003,0.16799999999999998,21.38,monitoring,0
0413004,0413,4,gmina kujawsko-pomorskie-południowy-13-04,6961,44.25,1062,24.1,,0.0,,0.0,0.858,-16.4,0.09333333333333324,0.0,0.14200000000000002,0.32133333333333336,21.38,monitoring,0
1022006,1022,10,gmina łódzkie-centralny-22-06,3469,41.99,475,28.1,,0.0,,0.0,0.78,-16.3,0.08666666666666671,0.0,0.21999999999999997,0.3746666666666667,21.37,monitoring,0
1606001,1606,16,gmina opolskie-północny-06-01,13162,42.13,1565,35.0,,0.0,,0.0,0.891,-16.7,0.11333333333333329,0.0,0.10899999999999999,0.4666666666666667,21.36,monitoring,0
0204002,0204,2,gmina dolnośląskie-centralny-04-02,5226,46.33,700,18.5,,0.0,,0.0,0.802,-15.6,0.03999999999999997,0.0,0.19799999999999995,0.24666666666666667,21.34,monitoring,0
2212001,2212,22,gmina pomorskie-północny-12-01,3443,46.49,596,23.8,,0.0,,0.0,0.876,-15.8,0.05333333333333338,0.0,0.124,0.31733333333333336,21.33,monitoring,0
0203006,0203,2,gmina dolnośląskie-zachodni-03-06,21976,46.62,3330,8.4,,0.0,,0.0,0.8210000000000001,-16.2,0.07999999999999995,0.0,0.17899999999999994,0.112,21.33,monitoring,0
3017002,3017,30,gmina wielkopolskie-miejski-17-02,53190,47.67,7199,13.1,,0.0,,0.0,0.9,-16.2,0.07999999999999995,0.0,0.09999999999999998,0.17466666666666666,21.33,monitoring,0
0207003,0207,2,gmina dolnośląskie-południowy-07-03,13180,37.89,1853,20.5,,0.0,,0.0,0.797,-18.1,0.20666666666666675,0.0,0.20299999999999996,0.2733333333333333,21.31,monitoring,0
2211003,2211,22,gmina pomorskie-miejski-11-03,29479,46.98,3555,10.2,,0.0,,0.0,0.773,-15.6,0.03999999999999997,0.0,0.22699999999999998,0.13599999999999998,21.3,monitoring,0
0403005,0403,4,gmina kujawsko-pomorskie-zachodni-03-05,25453,46.4,3758,24.5,,0.0,,0.0,0.843,-15.5,0.03333333333333333,0.0,0.15700000000000003,0.32666666666666666,21.28,monitoring,0
3217001,3217,32,gmina zachodniopomorskie-miejski-17-01,40691,49.15,5177,24.0,,0.0,,0.0,0.888,-14.7,0.0,0.0,0.11199999999999999,0.32,21.28,monitoring,0
2206006,2206,22,gmina pomorskie-północny-06-06,14214,46.88,2048,26.8,,0.0,,0.0,0.841,-15.2,0.013333333333333286,0.0,0.15900000000000003,0.35733333333333334,21.27,monitoring,0
1603004,1603,16,gmina opolskie-zachodni-03-04,11555,46.8,1906,20.2,,0.0,,0.0,0.766,-14.3,0.0,0.0,0.23399999999999999,0.2693333333333333,21.24,monitoring,0
1219003,1219,12,gmina małopolskie-południowy-19-03,32361,46.73,3668,16.2,,0.0,,0.0,0.733,-14.6,0.0,0.0,0.267,0.216,21.24,monitoring,0
1024004,1024,10,gmina łódzkie-północny-24-04,17447,44.92,2683,32.5,,0.0,,0.0,0.778,-14.9,0.0,0.0,0.22199999999999998,0.43333333333333335,21.23,monitoring,0
0218007,0218,2,gmina dolnośląskie-północny-18-07,23827,42.58,3202,23.0,,0.0,,0.0,0.8140000000000001,-16.5,0.1,0.0,0.18599999999999994,0.30666666666666664,21.19,monitoring,0
2414003,2414,24,gmina śląskie-wschodni-14-03,38423,50.32,7214,10.8,,0.0,,0.0,0.85,-14.5,0.0,0.0,0.15000000000000002,0.14400000000000002,21.19,monitoring,0
1606003,1606,16,gmina opolskie-północny-06-03,92868,43.9,8801,11.6,,0.0,,0.0,0.8130000000000001,-16.7,0.11333333333333329,0.0,0.18699999999999994,0.15466666666666667,21.18,monitoring,0
0802002,0802,8,gmina lubuskie-wschodni-02-02,5087,48.92,849,25.0,,0.0,,0.0,0.899,-14.4,0.0,0.0,0.10099999999999998,0.3333333333333333,21.17,monitoring,0
0809003,0809,8,gmina lubuskie-zachodni-09-03,4034,49.02,640,14.4,,0.0,,0.0,0.892,-15.5,0.03333333333333333,0.0,0.10799999999999998,0.192,21.16,monitoring,0
1019001,1019,10,gmina łódzkie-południowy-19-01,3242,41.89,373,22.9,,0.0,,0.0,0.774,-16.4,0.09333333333333324,0.0,0.22599999999999998,0.3053333333333333,21.16,monitoring,0
1010004,1010,10,gmina łódzkie-centralny-10-04,23001,44.86,3140,31.1,,0.0,,0.0,0.777,-13.0,0.0,0.0,0.22299999999999998,0.4146666666666667,21.13,monitoring,0
3032004,3032,30,gmina wielkopolskie-wschodni-32-04,17391,41.12,2042,8.8,,0.0,,0.0,0.8290000000000001,-17.8,0.1866666666666667,0.0,0.17099999999999993,0.11733333333333335,21.11,monitoring,0
0410004,0410,4,gmina kujawsko-pomorskie-centralny-10-04,11314,45.43,1812,28.1,,0.0,,0.0,0.781,-14.4,0.0,0.0,0.21899999999999997,0.3746666666666667,21.11,monitoring,0
0808007,0808,8,gmina lubuskie-wschodni-08-07,11368,46.61,1475,29.8,,0.0,,0.0,0.847,-14.1,0.0,0.0,0.15300000000000002,0.3973333333333333,21.08,monitoring,0
0403001,0403,4,gmina kujawsko-pomorskie-zachodni-03-01,23234,45.67,2977,21.5,,0.0,,0.0,0.8130000000000001,-15.5,0.03333333333333333,0.0,0.18699999999999994,0.2866666666666667,21.07,monitoring,0
3213003,3213,32,gmina zachodniopomorskie-południowy-13-03,2793,40.44,310,27.4,,0.0,,0.0,0.877,-17.3,0.15333333333333338,0.0,0.123,0.3653333333333333,21.06,monitoring,0
0208001,0208,2,gmina dolnośląskie-wschodni-08-01,6002,37.53,911,24.2,,0.0,,0.0,0.786,-17.7,0.17999999999999997,0.0,0.21399999999999997,0.32266666666666666,21.04,monitoring,0
2203002,2203,22,gmina pomorskie-zachodni-03-02,25441,49.61,3319,14.7,,0.0,,0.0,0.867,-12.9,0.0,0.0,0.133,0.19599999999999998,21.03,monitoring,0
1607004,1607,16,gmina opolskie-południowy-07-04,3711,40.54,455,28.0,,0.0,,0.0,0.798,-16.6,0.10666666666666676,0.0,0.20199999999999996,0.37333333333333335,21.01,monitoring,0
1001003,1001,10,gmina łódzkie-południowy-01-03,29094,49.49,3967,15.8,,0.0,,0.0,0.873,-14.7,0.0,0.0,0.127,0.21066666666666667,21.0,monitoring,0
0814007,0814,8,gmina lubuskie-wschodni-14-07,14218,49.05,2051,16.0,,0.0,,0.0,0.896,-15.3,0.02000000000000005,0.0,0.10399999999999998,0.21333333333333335,21.0,monitoring,0
1215006,1215,12,gmina małopolskie-zachodni-15-06,10260,33.48,1231,25.4,,0.0,,0.0,0.776,-18.8,0.25333333333333335,0.0,0.22399999999999998,0.33866666666666667,20.99,monitoring,0
1005003,1005,10,gmina łódzkie-miejski-05-03,6489,44.19,899,37.1,,0.0,,0.0,0.8220000000000001,-15.1,0.006666666666666643,0.0,0.17799999999999994,0.4946666666666667,20.99,monitoring,0
1806002,1806,18,gmina podkarpackie-północny-06-02,27247,39.58,2975,18.6,,0.0,,0.0,0.905,-18.2,0.2133333333333333,0.0,0.09499999999999997,0.24800000000000003,20.98,monitoring,0
3007004,3007,30,gmina wielkopolskie-południowy-07-04,30737,43.02,3077,10.2,,0.0,,0.0,0.854,-17.2,0.1466666666666666,0.0,0.14600000000000002,0.13599999999999998,20.98,monitoring,0
3035004,3035,30,gmina wielkopolskie-miejski-35-04,39136,49.54,3861,5.0,,0.0,,0.0,0.853,-15.4,0.02666666666666669,0.0,0.14700000000000002,0.06666666666666667,20.96,monitoring,0
0213007,0213,2,gmina dolnośląskie-południowy-13-07,35567,50.42,4553,9.3,,0.0,,0.0,0.869,-14.2,0.0,0.0,0.131,0.12400000000000001,20.96,monitoring,0
3028003,3028,30,gmina wielkopolskie-centralny-28-03,43813,46.03,5416,10.6,,0.0,,0.0,0.787,-15.7,0.04666666666666662,0.0,0.21299999999999997,0.14133333333333334,20.96,monitoring,0
1023004,1023,10,gmina łódzkie-miejski-23-04,6659,46.34,1034,22.1,,0.0,,0.0,0.859,-15.5,0.03333333333333333,0.0,0.14100000000000001,0.2946666666666667,20.95,monitoring,0
1201003,1201,12,gmina małopolskie-południowy-01-03,5523,49.28,952,17.7,,0.0,,0.0,0.9,-15.1,0.006666666666666643,0.0,0.09999999999999998,0.236,20.93,monitoring,0
2404005,2404,24,gmina śląskie-centralny-04-05,23693,46.58,3574,15.7,,0.0,,0.0,0.771,-15.1,0.006666666666666643,0.0,0.22899999999999998,0.20933333333333332,20.93,monitoring,0
1212001,1212,12,gmina małopolskie-północny-12-01,33270,50.1,4536,21.6,,0.0,,0.0,0.9520000000000001,-12.4,0.0,0.0,0.04799999999999993,0.28800000000000003,20.91,monitoring,0
3002003,3002,30,gmina wielkopolskie-wschodni-02-03,30184,46.09,3549,6.8,,0.0,,0.0,0.767,-15.7,0.04666666666666662,0.0,0.23299999999999998,0.09066666666666666,20.9,monitoring,0
1004001,1004,10,gmina łódzkie-centralny-04-01,22626,46.93,3521,6.2,,0.0,,0.0,0.882,-16.3,0.08666666666666671,0.0,0.118,0.08266666666666667,20.87,monitoring,0
1212005,1212,12,gmina małopolskie-północny-12-05,20180,50.9,3012,6.1,,0.0,,0.0,0.877,-12.4,0.0,0.0,0.123,0.08133333333333333,20.86,monitoring,0
1007006,1007,10,gmina łódzkie-południowy-07-06,46695,44.63,4617,29.1,,0.0,,0.0,0.782,-14.7,0.0,0.0,0.21799999999999997,0.388,20.86,monitoring,0
3207004,3207,32,gmina zachodniopomorskie-południowy-07-04,5125,47.39,845,8.4,,0.0,,0.0,0.749,-13.4,0.0,0.0,0.251,0.112,20.83,monitoring,0
1019004,1019,10,gmina łódzkie-południowy-19-04,1800,40.36,228,23.0,,0.0,,0.0,0.748,-16.4,0.09333333333333324,0.0,0.252,0.30666666666666664,20.82,monitoring,0
3004005,3004,30,gmina wielkopolskie-centralny-04-05,7204,45.05,802,15.9,,0.0,,0.0,0.762,-15.4,0.02666666666666669,0.0,0.238,0.212,20.8,monitoring,0
3014003,3014,30,gmina wielkopolskie-wschodni-14-03,28770,47.2,4187,11.3,,0.0,,0.0,0.859,-15.7,0.04666666666666662,0.0,0.14100000000000001,0.15066666666666667,20.8,monitoring,0
1823003,1823,18,gmina podkarpackie-miejski-23-03,42777,45.73,4020,9.5,,0.0,,0.0,0.8240000000000001,-16.0,0.06666666666666667,0.0,0.17599999999999993,0.12666666666666668,20.79,monitoring,0
1810002,1810,18,gmina podkarpackie-centralny-10-02,28671,37.63,3495,23.1,,0.0,,0.0,0.931,-18.6,0.2400000000000001,0.0,0.06899999999999995,0.308,20.78,monitoring,0
1208004,1208,12,gmina małopolskie-wschodni-08-04,4293,43.77,510,12.8,,0.0,,0.0,0.863,-16.7,0.11333333333333329,0.0,0.137,0.1706666666666667,20.76,monitoring,0
0802007,0802,8,gmina lubuskie-wschodni-02-07,30161,47.62,3879,16.8,,0.0,,0.0,0.8310000000000001,-14.4,0.0,0.0,0.16899999999999993,0.224,20.74,monitoring,0
3202001,3202,32,gmina zachodniopomorskie-wschodni-02-01,5599,48.95,846,12.7,,0.0,,0.0,0.858,-14.7,0.0,0.0,0.14200000000000002,0.16933333333333334,20.73,monitoring,0
2413005,2413,24,gmina śląskie-południowy-13-05,8082,48.01,1413,5.1,,0.0,,0.0,0.777,-15.1,0.006666666666666643,0.0,0.22299999999999998,0.06799999999999999,20.71,monitoring,0
0408005,0408,4,gmina kujawsko-pomorskie-wschodni-08-05,26893,45.19,3334,21.5,,0.0,,0.0,0.771,-12.8,0.0,0.0,0.22899999999999998,0.2866666666666667,20.67,monitoring,0
1004002,1004,10,gmina łódzkie-centralny-04-02,32906,46.93,3782,5.0,,0.0,,0.0,0.899,-16.3,0.08666666666666671,0.0,0.10099999999999998,0.06666666666666667,20.64,monitoring,0
0218001,0218,2,gmina dolnośląskie-północny-18-01,32949,43.91,4066,8.0,,0.0,,0.0,0.8200000000000001,-16.5,0.1,0.0,0.17999999999999994,0.10666666666666667,20.64,monitoring,0
2416001,2416,24,gmina śląskie-centralny-16-01,39006,38.5,3173,22.6,,0.0,,0.0,0.795,-17.2,0.1466666666666666,0.0,0.20499999999999996,0.30133333333333334,20.62,monitoring,0
1201007,1201,12,gmina małopolskie-południowy-01-07,4916,47.13,760,24.5,,0.0,,0.0,0.897,-15.1,0.006666666666666643,0.0,0.10299999999999998,0.32666666666666666,20.59,monitoring,0
3024002,3024,30,gmina wielkopolskie-północny-24-02,6394,50.08,968,13.9,,0.0,,0.0,0.93,-15.0,0.0,0.0,0.06999999999999995,0.18533333333333335,20.59,monitoring,0
3008006,3008,30,gmina wielkopolskie-wschodni-08-06,14132,42.08,2112,14.0,,0.0,,0.0,0.848,-16.9,0.12666666666666657,0.0,0.15200000000000002,0.18666666666666668,20.57,monitoring,0
0814005,0814,8,gmina lubuskie-wschodni-14-05,13049,44.16,1293,29.0,,0.0,,0.0,0.835,-15.3,0.02000000000000005,0.0,0.16500000000000004,0.38666666666666666,20.56,monitoring,0
2216003,2216,22,gmina pomorskie-centralny-16-03,4297,42.67,581,25.2,,0.0,,0.0,0.746,-15.3,0.02000000000000005,0.0,0.254,0.33599999999999997,20.54,monitoring,0
2436004,2436,24,gmina śląskie-północny-36-04,13730,46.4,1968,11.4,,0.0,,0.0,0.8280000000000001,-15.5,0.03333333333333333,0.0,0.17199999999999993,0.152,20.54,monitoring,0
1007005,1007,10,gmina łódzkie-południowy-07-05,23431,49.05,4069,6.4,,0.0,,0.0,0.837,-14.7,0.0,0.0,0.16300000000000003,0.08533333333333334,20.53,monitoring,0
3218005,3218,32,gmina zachodniopomorskie-północny-18-05,23544,44.37,2520,22.5,,0.0,,0.0,0.8290000000000001,-15.5,0.03333333333333333,0.0,0.17099999999999993,0.3,20.5,monitoring,0
0210005,0210,2,gmina dolnośląskie-centralny-10-05,26826,45.11,3700,10.4,,0.0,,0.0,0.877,-16.3,0.08666666666666671,0.0,0.123,0.13866666666666666,20.5,monitoring,0
3021001,3021,30,gmina wielkopolskie-zachodni-21-01,1800,45.37,297,20.3,,0.0,,0.0,0.801,-15.1,0.006666666666666643,0.0,0.19899999999999995,0.27066666666666667,20.5,monitoring,0
1815003,1815,18,gmina podkarpackie-zachodni-15-03,73540,48.2,10723,10.4,,0.0,,0.0,0.837,-15.0,0.0,0.0,0.16300000000000003,0.13866666666666666,20.48,monitoring,0
3215002,3215,32,gmina zachodniopomorskie-zachodni-15-02,35759,49.38,4655,12.0,,0.0,,0.0,0.901,-14.9,0.0,0.0,0.09899999999999998,0.16,20.46,monitoring,0
1022004,1022,10,gmina łódzkie-centralny-22-04,6887,40.68,973,23.4,,0.0,,0.0,0.791,-16.3,0.08666666666666671,0.0,0.20899999999999996,0.312,20.46,monitoring,0
2606001,2606,26,gmina świętokrzyskie-północny-06-01,27432,37.67,4439,13.3,,0.0,,0.0,0.736,-17.4,0.1599999999999999,0.0,0.264,0.17733333333333334,20.46,monitoring,0
0202006,0202,2,gmina dolnośląskie-wschodni-02-06,22073,42.76,3316,28.3,,0.0,,0.0,0.916,-16.3,0.08666666666666671,0.0,0.08399999999999996,0.37733333333333335,20.45,monitoring,0
1004006,1004,10,gmina łódzkie-centralny-04-06,22894,41.14,3814,18.8,,0.0,,0.0,0.778,-16.3,0.08666666666666671,0.0,0.22199999999999998,0.25066666666666665,20.44,monitoring,0
2608006,2608,26,gmina świętokrzyskie-wschodni-08-06,30936,47.25,4051,13.5,,0.0,,0.0,0.892,-15.5,0.03333333333333333,0.0,0.10799999999999998,0.18,20.43,monitoring,0
2406004,2406,24,gmina śląskie-północny-06-04,11966,41.3,1420,28.3,,0.0,,0.0,0.8180000000000001,-16.0,0.06666666666666667,0.0,0.18199999999999994,0.37733333333333335,20.42,monitoring,0
1211004,1211,12,gmina małopolskie-miejski-11-04,20563,42.5,3615,26.2,,0.0,,0.0,0.867,-16.1,0.07333333333333343,0.0,0.133,0.34933333333333333,20.41,monitoring,0
3204006,3204,32,gmina zachodniopomorskie-centralny-04-06,10147,46.92,1647,5.0,,0.0,,0.0,0.805,-15.4,0.02666666666666669,0.0,0.19499999999999995,0.06666666666666667,20.4,monitoring,0
0218006,0218,2,gmina dolnośląskie-północny-18-06,17158,39.85,2388,34.3,,0.0,,0.0,0.877,-16.5,0.1,0.0,0.123,0.4573333333333333,20.34,monitoring,0
1821003,1821,18,gmina podkarpackie-zachodni-21-03,10275,39.22,1670,16.6,,0.0,,0.0,0.773,-16.9,0.12666666666666657,0.0,0.22699999999999998,0.22133333333333335,20.33,monitoring,0
0212005,0212,2,gmina dolnośląskie-północny-12-05,8677,43.16,1374,20.8,,0.0,,0.0,0.8140000000000001,-15.7,0.04666666666666662,0.0,0.18599999999999994,0.2773333333333333,20.3,monitoring,0
0809004,0809,8,gmina lubuskie-zachodni-09-04,91378,48.18,12605,9.4,,0.0,,0.0,0.917,-15.5,0.03333333333333333,0.0,0.08299999999999996,0.12533333333333332,20.28,monitoring,0
3212005,3212,32,gmina zachodniopomorskie-północny-12-05,10161,42.9,1161,23.8,,0.0,,0.0,0.8150000000000001,-15.6,0.03999999999999997,0.0,0.18499999999999994,0.31733333333333336,20.27,monitoring,0
3016002,3016,30,gmina wielkopolskie-centralny-16-02,48620,38.11,6294,15.0,,0.0,,0.0,0.844,-17.8,0.1866666666666667,0.0,0.15600000000000003,0.2,20.25,monitoring,0
0419006,0419,4,gmina kujawsko-pomorskie-południowy-19-06,13081,46.05,1555,21.4,,0.0,,0.0,0.854,-13.9,0.0,0.0,0.14600000000000002,0.2853333333333333,20.24,monitoring,0
3204003,3204,32,gmina zachodniopomorskie-centralny-04-03,15410,46.33,1954,13.7,,0.0,,0.0,0.863,-15.4,0.02666666666666669,0.0,0.137,0.18266666666666664,20.23,monitoring,0
0806007,0806,8,gmina lubuskie-północny-06-07,10613,43.11,1582,27.2,,0.0,,0.0,0.881,-15.8,0.05333333333333338,0.0,0.119,0.36266666666666664,20.23,monitoring,0
0806001,0806,8,gmina lubuskie-północny-06-01,5971,42.4,755,24.1,,0.0,,0.0,0.8290000000000001,-15.8,0.05333333333333338,0.0,0.17099999999999993,0.32133333333333336,20.22,monitoring,0
3203005,3203,32,gmina zachodniopomorskie-zachodni-03-05,19885,43.12,2894,24.8,,0.0,,0.0,0.838,-15.6,0.03999999999999997,0.0,0.16200000000000003,0.33066666666666666,20.22,monitoring,0
1012005,1012,10,gmina łódzkie-północny-12-05,13825,39.69,2021,11.4,,0.0,,0.0,0.901,-17.9,0.19333333333333325,0.0,0.09899999999999998,0.152,20.21,monitoring,0
1805004,1805,18,gmina podkarpackie-miejski-05-04,8866,44.35,1481,26.2,,0.0,,0.0,0.8260000000000001,-14.0,0.0,0.0,0.17399999999999993,0.34933333333333333,20.17,monitoring,0
0414004,0414,4,gmina kujawsko-pomorskie-wschodni-14-04,22244,42.78,3482,24.9,,0.0,,0.0,0.811,-15.4,0.02666666666666669,0.0,0.18899999999999995,0.33199999999999996,20.1,monitoring,0
3202003,3202,32,gmina zachodniopomorskie-wschodni-02-03,43293,44.5,6261,16.2,,0.0,,0.0,0.765,-14.7,0.0,0.0,0.235,0.216,20.1,monitoring,0
3018006,3018,30,gmina wielkopolskie-północny-18-06,21856,38.92,2686,28.8,,0.0,,0.0,0.864,-16.8,0.12000000000000005,0.0,0.136,0.384,20.09,monitoring,0
0804001,0804,8,gmina lubuskie-centralny-04-01,12055,43.48,1766,24.1,,0.0,,0.0,0.785,-13.3,0.0,0.0,0.21499999999999997,0.32133333333333336,20.06,monitoring,0
1805006,1805,18,gmina podkarpackie-miejski-05-06,5498,42.96,649,27.7,,0.0,,0.0,0.791,-14.0,0.0,0.0,0.20899999999999996,0.36933333333333335,20.05,monitoring,0
1018002,1018,10,gmina łódzkie-północny-18-02,6170,43.26,884,18.4,,0.0,,0.0,0.855,-15.9,0.060000000000000026,0.0,0.14500000000000002,0.24533333333333332,20.05,monitoring,0
1208005,1208,12,gmina małopolskie-wschodni-08-05,39197,40.52,5391,20.7,,0.0,,0.0,0.866,-16.7,0.11333333333333329,0.0,0.134,0.27599999999999997,20.02,monitoring,0
1609007,1609,16,gmina opolskie-zachodni-09-07,31278,36.78,3613,25.0,,0.0,,0.0,0.834,-17.4,0.1599999999999999,0.0,0.16600000000000004,0.3333333333333333,20.02,monitoring,0
2608001,2608,26,gmina świętokrzyskie-wschodni-08-01,21946,43.43,3537,30.4,,0.0,,0.0,0.901,-15.5,0.03333333333333333,0.0,0.09899999999999998,0.4053333333333333,20.02,monitoring,0
2420002,2420,24,gmina śląskie-wschodni-20-02,1800,42.77,263,28.7,,0.0,,0.0,0.8240000000000001,-15.2,0.013333333333333286,0.0,0.17599999999999993,0.38266666666666665,19.99,monitoring,0
1602003,1602,16,gmina opolskie-wschodni-02-03,22639,37.16,2825,27.7,,0.0,,0.0,0.809,-16.9,0.12666666666666657,0.0,0.19099999999999995,0.36933333333333335,19.97,monitoring,0
3218001,3218,32,gmina zachodniopomorskie-północny-18-01,28629,45.82,4331,15.0,,0.0,,0.0,0.895,-15.5,0.03333333333333333,0.0,0.10499999999999998,0.2,19.96,monitoring,0
1602002,1602,16,gmina opolskie-wschodni-02-02,28922,43.68,4948,5.0,,0.0,,0.0,0.918,-16.9,0.12666666666666657,0.0,0.08199999999999996,0.06666666666666667,19.95,monitoring,0
1007003,1007,10,gmina łódzkie-południowy-07-03,48077,46.02,6159,5.9,,0.0,,0.0,0.77,-14.7,0.0,0.0,0.22999999999999998,0.07866666666666668,19.95,monitoring,0
3210001,3210,32,gmina zachodniopomorskie-centralny-10-01,17344,39.83,2339,20.3,,0.0,,0.0,0.8170000000000001,-16.5,0.1,0.0,0.18299999999999994,0.27066666666666667,19.94,monitoring,0
2219002,2219,22,gmina pomorskie-południowy-19-02,11340,38.93,1313,21.6,,0.0,,0.0,0.909,-17.4,0.1599999999999999,0.0,0.09099999999999997,0.28800000000000003,19.93,monitoring,0
1210001,1210,12,gmina małopolskie-centralny-10-01,32415,47.79,5443,13.5,,0.0,,0.0,0.9440000000000001,-15.3,0.02000000000000005,0.0,0.05599999999999994,0.18,19.92,monitoring,0
2601002,2601,26,gmina świętokrzyskie-południowy-01-02,19615,38.18,3223,10.8,,0.0,,0.0,0.879,-18.0,0.2,0.0,0.121,0.14400000000000002,19.92,monitoring,0
0220007,0220,2,gmina dolnośląskie-wschodni-20-07,38199,44.37,4201,17.4,,0.0,,0.0,0.796,-13.9,0.0,0.0,0.20399999999999996,0.23199999999999998,19.86,monitoring,0
2405004,2405,24,gmina śląskie-miejski-05-04,5557,43.82,881,32.6,,0.0,,0.0,0.886,-14.9,0.0,0.0,0.11399999999999999,0.4346666666666667,19.85,monitoring,0
1020003,1020,10,gmina łódzkie-wschodni-20-03,31128,44.48,4334,19.0,,0.0,,0.0,0.868,-15.4,0.02666666666666669,0.0,0.132,0.25333333333333335,19.84,monitoring,0
2427002,2427,24,gmina śląskie-zachodni-27-02,11694,46.11,1787,9.7,,0.0,,0.0,0.842,-15.2,0.013333333333333286,0.0,0.15800000000000003,0.12933333333333333,19.83,monitoring,0
0409004,0409,4,gmina kujawsko-pomorskie-zachodni-09-04,27878,37.95,3573,10.7,,0.0,,0.0,0.919,-18.3,0.22000000000000006,0.0,0.08099999999999996,0.14266666666666666,19.82,monitoring,0
1810005,1810,18,gmina podkarpackie-centralny-10-05,9855,34.36,1142,20.7,,0.0,,0.0,0.883,-18.6,0.2400000000000001,0.0,0.11699999999999999,0.27599999999999997,19.81,monitoring,0
0221005,0221,2,gmina dolnośląskie-zachodni-21-05,10461,46.99,1664,17.7,,0.0,,0.0,0.918,-12.3,0.0,0.0,0.08199999999999996,0.236,19.77,monitoring,0
1205005,1205,12,gmina małopolskie-miejski-05-05,20463,43.03,1879,18.3,,0.0,,0.0,0.811,-15.4,0.02666666666666669,0.0,0.18899999999999995,0.24400000000000002,19.75,monitoring,0
1603007,1603,16,gmina opolskie-zachodni-03-07,2509,43.43,352,23.3,,0.0,,0.0,0.8140000000000001,-14.3,0.0,0.0,0.18599999999999994,0.3106666666666667,19.73,monitoring,0
2431005,2431,24,gmina śląskie-południowy-31-05,12482,43.66,1744,15.6,,0.0,,0.0,0.861,-15.7,0.04666666666666662,0.0,0.139,0.208,19.72,monitoring,0
3215006,3215,32,gmina zachodniopomorskie-zachodni-15-06,3568,46.25,525,12.2,,0.0,,0.0,0.853,-14.9,0.0,0.0,0.14700000000000002,0.16266666666666665,19.71,monitoring,0
2206004,2206,22,gmina pomorskie-północny-06-04,16014,45.66,2547,14.3,,0.0,,0.0,0.874,-15.2,0.013333333333333286,0.0,0.126,0.19066666666666668,19.68,monitoring,0
1017001,1017,10,gmina łódzkie-miejski-17-01,6039,39.27,739,22.7,,0.0,,0.0,0.8170000000000001,-16.3,0.08666666666666671,0.0,0.18299999999999994,0.30266666666666664,19.64,monitoring,0
1218006,1218,12,gmina małopolskie-północny-18-06,38781,46.89,6022,16.0,,0.0,,0.0,0.916,-13.9,0.0,0.0,0.08399999999999996,0.21333333333333335,19.64,monitoring,0
1808004,1808,18,gmina podkarpackie-wschodni-08-04,39573,45.5,4852,18.6,,0.0,,0.0,0.877,-14.4,0.0,0.0,0.123,0.24800000000000003,19.64,monitoring,0
3011001,3011,30,gmina wielkopolskie-miejski-11-01,39984,43.89,6190,18.5,,0.0,,0.0,0.865,-15.4,0.02666666666666669,0.0,0.135,0.24666666666666667,19.61,monitoring,0
1809001,1809,18,gmina podkarpackie-zachodni-09-01,13226,40.21,1640,22.8,,0.0,,0.0,0.849,-16.2,0.07999999999999995,0.0,0.15100000000000002,0.304,19.6,monitoring,0
0407005,0407,4,gmina kujawsko-pomorskie-południowy-07-05,66613,38.64,6048,8.8,,0.0,,0.0,0.905,-17.9,0.19333333333333325,0.0,0.09499999999999997,0.11733333333333335,19.6,monitoring,0
1601006,1601,16,gmina opolskie-południowy-01-06,6532,45.66,967,15.5,,0.0,,0.0,0.866,-13.5,0.0,0.0,0.134,0.20666666666666667,19.59,monitoring,0
1602001,1602,16,gmina opolskie-wschodni-02-01,26011,38.58,2928,19.1,,0.0,,0.0,0.847,-16.9,0.12666666666666657,0.0,0.15300000000000002,0.2546666666666667,19.59,monitoring,0
1221001,1221,12,gmina małopolskie-zachodni-21-01,22491,40.85,2833,6.7,,0.0,,0.0,0.748,-16.1,0.07333333333333343,0.0,0.252,0.08933333333333333,19.56,monitoring,0
3012001,3012,30,gmina wielkopolskie-północny-12-01,2918,43.74,316,20.8,,0.0,,0.0,0.8270000000000001,-13.3,0.0,0.0,0.17299999999999993,0.2773333333333333,19.56,monitoring,0
2427004,2427,24,gmina śląskie-zachodni-27-04,12365,44.65,1611,20.8,,0.0,,0.0,0.893,-15.2,0.013333333333333286,0.0,0.10699999999999998,0.2773333333333333,19.56,monitoring,0
0814004,0814,8,gmina lubuskie-wschodni-14-04,7272,43.5,1053,16.6,,0.0,,0.0,0.8280000000000001,-15.3,0.02000000000000005,0.0,0.17199999999999993,0.22133333333333335,19.54,monitoring,0
0204005,0204,2,gmina dolnośląskie-centralny-04-05,4407,42.47,692,19.4,,0.0,,0.0,0.849,-15.6,0.03999999999999997,0.0,0.15100000000000002,0.25866666666666666,19.51,monitoring,0
0421004,0421,4,gmina kujawsko-pomorskie-zachodni-21-04,9323,38.37,1358,10.5,,0.0,,0.0,0.811,-17.1,0.1400000000000001,0.0,0.18899999999999995,0.14,19.5,monitoring,0
3024003,3024,30,gmina wielkopolskie-północny-24-03,6930,44.42,993,21.2,,0.0,,0.0,0.868,-15.0,0.0,0.0,0.132,0.2826666666666667,19.48,monitoring,0
0410002,0410,4,gmina kujawsko-pomorskie-centralny-10-02,31051,46.48,4719,24.4,,0.0,,0.0,0.979,-14.4,0.0,0.0,0.02100000000000002,0.3253333333333333,19.48,monitoring,0
2212003,2212,22,gmina pomorskie-północny-12-03,25769,41.56,3855,22.7,,0.0,,0.0,0.867,-15.8,0.05333333333333338,0.0,0.133,0.30266666666666664,19.46,monitoring,0
1608006,1608,16,gmina opolskie-wschodni-08-06,6287,44.2,959,12.3,,0.0,,0.0,0.915,-15.9,0.060000000000000026,0.0,0.08499999999999996,0.164,19.46,monitoring,0
1607003,1607,16,gmina opolskie-południowy-07-03,6971,40.74,1075,15.7,,0.0,,0.0,0.893,-16.6,0.10666666666666676,0.0,0.10699999999999998,0.20933333333333332,19.41,monitoring,0
2412005,2412,24,gmina śląskie-północny-12-05,7312,37.62,880,24.9,,0.0,,0.0,0.872,-16.9,0.12666666666666657,0.0,0.128,0.33199999999999996,19.39,monitoring,0
2216001,2216,22,gmina pomorskie-centralny-16-01,29506,42.58,4370,10.8,,0.0,,0.0,0.764,-15.3,0.02000000000000005,0.0,0.236,0.14400000000000002,19.38,monitoring,0
0217002,0217,2,gmina dolnośląskie-miejski-17-02,23973,45.2,3632,15.8,,0.0,,0.0,0.873,-12.9,0.0,0.0,0.127,0.21066666666666667,19.37,monitoring,0
0403007,0403,4,gmina kujawsko-pomorskie-zachodni-03-07,17152,42.83,2155,14.9,,0.0,,0.0,0.835,-15.5,0.03333333333333333,0.0,0.16500000000000004,0.19866666666666666,19.35,monitoring,0
3028006,3028,30,gmina wielkopolskie-centralny-28-06,6125,42.27,648,28.7,,0.0,,0.0,0.9430000000000001,-15.7,0.04666666666666662,0.0,0.05699999999999994,0.38266666666666665,19.33,monitoring,0
2213004,2213,22,gmina pomorskie-południowy-13-04,1800,41.03,205,35.6,,0.0,,0.0,0.852,-14.3,0.0,0.0,0.14800000000000002,0.4746666666666667,19.3,monitoring,0
0414006,0414,4,gmina kujawsko-pomorskie-wschodni-14-06,10970,44.21,1333,18.7,,0.0,,0.0,0.915,-15.4,0.02666666666666669,0.0,0.08499999999999996,0.24933333333333332,19.29,monitoring,0
0410003,0410,4,gmina kujawsko-pomorskie-centralny-10-03,17518,42.22,1702,26.1,,0.0,,0.0,0.838,-14.4,0.0,0.0,0.16200000000000003,0.34800000000000003,19.24,monitoring,0
3003004,3003,30,gmina wielkopolskie-zachodni-03-04,5379,41.72,609,25.7,,0.0,,0.0,0.854,-15.3,0.02000000000000005,0.0,0.14600000000000002,0.3426666666666667,19.24,monitoring,0
3019004,3019,30,gmina wielkopolskie-południowy-19-04,9042,39.11,1036,16.0,,0.0,,0.0,0.809,-16.3,0.08666666666666671,0.0,0.19099999999999995,0.21333333333333335,19.21,monitoring,0
1222005,1222,12,gmina małopolskie-centralny-22-05,32776,46.94,4284,15.3,,0.0,,0.0,0.966,-12.1,0.0,0.0,0.03400000000000003,0.20400000000000001,19.16,monitoring,0
3034004,3034,30,gmina wielkopolskie-centralny-34-04,9045,43.83,1164,8.5,,0.0,,0.0,0.787,-12.8,0.0,0.0,0.21299999999999997,0.11333333333333333,19.14,monitoring,0
3007005,3007,30,gmina wielkopolskie-południowy-07-05,12177,37.08,1727,29.1,,0.0,,0.0,0.9510000000000001,-17.2,0.1466666666666666,0.0,0.04899999999999993,0.388,19.11,monitoring,0
2429003,2429,24,gmina śląskie-miejski-29-03,27504,41.49,3051,14.7,,0.0,,0.0,0.792,-15.4,0.02666666666666669,0.0,0.20799999999999996,0.19599999999999998,19.1,monitoring,0
1015003,1015,10,gmina łódzkie-zachodni-15-03,25512,42.07,2860,22.5,,0.0,,0.0,0.847,-15.2,0.013333333333333286,0.0,0.15300000000000002,0.3,19.1,monitoring,0
0412001,0412,4,gmina kujawsko-pomorskie-północny-12-01,24819,42.87,3799,23.6,,0.0,,0.0,0.92,-15.4,0.02666666666666669,0.0,0.07999999999999996,0.3146666666666667,19.06,monitoring,0
3217005,3217,32,gmina zachodniopomorskie-miejski-17-05,8905,42.98,1075,25.0,,0.0,,0.0,0.882,-14.7,0.0,0.0,0.118,0.3333333333333333,19.06,monitoring,0
2433002,2433,24,gmina śląskie-zachodni-33-02,6122,37.78,979,11.8,,0.0,,0.0,0.886,-17.4,0.1599999999999999,0.0,0.11399999999999999,0.15733333333333335,19.05,monitoring,0
1207005,1207,12,gmina małopolskie-południowy-07-05,21247,40.19,2889,28.0,,0.0,,0.0,0.854,-15.5,0.03333333333333333,0.0,0.14600000000000002,0.37333333333333335,19.05,monitoring,0
1806003,1806,18,gmina podkarpackie-północny-06-03,26407,35.4,3723,20.6,,0.0,,0.0,0.968,-18.2,0.2133333333333333,0.0,0.03200000000000003,0.27466666666666667,18.95,monitoring,0
3201006,3201,32,gmina zachodniopomorskie-południowy-01-06,13573,41.74,1529,25.5,,0.0,,0.0,0.849,-14.3,0.0,0.0,0.15100000000000002,0.34,18.92,monitoring,0
2201001,2201,22,gmina pomorskie-południowy-01-01,38601,43.1,4690,11.5,,0.0,,0.0,0.804,-13.3,0.0,0.0,0.19599999999999995,0.15333333333333332,18.91,monitoring,0
2217005,2217,22,gmina pomorskie-miejski-17-05,16911,39.61,2028,25.9,,0.0,,0.0,0.767,-14.9,0.0,0.0,0.23299999999999998,0.3453333333333333,18.88,monitoring,0
2424005,2424,24,gmina śląskie-północny-24-05,17049,41.86,2055,8.9,,0.0,,0.0,0.8180000000000001,-15.6,0.03999999999999997,0.0,0.18199999999999994,0.11866666666666667,18.86,monitoring,0
0802004,0802,8,gmina lubuskie-wschodni-02-04,34958,44.07,3834,20.7,,0.0,,0.0,0.92,-14.4,0.0,0.0,0.07999999999999996,0.27599999999999997,18.85,monitoring,0
1610003,1610,16,gmina opolskie-centralny-10-03,4225,36.97,520,11.4,,0.0,,0.0,0.793,-16.8,0.12000000000000005,0.0,0.20699999999999996,0.152,18.83,monitoring,0
2209006,2209,22,gmina pomorskie-zachodni-09-06,5501,40.83,774,10.5,,0.0,,0.0,0.848,-16.0,0.06666666666666667,0.0,0.15200000000000002,0.14,18.78,monitoring,0
1807006,1807,18,gmina podkarpackie-południowy-07-06,35096,42.09,3771,5.8,,0.0,,0.0,0.921,-16.4,0.09333333333333324,0.0,0.07899999999999996,0.07733333333333334,18.77,monitoring,0
0204007,0204,2,gmina dolnośląskie-centralny-04-07,18720,42.83,2603,5.0,,0.0,,0.0,0.845,-15.6,0.03999999999999997,0.0,0.15500000000000003,0.06666666666666667,18.72,monitoring,0
2605001,2605,26,gmina świętokrzyskie-miejski-05-01,14583,39.46,2026,13.0,,0.0,,0.0,0.803,-15.9,0.060000000000000026,0.0,0.19699999999999995,0.17333333333333334,18.71,monitoring,0
1818006,1818,18,gmina podkarpackie-północny-18-06,22469,40.16,2563,19.5,,0.0,,0.0,0.768,-14.5,0.0,0.0,0.23199999999999998,0.26,18.65,monitoring,0
2612003,2612,26,gmina świętokrzyskie-północny-12-03,19345,36.43,2228,22.2,,0.0,,0.0,0.764,-16.0,0.06666666666666667,0.0,0.236,0.296,18.65,monitoring,0
1801001,1801,18,gmina podkarpackie-południowy-01-01,4896,39.67,658,20.5,,0.0,,0.0,0.891,-16.0,0.06666666666666667,0.0,0.10899999999999999,0.2733333333333333,18.62,monitoring,0
0215003,0215,2,gmina dolnośląskie-zachodni-15-03,12887,34.4,1504,11.3,,0.0,,0.0,0.708,-16.8,0.12000000000000005,0.0,0.29200000000000004,0.15066666666666667,18.61,monitoring,0
0202004,0202,2,gmina dolnośląskie-wschodni-02-04,4798,39.5,629,22.3,,0.0,,0.0,0.9390000000000001,-16.3,0.08666666666666671,0.0,0.06099999999999994,0.29733333333333334,18.61,monitoring,0
1021003,1021,10,gmina łódzkie-zachodni-21-03,13194,43.39,1782,5.4,,0.0,,0.0,0.805,-14.9,0.0,0.0,0.19499999999999995,0.07200000000000001,18.6,monitoring,0
0209003,0209,2,gmina dolnośląskie-zachodni-09-03,81839,46.17,10194,5.0,,0.0,,0.0,0.92,-14.7,0.0,0.0,0.07999999999999996,0.06666666666666667,18.6,monitoring,0
2201005,2201,22,gmina pomorskie-południowy-01-05,25976,40.1,2472,29.5,,0.0,,0.0,0.846,-13.3,0.0,0.0,0.15400000000000003,0.3933333333333333,18.59,monitoring,0
2423002,2423,24,gmina śląskie-miejski-23-02,37649,37.81,4815,11.1,,0.0,,0.0,0.894,-17.1,0.1400000000000001,0.0,0.10599999999999998,0.148,18.58,monitoring,0
2423003,2423,24,gmina śląskie-miejski-23-03,31462,37.31,3029,10.6,,0.0,,0.0,0.872,-17.1,0.1400000000000001,0.0,0.128,0.14133333333333334,18.56,monitoring,0
2406006,2406,24,gmina śląskie-północny-06-06,12117,36.52,1383,17.3,,0.0,,0.0,0.748,-16.0,0.06666666666666667,0.0,0.252,0.2306666666666667,18.5,monitoring,0
3213005,3213,32,gmina zachodniopomorskie-południowy-13-05,13487,32.15,1563,25.0,,0.0,,0.0,0.797,-17.3,0.15333333333333338,0.0,0.20299999999999996,0.3333333333333333,18.47,monitoring,0
3213002,3213,32,gmina zachodniopomorskie-południowy-13-02,42287,35.96,4310,15.2,,0.0,,0.0,0.887,-17.3,0.15333333333333338,0.0,0.11299999999999999,0.20266666666666666,18.46,monitoring,0
0223001,0223,2,gmina dolnośląskie-miejski-23-01,26500,38.28,2964,30.5,,0.0,,0.0,0.911,-15.9,0.060000000000000026,0.0,0.08899999999999997,0.4066666666666667,18.46,monitoring,0
2414006,2414,24,gmina śląskie-wschodni-14-06,11634,41.15,1363,20.6,,0.0,,0.0,0.841,-14.5,0.0,0.0,0.15900000000000003,0.27466666666666667,18.44,monitoring,0
3003002,3003,30,gmina wielkopolskie-zachodni-03-02,8100,39.56,1008,21.2,,0.0,,0.0,0.8190000000000001,-15.3,0.02000000000000005,0.0,0.18099999999999994,0.2826666666666667,18.44,monitoring,0
1221003,1221,12,gmina małopolskie-zachodni-21-03,23238,39.69,2378,9.8,,0.0,,0.0,0.848,-16.1,0.07333333333333343,0.0,0.15200000000000002,0.13066666666666668,18.42,monitoring,0
2208005,2208,22,gmina pomorskie-wschodni-08-05,7188,37.65,964,24.2,,0.0,,0.0,0.8160000000000001,-15.7,0.04666666666666662,0.0,0.18399999999999994,0.32266666666666666,18.42,monitoring,0
1825003,1825,18,gmina podkarpackie-południowy-25-03,44711,39.75,4127,12.0,,0.0,,0.0,0.909,-16.4,0.09333333333333324,0.0,0.09099999999999997,0.16,18.4,monitoring,0
1808001,1808,18,gmina podkarpackie-wschodni-08-01,10214,41.45,1552,14.0,,0.0,,0.0,0.8130000000000001,-14.4,0.0,0.0,0.18699999999999994,0.18666666666666668,18.37,monitoring,0
1007004,1007,10,gmina łódzkie-południowy-07-04,37845,42.94,4947,5.0,,0.0,,0.0,0.8170000000000001,-14.7,0.0,0.0,0.18299999999999994,0.06666666666666667,18.3,monitoring,0
2404003,2404,24,gmina śląskie-centralny-04-03,47771,40.94,6560,15.8,,0.0,,0.0,0.8280000000000001,-15.1,0.006666666666666643,0.0,0.17199999999999993,0.21066666666666667,18.28,monitoring,0
3206004,3206,32,gmina zachodniopomorskie-północny-06-04,50321,38.82,5021,20.2,,0.0,,0.0,0.866,-15.8,0.05333333333333338,0.0,0.134,0.2693333333333333,18.26,monitoring,0
3216002,3216,32,gmina zachodniopomorskie-centralny-16-02,14757,40.05,2233,21.8,,0.0,,0.0,0.8270000000000001,-13.2,0.0,0.0,0.17299999999999993,0.2906666666666667,18.23,monitoring,0
1020006,1020,10,gmina łódzkie-wschodni-20-06,11415,40.22,1779,14.0,,0.0,,0.0,0.8320000000000001,-15.4,0.02666666666666669,0.0,0.16799999999999993,0.18666666666666668,18.21,monitoring,0
2202001,2202,22,gmina pomorskie-wschodni-02-01,23902,39.41,3217,19.7,,0.0,,0.0,0.806,-15.1,0.006666666666666643,0.0,0.19399999999999995,0.26266666666666666,18.16,monitoring,0
1819002,1819,18,gmina podkarpackie-południowy-19-02,23265,43.41,3128,5.6,,0.0,,0.0,0.857,-14.5,0.0,0.0,0.14300000000000002,0.07466666666666666,18.16,monitoring,0
0202001,0202,2,gmina dolnośląskie-wschodni-02-01,13751,37.55,2138,14.9,,0.0,,0.0,0.855,-16.3,0.08666666666666671,0.0,0.14500000000000002,0.19866666666666666,18.13,monitoring,0
2206001,2206,22,gmina pomorskie-północny-06-01,15047,40.79,1866,20.3,,0.0,,0.0,0.892,-15.2,0.013333333333333286,0.0,0.10799999999999998,0.27066666666666667,18.07,monitoring,0
1818002,1818,18,gmina podkarpackie-północny-18-02,8143,38.12,986,26.3,,0.0,,0.0,0.796,-14.5,0.0,0.0,0.20399999999999996,0.3506666666666667,18.07,monitoring,0
0212002,0212,2,gmina dolnośląskie-północny-12-02,7029,38.27,989,18.3,,0.0,,0.0,0.838,-15.7,0.04666666666666662,0.0,0.16200000000000003,0.24400000000000002,18.06,monitoring,0
1003005,1003,10,gmina łódzkie-zachodni-03-05,3660,38.78,331,10.6,,0.0,,0.0,0.791,-15.6,0.03999999999999997,0.0,0.20899999999999996,0.14133333333333334,18.04,monitoring,0
1219002,1219,12,gmina małopolskie-południowy-19-02,26703,39.67,3555,26.1,,0.0,,0.0,0.864,-14.6,0.0,0.0,0.136,0.34800000000000003,18.04,monitoring,0
3024006,3024,30,gmina wielkopolskie-północny-24-06,38154,41.42,4118,13.8,,0.0,,0.0,0.848,-15.0,0.0,0.0,0.15200000000000002,0.184,18.03,monitoring,0
2428002,2428,24,gmina śląskie-centralny-28-02,20655,34.43,2708,15.1,,0.0,,0.0,0.846,-17.1,0.1400000000000001,0.0,0.15400000000000003,0.20133333333333334,18.0,monitoring,0
1024003,1024,10,gmina łódzkie-północny-24-03,8702,41.21,1173,20.1,,0.0,,0.0,0.889,-14.9,0.0,0.0,0.11099999999999999,0.268,18.0,monitoring,0
2205006,2205,22,gmina pomorskie-miejski-05-06,16514,41.14,2223,21.5,,0.0,,0.0,0.93,-15.2,0.013333333333333286,0.0,0.06999999999999995,0.2866666666666667,17.94,monitoring,0
2435006,2435,24,gmina śląskie-miejski-35-06,34977,39.05,3711,19.9,,0.0,,0.0,0.876,-15.5,0.03333333333333333,0.0,0.124,0.2653333333333333,17.88,monitoring,0
3015001,3015,30,gmina wielkopolskie-zachodni-15-01,32565,39.67,3900,15.6,,0.0,,0.0,0.899,-15.7,0.04666666666666662,0.0,0.10099999999999998,0.208,17.86,monitoring,0
0412004,0412,4,gmina kujawsko-pomorskie-północny-12-04,4066,38.62,668,20.8,,0.0,,0.0,0.858,-15.4,0.02666666666666669,0.0,0.14200000000000002,0.2773333333333333,17.82,monitoring,0
2425004,2425,24,gmina śląskie-południowy-25-04,21975,36.61,3299,30.7,,0.0,,0.0,0.9470000000000001,-16.1,0.07333333333333343,0.0,0.052999999999999936,0.4093333333333333,17.76,monitoring,0
0413005,0413,4,gmina kujawsko-pomorskie-południowy-13-05,15311,33.87,1898,12.0,,0.0,,0.0,0.733,-16.4,0.09333333333333324,0.0,0.267,0.16,17.75,monitoring,0
0801001,0801,8,gmina lubuskie-południowy-01-01,27239,40.35,2451,20.1,,0.0,,0.0,0.884,-14.9,0.0,0.0,0.11599999999999999,0.268,17.72,monitoring,0
0216002,0216,2,gmina dolnośląskie-centralny-16-02,26726,38.75,3374,13.5,,0.0,,0.0,0.795,-15.2,0.013333333333333286,0.0,0.20499999999999996,0.18,17.71,monitoring,0
1010005,1010,10,gmina łódzkie-centralny-10-05,16117,39.93,2017,20.8,,0.0,,0.0,0.875,-13.0,0.0,0.0,0.125,0.2773333333333333,17.69,monitoring,0
0812006,0812,8,gmina lubuskie-północny-12-06,10930,34.18,1206,24.4,,0.0,,0.0,0.9590000000000001,-17.2,0.1466666666666666,0.0,0.040999999999999925,0.3253333333333333,17.62,monitoring,0
3003001,3003,30,gmina wielkopolskie-zachodni-03-01,16214,39.01,2091,17.0,,0.0,,0.0,0.86,-15.3,0.02000000000000005,0.0,0.14,0.22666666666666666,17.58,monitoring,0
0214004,0214,2,gmina dolnośląskie-wschodni-14-04,27952,37.36,3400,23.5,,0.0,,0.0,0.896,-15.7,0.04666666666666662,0.0,0.10399999999999998,0.31333333333333335,17.54,monitoring,0
1811006,1811,18,gmina podkarpackie-miejski-11-06,22916,38.39,2974,18.9,,0.0,,0.0,0.8130000000000001,-14.5,0.0,0.0,0.18699999999999994,0.252,17.53,monitoring,0
3034005,3034,30,gmina wielkopolskie-centralny-34-05,15168,39.02,2673,5.0,,0.0,,0.0,0.739,-12.8,0.0,0.0,0.261,0.06666666666666667,17.51,monitoring,0
3221006,3221,32,gmina zachodniopomorskie-zachodni-21-06,5653,38.8,736,12.5,,0.0,,0.0,0.791,-13.4,0.0,0.0,0.20899999999999996,0.16666666666666666,17.46,monitoring,0
0414005,0414,4,gmina kujawsko-pomorskie-wschodni-14-05,43360,38.81,6386,10.0,,0.0,,0.0,0.8280000000000001,-15.4,0.02666666666666669,0.0,0.17199999999999993,0.13333333333333333,17.44,monitoring,0
3203004,3203,32,gmina zachodniopomorskie-zachodni-03-04,25248,37.11,3364,12.3,,0.0,,0.0,0.806,-15.6,0.03999999999999997,0.0,0.19399999999999995,0.164,17.39,monitoring,0
3203001,3203,32,gmina zachodniopomorskie-zachodni-03-01,21740,38.72,2675,7.1,,0.0,,0.0,0.835,-15.6,0.03999999999999997,0.0,0.16500000000000004,0.09466666666666666,17.39,monitoring,0
0213005,0213,2,gmina dolnośląskie-południowy-13-05,13168,37.93,1448,16.6,,0.0,,0.0,0.8,-14.2,0.0,0.0,0.19999999999999996,0.22133333333333335,17.32,monitoring,0
2602003,2602,26,gmina świętokrzyskie-wschodni-02-03,27403,39.18,2787,11.2,,0.0,,0.0,0.847,-15.2,0.013333333333333286,0.0,0.15300000000000002,0.14933333333333332,17.25,monitoring,0
1001001,1001,10,gmina łódzkie-południowy-01-01,37928,39.49,5590,12.4,,0.0,,0.0,0.844,-14.7,0.0,0.0,0.15600000000000003,0.16533333333333333,17.24,monitoring,0
1817002,1817,18,gmina podkarpackie-miejski-17-02,50338,41.17,6250,11.3,,0.0,,0.0,0.906,-12.9,0.0,0.0,0.09399999999999997,0.15066666666666667,17.24,monitoring,0
1020002,1020,10,gmina łódzkie-wschodni-20-02,6607,38.1,754,15.2,,0.0,,0.0,0.86,-15.4,0.02666666666666669,0.0,0.14,0.20266666666666666,17.23,monitoring,0
2405002,2405,24,gmina śląskie-miejski-05-02,31541,40.91,4590,5.0,,0.0,,0.0,0.854,-14.9,0.0,0.0,0.14600000000000002,0.06666666666666667,17.19,monitoring,0
1603006,1603,16,gmina opolskie-zachodni-03-06,21221,39.45,2431,17.7,,0.0,,0.0,0.897,-14.3,0.0,0.0,0.10299999999999998,0.236,17.1,monitoring,0
2215001,2215,22,gmina pomorskie-zachodni-15-01,25137,40.17,3821,8.9,,0.0,,0.0,0.863,-13.2,0.0,0.0,0.137,0.11866666666666667,17.09,monitoring,0
2430002,2430,24,gmina śląskie-północny-30-02,42157,36.52,5261,7.8,,0.0,,0.0,0.8310000000000001,-15.9,0.060000000000000026,0.0,0.16899999999999993,0.104,17.0,monitoring,0
3205001,3205,32,gmina zachodniopomorskie-miejski-05-01,8612,38.26,1117,15.1,,0.0,,0.0,0.841,-14.6,0.0,0.0,0.15900000000000003,0.20133333333333334,16.98,monitoring,0
0223005,0223,2,gmina dolnośląskie-miejski-23-05,5342,36.04,648,5.0,,0.0,,0.0,0.795,-15.9,0.060000000000000026,0.0,0.20499999999999996,0.06666666666666667,16.95,monitoring,0
0204006,0204,2,gmina dolnośląskie-centralny-04-06,17501,34.08,2517,20.4,,0.0,,0.0,0.788,-15.6,0.03999999999999997,0.0,0.21199999999999997,0.27199999999999996,16.94,monitoring,0
2208006,2208,22,gmina pomorskie-wschodni-08-06,23401,37.92,2399,17.6,,0.0,,0.0,0.9460000000000001,-15.7,0.04666666666666662,0.0,0.05399999999999994,0.2346666666666667,16.91,monitoring,0
3026003,3026,30,gmina wielkopolskie-wschodni-26-03,5092,31.4,479,35.6,,0.0,,0.0,0.723,-13.5,0.0,0.0,0.277,0.4746666666666667,16.8,monitoring,0
0406005,0406,4,gmina kujawsko-pomorskie-północny-06-05,5706,33.5,801,17.4,,0.0,,0.0,0.898,-16.6,0.10666666666666676,0.0,0.10199999999999998,0.23199999999999998,16.73,monitoring,0
2203003,2203,22,gmina pomorskie-zachodni-03-03,27260,40.17,4079,9.3,,0.0,,0.0,0.909,-12.9,0.0,0.0,0.09099999999999997,0.12400000000000001,16.7,monitoring,0
3005003,3005,30,gmina wielkopolskie-miejski-05-03,17498,37.85,2215,15.2,,0.0,,0.0,0.864,-14.5,0.0,0.0,0.136,0.20266666666666666,16.62,monitoring,0
0809006,0809,8,gmina lubuskie-zachodni-09-06,25068,35.29,3174,8.7,,0.0,,0.0,0.776,-15.5,0.03333333333333333,0.0,0.22399999999999998,0.11599999999999999,16.61,monitoring,0
2404001,2404,24,gmina śląskie-centralny-04-01,16493,37.06,2212,18.1,,0.0,,0.0,0.868,-15.1,0.006666666666666643,0.0,0.132,0.24133333333333334,16.6,monitoring,0
2430003,2430,24,gmina śląskie-północny-30-03,17971,37.12,1786,9.7,,0.0,,0.0,0.916,-15.9,0.060000000000000026,0.0,0.08399999999999996,0.12933333333333333,16.59,monitoring,0
3015006,3015,30,gmina wielkopolskie-zachodni-15-06,37331,35.68,4093,16.9,,0.0,,0.0,0.884,-15.7,0.04666666666666662,0.0,0.11599999999999999,0.2253333333333333,16.57,monitoring,0
2434006,2434,24,gmina śląskie-centralny-34-06,21178,38.04,2190,9.7,,0.0,,0.0,0.919,-15.6,0.03999999999999997,0.0,0.08099999999999996,0.12933333333333333,16.55,monitoring,0
2433006,2433,24,gmina śląskie-zachodni-33-06,20082,30.04,2381,19.7,,0.0,,0.0,0.902,-17.4,0.1599999999999999,0.0,0.09799999999999998,0.26266666666666666,16.49,monitoring,0
1807001,1807,18,gmina podkarpackie-południowy-07-01,15852,33.3,2023,19.4,,0.0,,0.0,0.918,-16.4,0.09333333333333324,0.0,0.08199999999999996,0.25866666666666666,16.37,monitoring,0
3211002,3211,32,gmina zachodniopomorskie-miejski-11-02,12628,34.39,1639,5.0,,0.0,,0.0,0.874,-16.5,0.1,0.0,0.126,0.06666666666666667,16.34,monitoring,0
3035002,3035,30,gmina wielkopolskie-miejski-35-02,14238,36.57,2036,15.0,,0.0,,0.0,0.894,-15.4,0.02666666666666669,0.0,0.10599999999999998,0.2,16.33,monitoring,0
1813003,1813,18,gmina podkarpackie-południowy-13-03,14223,35.14,1599,16.6,,0.0,,0.0,0.8130000000000001,-13.9,0.0,0.0,0.18699999999999994,0.22133333333333335,16.14,monitoring,0
3014002,3014,30,gmina wielkopolskie-wschodni-14-02,9333,35.15,1354,6.1,,0.0,,0.0,0.8310000000000001,-15.7,0.04666666666666662,0.0,0.16899999999999993,0.08133333333333333,16.12,monitoring,0
0417003,0417,4,gmina kujawsko-pomorskie-miejski-17-03,12590,34.59,1445,11.8,,0.0,,0.0,0.873,-15.8,0.05333333333333338,0.0,0.127,0.15733333333333335,16.03,monitoring,0
1612002,1612,16,gmina opolskie-północny-12-02,19286,34.04,2413,13.7,,0.0,,0.0,0.925,-16.2,0.07999999999999995,0.0,0.07499999999999996,0.18266666666666664,15.96,monitoring,0
1816005,1816,18,gmina podkarpackie-centralny-16-05,19197,36.24,2595,8.2,,0.0,,0.0,0.8180000000000001,-14.8,0.0,0.0,0.18199999999999994,0.10933333333333332,15.96,monitoring,0
3012004,3012,30,gmina wielkopolskie-północny-12-04,5295,36.34,878,20.9,,0.0,,0.0,0.92,-13.3,0.0,0.0,0.07999999999999996,0.2786666666666667,15.92,monitoring,0
2434003,2434,24,gmina śląskie-centralny-34-03,16535,32.0,1637,24.7,,0.0,,0.0,0.863,-15.6,0.03999999999999997,0.0,0.137,0.3293333333333333,15.76,monitoring,0
2602001,2602,26,gmina świętokrzyskie-wschodni-02-01,19583,35.53,2093,9.4,,0.0,,0.0,0.863,-15.2,0.013333333333333286,0.0,0.137,0.12533333333333332,15.6,monitoring,0
0415006,0415,4,gmina kujawsko-pomorskie-zachodni-15-06,13510,36.67,1486,8.8,,0.0,,0.0,0.881,-15.0,0.0,0.0,0.119,0.11733333333333335,15.59,monitoring,0
1014001,1014,10,gmina łódzkie-wschodni-14-01,33380,34.3,3938,9.9,,0.0,,0.0,0.804,-14.1,0.0,0.0,0.19599999999999995,0.132,15.46,monitoring,0
3004002,3004,30,gmina wielkopolskie-centralny-04-02,19663,35.97,1683,5.0,,0.0,,0.0,0.929,-15.4,0.02666666666666669,0.0,0.07099999999999995,0.06666666666666667,15.12,monitoring,0
2612004,2612,26,gmina świętokrzyskie-północny-12-04,34204,30.13,2908,9.4,,0.0,,0.0,0.798,-16.0,0.06666666666666667,0.0,0.20199999999999996,0.12533333333333332,15.09,monitoring,0
0230005,0230,2,gmina dolnośląskie-północny-30-05,6288,29.45,887,10.0,,0.0,,0.0,0.893,-16.8,0.12000000000000005,0.0,0.10699999999999998,0.13333333333333333,14.98,monitoring,0
1003001,1003,10,gmina łódzkie-zachodni-03-01,15236,33.1,1776,8.4,,0.0,,0.0,0.894,-15.6,0.03999999999999997,0.0,0.10599999999999998,0.112,14.81,monitoring,0
1813005,1813,18,gmina podkarpackie-południowy-13-05,20544,32.39,2778,19.9,,0.0,,0.0,0.882,-13.9,0.0,0.0,0.118,0.2653333333333333,14.7,monitoring,0
3221005,3221,32,gmina zachodniopomorskie-zachodni-21-05,12430,30.47,1314,36.6,,0.0,,0.0,0.931,-13.4,0.0,0.0,0.06899999999999995,0.48800000000000004,14.64,monitoring,0
2407004,2407,24,gmina śląskie-południowy-07-04,5822,29.29,659,13.3,,0.0,,0.0,0.893,-16.1,0.07333333333333343,0.0,0.10699999999999998,0.17733333333333334,14.3,monitoring,0
2404006,2404,24,gmina śląskie-centralny-04-06,22516,32.02,2828,11.9,,0.0,,0.0,0.869,-15.1,0.006666666666666643,0.0,0.131,0.15866666666666668,14.26,monitoring,0
2207005,2207,22,gmina pomorskie-południowy-07-05,85369,32.87,5921,5.8,,0.0,,0.0,0.862,-15.1,0.006666666666666643,0.0,0.138,0.07733333333333334,14.24,monitoring,0
1809002,1809,18,gmina podkarpackie-zachodni-09-02,49401,29.92,4422,6.6,,0.0,,0.0,0.911,-16.2,0.07999999999999995,0.0,0.08899999999999997,0.088,14.05,monitoring,0
1603001,1603,16,gmina opolskie-zachodni-03-01,20102,31.87,2685,6.6,,0.0,,0.0,0.841,-14.3,0.0,0.0,0.15900000000000003,0.088,13.98,monitoring,0
0419007,0419,4,gmina kujawsko-pomorskie-południowy-19-07,28055,31.57,3345,7.6,,0.0,,0.0,0.841,-13.9,0.0,0.0,0.15900000000000003,0.10133333333333333,13.93,monitoring,0
0229002,0229,2,gmina dolnośląskie-miejski-29-02,8919,32.39,1126,5.0,,0.0,,0.0,0.878,-15.0,0.0,0.0,0.122,0.06666666666666667,13.74,monitoring,0
1001007,1001,10,gmina łódzkie-południowy-01-07,17758,30.34,2343,7.1,,0.0,,0.0,0.8240000000000001,-14.7,0.0,0.0,0.17599999999999993,0.09466666666666666,13.59,monitoring,0
3002006,3002,30,gmina wielkopolskie-wschodni-02-06,33558,31.03,3644,5.0,,0.0,,0.0,0.975,-15.7,0.04666666666666662,0.0,0.025000000000000022,0.06666666666666667,13.19,monitoring,0
0801005,0801,8,gmina lubuskie-południowy-01-05,18041,29.92,2226,7.0,,0.0,,0.0,0.87,-14.9,0.0,0.0,0.13,0.09333333333333334,13.01,monitoring,0
0402002,0402,4,gmina kujawsko-pomorskie-wschodni-02-02,12628,26.49,1344,9.2,,0.0,,0.0,0.8170000000000001,-14.8,0.0,0.0,0.18299999999999994,0.12266666666666666,12.33,monitoring,0
