gmina_code,population,share_75_plus,single_senior_households,home_oxygen_patients,dialysis_patients,disability_share,care_facility_pressure,children_facilities,electric_heating_pct,no_alt_heat_buildings_pct,energy_poverty_pct,remote_rurality,telecom_gap_pct,rescue_travel_time_min,vulnerable_population_est,share_75_plus_norm,single_senior_households_norm,home_oxygen_patients_norm,dialysis_patients_norm,disability_share_norm,care_facility_pressure_norm,children_facilities_norm,electric_heating_pct_norm,no_alt_heat_buildings_pct_norm,energy_poverty_pct_norm,remote_rurality_norm,telecom_gap_pct_norm,rescue_travel_time_min_norm,iwl_score
2817005,15132,0.1619,0.118,12,9,0.1726,0.3764,3,0.2786,0.3867,0.1659,0.9307,0.2551,55.8,3286,0.6579,0.7687,0.1212,0.2368,0.7723,0.4557,0.0556,0.8079,0.686,0.5694,0.9307,0.6566,0.8991,100.0
0608002,9617,0.1436,0.149,8,3,0.1371,0.4528,2,0.2887,0.4172,0.1837,0.9953,0.3015,43.6,1938,0.5549,1.0,0.0808,0.0789,0.5655,0.5482,0.037,0.8394,0.7446,0.6366,0.9953,0.7761,0.6832,99.43
1437002,20564,0.168,0.1065,14,4,0.1598,0.2876,4,0.3197,0.3134,0.1871,0.9896,0.2685,55.3,4607,0.6922,0.6828,0.1414,0.1053,0.6977,0.3482,0.0741,0.9363,0.545,0.6494,0.9896,0.6911,0.8903,97.7
2005003,15946,0.1476,0.1405,8,3,0.1881,0.3704,6,0.2528,0.4215,0.1471,0.8179,0.2682,50.8,3293,0.5774,0.9366,0.0808,0.0789,0.8626,0.4484,0.1111,0.7273,0.7529,0.4985,0.8179,0.6903,0.8106,96.87
2012001,20006,0.1311,0.1121,15,2,0.1381,0.4977,7,0.3134,0.3775,0.1831,1.0,0.2547,43.1,3891,0.4845,0.7246,0.1515,0.0526,0.5713,0.6025,0.1296,0.9166,0.6683,0.6343,1.0,0.6556,0.6743,95.03
0608005,13464,0.2131,0.0938,7,4,0.1175,0.443,4,0.153,0.4658,0.1712,1.0,0.3498,51.2,3064,0.946,0.5881,0.0707,0.1053,0.4514,0.5363,0.0741,0.4155,0.8381,0.5894,1.0,0.9004,0.8177,94.5
2808003,15422,0.1721,0.0964,12,3,0.1409,0.5344,6,0.292,0.4057,0.1344,0.9972,0.31,31.9,3064,0.7153,0.6075,0.1212,0.0789,0.5877,0.647,0.1111,0.8497,0.7225,0.4506,0.9972,0.7979,0.4761,94.16
1442005,18955,0.1535,0.0923,18,5,0.1222,0.4492,5,0.2358,0.4109,0.207,1.0,0.2943,42.8,4003,0.6106,0.5769,0.1818,0.1316,0.4787,0.5438,0.0926,0.6742,0.7325,0.7245,1.0,0.7575,0.669,93.34
0607006,16365,0.1524,0.0814,8,3,0.1021,0.3158,9,0.3194,0.4088,0.2052,1.0,0.2583,61.5,3310,0.6044,0.4955,0.0808,0.0789,0.3617,0.3823,0.1667,0.9353,0.7285,0.7177,1.0,0.6649,1.0,93.13
0603007,6852,0.1767,0.0865,7,4,0.141,0.2328,4,0.3401,0.3971,0.2007,1.0,0.2401,40.6,1565,0.7411,0.5336,0.0707,0.1053,0.5882,0.2818,0.0741,1.0,0.706,0.7008,1.0,0.618,0.6301,92.99
1433004,14041,0.1648,0.0857,15,3,0.114,0.3537,3,0.3314,0.3511,0.1614,1.0,0.291,50.7,2757,0.6742,0.5276,0.1515,0.0789,0.431,0.4282,0.0556,0.9728,0.6175,0.5525,1.0,0.749,0.8088,92.78
0605004,10914,0.1534,0.1135,11,0,0.118,0.3927,2,0.2567,0.4248,0.1869,1.0,0.282,48.9,2198,0.61,0.7351,0.1111,0.0,0.4543,0.4754,0.037,0.7395,0.7592,0.6487,1.0,0.7259,0.777,92.46
2810003,43969,0.1278,0.0803,35,6,0.1572,0.0835,14,0.2331,0.4357,0.1892,1.0,0.2816,50.2,8878,0.466,0.4873,0.3535,0.1579,0.6826,0.1011,0.2593,0.6657,0.7802,0.6574,1.0,0.7248,0.8,92.05
2815003,10846,0.183,0.1049,7,4,0.1563,0.3035,8,0.328,0.3058,0.1384,0.9011,0.2308,43.5,2296,0.7766,0.6709,0.0707,0.1053,0.6773,0.3674,0.1481,0.9622,0.5304,0.4657,0.9011,0.5941,0.6814,91.63
2602006,28954,0.157,0.0972,21,10,0.1937,0.2643,5,0.1833,0.3571,0.2332,0.9281,0.2326,32.3,7194,0.6303,0.6134,0.2121,0.2632,0.8952,0.32,0.0926,0.5102,0.629,0.8234,0.9281,0.5987,0.4832,91.34
2818005,24788,0.1643,0.0949,19,6,0.132,0.5366,5,0.2247,0.3836,0.1622,0.9701,0.2368,40.2,5018,0.6714,0.5963,0.1919,0.1579,0.5358,0.6496,0.0926,0.6395,0.68,0.5555,0.9701,0.6095,0.623,91.13
2010002,19350,0.1703,0.0972,12,8,0.128,0.1449,4,0.2265,0.3767,0.1634,0.9941,0.3129,58.1,3964,0.7051,0.6134,0.1212,0.2105,0.5125,0.1754,0.0741,0.6451,0.6667,0.56,0.9941,0.8054,0.9398,91.11
2012002,35824,0.1758,0.0654,27,5,0.1267,0.4106,7,0.2824,0.3484,0.2043,0.9487,0.1947,43.9,8011,0.7361,0.3761,0.2727,0.1316,0.505,0.4971,0.1296,0.8197,0.6123,0.7143,0.9487,0.5012,0.6885,91.08
0617002,6983,0.1167,0.1164,5,1,0.1649,0.3101,1,0.2794,0.3264,0.1866,0.9702,0.2631,60.7,1378,0.4035,0.7567,0.0505,0.0263,0.7274,0.3754,0.0185,0.8104,0.57,0.6475,0.9702,0.6772,0.9858,90.81
2814005,9032,0.1487,0.1174,8,2,0.0848,0.4226,3,0.2875,0.3272,0.1739,1.0,0.2856,56.2,1645,0.5836,0.7642,0.0808,0.0526,0.2609,0.5116,0.0556,0.8357,0.5715,0.5996,1.0,0.7351,0.9062,90.78
2805006,18142,0.1856,0.0748,13,4,0.1341,0.2863,5,0.2774,0.4184,0.1444,1.0,0.2944,41.5,3768,0.7912,0.4463,0.1313,0.1053,0.548,0.3466,0.0926,0.8041,0.7469,0.4883,1.0,0.7578,0.646,90.47
0606003,12264,0.1578,0.0672,13,4,0.1624,0.6525,4,0.2271,0.4321,0.125,0.8846,0.2518,49.0,2391,0.6348,0.3896,0.1313,0.1053,0.7129,0.79,0.0741,0.647,0.7733,0.4151,0.8846,0.6481,0.7788,90.38
0608004,40710,0.0928,0.0936,25,6,0.1704,0.5348,7,0.1804,0.3938,0.1259,1.0,0.3885,40.0,6586,0.269,0.5866,0.2525,0.1579,0.7595,0.6475,0.1296,0.5011,0.6996,0.4185,1.0,1.0,0.6195,90.15
2002002,14317,0.1436,0.0804,11,5,0.1284,0.3713,3,0.2522,0.3602,0.191,1.0,0.3628,44.0,2883,0.5549,0.4881,0.1111,0.1316,0.5149,0.4495,0.0556,0.7254,0.635,0.6642,1.0,0.9338,0.6903,90.02
2811001,9089,0.1385,0.0977,5,4,0.1517,0.2728,4,0.2775,0.4098,0.2277,1.0,0.2008,45.2,2011,0.5262,0.6172,0.0505,0.1053,0.6506,0.3303,0.0741,0.8044,0.7304,0.8026,1.0,0.5169,0.7115,89.86
0618006,3614,0.172,0.1138,5,0,0.179,0.235,3,0.2455,0.2771,0.1596,1.0,0.311,46.2,804,0.7147,0.7373,0.0505,0.0,0.8096,0.2845,0.0556,0.7045,0.4752,0.5457,1.0,0.8005,0.7292,89.72
1439001,1800,0.1253,0.0948,1,0,0.1979,0.4848,1,0.2784,0.293,0.2137,1.0,0.2702,38.8,403,0.4519,0.5955,0.0101,0.0,0.9196,0.5869,0.0185,0.8072,0.5058,0.7498,1.0,0.6955,0.5982,89.57
2803002,19680,0.1391,0.1174,17,4,0.1064,0.5453,3,0.2004,0.3658,0.1797,1.0,0.304,37.9,3674,0.5295,0.7642,0.1717,0.1053,0.3867,0.6602,0.0556,0.5636,0.6458,0.6215,1.0,0.7825,0.5823,89.51
2013003,6685,0.2086,0.1042,5,0,0.151,0.3258,3,0.2609,0.3783,0.137,1.0,0.2363,37.0,1491,0.9207,0.6657,0.0505,0.0,0.6465,0.3944,0.0556,0.7526,0.6698,0.4604,1.0,0.6082,0.5664,89.47
1424004,10174,0.2227,0.0909,9,4,0.1279,0.2094,4,0.2607,0.4431,0.11,1.0,0.2349,41.9,2162,1.0,0.5664,0.0909,0.1053,0.5119,0.2535,0.0741,0.752,0.7944,0.3585,1.0,0.6046,0.6531,89.44
2006001,34695,0.1601,0.0761,13,9,0.1316,0.4649,9,0.2337,0.2872,0.1761,1.0,0.283,46.2,7119,0.6477,0.456,0.1313,0.2368,0.5335,0.5628,0.1667,0.6676,0.4946,0.6079,1.0,0.7284,0.7292,89.37
2814001,15791,0.1912,0.0873,16,5,0.1257,0.4677,3,0.1711,0.3472,0.1825,1.0,0.2458,48.5,3529,0.8227,0.5396,0.1616,0.1316,0.4991,0.5662,0.0556,0.472,0.61,0.6321,1.0,0.6327,0.7699,89.23
1424001,4987,0.1327,0.1303,4,1,0.0787,0.37,1,0.253,0.4339,0.2022,1.0,0.2573,53.4,909,0.4935,0.8604,0.0404,0.0263,0.2254,0.4479,0.0185,0.7279,0.7767,0.7064,1.0,0.6623,0.8566,89.21
2816003,4514,0.1545,0.0846,1,0,0.1697,0.4048,0,0.3138,0.3942,0.1499,0.693,0.252,56.1,923,0.6162,0.5194,0.0101,0.0,0.7554,0.4901,0.0,0.9178,0.7004,0.5091,0.693,0.6486,0.9044,89.09
1414005,2618,0.1444,0.0925,2,0,0.1063,0.5066,1,0.2639,0.4375,0.2211,1.0,0.2332,48.1,538,0.5594,0.5784,0.0202,0.0,0.3861,0.6133,0.0185,0.7619,0.7837,0.7777,1.0,0.6003,0.7628,88.93
2007003,8015,0.1511,0.0818,7,6,0.1364,0.6461,2,0.2084,0.3426,0.1304,1.0,0.3346,45.8,1479,0.5971,0.4985,0.0707,0.1579,0.5614,0.7822,0.037,0.5886,0.6012,0.4355,1.0,0.8613,0.7221,88.85
2009005,8373,0.2066,0.1137,5,2,0.0746,0.3061,2,0.2896,0.3582,0.1567,1.0,0.1992,52.2,1701,0.9094,0.7366,0.0505,0.0526,0.2015,0.3706,0.037,0.8422,0.6312,0.5347,1.0,0.5127,0.8354,88.85
1434007,13406,0.1862,0.1311,9,5,0.1682,0.1768,3,0.2514,0.298,0.1257,0.9555,0.2127,41.9,2850,0.7946,0.8664,0.0909,0.1316,0.7467,0.214,0.0556,0.7229,0.5154,0.4177,0.9555,0.5475,0.6531,88.81
2002006,6699,0.1834,0.0844,5,1,0.1602,0.4597,0,0.2525,0.2655,0.1794,1.0,0.2877,41.9,1538,0.7788,0.5179,0.0505,0.0263,0.7001,0.5565,0.0,0.7263,0.4529,0.6204,1.0,0.7405,0.6531,88.78
1407003,13865,0.182,0.0822,8,1,0.1542,0.559,2,0.2046,0.3277,0.2061,1.0,0.2867,32.0,3288,0.771,0.5015,0.0808,0.0263,0.6651,0.6768,0.037,0.5767,0.5725,0.7211,1.0,0.738,0.4779,88.68
1004007,13513,0.1423,0.1081,11,0,0.1901,0.5997,3,0.2173,0.3503,0.1313,1.0,0.2224,37.9,2677,0.5476,0.6948,0.1111,0.0,0.8742,0.726,0.0556,0.6164,0.616,0.4389,1.0,0.5725,0.5823,88.59
0603006,10169,0.1845,0.1057,7,2,0.131,0.3093,3,0.2721,0.3263,0.1213,1.0,0.2836,45.1,2000,0.785,0.6769,0.0707,0.0526,0.53,0.3745,0.0556,0.7876,0.5698,0.4011,1.0,0.73,0.7097,88.5
1417002,1800,0.1493,0.1278,0,0,0.1301,0.1958,0,0.2091,0.5146,0.1812,0.9453,0.2992,45.8,360,0.5869,0.8418,0.0,0.0,0.5248,0.237,0.0,0.5908,0.9319,0.6272,0.9453,0.7701,0.7221,88.44
1804001,22044,0.174,0.1047,22,6,0.1607,0.3173,7,0.189,0.237,0.1678,0.9444,0.2678,42.8,4857,0.7259,0.6694,0.2222,0.1579,0.703,0.3841,0.1296,0.528,0.3981,0.5766,0.9444,0.6893,0.669,88.37
2808001,16555,0.2034,0.0584,11,7,0.1074,0.367,4,0.2697,0.3414,0.1419,1.0,0.3147,42.0,3431,0.8914,0.3239,0.1111,0.1842,0.3925,0.4443,0.0741,0.7801,0.5988,0.4789,1.0,0.81,0.6549,88.18
2813004,5128,0.1733,0.1172,1,3,0.1692,0.2113,3,0.2331,0.3499,0.229,1.0,0.1374,43.8,1266,0.722,0.7627,0.0101,0.0789,0.7525,0.2558,0.0556,0.6657,0.6152,0.8075,1.0,0.3537,0.6867,88.06
1426005,14398,0.1333,0.0932,9,4,0.135,0.4895,4,0.2673,0.352,0.1459,1.0,0.2754,44.4,2589,0.4969,0.5836,0.0909,0.1053,0.5533,0.5926,0.0741,0.7726,0.6192,0.494,1.0,0.7089,0.6973,87.99
2819003,5929,0.1487,0.0967,3,2,0.1408,0.2777,1,0.2597,0.4336,0.1471,1.0,0.3127,45.2,1130,0.5836,0.6097,0.0303,0.0526,0.5871,0.3362,0.0185,0.7488,0.7762,0.4985,1.0,0.8049,0.7115,87.96
0415007,24388,0.1888,0.1183,23,4,0.1212,0.1506,12,0.2192,0.2742,0.1382,1.0,0.3143,36.1,4942,0.8092,0.7709,0.2323,0.1053,0.4729,0.1823,0.2222,0.6223,0.4696,0.4649,1.0,0.809,0.5504,87.84
1422005,30082,0.1606,0.085,21,7,0.1426,0.3733,4,0.1713,0.3553,0.1459,0.997,0.2824,49.7,5942,0.6505,0.5224,0.2121,0.1842,0.5976,0.4519,0.0741,0.4727,0.6256,0.494,0.997,0.7269,0.7912,87.78
1434001,13173,0.1109,0.0902,5,4,0.1673,0.271,5,0.2589,0.406,0.175,0.9844,0.2665,53.1,2505,0.3708,0.5612,0.0505,0.1053,0.7414,0.3281,0.0926,0.7463,0.7231,0.6038,0.9844,0.686,0.8513,87.71
2013002,6822,0.1711,0.0872,6,2,0.125,0.5477,0,0.2178,0.4073,0.1555,0.9229,0.2387,50.9,1372,0.7096,0.5388,0.0606,0.0526,0.495,0.6631,0.0,0.6179,0.7256,0.5302,0.9229,0.6144,0.8124,87.65
0623004,179316,0.0905,0.0718,96,38,0.0865,0.3087,54,0.1815,0.3505,0.0677,0.3241,0.1372,26.0,19344,0.256,0.4239,0.9697,1.0,0.2708,0.3737,1.0,0.5045,0.6163,0.1989,0.3241,0.3532,0.3717,87.64
0201001,17584,0.1033,0.1144,10,5,0.1242,0.8127,2,0.2397,0.2909,0.1793,1.0,0.2527,32.1,3039,0.3281,0.7418,0.101,0.1316,0.4904,0.9839,0.037,0.6863,0.5017,0.62,1.0,0.6505,0.4796,87.59
2012006,4127,0.1788,0.0848,2,1,0.128,0.3306,0,0.3006,0.3011,0.1585,1.0,0.2756,51.4,855,0.753,0.5209,0.0202,0.0263,0.5125,0.4002,0.0,0.8766,0.5213,0.5415,1.0,0.7094,0.8212,87.57
2004006,8437,0.2211,0.0705,7,0,0.1265,0.4064,3,0.2539,0.4418,0.125,0.9756,0.2399,38.0,1828,0.991,0.4142,0.0707,0.0,0.5038,0.492,0.0556,0.7307,0.7919,0.4151,0.9756,0.6175,0.5841,87.34
1425004,10960,0.1453,0.0856,7,3,0.1293,0.6241,2,0.2755,0.3377,0.1325,1.0,0.2371,45.7,1962,0.5644,0.5269,0.0707,0.0789,0.5201,0.7556,0.037,0.7982,0.5917,0.4434,1.0,0.6103,0.7204,87.25
1206003,20143,0.1373,0.0886,18,2,0.1434,0.5376,3,0.2224,0.2781,0.1919,1.0,0.2826,40.1,4098,0.5194,0.5493,0.1818,0.0526,0.6022,0.6508,0.0556,0.6323,0.4771,0.6675,1.0,0.7274,0.6212,87.16
1424002,14384,0.1006,0.1179,14,1,0.1513,0.5311,4,0.2142,0.3294,0.1694,1.0,0.3008,39.4,2547,0.3129,0.7679,0.1414,0.0263,0.6482,0.643,0.0741,0.6067,0.5758,0.5826,1.0,0.7743,0.6088,87.15
1421006,8340,0.1555,0.1235,2,1,0.1254,0.4559,1,0.2289,0.3673,0.1636,1.0,0.2965,32.6,1628,0.6218,0.8097,0.0202,0.0263,0.4974,0.5519,0.0185,0.6526,0.6487,0.5608,1.0,0.7632,0.4885,87.08
1420005,9010,0.1336,0.1157,5,3,0.1553,0.2928,2,0.2505,0.3994,0.1609,0.8863,0.2287,48.1,1739,0.4986,0.7515,0.0505,0.0789,0.6715,0.3545,0.037,0.7201,0.7104,0.5506,0.8863,0.5887,0.7628,87.03
0611001,19738,0.1426,0.0967,13,4,0.1556,0.3131,7,0.2178,0.3648,0.1902,0.8224,0.2396,49.0,4141,0.5492,0.6097,0.1313,0.1053,0.6733,0.3791,0.1296,0.6179,0.6438,0.6611,0.8224,0.6167,0.7788,87.02
2401003,8034,0.1548,0.1122,6,2,0.1315,0.5386,3,0.2259,0.3434,0.1962,0.9667,0.217,34.6,1692,0.6179,0.7254,0.0606,0.0526,0.5329,0.6521,0.0556,0.6432,0.6027,0.6838,0.9667,0.5586,0.5239,87.0
1430001,10251,0.1657,0.0977,5,2,0.1325,0.4512,2,0.1979,0.3198,0.2191,0.8407,0.2316,55.4,2315,0.6792,0.6172,0.0505,0.0526,0.5387,0.5462,0.037,0.5558,0.5573,0.7702,0.8407,0.5961,0.892,86.97
2809004,17960,0.1482,0.0723,10,6,0.1178,0.1063,4,0.2295,0.3636,0.235,1.0,0.2942,60.0,3908,0.5808,0.4276,0.101,0.1579,0.4531,0.1287,0.0741,0.6545,0.6415,0.8302,1.0,0.7573,0.9735,86.87
0620003,137797,0.1121,0.0669,99,34,0.1401,0.32,36,0.188,0.3075,0.06,0.0426,0.1822,21.2,18692,0.3776,0.3873,1.0,0.8947,0.583,0.3874,0.6667,0.5248,0.5337,0.1698,0.0426,0.469,0.2867,86.75
2818001,5506,0.1931,0.1165,4,2,0.1655,0.1455,1,0.2694,0.4498,0.0955,0.7708,0.318,24.4,1120,0.8334,0.7575,0.0404,0.0526,0.7309,0.1762,0.0185,0.7791,0.8073,0.3038,0.7708,0.8185,0.3434,86.69
2008006,7922,0.184,0.09,6,2,0.1333,0.0909,1,0.2594,0.4481,0.2319,0.876,0.1971,43.7,1914,0.7822,0.5597,0.0606,0.0526,0.5434,0.11,0.0185,0.7479,0.804,0.8185,0.876,0.5073,0.685,86.69
0615003,17130,0.1313,0.0938,9,7,0.1743,0.4301,1,0.2408,0.3212,0.1314,0.9156,0.2397,47.2,3198,0.4856,0.5881,0.0909,0.1842,0.7822,0.5207,0.0185,0.6898,0.56,0.4392,0.9156,0.617,0.7469,86.29
2817003,7432,0.127,0.1007,5,0,0.1172,0.3093,1,0.3348,0.3296,0.1593,1.0,0.2831,47.8,1302,0.4615,0.6396,0.0505,0.0,0.4496,0.3745,0.0185,0.9834,0.5762,0.5445,1.0,0.7287,0.7575,86.28
1403007,8868,0.1946,0.1018,10,4,0.116,0.0,2,0.2307,0.3986,0.1868,1.0,0.2493,45.9,1985,0.8419,0.6478,0.101,0.1053,0.4426,0.0,0.037,0.6582,0.7088,0.6483,1.0,0.6417,0.7239,86.25
0623007,2017,0.1572,0.0721,1,1,0.1666,0.4536,1,0.2198,0.3816,0.1571,1.0,0.2832,47.7,420,0.6314,0.4261,0.0101,0.0263,0.7373,0.5492,0.0185,0.6242,0.6762,0.5362,1.0,0.729,0.7558,86.11
0622005,8490,0.157,0.1158,7,1,0.1521,0.2609,4,0.1978,0.3055,0.2204,1.0,0.2291,44.6,1941,0.6303,0.7522,0.0707,0.0263,0.6529,0.3159,0.0741,0.5555,0.5298,0.7751,1.0,0.5897,0.7009,86.1
1408002,12154,0.1564,0.0876,10,2,0.1618,0.3966,1,0.257,0.4145,0.1018,1.0,0.2384,40.0,2240,0.6269,0.5418,0.101,0.0526,0.7094,0.4801,0.0185,0.7404,0.7394,0.3275,1.0,0.6136,0.6195,86.05
2611004,17078,0.1661,0.069,7,5,0.1746,0.3922,3,0.2279,0.3211,0.1676,1.0,0.1895,51.2,3760,0.6815,0.403,0.0707,0.1316,0.7839,0.4748,0.0556,0.6495,0.5598,0.5758,1.0,0.4878,0.8177,85.99
2007004,4340,0.1379,0.0934,2,0,0.1619,0.3896,0,0.25,0.4105,0.1704,0.9695,0.2467,43.2,872,0.5228,0.5851,0.0202,0.0,0.71,0.4717,0.0,0.7185,0.7317,0.5864,0.9695,0.635,0.6761,85.99
1435002,10745,0.1489,0.0746,8,1,0.1585,0.3012,3,0.3159,0.3238,0.1416,1.0,0.2427,48.0,2093,0.5847,0.4448,0.0808,0.0263,0.6902,0.3646,0.0556,0.9244,0.565,0.4777,1.0,0.6247,0.7611,85.95
2001003,16951,0.1655,0.0905,8,2,0.1198,0.1932,10,0.2724,0.4849,0.1541,0.8416,0.2103,47.3,3308,0.6781,0.5634,0.0808,0.0526,0.4648,0.2339,0.1852,0.7885,0.8748,0.5249,0.8416,0.5413,0.7487,85.94
0612004,6402,0.1722,0.0979,4,0,0.103,0.6536,2,0.2716,0.389,0.1281,1.0,0.1883,38.4,1169,0.7158,0.6187,0.0404,0.0,0.3669,0.7913,0.037,0.786,0.6904,0.4268,1.0,0.4847,0.5912,85.91
0613001,12049,0.1372,0.1024,7,2,0.1422,0.339,3,0.2205,0.4044,0.1683,1.0,0.2167,51.5,2329,0.5189,0.6522,0.0707,0.0526,0.5952,0.4104,0.0556,0.6264,0.72,0.5785,1.0,0.5578,0.823,85.89
2808005,15102,0.1654,0.0891,10,3,0.1448,0.4572,2,0.2321,0.3747,0.1199,0.8801,0.2834,39.3,2876,0.6775,0.553,0.101,0.0789,0.6104,0.5535,0.037,0.6626,0.6629,0.3958,0.8801,0.7295,0.6071,85.82
3016003,22113,0.176,0.048,11,9,0.1878,0.3799,4,0.2274,0.3025,0.2089,1.0,0.159,39.8,5461,0.7372,0.2463,0.1111,0.2368,0.8608,0.4599,0.0741,0.6479,0.524,0.7317,1.0,0.4093,0.6159,85.77
0813007,4116,0.1569,0.1019,7,1,0.135,0.6731,4,0.1794,0.3043,0.1573,1.0,0.2609,40.2,816,0.6297,0.6485,0.0707,0.0263,0.5533,0.8149,0.0741,0.498,0.5275,0.537,1.0,0.6716,0.623,85.64
1404002,11516,0.1821,0.0737,4,0,0.1466,0.2794,3,0.2686,0.2633,0.1661,0.9024,0.2855,57.0,2513,0.7715,0.4381,0.0404,0.0,0.6209,0.3383,0.0556,0.7766,0.4487,0.5702,0.9024,0.7349,0.9204,85.63
0607005,6808,0.1551,0.0987,10,2,0.1213,0.2715,3,0.244,0.3453,0.1424,1.0,0.2667,53.8,1269,0.6196,0.6246,0.101,0.0526,0.4735,0.3287,0.0556,0.6998,0.6063,0.4808,1.0,0.6865,0.8637,85.56
2808004,10154,0.1493,0.0615,7,3,0.1692,0.2546,5,0.2285,0.41,0.28,0.8643,0.234,34.9,2582,0.5869,0.347,0.0707,0.0789,0.7525,0.3082,0.0926,0.6514,0.7308,1.0,0.8643,0.6023,0.5292,85.4
1423003,8469,0.1788,0.1201,6,2,0.0921,0.3677,2,0.266,0.3921,0.1205,0.9309,0.2171,41.3,1522,0.753,0.7843,0.0606,0.0526,0.3034,0.4452,0.037,0.7685,0.6963,0.3981,0.9309,0.5588,0.6425,85.34
2013004,3275,0.1508,0.0928,3,1,0.1423,0.4993,0,0.2741,0.2372,0.2039,0.9714,0.2043,46.5,705,0.5954,0.5806,0.0303,0.0263,0.5958,0.6045,0.0,0.7938,0.3985,0.7128,0.9714,0.5259,0.7345,85.33
2817006,21450,0.1452,0.096,19,6,0.1539,0.4109,5,0.2273,0.2936,0.1823,0.7622,0.2231,38.6,4457,0.5639,0.6045,0.1919,0.1579,0.6634,0.4975,0.0926,0.6476,0.5069,0.6313,0.7622,0.5743,0.5947,85.28
1404004,1800,0.1568,0.1096,2,0,0.1682,0.2194,0,0.2356,0.353,0.1711,1.0,0.2633,39.3,386,0.6292,0.706,0.0202,0.0,0.7467,0.2656,0.0,0.6735,0.6212,0.5891,1.0,0.6777,0.6071,85.2
2819006,8732,0.1157,0.0899,9,1,0.1164,0.2179,3,0.2245,0.4737,0.2225,1.0,0.2193,59.9,1698,0.3979,0.559,0.0909,0.0263,0.445,0.2638,0.0556,0.6389,0.8533,0.783,1.0,0.5645,0.9717,85.2
0407002,46255,0.173,0.0837,39,9,0.1192,0.2957,8,0.1635,0.2952,0.1441,1.0,0.2422,39.5,9045,0.7203,0.5127,0.3939,0.2368,0.4613,0.358,0.1481,0.4483,0.51,0.4872,1.0,0.6234,0.6106,85.11
2002001,16127,0.148,0.1043,4,4,0.1226,0.5377,3,0.2434,0.3276,0.1742,1.0,0.1843,40.6,3136,0.5796,0.6664,0.0404,0.1053,0.4811,0.651,0.0556,0.6979,0.5723,0.6008,1.0,0.4744,0.6301,85.1
2017001,13879,0.1601,0.1153,12,0,0.0989,0.1753,5,0.2742,0.407,0.0923,1.0,0.2983,45.4,2226,0.6477,0.7485,0.1212,0.0,0.343,0.2122,0.0926,0.7941,0.725,0.2917,1.0,0.7678,0.715,85.04
2001005,2476,0.1657,0.0786,2,0,0.1783,0.1056,1,0.2177,0.41,0.2011,1.0,0.2429,50.2,581,0.6792,0.4746,0.0202,0.0,0.8055,0.1278,0.0185,0.6176,0.7308,0.7023,1.0,0.6252,0.8,84.95
1422003,15216,0.1675,0.0409,8,3,0.1711,0.19,3,0.2708,0.3372,0.1381,1.0,0.3101,54.9,3164,0.6894,0.1933,0.0808,0.0789,0.7635,0.23,0.0556,0.7835,0.5908,0.4645,1.0,0.7982,0.8832,84.92
2810002,4051,0.1642,0.0888,1,0,0.0686,0.4027,2,0.2786,0.4347,0.1764,1.0,0.2758,43.0,749,0.6708,0.5507,0.0101,0.0,0.1666,0.4875,0.037,0.8079,0.7783,0.6091,1.0,0.7099,0.6726,84.88
1403001,2721,0.1391,0.0912,0,0,0.1159,0.7078,0,0.2781,0.2978,0.2146,0.9546,0.2426,31.2,552,0.5295,0.5687,0.0,0.0,0.4421,0.8569,0.0,0.8063,0.515,0.7532,0.9546,0.6245,0.4637,84.88
2815001,3573,0.2024,0.0597,3,1,0.1151,0.3233,0,0.2786,0.3722,0.2148,1.0,0.1908,42.5,852,0.8858,0.3336,0.0303,0.0263,0.4374,0.3914,0.0,0.8079,0.6581,0.754,1.0,0.4911,0.6637,84.83
0605002,2088,0.1828,0.1126,2,0,0.1306,0.1474,1,0.1785,0.432,0.1859,0.9658,0.2576,46.7,462,0.7755,0.7284,0.0202,0.0,0.5277,0.1785,0.0185,0.4952,0.7731,0.6449,0.9658,0.6631,0.7381,84.82
1423005,2911,0.1425,0.0937,2,2,0.1379,0.4405,1,0.2338,0.3895,0.1592,1.0,0.2307,46.7,558,0.5487,0.5873,0.0202,0.0526,0.5702,0.5333,0.0185,0.6679,0.6913,0.5442,1.0,0.5938,0.7381,84.8
0221002,7992,0.1712,0.1066,5,3,0.1675,0.3902,5,0.1678,0.355,0.1684,0.9249,0.3065,23.3,1767,0.7102,0.6836,0.0505,0.0789,0.7426,0.4724,0.0926,0.4617,0.625,0.5789,0.9249,0.7889,0.3239,84.78
1419003,12586,0.1485,0.1186,9,2,0.1675,0.1283,1,0.2572,0.3581,0.1276,1.0,0.1785,49.6,2419,0.5824,0.7731,0.0909,0.0526,0.7426,0.1553,0.0185,0.741,0.631,0.4249,1.0,0.4595,0.7894,84.78
2013001,5372,0.1441,0.0967,5,2,0.1437,0.6441,0,0.2472,0.2679,0.1254,0.9611,0.2855,37.4,972,0.5577,0.6097,0.0505,0.0526,0.604,0.7798,0.0,0.7098,0.4575,0.4166,0.9611,0.7349,0.5735,84.68
1420001,8288,0.1369,0.093,8,1,0.1096,0.316,2,0.2669,0.4406,0.1474,0.8253,0.2861,50.5,1439,0.5172,0.5821,0.0808,0.0263,0.4054,0.3826,0.037,0.7713,0.7896,0.4996,0.8253,0.7364,0.8053,84.65
2017003,13571,0.1249,0.0911,14,5,0.1106,0.3267,3,0.2707,0.4352,0.1489,0.9156,0.1592,57.6,2284,0.4496,0.5679,0.1414,0.1316,0.4112,0.3955,0.0556,0.7832,0.7792,0.5053,0.9156,0.4098,0.931,84.6
1413006,15601,0.1432,0.0789,4,4,0.1799,0.2051,4,0.2107,0.3673,0.1729,0.9407,0.2493,55.2,3298,0.5526,0.4769,0.0404,0.1053,0.8148,0.2483,0.0741,0.5958,0.6487,0.5958,0.9407,0.6417,0.8885,84.59
1424005,5791,0.1589,0.1083,6,1,0.1719,0.3601,1,0.2192,0.3276,0.0951,0.7819,0.2802,51.5,1081,0.641,0.6963,0.0606,0.0263,0.7682,0.436,0.0185,0.6223,0.5723,0.3023,0.7819,0.7212,0.823,84.59
2005006,8805,0.1688,0.0976,5,4,0.1443,0.0,3,0.2997,0.3852,0.082,1.0,0.3008,44.8,1559,0.6967,0.6164,0.0505,0.1053,0.6075,0.0,0.0556,0.8738,0.6831,0.2528,1.0,0.7743,0.7044,84.58
1413003,7849,0.1482,0.1083,7,1,0.1568,0.2469,4,0.1607,0.4156,0.1682,1.0,0.2557,47.4,1606,0.5808,0.6963,0.0707,0.0263,0.6803,0.2989,0.0741,0.4396,0.7415,0.5781,1.0,0.6582,0.7504,84.52
1439003,6277,0.1902,0.0414,5,5,0.1563,0.1403,2,0.2644,0.4024,0.1675,1.0,0.2047,54.3,1430,0.8171,0.197,0.0505,0.1316,0.6773,0.1699,0.037,0.7635,0.7162,0.5755,1.0,0.5269,0.8726,84.51
3023005,54183,0.1801,0.102,46,12,0.1471,0.1653,16,0.1356,0.1802,0.1752,0.9229,0.18,34.7,12011,0.7603,0.6493,0.4646,0.3158,0.6238,0.2001,0.2963,0.3611,0.2888,0.6045,0.9229,0.4633,0.5257,84.5
0617007,1800,0.1726,0.0881,1,0,0.1045,0.4405,0,0.3111,0.38,0.1409,0.9411,0.2275,40.4,339,0.7181,0.5455,0.0101,0.0,0.3757,0.5333,0.0,0.9094,0.6731,0.4751,0.9411,0.5856,0.6265,84.47
2004002,3769,0.1663,0.1085,0,0,0.1198,0.2704,0,0.1765,0.4024,0.2071,0.9955,0.2566,50.0,814,0.6826,0.6978,0.0,0.0,0.4648,0.3274,0.0,0.4889,0.7162,0.7249,0.9955,0.6605,0.7965,84.46
0623001,19676,0.151,0.0741,8,6,0.1486,0.2349,5,0.2866,0.3927,0.1398,1.0,0.1984,43.8,3771,0.5965,0.441,0.0808,0.1579,0.6325,0.2844,0.0926,0.8329,0.6975,0.4709,1.0,0.5107,0.6867,84.42
2806003,2535,0.1821,0.0785,4,0,0.1205,0.1893,1,0.2811,0.3598,0.1544,0.922,0.2675,53.8,521,0.7715,0.4739,0.0404,0.0,0.4688,0.2292,0.0185,0.8157,0.6342,0.526,0.922,0.6885,0.8637,84.42
2802003,11265,0.1332,0.1124,5,2,0.1777,0.1195,2,0.2506,0.407,0.1439,0.9393,0.2173,46.0,2181,0.4963,0.7269,0.0505,0.0526,0.802,0.1447,0.037,0.7204,0.725,0.4864,0.9393,0.5593,0.7257,84.41
0612001,13203,0.1605,0.0666,7,5,0.1627,0.5871,4,0.2247,0.3745,0.1214,1.0,0.1842,41.1,2570,0.65,0.3851,0.0707,0.1316,0.7146,0.7108,0.0741,0.6395,0.6625,0.4015,1.0,0.4741,0.6389,84.4
2802004,3725,0.1433,0.072,5,0,0.1792,0.4749,2,0.2388,0.3652,0.1611,0.8741,0.2075,50.7,772,0.5532,0.4254,0.0505,0.0,0.8107,0.5749,0.037,0.6835,0.6446,0.5513,0.8741,0.5341,0.8088,84.36
2008002,7153,0.1748,0.0596,9,3,0.1515,0.2944,2,0.2409,0.3739,0.1629,1.0,0.2315,46.4,1545,0.7304,0.3328,0.0909,0.0789,0.6494,0.3564,0.037,0.6901,0.6613,0.5581,1.0,0.5959,0.7327,84.36
0605005,6371,0.1554,0.0972,2,2,0.1357,0.413,1,0.1992,0.2948,0.1706,1.0,0.2933,48.6,1285,0.6213,0.6134,0.0202,0.0526,0.5574,0.5,0.0185,0.5598,0.5092,0.5872,1.0,0.755,0.7717,84.27
1438004,8263,0.1253,0.1042,6,1,0.0882,0.3108,5,0.2187,0.3657,0.2164,0.9657,0.2601,60.0,1546,0.4519,0.6657,0.0606,0.0263,0.2807,0.3763,0.0926,0.6207,0.6456,0.76,0.9657,0.6695,0.9735,84.23
0605006,6989,0.1668,0.086,3,0,0.168,0.2904,3,0.2359,0.29,0.1951,1.0,0.2299,43.3,1600,0.6854,0.5299,0.0303,0.0,0.7455,0.3516,0.0556,0.6745,0.5,0.6796,1.0,0.5918,0.6779,84.08
2014003,8750,0.1764,0.0914,5,2,0.125,0.1301,2,0.323,0.2348,0.201,1.0,0.2481,38.2,1942,0.7394,0.5701,0.0505,0.0526,0.495,0.1575,0.037,0.9466,0.3938,0.7019,1.0,0.6386,0.5876,84.06
1420006,5904,0.1569,0.1111,1,2,0.1399,0.2436,2,0.238,0.3532,0.1615,1.0,0.2446,41.6,1182,0.6297,0.7172,0.0101,0.0526,0.5818,0.2949,0.037,0.681,0.6215,0.5528,1.0,0.6296,0.6478,84.01
1401001,15484,0.1711,0.1026,12,3,0.1374,0.0,4,0.2352,0.3388,0.1533,1.0,0.2445,50.9,3166,0.7096,0.6537,0.1212,0.0789,0.5673,0.0,0.0741,0.6723,0.5938,0.5219,1.0,0.6293,0.8124,83.95
1203006,31675,0.1086,0.092,18,4,0.134,0.5421,12,0.2134,0.2839,0.1671,0.9904,0.1867,52.1,5516,0.3579,0.5746,0.1818,0.1053,0.5475,0.6563,0.2222,0.6042,0.4883,0.574,0.9904,0.4806,0.8336,83.89
0613002,10263,0.1909,0.086,7,2,0.1265,0.4,1,0.2299,0.2439,0.1754,1.0,0.2271,44.9,2261,0.821,0.5299,0.0707,0.0526,0.5038,0.4843,0.0185,0.6557,0.4113,0.6053,1.0,0.5846,0.7062,83.82
2809001,3926,0.1571,0.1022,3,4,0.1349,0.2079,1,0.2543,0.3363,0.1743,1.0,0.2237,43.4,805,0.6308,0.6507,0.0303,0.1053,0.5527,0.2517,0.0185,0.732,0.589,0.6011,1.0,0.5758,0.6796,83.79
2011005,6571,0.1892,0.0852,3,0,0.0908,0.3961,3,0.2261,0.3093,0.1873,0.9488,0.2176,59.2,1387,0.8115,0.5239,0.0303,0.0,0.2959,0.4795,0.0556,0.6439,0.5371,0.6502,0.9488,0.5601,0.9593,83.77
2004001,3928,0.1704,0.1158,3,0,0.1034,0.0,0,0.2468,0.439,0.1862,1.0,0.2423,46.7,805,0.7057,0.7522,0.0303,0.0,0.3692,0.0,0.0,0.7085,0.7865,0.646,1.0,0.6237,0.7381,83.68
1417005,5023,0.1316,0.1341,7,2,0.1055,0.0945,0,0.2505,0.3939,0.193,0.8677,0.262,44.0,945,0.4873,0.8888,0.0707,0.0526,0.3815,0.1144,0.0,0.7201,0.6998,0.6717,0.8677,0.6744,0.6903,83.65
1425001,15585,0.108,0.1056,16,1,0.1098,0.1402,7,0.2385,0.3125,0.2276,1.0,0.2871,50.8,2960,0.3545,0.6761,0.1616,0.0263,0.4065,0.1697,0.1296,0.6826,0.5433,0.8023,1.0,0.739,0.8106,83.56
2215003,13007,0.1454,0.1216,8,2,0.1673,0.6331,7,0.1898,0.3455,0.067,1.0,0.1825,35.3,2160,0.565,0.7955,0.0808,0.0526,0.7414,0.7665,0.1296,0.5305,0.6067,0.1962,1.0,0.4698,0.5363,83.55
1410004,4310,0.1078,0.0877,4,2,0.1603,0.4381,0,0.28,0.3758,0.1396,1.0,0.2843,34.7,744,0.3534,0.5425,0.0404,0.0526,0.7006,0.5304,0.0,0.8122,0.665,0.4702,1.0,0.7318,0.5257,83.51
1411007,11598,0.1505,0.0806,7,3,0.1332,0.5419,3,0.2724,0.247,0.1397,0.8411,0.238,50.3,2158,0.5937,0.4896,0.0707,0.0789,0.5428,0.6561,0.0556,0.7885,0.4173,0.4706,0.8411,0.6126,0.8018,83.47
2807002,5281,0.1562,0.0932,5,0,0.099,0.0922,0,0.2986,0.3977,0.1832,0.9485,0.3258,38.9,1028,0.6258,0.5836,0.0505,0.0,0.3436,0.1116,0.0,0.8704,0.7071,0.6347,0.9485,0.8386,0.6,83.47
2411001,12300,0.151,0.0972,9,3,0.1043,0.3386,3,0.1989,0.2441,0.2034,1.0,0.2781,55.7,2483,0.5965,0.6134,0.0909,0.0789,0.3745,0.4099,0.0556,0.5589,0.4117,0.7109,1.0,0.7158,0.8973,83.45
1429002,7457,0.1709,0.0944,4,1,0.1483,0.122,3,0.2426,0.3572,0.2027,1.0,0.2528,33.7,1697,0.7085,0.5925,0.0404,0.0263,0.6308,0.1477,0.0556,0.6954,0.6292,0.7083,1.0,0.6507,0.508,83.41
1404006,4525,0.1046,0.0921,5,1,0.1701,0.5371,1,0.206,0.369,0.1722,0.9759,0.2203,46.5,847,0.3354,0.5754,0.0505,0.0263,0.7577,0.6502,0.0185,0.5811,0.6519,0.5932,0.9759,0.5671,0.7345,83.27
1442007,13026,0.1121,0.1137,10,4,0.1581,0.4582,1,0.2319,0.2283,0.1484,0.8763,0.2467,48.8,2311,0.3776,0.7366,0.101,0.1053,0.6878,0.5547,0.0185,0.662,0.3813,0.5034,0.8763,0.635,0.7752,83.26
3202006,4460,0.1633,0.0748,2,1,0.1306,0.1204,1,0.2727,0.3311,0.2417,0.8722,0.2596,48.9,1038,0.6657,0.4463,0.0202,0.0263,0.5277,0.1458,0.0185,0.7894,0.579,0.8555,0.8722,0.6682,0.777,83.25
0623002,21519,0.1293,0.0985,15,10,0.0891,0.3189,5,0.2816,0.312,0.154,0.9238,0.2481,38.6,3551,0.4744,0.6231,0.1515,0.2632,0.286,0.3861,0.0926,0.8172,0.5423,0.5245,0.9238,0.6386,0.5947,83.21
1408004,17342,0.1589,0.0617,9,0,0.1226,0.4963,3,0.2606,0.3313,0.1513,0.9155,0.2559,49.8,3318,0.641,0.3485,0.0909,0.0,0.4811,0.6008,0.0556,0.7516,0.5794,0.5143,0.9155,0.6587,0.7929,83.18
1439006,13119,0.131,0.0893,10,5,0.1232,0.439,1,0.2843,0.2466,0.1452,0.9265,0.2587,46.2,2287,0.484,0.5545,0.101,0.1316,0.4846,0.5315,0.0185,0.8257,0.4165,0.4913,0.9265,0.6659,0.7292,83.13
1406001,5643,0.1429,0.0512,1,1,0.1678,0.3097,3,0.301,0.4315,0.164,1.0,0.231,38.3,1147,0.5509,0.2701,0.0101,0.0263,0.7443,0.3749,0.0556,0.8779,0.7721,0.5623,1.0,0.5946,0.5894,83.12
1013005,5424,0.1421,0.0772,6,1,0.1474,0.6475,2,0.2006,0.2674,0.1837,1.0,0.2685,39.7,1109,0.5464,0.4642,0.0606,0.0263,0.6255,0.7839,0.037,0.5642,0.4565,0.6366,1.0,0.6911,0.6142,83.12
2806002,9113,0.1706,0.0721,4,2,0.1555,0.2683,1,0.1766,0.4225,0.1816,1.0,0.2831,39.9,2019,0.7068,0.4261,0.0404,0.0526,0.6727,0.3248,0.0185,0.4892,0.7548,0.6287,1.0,0.7287,0.6177,83.07
1407002,12925,0.1657,0.0837,14,1,0.1581,0.0853,1,0.2283,0.2964,0.2049,1.0,0.2751,39.3,2967,0.6792,0.5127,0.1414,0.0263,0.6878,0.1033,0.0185,0.6507,0.5123,0.7166,1.0,0.7081,0.6071,83.03
2008005,7049,0.1042,0.1169,5,0,0.1486,0.5107,0,0.2184,0.3845,0.0965,1.0,0.2775,45.1,1047,0.3331,0.7604,0.0505,0.0,0.6325,0.6183,0.0,0.6198,0.6817,0.3075,1.0,0.7143,0.7097,82.98
0610005,14329,0.1417,0.0791,13,8,0.1562,0.0,3,0.2451,0.3312,0.1943,1.0,0.2365,45.8,3034,0.5442,0.4784,0.1313,0.2105,0.6768,0.0,0.0556,0.7032,0.5792,0.6766,1.0,0.6088,0.7221,82.94
1428007,14983,0.1462,0.1111,14,4,0.1135,0.394,4,0.2281,0.278,0.1883,0.8821,0.2612,30.9,2946,0.5695,0.7172,0.1414,0.1053,0.4281,0.477,0.0741,0.6501,0.4769,0.654,0.8821,0.6723,0.4584,82.92
2811006,11476,0.1351,0.0863,9,3,0.0786,0.5283,4,0.2381,0.3725,0.1503,0.9737,0.2851,45.2,1870,0.507,0.5321,0.0909,0.0789,0.2248,0.6396,0.0741,0.6813,0.6587,0.5106,0.9737,0.7338,0.7115,82.92
2016005,11677,0.1496,0.0984,9,1,0.117,0.5164,3,0.1818,0.3587,0.141,0.9492,0.2379,51.0,2107,0.5886,0.6224,0.0909,0.0263,0.4485,0.6252,0.0556,0.5055,0.6321,0.4755,0.9492,0.6124,0.8142,82.91
2821002,3377,0.1533,0.1026,1,0,0.1735,0.3163,1,0.2856,0.3298,0.1267,0.7357,0.295,31.7,661,0.6095,0.6537,0.0101,0.0,0.7775,0.3829,0.0185,0.8297,0.5765,0.4215,0.7357,0.7593,0.4726,82.91
2802001,22737,0.1895,0.0798,14,5,0.1327,0.0,2,0.278,0.3132,0.1438,1.0,0.1939,50.4,4752,0.8132,0.4836,0.1414,0.1316,0.5399,0.0,0.037,0.806,0.5446,0.486,1.0,0.4991,0.8035,82.9
1427006,12465,0.1185,0.0945,3,2,0.143,0.3523,4,0.2283,0.3719,0.1529,0.9289,0.2633,52.9,2203,0.4136,0.5933,0.0303,0.0526,0.5999,0.4265,0.0741,0.6507,0.6575,0.5204,0.9289,0.6777,0.8478,82.89
2819001,5378,0.1164,0.0745,2,1,0.1016,0.3979,2,0.287,0.3782,0.225,0.9671,0.32,35.9,1022,0.4018,0.444,0.0202,0.0263,0.3588,0.4817,0.037,0.8341,0.6696,0.7925,0.9671,0.8237,0.5469,82.87
2425002,31437,0.1666,0.0898,22,4,0.1645,0.6428,7,0.1921,0.2342,0.1049,0.9199,0.1901,32.1,6035,0.6843,0.5582,0.2222,0.1053,0.7251,0.7782,0.1296,0.5376,0.3927,0.3392,0.9199,0.4893,0.4796,82.82
0601001,6707,0.1227,0.0868,11,2,0.1397,0.4479,2,0.191,0.3639,0.1273,1.0,0.2891,52.4,1135,0.4373,0.5358,0.1111,0.0526,0.5807,0.5423,0.037,0.5342,0.6421,0.4238,1.0,0.7441,0.8389,82.82
0215004,4399,0.1876,0.0923,1,1,0.1689,0.2994,2,0.2175,0.3379,0.1369,0.9636,0.2674,31.1,956,0.8025,0.5769,0.0101,0.0263,0.7507,0.3625,0.037,0.617,0.5921,0.46,0.9636,0.6883,0.4619,82.8
2803006,20166,0.1223,0.0714,13,4,0.1549,0.3681,1,0.2745,0.292,0.2068,0.913,0.1964,44.2,4134,0.435,0.4209,0.1313,0.1053,0.6692,0.4456,0.0185,0.7951,0.5038,0.7238,0.913,0.5055,0.6938,82.8
0609007,7548,0.1224,0.1034,6,4,0.1755,0.2903,1,0.2632,0.3122,0.1374,1.0,0.1766,46.3,1396,0.4356,0.6597,0.0606,0.1053,0.7892,0.3515,0.0185,0.7598,0.5427,0.4619,1.0,0.4546,0.731,82.79
0614006,22642,0.1467,0.0608,14,4,0.1222,0.6848,4,0.2491,0.3486,0.113,0.6759,0.3041,39.7,3836,0.5723,0.3418,0.1414,0.1053,0.4787,0.8291,0.0741,0.7157,0.6127,0.3698,0.6759,0.7828,0.6142,82.77
1432006,11932,0.1264,0.0911,13,0,0.1561,0.2057,2,0.2116,0.3895,0.1571,1.0,0.2347,54.9,2244,0.4581,0.5679,0.1313,0.0,0.6762,0.249,0.037,0.5986,0.6913,0.5362,1.0,0.6041,0.8832,82.76
3209002,17613,0.1633,0.1131,7,6,0.1627,0.5308,2,0.1378,0.2615,0.1415,1.0,0.2064,38.1,3594,0.6657,0.7321,0.0707,0.1579,0.7146,0.6426,0.037,0.368,0.4452,0.4774,1.0,0.5313,0.5858,82.73
1405002,16097,0.1427,0.105,10,4,0.1382,0.0864,5,0.2686,0.3172,0.13,0.9423,0.286,43.5,2893,0.5498,0.6716,0.101,0.1053,0.5719,0.1046,0.0926,0.7766,0.5523,0.434,0.9423,0.7362,0.6814,82.69
0603004,8170,0.1756,0.0931,4,0,0.1541,0.2037,1,0.2502,0.2811,0.1747,0.9135,0.2057,50.2,1804,0.7349,0.5828,0.0404,0.0,0.6645,0.2466,0.0185,0.7192,0.4829,0.6026,0.9135,0.5295,0.8,82.64
0410005,15289,0.1709,0.1165,15,7,0.1197,0.2323,2,0.1897,0.3136,0.2121,1.0,0.167,29.1,3396,0.7085,0.7575,0.1515,0.1842,0.4642,0.2812,0.037,0.5301,0.5454,0.7438,1.0,0.4299,0.4265,82.55
0225005,34268,0.1874,0.1104,23,5,0.1038,0.0841,11,0.2241,0.2275,0.1421,1.0,0.2352,41.7,6752,0.8014,0.7119,0.2323,0.1316,0.3716,0.1018,0.2037,0.6376,0.3798,0.4796,1.0,0.6054,0.6496,82.55
1418003,6842,0.1412,0.0942,7,0,0.1571,0.4091,1,0.2216,0.4029,0.1296,1.0,0.1934,44.1,1269,0.5414,0.591,0.0707,0.0,0.682,0.4953,0.0185,0.6298,0.7171,0.4325,1.0,0.4978,0.692,82.5
0622003,14883,0.1749,0.0777,7,6,0.137,0.1298,4,0.2779,0.3699,0.1325,0.9656,0.2929,28.0,2947,0.731,0.4679,0.0707,0.1579,0.5649,0.1571,0.0741,0.8057,0.6537,0.4434,0.9656,0.7539,0.4071,82.45
2408006,39419,0.1701,0.1258,22,10,0.1469,0.4311,12,0.1859,0.2038,0.0268,0.9603,0.192,38.3,6169,0.704,0.8269,0.2222,0.2632,0.6226,0.5219,0.2222,0.5183,0.3342,0.0445,0.9603,0.4942,0.5894,82.44
1432005,5168,0.1498,0.112,4,0,0.1269,0.162,2,0.2578,0.3792,0.1932,0.9717,0.2226,36.2,1058,0.5898,0.7239,0.0404,0.0,0.5061,0.1961,0.037,0.7429,0.6715,0.6725,0.9717,0.573,0.5522,82.39
1442004,16504,0.122,0.0923,15,4,0.0769,0.392,4,0.3165,0.3396,0.1531,1.0,0.1941,44.3,2581,0.4333,0.5769,0.1515,0.1053,0.2149,0.4746,0.0741,0.9263,0.5954,0.5211,1.0,0.4996,0.6956,82.39
1405006,10527,0.1262,0.0835,13,1,0.1541,0.4232,4,0.2586,0.398,0.1366,0.8838,0.1966,40.2,1887,0.4569,0.5112,0.1313,0.0263,0.6645,0.5123,0.0741,0.7454,0.7077,0.4589,0.8838,0.506,0.623,82.23
1401004,11088,0.1277,0.072,10,5,0.1213,0.4797,5,0.2706,0.3586,0.1148,0.7092,0.3313,42.4,1773,0.4654,0.4254,0.101,0.1316,0.4735,0.5808,0.0926,0.7829,0.6319,0.3766,0.7092,0.8528,0.6619,82.19
2006003,6997,0.1619,0.0844,5,0,0.1279,0.2879,2,0.2735,0.2855,0.1633,1.0,0.2685,41.8,1398,0.6579,0.5179,0.0505,0.0,0.5119,0.3485,0.037,0.7919,0.4913,0.5596,1.0,0.6911,0.6513,82.13
0604002,20158,0.1095,0.1028,15,6,0.1444,0.316,3,0.1766,0.2843,0.1594,0.8084,0.33,51.3,3539,0.363,0.6552,0.1515,0.1579,0.608,0.3826,0.0556,0.4892,0.489,0.5449,0.8084,0.8494,0.8195,82.13
1427005,12972,0.1579,0.0717,9,3,0.1338,0.0292,5,0.285,0.3416,0.1778,0.9313,0.2423,50.8,2668,0.6353,0.4231,0.0909,0.0789,0.5463,0.0354,0.0926,0.8279,0.5992,0.6143,0.9313,0.6237,0.8106,82.1
2010001,6996,0.1731,0.0601,5,2,0.1346,0.4245,2,0.2606,0.3418,0.1664,0.9475,0.2208,39.4,1468,0.7209,0.3366,0.0505,0.0526,0.551,0.5139,0.037,0.7516,0.5996,0.5713,0.9475,0.5683,0.6088,82.07
1423006,6347,0.1218,0.1206,2,1,0.088,0.359,1,0.2662,0.3225,0.1666,1.0,0.2243,52.3,1046,0.4322,0.7881,0.0202,0.0263,0.2796,0.4346,0.0185,0.7691,0.5625,0.5721,1.0,0.5773,0.8372,82.06
1431007,4528,0.1629,0.0963,1,0,0.1429,0.4813,2,0.2964,0.398,0.0659,1.0,0.1407,39.7,752,0.6635,0.6067,0.0101,0.0,0.5993,0.5827,0.037,0.8635,0.7077,0.1921,1.0,0.3622,0.6142,82.03
1419006,15786,0.1281,0.1057,8,4,0.1241,0.0335,5,0.2866,0.2914,0.1823,0.9874,0.2463,47.7,2960,0.4676,0.6769,0.0808,0.1053,0.4898,0.0406,0.0926,0.8329,0.5027,0.6313,0.9874,0.634,0.7558,81.98
0803003,15327,0.1639,0.1123,7,3,0.1321,0.3149,3,0.2389,0.3035,0.1279,0.7999,0.1943,48.9,2884,0.6691,0.7261,0.0707,0.0789,0.5364,0.3812,0.0556,0.6838,0.526,0.426,0.7999,0.5001,0.777,81.95
0611005,11340,0.1748,0.0973,6,3,0.1519,0.0,3,0.2201,0.3328,0.1394,0.9314,0.306,44.2,2334,0.7304,0.6142,0.0606,0.0789,0.6517,0.0,0.0556,0.6251,0.5823,0.4694,0.9314,0.7876,0.6938,81.89
2816002,10185,0.1623,0.1045,8,6,0.0971,0.4865,1,0.2312,0.2041,0.1668,0.9812,0.2176,42.1,1948,0.6601,0.6679,0.0808,0.1579,0.3326,0.589,0.0185,0.6598,0.3348,0.5728,0.9812,0.5601,0.6566,81.89
1421005,8113,0.1398,0.0812,7,1,0.1182,0.0122,1,0.3165,0.3813,0.1826,1.0,0.2687,44.3,1560,0.5335,0.494,0.0707,0.0263,0.4554,0.0148,0.0185,0.9263,0.6756,0.6325,1.0,0.6916,0.6956,81.87
2017002,13622,0.1516,0.0992,7,1,0.1588,0.0,3,0.2344,0.3326,0.1572,0.9802,0.2384,54.2,2757,0.5999,0.6284,0.0707,0.0263,0.6919,0.0,0.0556,0.6698,0.5819,0.5366,0.9802,0.6136,0.8708,81.85
1428005,7709,0.1344,0.1137,5,2,0.1258,0.16,4,0.2985,0.4075,0.1368,0.9406,0.1921,38.8,1338,0.5031,0.7366,0.0505,0.0526,0.4997,0.1937,0.0741,0.87,0.726,0.4596,0.9406,0.4945,0.5982,81.81
0201006,7849,0.198,0.1173,9,3,0.1462,0.1892,4,0.1907,0.3053,0.0966,1.0,0.2177,38.8,1571,0.861,0.7634,0.0909,0.0789,0.6185,0.2291,0.0741,0.5333,0.5294,0.3079,1.0,0.5604,0.5982,81.81
2806001,3144,0.1478,0.0987,3,1,0.1459,0.2021,0,0.2683,0.2889,0.1565,0.9377,0.2238,52.0,616,0.5785,0.6246,0.0303,0.0263,0.6168,0.2447,0.0,0.7757,0.4979,0.534,0.9377,0.5761,0.8319,81.78
1209003,13488,0.1597,0.1098,9,4,0.1671,0.3727,5,0.2041,0.3193,0.0985,1.0,0.1985,32.8,2517,0.6455,0.7075,0.0909,0.1053,0.7402,0.4512,0.0926,0.5751,0.5563,0.3151,1.0,0.5109,0.492,81.76
2206003,22772,0.1298,0.1238,15,7,0.1835,0.4115,10,0.1789,0.1967,0.114,0.9695,0.1948,36.2,4148,0.4772,0.8119,0.1515,0.1842,0.8358,0.4982,0.1852,0.4964,0.3206,0.3736,0.9695,0.5014,0.5522,81.69
0612002,28361,0.0966,0.0777,22,4,0.122,0.3001,6,0.2278,0.3666,0.1699,1.0,0.2386,52.2,4671,0.2904,0.4679,0.2222,0.1053,0.4776,0.3633,0.1111,0.6492,0.6473,0.5845,1.0,0.6142,0.8354,81.64
0601003,5106,0.1562,0.1061,8,3,0.1635,0.2662,0,0.2495,0.2871,0.1773,0.7785,0.2066,33.1,1103,0.6258,0.6799,0.0808,0.0789,0.7193,0.3223,0.0,0.717,0.4944,0.6125,0.7785,0.5318,0.4973,81.54
1440002,15082,0.0991,0.0899,8,3,0.1538,0.1802,1,0.3202,0.3396,0.1817,0.8862,0.2246,42.2,2741,0.3044,0.559,0.0808,0.0789,0.6628,0.2182,0.0185,0.9378,0.5954,0.6291,0.8862,0.5781,0.6584,81.51
0616002,10709,0.1508,0.1051,10,3,0.1394,0.1068,2,0.2203,0.3862,0.1428,1.0,0.2896,32.5,2035,0.5954,0.6724,0.101,0.0789,0.5789,0.1293,0.037,0.6257,0.685,0.4823,1.0,0.7454,0.4867,81.51
1433006,26461,0.1764,0.1059,14,1,0.1038,0.2563,9,0.1995,0.2727,0.0958,1.0,0.3037,47.9,4557,0.7394,0.6784,0.1414,0.0263,0.3716,0.3103,0.1667,0.5608,0.4667,0.3049,1.0,0.7817,0.7593,81.39
1424003,15164,0.149,0.0652,10,5,0.1645,0.2161,4,0.2353,0.2674,0.1422,1.0,0.2705,49.5,2993,0.5853,0.3746,0.101,0.1316,0.7251,0.2616,0.0741,0.6726,0.4565,0.48,1.0,0.6963,0.7876,81.39
0617006,16905,0.1649,0.0779,13,2,0.1237,0.1955,3,0.2037,0.4089,0.1963,1.0,0.1592,49.3,3607,0.6747,0.4694,0.1313,0.0526,0.4875,0.2367,0.0556,0.5739,0.7287,0.6842,1.0,0.4098,0.7841,81.39
2821001,5182,0.1652,0.0704,0,1,0.1408,0.3484,0,0.193,0.4459,0.1716,0.9638,0.2005,50.3,1082,0.6764,0.4134,0.0,0.0263,0.5871,0.4218,0.0,0.5405,0.7998,0.5909,0.9638,0.5161,0.8018,81.37
0617003,4273,0.1638,0.0936,5,1,0.1337,0.3518,2,0.2085,0.3437,0.0969,1.0,0.2911,43.9,756,0.6685,0.5866,0.0505,0.0263,0.5457,0.4259,0.037,0.5889,0.6033,0.3091,1.0,0.7493,0.6885,81.23
2014001,6319,0.1416,0.0737,2,1,0.141,0.273,2,0.3223,0.3529,0.1581,1.0,0.2127,37.4,1206,0.5436,0.4381,0.0202,0.0263,0.5882,0.3305,0.037,0.9444,0.621,0.54,1.0,0.5475,0.5735,81.19
1204002,7260,0.1744,0.0879,7,1,0.1593,0.4337,2,0.2136,0.292,0.182,0.9193,0.1561,35.7,1637,0.7282,0.544,0.0707,0.0263,0.6948,0.5251,0.037,0.6048,0.5038,0.6302,0.9193,0.4018,0.5434,81.18
0612003,7577,0.111,0.0735,6,1,0.1302,0.3564,3,0.2428,0.425,0.1503,0.865,0.2738,54.0,1270,0.3714,0.4366,0.0606,0.0263,0.5253,0.4315,0.0556,0.696,0.7596,0.5106,0.865,0.7048,0.8673,81.05
2418004,8616,0.138,0.1155,6,1,0.1832,0.2678,3,0.2017,0.2843,0.1728,0.8698,0.2174,38.1,1808,0.5234,0.75,0.0606,0.0263,0.834,0.3242,0.0556,0.5676,0.489,0.5955,0.8698,0.5596,0.5858,81.05
0622007,5514,0.1691,0.0541,2,2,0.1636,0.335,1,0.2173,0.396,0.1641,0.9796,0.1693,50.7,1194,0.6984,0.2918,0.0202,0.0526,0.7199,0.4056,0.0185,0.6164,0.7038,0.5626,0.9796,0.4358,0.8088,80.96
2416004,12323,0.1795,0.1226,11,5,0.1598,0.1646,7,0.1488,0.263,0.1359,0.8711,0.2431,38.7,2591,0.7569,0.803,0.1111,0.1316,0.6977,0.1993,0.1296,0.4024,0.4481,0.4562,0.8711,0.6257,0.5965,80.95
1432004,7159,0.1403,0.0986,7,0,0.1618,0.3716,3,0.2334,0.2686,0.1559,0.8922,0.1789,50.1,1411,0.5363,0.6239,0.0707,0.0,0.7094,0.4499,0.0556,0.6667,0.4588,0.5317,0.8922,0.4605,0.7982,80.89
1413001,7640,0.1025,0.0993,3,5,0.1358,0.2364,2,0.2481,0.4018,0.1689,0.9575,0.2487,41.5,1317,0.3236,0.6291,0.0303,0.1316,0.5579,0.2862,0.037,0.7126,0.715,0.5808,0.9575,0.6402,0.646,80.88
0218003,23013,0.1642,0.0917,15,3,0.177,0.2204,8,0.1704,0.2863,0.1221,1.0,0.2308,42.2,4645,0.6708,0.5724,0.1515,0.0789,0.7979,0.2668,0.1481,0.4699,0.4929,0.4042,1.0,0.5941,0.6584,80.86
1432003,3000,0.1523,0.0855,3,0,0.1392,0.2359,1,0.1982,0.3836,0.2459,1.0,0.1801,42.9,695,0.6038,0.5261,0.0303,0.0,0.5778,0.2856,0.0185,0.5567,0.68,0.8713,1.0,0.4636,0.6708,80.85
0609003,8184,0.17,0.0754,7,1,0.1087,0.3327,3,0.2757,0.2754,0.1282,1.0,0.3184,37.0,1504,0.7034,0.4507,0.0707,0.0263,0.4001,0.4028,0.0556,0.7988,0.4719,0.4272,1.0,0.8196,0.5664,80.82
2014002,20257,0.1565,0.0552,17,6,0.1209,0.2968,4,0.2273,0.3536,0.1861,0.9299,0.176,48.7,4131,0.6275,0.3,0.1717,0.1579,0.4712,0.3593,0.0741,0.6476,0.6223,0.6457,0.9299,0.453,0.7735,80.76
2805005,12594,0.1656,0.0857,7,1,0.1333,0.4672,2,0.2,0.2461,0.1859,0.8672,0.2063,49.3,2679,0.6787,0.5276,0.0707,0.0263,0.5434,0.5656,0.037,0.5623,0.4156,0.6449,0.8672,0.531,0.7841,80.74
1426007,5120,0.1333,0.0942,4,2,0.1096,0.5806,0,0.2603,0.2937,0.1392,1.0,0.1961,44.4,862,0.4969,0.591,0.0404,0.0526,0.4054,0.7029,0.0,0.7507,0.5071,0.4687,1.0,0.5048,0.6973,80.74
1420004,13333,0.1494,0.0836,11,4,0.1131,0.0,4,0.2239,0.4313,0.2022,1.0,0.2841,35.3,2716,0.5875,0.5119,0.1111,0.1053,0.4257,0.0,0.0741,0.637,0.7717,0.7064,1.0,0.7313,0.5363,80.73
1207003,19098,0.1705,0.0821,16,8,0.1436,0.0851,6,0.1764,0.3528,0.1495,0.9507,0.1752,52.2,3916,0.7062,0.5007,0.1616,0.2105,0.6034,0.103,0.1111,0.4886,0.6208,0.5075,0.9507,0.451,0.8354,80.72
1422002,4622,0.1395,0.0715,6,1,0.1104,0.4504,0,0.2239,0.3989,0.1646,1.0,0.2392,47.0,844,0.5318,0.4216,0.0606,0.0263,0.41,0.5453,0.0,0.637,0.7094,0.5645,1.0,0.6157,0.7434,80.72
0622006,12755,0.1619,0.0724,11,1,0.1479,0.1061,3,0.2314,0.355,0.1937,0.8857,0.2984,35.0,2796,0.6579,0.4284,0.1111,0.0263,0.6284,0.1285,0.0556,0.6604,0.625,0.6743,0.8857,0.7681,0.531,80.7
0621004,2470,0.1515,0.0656,1,1,0.1407,0.2907,1,0.2583,0.3307,0.1741,1.0,0.2176,51.5,501,0.5993,0.3776,0.0101,0.0263,0.5865,0.3519,0.0185,0.7445,0.5783,0.6004,1.0,0.5601,0.823,80.67
2002003,11723,0.1837,0.093,14,0,0.1065,0.3889,1,0.1978,0.2876,0.1326,1.0,0.2279,45.8,2257,0.7805,0.5821,0.1414,0.0,0.3873,0.4708,0.0185,0.5555,0.4954,0.4438,1.0,0.5866,0.7221,80.64
1421007,5424,0.1515,0.1209,6,2,0.1501,0.3028,0,0.1347,0.3689,0.1401,0.9952,0.2513,39.0,1048,0.5993,0.7903,0.0606,0.0526,0.6412,0.3666,0.0,0.3583,0.6517,0.4721,0.9952,0.6468,0.6018,80.6
0604006,7208,0.1237,0.0998,5,3,0.1379,0.2992,2,0.261,0.3068,0.187,0.8419,0.2185,42.1,1385,0.4429,0.6328,0.0505,0.0789,0.5702,0.3622,0.037,0.7529,0.5323,0.6491,0.8419,0.5624,0.6566,80.59
2809006,65120,0.1539,0.0805,35,15,0.1498,0.6178,18,0.166,0.2649,0.2203,0.0319,0.1814,18.3,14714,0.6128,0.4888,0.3535,0.3947,0.6395,0.7479,0.3333,0.4561,0.4517,0.7747,0.0319,0.4669,0.2354,80.59
2010003,7952,0.1552,0.0832,4,1,0.1398,0.3245,3,0.2005,0.3766,0.1187,0.8596,0.2801,51.7,1450,0.6201,0.509,0.0404,0.0263,0.5812,0.3929,0.0556,0.5639,0.6665,0.3913,0.8596,0.721,0.8265,80.55
1401003,8885,0.1497,0.0537,5,3,0.1049,0.4284,4,0.2431,0.2926,0.2001,0.8698,0.275,51.9,1776,0.5892,0.2888,0.0505,0.0789,0.378,0.5186,0.0741,0.697,0.505,0.6985,0.8698,0.7079,0.8301,80.53
1021007,5979,0.1244,0.0942,11,0,0.1535,0.1077,0,0.2826,0.2463,0.1623,1.0,0.3152,39.7,1129,0.4468,0.591,0.1111,0.0,0.661,0.1304,0.0,0.8204,0.416,0.5558,1.0,0.8113,0.6142,80.51
1435004,10111,0.1796,0.0783,3,5,0.1138,0.006,2,0.2047,0.3427,0.1557,1.0,0.3065,55.2,2039,0.7575,0.4724,0.0303,0.1316,0.4298,0.0073,0.037,0.577,0.6013,0.5309,1.0,0.7889,0.8885,80.49
1603005,9594,0.1563,0.0614,7,1,0.1471,0.6145,1,0.2295,0.266,0.1966,1.0,0.1731,36.2,2081,0.6263,0.3463,0.0707,0.0263,0.6238,0.7439,0.0185,0.6545,0.4538,0.6853,1.0,0.4456,0.5522,80.48
1009007,4891,0.1697,0.1273,6,0,0.153,0.3565,0,0.1862,0.2958,0.0974,1.0,0.2396,32.8,914,0.7017,0.8381,0.0606,0.0,0.6581,0.4316,0.0,0.5192,0.5112,0.3109,1.0,0.6167,0.492,80.47
2819005,4881,0.1239,0.0788,8,0,0.1519,0.3435,1,0.229,0.4271,0.1176,1.0,0.2219,48.8,829,0.444,0.4761,0.0808,0.0,0.6517,0.4159,0.0185,0.6529,0.7637,0.3872,1.0,0.5712,0.7752,80.34
2008003,4707,0.1391,0.0659,4,1,0.1308,0.2797,0,0.2078,0.4088,0.1547,1.0,0.2852,53.9,871,0.5295,0.3799,0.0404,0.0263,0.5288,0.3386,0.0,0.5867,0.7285,0.5272,1.0,0.7341,0.8655,80.31
2820002,9018,0.1981,0.0783,8,3,0.1034,0.0892,2,0.1521,0.4039,0.227,1.0,0.1692,53.5,2138,0.8616,0.4724,0.0808,0.0789,0.3692,0.108,0.037,0.4127,0.719,0.8,1.0,0.4355,0.8584,80.27
1424007,13715,0.1452,0.0964,7,1,0.1183,0.3278,4,0.2737,0.213,0.1831,1.0,0.1658,50.1,2675,0.5639,0.6075,0.0707,0.0263,0.456,0.3969,0.0741,0.7926,0.3519,0.6343,1.0,0.4268,0.7982,80.26
0610006,6698,0.1287,0.0963,5,0,0.1436,0.1853,3,0.1693,0.4752,0.1935,1.0,0.2723,35.7,1334,0.471,0.6067,0.0505,0.0,0.6034,0.2243,0.0556,0.4664,0.8562,0.6736,1.0,0.7009,0.5434,80.23
1414001,2875,0.1108,0.0985,3,0,0.1701,0.4784,2,0.2186,0.2675,0.1929,1.0,0.2685,28.3,571,0.3703,0.6231,0.0303,0.0,0.7577,0.5792,0.037,0.6204,0.4567,0.6713,1.0,0.6911,0.4124,80.23
1203007,8579,0.1823,0.0979,4,2,0.1392,0.386,0,0.1844,0.2768,0.1755,1.0,0.1674,40.5,1886,0.7727,0.6187,0.0404,0.0526,0.5778,0.4673,0.0,0.5136,0.4746,0.6057,1.0,0.4309,0.6283,80.2
3010006,6312,0.1334,0.0992,4,2,0.1717,0.4106,6,0.1661,0.2639,0.1786,1.0,0.1872,46.9,1299,0.4975,0.6284,0.0404,0.0526,0.767,0.4971,0.1111,0.4564,0.4498,0.6174,1.0,0.4819,0.7416,80.17
0203005,4026,0.1678,0.0855,2,2,0.1653,0.5161,1,0.1952,0.3969,0.104,1.0,0.1909,29.3,775,0.6911,0.5261,0.0202,0.0526,0.7298,0.6248,0.0185,0.5473,0.7056,0.3358,1.0,0.4914,0.4301,80.13
2015006,135792,0.1317,0.0591,66,34,0.1153,0.2323,33,0.2207,0.2885,0.0574,0.1668,0.166,23.2,18533,0.4879,0.3291,0.6667,0.8947,0.4386,0.2812,0.6111,0.627,0.4971,0.16,0.1668,0.4273,0.3221,80.05
3011004,21981,0.1697,0.077,13,5,0.1099,0.3976,2,0.2099,0.2067,0.1693,0.9218,0.2311,49.8,4403,0.7017,0.4627,0.1313,0.1316,0.4071,0.4814,0.037,0.5933,0.3398,0.5823,0.9218,0.5949,0.7929,80.04
2015003,6224,0.1452,0.0795,9,0,0.1128,0.0,1,0.2742,0.4031,0.2274,0.9303,0.2578,39.2,1317,0.5639,0.4813,0.0909,0.0,0.424,0.0,0.0185,0.7941,0.7175,0.8015,0.9303,0.6636,0.6053,80.04
1417001,15962,0.1699,0.0612,10,2,0.1434,0.5816,4,0.1586,0.3472,0.1929,0.8242,0.1908,39.9,3536,0.7029,0.3448,0.101,0.0526,0.6022,0.7041,0.0741,0.433,0.61,0.6713,0.8242,0.4911,0.6177,80.02
1426002,8746,0.1327,0.0857,4,4,0.1607,0.0,3,0.2359,0.4492,0.1883,1.0,0.1619,45.3,1796,0.4935,0.5276,0.0404,0.1053,0.703,0.0,0.0556,0.6745,0.8062,0.654,1.0,0.4167,0.7133,80.01
2410003,10855,0.1488,0.1165,5,1,0.1144,0.3774,2,0.2014,0.2891,0.1269,1.0,0.2671,41.3,1880,0.5841,0.7575,0.0505,0.0263,0.4333,0.4569,0.037,0.5667,0.4983,0.4223,1.0,0.6875,0.6425,79.86
1415003,1800,0.1527,0.0982,1,0,0.1284,0.167,1,0.2616,0.325,0.1885,0.9945,0.2184,39.8,368,0.6061,0.6209,0.0101,0.0,0.5149,0.2022,0.0185,0.7548,0.5673,0.6547,0.9945,0.5622,0.6159,79.86
0405006,8293,0.1473,0.0746,6,4,0.0928,0.4489,1,0.2659,0.2881,0.1864,0.9354,0.2435,38.2,1569,0.5757,0.4448,0.0606,0.1053,0.3075,0.5435,0.0185,0.7682,0.4963,0.6468,0.9354,0.6268,0.5876,79.81
2815002,4868,0.1853,0.0689,5,2,0.1645,0.2844,1,0.1979,0.301,0.1535,0.9609,0.2408,39.3,1082,0.7895,0.4022,0.0505,0.0526,0.7251,0.3443,0.0185,0.5558,0.5212,0.5226,0.9609,0.6198,0.6071,79.8
1410006,13880,0.1691,0.1011,6,6,0.1302,0.0881,6,0.2405,0.3438,0.1309,1.0,0.1955,37.1,2662,0.6984,0.6425,0.0606,0.1579,0.5253,0.1067,0.1111,0.6888,0.6035,0.4374,1.0,0.5032,0.5681,79.77
3034001,2736,0.1748,0.0979,2,1,0.1408,0.4932,0,0.2356,0.2666,0.14,1.0,0.1312,38.3,554,0.7304,0.6187,0.0202,0.0263,0.5871,0.5971,0.0,0.6735,0.455,0.4717,1.0,0.3377,0.5894,79.74
2012003,3926,0.1455,0.0747,4,2,0.1351,0.3705,1,0.2541,0.3467,0.1709,1.0,0.2035,36.5,774,0.5656,0.4455,0.0404,0.0526,0.5539,0.4485,0.0185,0.7313,0.609,0.5883,1.0,0.5238,0.5575,79.65
2007006,6773,0.1663,0.0757,0,1,0.1068,0.2441,4,0.2652,0.4048,0.1698,0.9441,0.2085,41.7,1333,0.6826,0.453,0.0,0.0263,0.3891,0.2955,0.0741,0.766,0.7208,0.5842,0.9441,0.5367,0.6496,79.6
1819006,5389,0.1784,0.0918,4,1,0.154,0.4981,1,0.1883,0.3235,0.142,0.9104,0.2053,28.3,1130,0.7507,0.5731,0.0404,0.0263,0.6639,0.603,0.0185,0.5258,0.5644,0.4792,0.9104,0.5284,0.4124,79.58
1610006,15307,0.1049,0.0956,7,5,0.1532,0.5022,8,0.1833,0.3283,0.1533,1.0,0.2575,29.5,2654,0.3371,0.6015,0.0707,0.1316,0.6593,0.608,0.1481,0.5102,0.5737,0.5219,1.0,0.6628,0.4336,79.57
2801005,16613,0.1403,0.0669,6,3,0.1377,0.0587,2,0.269,0.3106,0.1754,0.9274,0.2905,50.9,3257,0.5363,0.3873,0.0606,0.0789,0.569,0.0711,0.037,0.7779,0.5396,0.6053,0.9274,0.7477,0.8124,79.56
1436006,13849,0.16,0.0884,9,4,0.1196,0.0825,6,0.2362,0.366,0.1383,0.996,0.2276,44.2,2577,0.6472,0.5478,0.0909,0.1053,0.4636,0.0999,0.1111,0.6754,0.6462,0.4653,0.996,0.5858,0.6938,79.55
2807004,18729,0.1539,0.1057,8,4,0.1195,0.1831,4,0.198,0.3451,0.158,1.0,0.2202,40.2,3564,0.6128,0.6769,0.0808,0.1053,0.463,0.2217,0.0741,0.5561,0.606,0.5396,1.0,0.5668,0.623,79.47
0805006,10958,0.1888,0.0823,8,3,0.1426,0.3403,3,0.1507,0.2672,0.1794,0.886,0.2907,32.6,2482,0.8092,0.5022,0.0808,0.0789,0.5976,0.412,0.0556,0.4083,0.4562,0.6204,0.886,0.7483,0.4885,79.47
2017006,7218,0.1193,0.0535,9,2,0.1615,0.2907,3,0.2176,0.4078,0.1646,0.9888,0.2856,40.4,1367,0.4181,0.2873,0.0909,0.0526,0.7076,0.3519,0.0556,0.6173,0.7265,0.5645,0.9888,0.7351,0.6265,79.46
1422001,7839,0.1131,0.0716,4,2,0.1022,0.5126,2,0.2338,0.3357,0.2101,0.8829,0.2918,41.1,1432,0.3832,0.4224,0.0404,0.0526,0.3623,0.6206,0.037,0.6679,0.5879,0.7362,0.8829,0.7511,0.6389,79.41
0611006,15495,0.1369,0.0734,10,3,0.1528,0.0,6,0.1572,0.4768,0.1885,1.0,0.2488,48.3,3176,0.5172,0.4358,0.101,0.0789,0.657,0.0,0.1111,0.4286,0.8592,0.6547,1.0,0.6404,0.7664,79.4
0606002,5880,0.1479,0.0817,4,2,0.1238,0.1771,5,0.2202,0.4025,0.1855,0.9817,0.216,43.7,1175,0.5791,0.4978,0.0404,0.0526,0.4881,0.2144,0.0926,0.6254,0.7163,0.6434,0.9817,0.556,0.685,79.39
2002005,5001,0.1435,0.0764,1,2,0.1163,0.3201,3,0.1956,0.4683,0.1538,0.9908,0.2836,38.1,908,0.5543,0.4582,0.0101,0.0526,0.4444,0.3875,0.0556,0.5486,0.8429,0.5238,0.9908,0.73,0.5858,79.35
1433001,13362,0.1373,0.0962,9,1,0.1574,0.0,4,0.2634,0.2774,0.1795,1.0,0.227,42.5,2714,0.5194,0.606,0.0909,0.0263,0.6838,0.0,0.0741,0.7604,0.4758,0.6208,1.0,0.5843,0.6637,79.33
1442002,8905,0.1414,0.067,8,0,0.1583,0.3019,2,0.2155,0.3351,0.1807,1.0,0.232,42.5,1837,0.5425,0.3881,0.0808,0.0,0.689,0.3655,0.037,0.6107,0.5867,0.6253,1.0,0.5972,0.6637,79.33
0612005,20411,0.1376,0.0702,8,5,0.1189,0.2553,6,0.2592,0.3583,0.1883,0.9547,0.217,36.2,3944,0.5211,0.4119,0.0808,0.1316,0.4595,0.3091,0.1111,0.7473,0.6313,0.654,0.9547,0.5586,0.5522,79.32
1440003,5426,0.146,0.0866,4,0,0.1399,0.5206,1,0.146,0.3701,0.1232,0.963,0.2638,47.6,972,0.5684,0.5343,0.0404,0.0,0.5818,0.6303,0.0185,0.3936,0.654,0.4083,0.963,0.679,0.754,79.29
0617001,5282,0.1566,0.0715,0,2,0.2029,0.2273,1,0.1304,0.4249,0.1426,1.0,0.2938,36.4,1133,0.628,0.4216,0.0,0.0526,0.9487,0.2752,0.0185,0.3449,0.7594,0.4815,1.0,0.7562,0.5558,79.29
0422007,10629,0.1498,0.071,9,2,0.1559,0.3854,8,0.1687,0.3203,0.1583,1.0,0.1932,48.5,2139,0.5898,0.4179,0.0909,0.0526,0.675,0.4666,0.1481,0.4645,0.5583,0.5408,1.0,0.4973,0.7699,79.2
2803001,12390,0.1124,0.0821,6,5,0.1492,0.2962,4,0.1791,0.3973,0.2198,1.0,0.1087,52.8,2513,0.3793,0.5007,0.0606,0.1316,0.636,0.3586,0.0741,0.497,0.7063,0.7728,1.0,0.2798,0.846,79.1
1412005,17644,0.1183,0.0697,16,2,0.0941,0.2952,7,0.2481,0.3873,0.1301,1.0,0.229,56.3,2665,0.4125,0.4082,0.1616,0.0526,0.3151,0.3574,0.1296,0.7126,0.6871,0.4343,1.0,0.5894,0.908,79.03
2811005,3324,0.168,0.0855,3,0,0.1276,0.2734,1,0.2049,0.4116,0.1072,0.9974,0.2087,51.0,601,0.6922,0.5261,0.0303,0.0,0.5102,0.331,0.0185,0.5776,0.7338,0.3479,0.9974,0.5372,0.8142,79.01
1401005,13712,0.1247,0.0754,6,2,0.1411,0.6048,1,0.2221,0.2935,0.0947,1.0,0.2664,44.0,2145,0.4485,0.4507,0.0606,0.0526,0.5888,0.7322,0.0185,0.6314,0.5067,0.3008,1.0,0.6857,0.6903,78.99
1412007,17486,0.1238,0.0826,13,6,0.1056,0.3281,7,0.203,0.4087,0.1948,0.7917,0.2336,37.2,3218,0.4434,0.5045,0.1313,0.1579,0.3821,0.3972,0.1296,0.5717,0.7283,0.6785,0.7917,0.6013,0.5699,78.97
0416007,9726,0.164,0.0933,2,3,0.1385,0.2364,2,0.2288,0.2825,0.1406,1.0,0.1547,53.2,1900,0.6697,0.5843,0.0202,0.0789,0.5737,0.2862,0.037,0.6523,0.4856,0.474,1.0,0.3982,0.8531,78.92
3003003,9787,0.1715,0.1193,6,2,0.1443,0.4714,3,0.1673,0.1279,0.1975,0.9064,0.1643,38.6,2198,0.7119,0.7784,0.0606,0.0526,0.6075,0.5707,0.0556,0.4602,0.1883,0.6887,0.9064,0.4229,0.5947,78.9
2413006,22544,0.1255,0.1013,13,6,0.1416,0.4439,7,0.1769,0.2291,0.1322,1.0,0.2121,43.2,3884,0.453,0.644,0.1313,0.1579,0.5917,0.5374,0.1296,0.4902,0.3829,0.4423,1.0,0.5459,0.6761,78.89
0619007,14062,0.1493,0.0702,8,2,0.1463,0.2487,0,0.1346,0.3309,0.1631,1.0,0.3633,46.0,2802,0.5869,0.4119,0.0808,0.0526,0.6191,0.3011,0.0,0.358,0.5787,0.5589,1.0,0.9351,0.7257,78.85
2017005,17470,0.1263,0.0984,9,1,0.1119,0.351,3,0.227,0.3121,0.1837,1.0,0.1826,45.5,3191,0.4575,0.6224,0.0909,0.0263,0.4188,0.4249,0.0556,0.6467,0.5425,0.6366,1.0,0.47,0.7168,78.84
1406006,6369,0.146,0.0859,4,2,0.1161,0.3224,0,0.1249,0.2641,0.2105,0.9697,0.3401,53.2,1312,0.5684,0.5291,0.0404,0.0526,0.4432,0.3903,0.0,0.3277,0.4502,0.7377,0.9697,0.8754,0.8531,78.82
3020002,16291,0.1497,0.0902,6,5,0.1087,0.4675,10,0.2724,0.2434,0.1101,1.0,0.197,35.4,2689,0.5892,0.5612,0.0606,0.1316,0.4001,0.566,0.1852,0.7885,0.4104,0.3589,1.0,0.5071,0.5381,78.81
0419002,13076,0.1528,0.0934,13,4,0.1675,0.0849,4,0.2127,0.339,0.1288,1.0,0.2267,32.1,2556,0.6066,0.5851,0.1313,0.1053,0.7426,0.1028,0.0741,0.602,0.5942,0.4294,1.0,0.5835,0.4796,78.79
3207006,18110,0.1347,0.0861,12,3,0.1226,0.3163,7,0.213,0.332,0.1302,0.9534,0.1958,52.4,3076,0.5048,0.5306,0.1212,0.0789,0.4811,0.3829,0.1296,0.6029,0.5808,0.4347,0.9534,0.504,0.8389,78.76
1215001,7159,0.1791,0.1002,0,1,0.1569,0.3281,2,0.1724,0.2696,0.214,0.7831,0.1883,37.5,1712,0.7546,0.6358,0.0,0.0263,0.6808,0.3972,0.037,0.4761,0.4608,0.7509,0.7831,0.4847,0.5752,78.75
0804006,34998,0.1861,0.0684,22,10,0.1137,0.4521,11,0.2023,0.2205,0.1273,1.0,0.0914,41.1,6789,0.794,0.3985,0.2222,0.2632,0.4292,0.5473,0.2037,0.5695,0.3663,0.4238,1.0,0.2353,0.6389,78.73
2809005,4104,0.1979,0.0878,4,1,0.1179,0.0328,0,0.2406,0.3998,0.1039,1.0,0.2299,43.6,791,0.8604,0.5433,0.0404,0.0263,0.4537,0.0397,0.0,0.6892,0.7112,0.3355,1.0,0.5918,0.6832,78.72
0611007,11984,0.1585,0.0474,8,1,0.1508,0.3778,5,0.2276,0.3251,0.1783,0.9759,0.1943,42.1,2540,0.6387,0.2418,0.0808,0.0263,0.6453,0.4574,0.0926,0.6485,0.5675,0.6162,0.9759,0.5001,0.6566,78.63
0622002,26720,0.147,0.0732,14,4,0.1314,0.0,6,0.2795,0.2962,0.1889,0.9661,0.1676,48.2,5426,0.574,0.4343,0.1414,0.1053,0.5323,0.0,0.1111,0.8107,0.5119,0.6562,0.9661,0.4314,0.7646,78.59
0621005,6464,0.1251,0.1064,5,3,0.153,0.4587,2,0.1095,0.343,0.1831,0.9715,0.2105,41.9,1272,0.4508,0.6821,0.0505,0.0789,0.6581,0.5553,0.037,0.2796,0.6019,0.6343,0.9715,0.5418,0.6531,78.59
1414007,11949,0.1582,0.0874,8,3,0.1109,0.2011,1,0.2551,0.3735,0.0875,0.9981,0.2124,48.7,1932,0.637,0.5403,0.0808,0.0789,0.4129,0.2435,0.0185,0.7345,0.6606,0.2736,0.9981,0.5467,0.7735,78.54
0414002,6999,0.147,0.0928,0,0,0.1594,0.4339,2,0.1768,0.3212,0.1154,0.9759,0.2498,43.9,1279,0.574,0.5806,0.0,0.0,0.6954,0.5253,0.037,0.4898,0.56,0.3789,0.9759,0.643,0.6885,78.49
1011007,38005,0.095,0.1021,25,7,0.1622,0.4089,10,0.1711,0.3286,0.0801,0.8357,0.2378,37.9,5392,0.2814,0.65,0.2525,0.1842,0.7117,0.495,0.1852,0.472,0.5742,0.2457,0.8357,0.6121,0.5823,78.44
0621002,5437,0.1389,0.0919,3,1,0.1403,0.2214,0,0.3083,0.2934,0.1579,0.8737,0.1731,42.6,1029,0.5284,0.5739,0.0303,0.0263,0.5842,0.268,0.0,0.9007,0.5065,0.5392,0.8737,0.4456,0.6655,78.41
1418006,5325,0.1684,0.0913,3,1,0.1454,0.1572,2,0.2437,0.4749,0.1448,0.6974,0.1994,31.3,1076,0.6944,0.5694,0.0303,0.0263,0.6139,0.1903,0.037,0.6988,0.8556,0.4898,0.6974,0.5133,0.4655,78.39
3023006,6371,0.1491,0.1307,1,1,0.1627,0.3736,2,0.2118,0.2514,0.1435,0.8437,0.1542,35.7,1252,0.5858,0.8634,0.0101,0.0263,0.7146,0.4523,0.037,0.5992,0.4258,0.4849,0.8437,0.3969,0.5434,78.39
1210007,11751,0.139,0.0774,8,3,0.0904,0.2618,4,0.2578,0.3968,0.1556,0.9448,0.1931,49.0,2012,0.529,0.4657,0.0808,0.0789,0.2935,0.3169,0.0741,0.7429,0.7054,0.5306,0.9448,0.497,0.7788,78.38
1416006,22882,0.1491,0.0871,13,7,0.1445,0.0633,4,0.1933,0.2377,0.1788,1.0,0.2696,40.3,4690,0.5858,0.5381,0.1313,0.1842,0.6086,0.0766,0.0741,0.5414,0.3994,0.6181,1.0,0.694,0.6248,78.38
2421003,30534,0.1509,0.1127,21,10,0.1037,0.1977,7,0.1729,0.2478,0.1167,1.0,0.1777,48.1,5098,0.5959,0.7291,0.2121,0.2632,0.371,0.2393,0.1296,0.4777,0.4188,0.3838,1.0,0.4574,0.7628,78.37
0619002,2693,0.1851,0.1017,3,1,0.1275,0.1744,3,0.1813,0.3065,0.1848,0.8765,0.1933,45.3,597,0.7884,0.647,0.0303,0.0263,0.5096,0.2111,0.0556,0.5039,0.5317,0.6408,0.8765,0.4976,0.7133,78.32
0206006,6653,0.1798,0.0846,4,0,0.1761,0.3919,1,0.1739,0.3186,0.1116,1.0,0.185,38.4,1368,0.7586,0.5194,0.0404,0.0,0.7927,0.4745,0.0185,0.4808,0.555,0.3645,1.0,0.4762,0.5912,78.31
1219001,15891,0.1633,0.0814,14,1,0.1867,0.3836,5,0.1581,0.1836,0.1148,0.9,0.24,48.5,3210,0.6657,0.4955,0.1414,0.0263,0.8544,0.4644,0.0926,0.4314,0.2954,0.3766,0.9,0.6178,0.7699,78.3
1440001,10248,0.175,0.0992,8,2,0.098,0.0,1,0.1977,0.3214,0.2056,1.0,0.2271,47.0,2190,0.7316,0.6284,0.0808,0.0526,0.3378,0.0,0.0185,0.5551,0.5604,0.7192,1.0,0.5846,0.7434,78.28
2423004,18838,0.1416,0.0947,15,9,0.1645,0.4537,3,0.2191,0.1502,0.1195,0.8955,0.1106,46.3,3476,0.5436,0.5948,0.1515,0.2368,0.7251,0.5493,0.0556,0.622,0.2312,0.3943,0.8955,0.2847,0.731,78.27
1417007,18975,0.1281,0.1039,10,2,0.1363,0.0683,6,0.2248,0.4124,0.1733,1.0,0.158,39.7,3569,0.4676,0.6634,0.101,0.0526,0.5609,0.0827,0.1111,0.6398,0.7354,0.5974,1.0,0.4067,0.6142,78.24
1407001,7593,0.1212,0.0587,3,2,0.1658,0.3824,1,0.145,0.4182,0.1868,1.0,0.234,49.6,1519,0.4288,0.3261,0.0303,0.0526,0.7327,0.463,0.0185,0.3905,0.7465,0.6483,1.0,0.6023,0.7894,78.23
1825001,11382,0.1662,0.1019,8,3,0.0837,0.4127,1,0.1529,0.2946,0.1835,0.9374,0.2216,45.8,2220,0.682,0.6485,0.0808,0.0789,0.2545,0.4996,0.0185,0.4152,0.5088,0.6358,0.9374,0.5704,0.7221,78.23
1408001,9172,0.1511,0.1093,9,1,0.1693,0.1246,4,0.1776,0.3748,0.1847,0.8141,0.1514,38.5,1993,0.5971,0.7037,0.0909,0.0263,0.7531,0.1508,0.0741,0.4923,0.6631,0.6404,0.8141,0.3897,0.5929,78.16
1435001,4915,0.1531,0.119,4,1,0.1345,0.0,1,0.2291,0.3581,0.1597,0.92,0.1974,42.6,964,0.6083,0.7761,0.0404,0.0263,0.5504,0.0,0.0185,0.6532,0.631,0.546,0.92,0.5081,0.6655,78.15
1218001,26447,0.1233,0.0969,15,5,0.175,0.4016,5,0.1295,0.2063,0.1524,1.0,0.251,39.8,5045,0.4406,0.6112,0.1515,0.1316,0.7863,0.4862,0.0926,0.3421,0.339,0.5185,1.0,0.6461,0.6159,78.14
1408005,3086,0.1449,0.1041,3,0,0.1415,0.2729,1,0.2029,0.3189,0.1638,1.0,0.2399,34.8,603,0.5622,0.6649,0.0303,0.0,0.5911,0.3304,0.0185,0.5714,0.5556,0.5615,1.0,0.6175,0.5274,78.11
1005005,7543,0.1438,0.1102,7,2,0.1019,0.3818,4,0.2001,0.1905,0.1609,1.0,0.2519,45.4,1360,0.556,0.7104,0.0707,0.0526,0.3605,0.4622,0.0741,0.5626,0.3087,0.5506,1.0,0.6484,0.715,78.01
1612001,3857,0.1436,0.1221,4,0,0.1234,0.166,1,0.2137,0.3531,0.1302,1.0,0.2386,38.8,676,0.5549,0.7993,0.0404,0.0,0.4857,0.201,0.0185,0.6051,0.6213,0.4347,1.0,0.6142,0.5982,78.0
2805003,24652,0.1094,0.0845,20,5,0.115,0.1541,5,0.2007,0.4535,0.1366,1.0,0.2355,42.0,3847,0.3624,0.5187,0.202,0.1316,0.4368,0.1866,0.0926,0.5645,0.8144,0.4589,1.0,0.6062,0.6549,78.0
3030006,8542,0.1527,0.084,9,0,0.1101,0.5439,1,0.1609,0.3306,0.1641,0.9777,0.2356,39.2,1616,0.6061,0.5149,0.0909,0.0,0.4083,0.6585,0.0185,0.4402,0.5781,0.5626,0.9777,0.6064,0.6053,77.98
2006006,12842,0.1364,0.1001,11,3,0.108,0.4411,2,0.2224,0.2649,0.1572,0.7467,0.2136,45.7,2270,0.5144,0.6351,0.1111,0.0789,0.396,0.534,0.037,0.6323,0.4517,0.5366,0.7467,0.5498,0.7204,77.91
1406005,7355,0.1854,0.0961,1,0,0.1193,0.0,3,0.2433,0.2013,0.2233,0.8991,0.2481,44.7,1715,0.7901,0.6052,0.0101,0.0,0.4619,0.0,0.0556,0.6976,0.3294,0.786,0.8991,0.6386,0.7027,77.87
2414001,7088,0.2118,0.088,5,4,0.1409,0.1707,2,0.1867,0.2973,0.1213,0.979,0.1758,40.4,1528,0.9387,0.5448,0.0505,0.1053,0.5877,0.2067,0.037,0.5208,0.514,0.4011,0.979,0.4525,0.6265,77.86
2014005,6886,0.1165,0.0967,4,0,0.1337,0.1397,0,0.1683,0.55,0.1179,1.0,0.2947,43.2,1092,0.4024,0.6097,0.0404,0.0,0.5457,0.1691,0.0,0.4633,1.0,0.3883,1.0,0.7586,0.6761,77.85
1008004,18392,0.1805,0.0912,15,6,0.1352,0.3124,3,0.0939,0.2577,0.1593,1.0,0.2166,43.7,3889,0.7625,0.5687,0.1515,0.1579,0.5545,0.3782,0.0556,0.2309,0.4379,0.5445,1.0,0.5575,0.685,77.85
1441003,9454,0.1445,0.0687,6,1,0.1036,0.0285,1,0.253,0.4079,0.1728,1.0,0.2413,54.6,1754,0.5599,0.4007,0.0606,0.0263,0.3704,0.0345,0.0185,0.7279,0.7267,0.5955,1.0,0.6211,0.8779,77.83
0624001,10360,0.1331,0.0944,8,0,0.1285,0.1915,4,0.1814,0.3217,0.1591,1.0,0.3002,45.7,1891,0.4958,0.5925,0.0808,0.0,0.5154,0.2318,0.0741,0.5042,0.561,0.5438,1.0,0.7727,0.7204,77.81
2213003,46109,0.1275,0.0705,28,6,0.1574,0.28,12,0.1922,0.2385,0.1299,0.9384,0.2232,40.6,8203,0.4643,0.4142,0.2828,0.1579,0.6838,0.339,0.2222,0.538,0.401,0.4336,0.9384,0.5745,0.6301,77.81
1222004,13236,0.1416,0.0986,13,5,0.1169,0.2525,1,0.2574,0.2532,0.1242,0.9976,0.1971,40.3,2247,0.5436,0.6239,0.1313,0.1316,0.4479,0.3057,0.0185,0.7416,0.4292,0.4121,0.9976,0.5073,0.6248,77.77
0624004,10523,0.1627,0.0759,6,1,0.1229,0.3523,2,0.1613,0.3389,0.155,1.0,0.3074,36.8,2053,0.6624,0.4545,0.0606,0.0263,0.4828,0.4265,0.037,0.4414,0.594,0.5283,1.0,0.7912,0.5628,77.74
1411004,8549,0.1374,0.0808,8,3,0.134,0.242,2,0.2188,0.3154,0.1411,0.8337,0.2752,48.1,1540,0.52,0.491,0.0808,0.0789,0.5475,0.293,0.037,0.6211,0.5488,0.4758,0.8337,0.7084,0.7628,77.73
2813001,2880,0.1341,0.087,5,0,0.1729,0.2998,0,0.1594,0.3971,0.1337,1.0,0.213,45.7,545,0.5014,0.5373,0.0505,0.0,0.774,0.363,0.0,0.4355,0.706,0.4479,1.0,0.5483,0.7204,77.73
0601002,14536,0.1805,0.0548,16,3,0.1257,0.2107,3,0.2339,0.2209,0.1822,1.0,0.1908,46.0,3160,0.7625,0.297,0.1616,0.0789,0.4991,0.2551,0.0556,0.6682,0.3671,0.6309,1.0,0.4911,0.7257,77.67
2813006,2816,0.1491,0.0685,1,0,0.1834,0.1289,1,0.2068,0.3484,0.0879,0.9555,0.2839,57.3,511,0.5858,0.3993,0.0101,0.0,0.8352,0.1561,0.0185,0.5836,0.6123,0.2751,0.9555,0.7308,0.9257,77.6
3206002,1890,0.1434,0.1167,0,1,0.1356,0.5065,1,0.0955,0.2824,0.172,1.0,0.2178,46.8,369,0.5537,0.759,0.0,0.0263,0.5568,0.6132,0.0185,0.2359,0.4854,0.5925,1.0,0.5606,0.7398,77.6
0203007,26400,0.1384,0.1395,13,7,0.1686,0.3052,6,0.1409,0.1662,0.1398,1.0,0.1576,32.9,5063,0.5256,0.9291,0.1313,0.1842,0.749,0.3695,0.1111,0.3777,0.2619,0.4709,1.0,0.4057,0.4938,77.59
0407003,8473,0.1494,0.105,9,3,0.124,0.3452,2,0.1241,0.3089,0.1738,0.9751,0.2031,46.4,1664,0.5875,0.6716,0.0909,0.0789,0.4892,0.4179,0.037,0.3252,0.5363,0.5992,0.9751,0.5228,0.7327,77.59
0412005,3264,0.1882,0.1104,3,0,0.1577,0.4642,0,0.1531,0.2061,0.1011,0.9804,0.1411,50.3,653,0.8059,0.7119,0.0303,0.0,0.6855,0.562,0.0,0.4158,0.3387,0.3249,0.9804,0.3632,0.8018,77.57
2609004,20155,0.1177,0.0849,14,5,0.1139,0.2256,3,0.1966,0.3068,0.1731,0.9807,0.2835,43.3,3522,0.4091,0.5216,0.1414,0.1316,0.4304,0.2731,0.0556,0.5517,0.5323,0.5966,0.9807,0.7297,0.6779,77.56
1217003,7315,0.1614,0.1108,7,2,0.1311,0.0995,1,0.2196,0.26,0.1103,0.9726,0.2285,49.8,1316,0.655,0.7149,0.0707,0.0526,0.5306,0.1205,0.0185,0.6236,0.4423,0.3596,0.9726,0.5882,0.7929,77.52
2015001,11442,0.1692,0.0658,1,1,0.1127,0.0012,5,0.3134,0.3132,0.1406,0.9435,0.2913,43.5,2161,0.6989,0.3791,0.0101,0.0263,0.4234,0.0015,0.0926,0.9166,0.5446,0.474,0.9435,0.7498,0.6814,77.52
0616003,3341,0.1051,0.1216,2,2,0.1288,0.2337,1,0.2084,0.2822,0.1686,1.0,0.2198,50.0,573,0.3382,0.7955,0.0202,0.0526,0.5172,0.2829,0.0185,0.5886,0.485,0.5796,1.0,0.5658,0.7965,77.51
2816005,9177,0.1395,0.0772,6,1,0.1344,0.1031,3,0.2557,0.3926,0.156,0.8781,0.2323,44.4,1715,0.5318,0.4642,0.0606,0.0263,0.5498,0.1248,0.0556,0.7363,0.6973,0.5321,0.8781,0.5979,0.6973,77.51
1439002,10685,0.1279,0.0777,9,1,0.1213,0.119,3,0.2513,0.4342,0.1568,1.0,0.2478,36.8,1885,0.4665,0.4679,0.0909,0.0263,0.4735,0.1441,0.0556,0.7226,0.7773,0.5351,1.0,0.6378,0.5628,77.51
2404004,15403,0.1653,0.0877,13,3,0.1239,0.6114,3,0.164,0.2235,0.1027,0.9619,0.2607,33.1,2717,0.677,0.5425,0.1313,0.0789,0.4886,0.7402,0.0556,0.4499,0.3721,0.3309,0.9619,0.671,0.4973,77.5
1416007,5904,0.1557,0.1034,4,0,0.1095,0.6019,0,0.1246,0.3988,0.1314,1.0,0.1815,41.0,1046,0.623,0.6597,0.0404,0.0,0.4048,0.7287,0.0,0.3268,0.7092,0.4392,1.0,0.4672,0.6372,77.45
1439007,2419,0.1397,0.0721,1,1,0.1453,0.2534,0,0.2202,0.3878,0.1452,1.0,0.2288,45.6,451,0.5329,0.4261,0.0101,0.0263,0.6133,0.3068,0.0,0.6254,0.6881,0.4913,1.0,0.5889,0.7186,77.43
1428004,9105,0.1882,0.0645,9,0,0.1255,0.2144,3,0.1287,0.4218,0.1354,1.0,0.3013,41.7,1844,0.8059,0.3694,0.0909,0.0,0.498,0.2596,0.0556,0.3396,0.7535,0.4543,1.0,0.7755,0.6496,77.39
1438005,12219,0.1497,0.0412,9,4,0.1482,0.3231,1,0.2318,0.3287,0.1897,0.9108,0.2364,35.9,2580,0.5892,0.1955,0.0909,0.1053,0.6302,0.3912,0.0185,0.6617,0.5744,0.6592,0.9108,0.6085,0.5469,77.37
1819004,7951,0.1641,0.0931,6,2,0.132,0.5128,0,0.1377,0.3681,0.117,0.9701,0.213,36.0,1465,0.6702,0.5828,0.0606,0.0526,0.5358,0.6208,0.0,0.3677,0.6502,0.3849,0.9701,0.5483,0.5487,77.36
1824003,1800,0.1754,0.0856,4,0,0.1413,0.2134,0,0.2105,0.2889,0.1701,1.0,0.1995,39.8,389,0.7338,0.5269,0.0404,0.0,0.59,0.2584,0.0,0.5951,0.4979,0.5853,1.0,0.5135,0.6159,77.36
2409005,5665,0.139,0.0858,2,2,0.1411,0.4561,2,0.1918,0.3026,0.1412,1.0,0.202,44.1,1036,0.529,0.5284,0.0202,0.0526,0.5888,0.5522,0.037,0.5367,0.5242,0.4762,1.0,0.5199,0.692,77.35
1417004,7842,0.16,0.0801,8,1,0.1592,0.2146,4,0.2165,0.2047,0.174,0.9479,0.2251,42.4,1681,0.6472,0.4858,0.0808,0.0263,0.6942,0.2598,0.0741,0.6139,0.336,0.6,0.9479,0.5794,0.6619,77.34
3216003,19122,0.1325,0.0932,12,1,0.175,0.4089,5,0.1795,0.2411,0.0813,1.0,0.2699,39.1,3199,0.4924,0.5836,0.1212,0.0263,0.7863,0.495,0.0926,0.4983,0.406,0.2502,1.0,0.6947,0.6035,77.33
1402007,5798,0.1298,0.0707,2,1,0.1438,0.0,0,0.273,0.3449,0.1919,1.0,0.2852,40.2,1153,0.4772,0.4157,0.0202,0.0263,0.6045,0.0,0.0,0.7904,0.6056,0.6675,1.0,0.7341,0.623,77.29
0612007,10641,0.1243,0.0708,10,3,0.1322,0.4017,3,0.2791,0.442,0.1634,0.5467,0.2089,28.5,1928,0.4463,0.4164,0.101,0.0789,0.537,0.4863,0.0556,0.8094,0.7923,0.56,0.5467,0.5377,0.4159,77.29
1017003,14157,0.1539,0.1058,7,0,0.1411,0.2709,1,0.1492,0.1387,0.1517,1.0,0.3574,45.2,2763,0.6128,0.6776,0.0707,0.0,0.5888,0.328,0.0185,0.4036,0.209,0.5158,1.0,0.9199,0.7115,77.27
0413001,6309,0.1655,0.0708,3,1,0.1517,0.4635,1,0.2158,0.2015,0.1923,0.9869,0.1707,38.3,1398,0.6781,0.4164,0.0303,0.0263,0.6506,0.5611,0.0185,0.6117,0.3298,0.6691,0.9869,0.4394,0.5894,77.23
1414003,26145,0.1172,0.0596,11,6,0.1355,0.0,9,0.2485,0.3718,0.1572,0.9822,0.257,48.7,4586,0.4063,0.3328,0.1111,0.1579,0.5562,0.0,0.1667,0.7138,0.6573,0.5366,0.9822,0.6615,0.7735,77.23
2008001,3313,0.1535,0.0539,4,1,0.1542,0.3866,2,0.2185,0.3468,0.131,0.991,0.232,40.8,637,0.6106,0.2903,0.0404,0.0263,0.6651,0.468,0.037,0.6201,0.6092,0.4377,0.991,0.5972,0.6336,77.21
1016005,11992,0.1257,0.1107,7,1,0.1563,0.2481,6,0.1458,0.2699,0.2118,0.8825,0.2666,34.6,2509,0.4541,0.7142,0.0707,0.0263,0.6773,0.3004,0.1111,0.393,0.4613,0.7426,0.8825,0.6862,0.5239,77.2
0602002,4121,0.1243,0.0704,0,2,0.1415,0.2488,1,0.1731,0.4198,0.2093,0.9507,0.2075,51.4,832,0.4463,0.4134,0.0,0.0526,0.5911,0.3012,0.0185,0.4783,0.7496,0.7332,0.9507,0.5341,0.8212,77.17
2433003,8582,0.1471,0.097,8,2,0.1206,0.2776,2,0.2267,0.3188,0.1427,0.9732,0.1817,40.9,1556,0.5746,0.6119,0.0808,0.0526,0.4694,0.3361,0.037,0.6457,0.5554,0.4819,0.9732,0.4677,0.6354,77.17
2813002,10993,0.1466,0.0896,13,1,0.0773,0.2724,4,0.1519,0.3652,0.1512,0.9795,0.3394,43.3,1862,0.5718,0.5567,0.1313,0.0263,0.2172,0.3298,0.0741,0.4121,0.6446,0.514,0.9795,0.8736,0.6779,77.08
1815004,13309,0.1229,0.1124,8,1,0.1583,0.4825,1,0.1343,0.2633,0.1924,1.0,0.1669,36.9,2670,0.4384,0.7269,0.0808,0.0263,0.689,0.5841,0.0185,0.3571,0.4487,0.6694,1.0,0.4296,0.5646,77.08
1422007,4155,0.1293,0.1156,1,2,0.0835,0.2889,0,0.23,0.2776,0.142,1.0,0.2519,50.3,655,0.4744,0.7507,0.0101,0.0526,0.2533,0.3498,0.0,0.656,0.4762,0.4792,1.0,0.6484,0.8018,77.05
0403003,7603,0.1579,0.1007,13,1,0.1825,0.3631,2,0.1207,0.1578,0.1619,0.9538,0.2376,39.0,1652,0.6353,0.6396,0.1313,0.0263,0.8299,0.4396,0.037,0.3146,0.2458,0.5543,0.9538,0.6116,0.6018,77.04
0202005,18000,0.1272,0.1135,18,2,0.107,0.2019,3,0.2225,0.2171,0.1264,1.0,0.3009,38.1,2863,0.4626,0.7351,0.1818,0.0526,0.3902,0.2444,0.0556,0.6326,0.3598,0.4204,1.0,0.7745,0.5858,77.02
1437006,9692,0.1359,0.0721,7,2,0.1291,0.2659,3,0.2378,0.3937,0.1606,1.0,0.1832,38.5,1793,0.5115,0.4261,0.0707,0.0526,0.5189,0.3219,0.0556,0.6804,0.6994,0.5494,1.0,0.4716,0.5929,76.95
1421001,8168,0.127,0.0989,4,3,0.0879,0.4157,3,0.2196,0.2774,0.1322,1.0,0.2751,43.9,1260,0.4615,0.6261,0.0404,0.0789,0.279,0.5033,0.0556,0.6236,0.4758,0.4423,1.0,0.7081,0.6885,76.91
3217004,8461,0.1673,0.106,8,1,0.1287,0.3812,2,0.1938,0.2388,0.1083,1.0,0.1704,45.0,1535,0.6882,0.6791,0.0808,0.0263,0.5166,0.4615,0.037,0.543,0.4015,0.3521,1.0,0.4386,0.708,76.91
2219001,4427,0.1699,0.116,1,0,0.1728,0.4004,2,0.1559,0.2514,0.1226,0.7792,0.2402,32.7,899,0.7029,0.7537,0.0101,0.0,0.7734,0.4847,0.037,0.4246,0.4258,0.406,0.7792,0.6183,0.4903,76.89
1606005,8365,0.1564,0.1085,5,1,0.1782,0.2849,0,0.1383,0.3548,0.0861,0.9156,0.2327,39.7,1535,0.6269,0.6978,0.0505,0.0263,0.8049,0.3449,0.0,0.3696,0.6246,0.2683,0.9156,0.599,0.6142,76.89
1610002,9316,0.166,0.1128,7,4,0.1343,0.236,2,0.2203,0.1798,0.1126,1.0,0.2662,29.6,1719,0.6809,0.7299,0.0707,0.1053,0.5492,0.2857,0.037,0.6257,0.2881,0.3683,1.0,0.6852,0.4354,76.86
1014005,11232,0.1098,0.1217,10,6,0.1543,0.2685,4,0.1942,0.2863,0.1446,1.0,0.1537,35.0,1950,0.3647,0.7963,0.101,0.1579,0.6657,0.3251,0.0741,0.5442,0.4929,0.4891,1.0,0.3956,0.531,76.85
0615007,2498,0.1609,0.0827,4,1,0.0675,0.1877,1,0.2149,0.3364,0.1834,1.0,0.2342,55.8,468,0.6522,0.5052,0.0404,0.0263,0.1602,0.2272,0.0185,0.6089,0.5892,0.6355,1.0,0.6028,0.8991,76.84
2005001,3069,0.1298,0.0919,1,0,0.1024,0.1796,1,0.252,0.4305,0.1138,1.0,0.3118,37.0,469,0.4772,0.5739,0.0101,0.0,0.3634,0.2174,0.0185,0.7248,0.7702,0.3728,1.0,0.8026,0.5664,76.77
1222001,1800,0.1667,0.0953,1,0,0.1293,0.7034,1,0.1117,0.2562,0.138,0.9312,0.2348,40.6,346,0.6849,0.5993,0.0101,0.0,0.5201,0.8516,0.0185,0.2865,0.435,0.4642,0.9312,0.6044,0.6301,76.76
1814002,26166,0.1532,0.0888,18,5,0.1419,0.2984,6,0.2225,0.2324,0.1008,1.0,0.1755,36.5,4582,0.6089,0.5507,0.1818,0.1316,0.5935,0.3613,0.1111,0.6326,0.3892,0.3238,1.0,0.4517,0.5575,76.75
0606006,11672,0.1547,0.0886,9,1,0.1529,0.1373,5,0.2806,0.3303,0.0799,0.9607,0.229,29.7,2000,0.6173,0.5493,0.0909,0.0263,0.6575,0.1662,0.0926,0.8141,0.5775,0.2449,0.9607,0.5894,0.4372,76.74
1008005,22512,0.1647,0.0864,18,6,0.13,0.3476,4,0.1625,0.1944,0.1541,1.0,0.1663,43.1,4475,0.6736,0.5328,0.1818,0.1579,0.5242,0.4208,0.0741,0.4452,0.3162,0.5249,1.0,0.4281,0.6743,76.74
2215002,16363,0.1541,0.0824,7,6,0.1887,0.0,5,0.1846,0.2226,0.1368,1.0,0.2776,41.1,3375,0.614,0.503,0.0707,0.1579,0.866,0.0,0.0926,0.5142,0.3704,0.4596,1.0,0.7145,0.6389,76.72
0619004,6348,0.1565,0.0864,6,2,0.1288,0.1195,1,0.2256,0.3916,0.1291,1.0,0.1726,46.1,1168,0.6275,0.5328,0.0606,0.0526,0.5172,0.1447,0.0185,0.6423,0.6954,0.4306,1.0,0.4443,0.7274,76.71
2801006,13439,0.1206,0.09,5,4,0.082,0.1966,5,0.2751,0.4067,0.1155,0.9109,0.2496,45.5,1906,0.4254,0.5597,0.0505,0.1053,0.2446,0.238,0.0926,0.7969,0.7244,0.3792,0.9109,0.6425,0.7168,76.7
1201005,9836,0.1298,0.0787,12,1,0.1208,0.4588,4,0.171,0.3624,0.1757,1.0,0.2302,31.6,1822,0.4772,0.4754,0.1212,0.0263,0.4706,0.5554,0.0741,0.4717,0.6392,0.6064,1.0,0.5925,0.4708,76.65
2001002,5979,0.0741,0.1131,8,0,0.1436,0.3245,0,0.2446,0.2975,0.1445,0.8456,0.2179,52.0,897,0.1638,0.7321,0.0808,0.0,0.6034,0.3929,0.0,0.7017,0.5144,0.4887,0.8456,0.5609,0.8319,76.63
2015005,11201,0.1332,0.099,7,3,0.1483,0.1186,4,0.2335,0.3044,0.1379,0.8709,0.1635,52.3,2029,0.4963,0.6269,0.0707,0.0789,0.6308,0.1436,0.0741,0.667,0.5277,0.4638,0.8709,0.4208,0.8372,76.62
3005006,8015,0.1496,0.0878,3,5,0.1529,0.4437,4,0.1365,0.2766,0.1737,1.0,0.1443,43.5,1653,0.5886,0.5433,0.0303,0.1316,0.6575,0.5372,0.0741,0.3639,0.4742,0.5989,1.0,0.3714,0.6814,76.61
2412001,11970,0.0873,0.0725,11,2,0.1449,0.5322,3,0.2625,0.221,0.1632,1.0,0.2247,37.5,1976,0.238,0.4291,0.1111,0.0526,0.6109,0.6443,0.0556,0.7576,0.3673,0.5592,1.0,0.5784,0.5752,76.59
2208001,30958,0.1536,0.0878,15,6,0.1695,0.26,13,0.1469,0.2576,0.114,1.0,0.1898,37.3,5884,0.6111,0.5433,0.1515,0.1579,0.7542,0.3148,0.2407,0.3964,0.4377,0.3736,1.0,0.4885,0.5717,76.57
3215001,14378,0.107,0.1109,16,4,0.1518,0.3635,2,0.1474,0.3385,0.1329,0.9124,0.1683,44.2,2394,0.3489,0.7157,0.1616,0.1053,0.6511,0.4401,0.037,0.398,0.5933,0.4449,0.9124,0.4332,0.6938,76.55
1222007,7603,0.2028,0.1206,6,0,0.102,0.4215,2,0.1368,0.2532,0.136,1.0,0.1781,34.7,1539,0.888,0.7881,0.0606,0.0,0.3611,0.5103,0.037,0.3649,0.4292,0.4566,1.0,0.4584,0.5257,76.55
1604005,19776,0.1468,0.0751,17,3,0.1478,0.4701,4,0.181,0.3185,0.0869,1.0,0.2119,33.7,3327,0.5729,0.4485,0.1717,0.0789,0.6278,0.5691,0.0741,0.503,0.5548,0.2713,1.0,0.5454,0.508,76.53
0810003,12326,0.1467,0.0901,12,2,0.2024,0.2584,3,0.1592,0.2722,0.1543,0.8473,0.1466,42.3,2642,0.5723,0.5604,0.1212,0.0526,0.9458,0.3128,0.0556,0.4349,0.4658,0.5257,0.8473,0.3773,0.6602,76.5
3026005,7898,0.1573,0.0959,8,2,0.1536,0.0,3,0.1984,0.2236,0.1786,1.0,0.2273,45.6,1682,0.632,0.6037,0.0808,0.0526,0.6616,0.0,0.0556,0.5573,0.3723,0.6174,1.0,0.5851,0.7186,76.49
2611003,13400,0.1584,0.1004,6,4,0.1314,0.4143,5,0.1373,0.2729,0.1318,0.9053,0.2339,40.2,2500,0.6382,0.6373,0.0606,0.1053,0.5323,0.5016,0.0926,0.3664,0.4671,0.4408,0.9053,0.6021,0.623,76.48
1222002,15016,0.1635,0.1067,10,6,0.1488,0.0,3,0.1283,0.2086,0.2089,0.9918,0.2437,40.1,3403,0.6669,0.6843,0.101,0.1579,0.6337,0.0,0.0556,0.3383,0.3435,0.7317,0.9918,0.6273,0.6212,76.45
1811004,21263,0.1235,0.0829,15,4,0.101,0.7667,6,0.1477,0.2953,0.0706,0.9273,0.2147,51.8,2815,0.4418,0.5067,0.1515,0.1053,0.3553,0.9282,0.1111,0.3989,0.5102,0.2098,0.9273,0.5526,0.8283,76.43
2812005,14087,0.1488,0.0911,11,5,0.1534,0.2339,3,0.2468,0.2724,0.1007,0.8076,0.2474,29.8,2492,0.5841,0.5679,0.1111,0.1316,0.6605,0.2832,0.0556,0.7085,0.4662,0.3234,0.8076,0.6368,0.4389,76.42
2816001,2570,0.123,0.0796,1,0,0.143,0.1855,1,0.1767,0.4172,0.2186,1.0,0.208,44.2,528,0.4389,0.4821,0.0101,0.0,0.5999,0.2246,0.0185,0.4895,0.7446,0.7683,1.0,0.5354,0.6938,76.38
3027001,3301,0.1517,0.095,4,0,0.1203,0.5814,0,0.2031,0.2639,0.0784,1.0,0.1537,54.3,521,0.6005,0.597,0.0404,0.0,0.4677,0.7039,0.0,0.572,0.4498,0.2392,1.0,0.3956,0.8726,76.36
0408007,6084,0.1351,0.0672,4,1,0.1518,0.5656,1,0.2785,0.2458,0.1199,1.0,0.1442,38.5,1072,0.507,0.3896,0.0404,0.0263,0.6511,0.6847,0.0185,0.8076,0.415,0.3958,1.0,0.3712,0.5929,76.35
1434006,6294,0.1304,0.1037,2,0,0.0752,0.3178,1,0.2428,0.3535,0.1627,1.0,0.3274,24.6,1028,0.4806,0.6619,0.0202,0.0,0.205,0.3847,0.0185,0.696,0.6221,0.5574,1.0,0.8427,0.3469,76.33
2017004,3599,0.1687,0.0329,2,1,0.1151,0.5912,0,0.2426,0.3689,0.1555,0.6896,0.2273,43.4,705,0.6961,0.1336,0.0202,0.0263,0.4374,0.7157,0.0,0.6954,0.6517,0.5302,0.6896,0.5851,0.6796,76.32
0605001,11913,0.1089,0.0943,8,2,0.15,0.2439,4,0.1921,0.3361,0.2041,0.9911,0.1739,38.4,2321,0.3596,0.5918,0.0808,0.0526,0.6407,0.2953,0.0741,0.5376,0.5887,0.7136,0.9911,0.4476,0.5912,76.31
2818002,2395,0.1246,0.086,0,0,0.1013,0.4822,0,0.2424,0.3287,0.1188,0.9838,0.1784,57.4,362,0.4479,0.5299,0.0,0.0,0.357,0.5838,0.0,0.6948,0.5744,0.3917,0.9838,0.4592,0.9274,76.29
1006005,7915,0.1634,0.1136,11,6,0.1326,0.2111,5,0.2431,0.2114,0.0511,1.0,0.1477,44.3,1257,0.6663,0.7358,0.1111,0.1579,0.5393,0.2556,0.0926,0.697,0.3488,0.1362,1.0,0.3802,0.6956,76.28
0206002,5509,0.1664,0.0865,7,0,0.1695,0.3497,0,0.2288,0.1587,0.1393,1.0,0.1459,42.9,1144,0.6832,0.5336,0.0707,0.0,0.7542,0.4234,0.0,0.6523,0.2475,0.4691,1.0,0.3755,0.6708,76.25
1013002,16952,0.1323,0.0915,7,6,0.1094,0.4315,4,0.1425,0.388,0.0956,1.0,0.2515,42.6,2543,0.4913,0.5709,0.0707,0.1579,0.4042,0.5224,0.0741,0.3827,0.6885,0.3042,1.0,0.6474,0.6655,76.23
2605005,5967,0.1451,0.0718,3,1,0.1501,0.1858,1,0.247,0.2736,0.1388,1.0,0.2105,50.9,1124,0.5633,0.4239,0.0303,0.0263,0.6412,0.2249,0.0185,0.7092,0.4685,0.4672,1.0,0.5418,0.8124,76.19
3033006,34953,0.1332,0.0985,23,5,0.1459,0.2946,7,0.1683,0.1539,0.1704,1.0,0.1677,40.3,6755,0.4963,0.6231,0.2323,0.1316,0.6168,0.3567,0.1296,0.4633,0.2383,0.5864,1.0,0.4317,0.6248,76.16
2802005,10513,0.1649,0.0694,7,3,0.1501,0.0118,0,0.2132,0.3934,0.1639,1.0,0.1934,39.0,2205,0.6747,0.406,0.0707,0.0789,0.6412,0.0143,0.0,0.6036,0.6988,0.5619,1.0,0.4978,0.6018,76.15
1413005,16252,0.1546,0.1077,10,2,0.1289,0.1946,5,0.1438,0.436,0.122,0.8204,0.2465,33.6,2920,0.6168,0.6918,0.101,0.0526,0.5178,0.2356,0.0926,0.3868,0.7808,0.4038,0.8204,0.6345,0.5062,76.14
1217005,3356,0.1469,0.0929,5,1,0.1605,0.3461,2,0.0896,0.1948,0.2232,0.9603,0.2441,48.5,765,0.5734,0.5813,0.0505,0.0263,0.7018,0.419,0.037,0.2174,0.3169,0.7857,0.9603,0.6283,0.7699,76.13
1202003,15172,0.1469,0.1088,12,2,0.1659,0.3461,4,0.0824,0.2533,0.1538,1.0,0.1825,45.9,3054,0.5734,0.7,0.1212,0.0526,0.7333,0.419,0.0741,0.1949,0.4294,0.5238,1.0,0.4698,0.7239,76.11
3001004,10063,0.169,0.0985,8,2,0.1466,0.5217,1,0.07,0.3851,0.1052,0.9189,0.2532,30.3,1885,0.6978,0.6231,0.0808,0.0526,0.6209,0.6316,0.0185,0.1562,0.6829,0.3404,0.9189,0.6517,0.4478,76.1
1007002,29132,0.1415,0.0891,19,3,0.1903,0.4028,4,0.1779,0.3357,0.1146,1.0,0.1523,14.3,5564,0.5431,0.553,0.1919,0.0789,0.8754,0.4877,0.0741,0.4933,0.5879,0.3758,1.0,0.392,0.1646,76.09
1823002,8502,0.1398,0.1053,7,3,0.1191,0.5864,4,0.1181,0.242,0.1889,0.955,0.1972,35.6,1660,0.5335,0.6739,0.0707,0.0789,0.4607,0.7099,0.0741,0.3065,0.4077,0.6562,0.955,0.5076,0.5416,76.06
0421007,6428,0.1568,0.0943,5,0,0.1723,0.4941,2,0.1118,0.2342,0.1549,0.8352,0.2047,46.2,1345,0.6292,0.5918,0.0505,0.0,0.7705,0.5982,0.037,0.2868,0.3927,0.5279,0.8352,0.5269,0.7292,76.04
2806005,11309,0.1258,0.0515,8,2,0.1456,0.3795,0,0.2458,0.3484,0.1725,0.8834,0.1213,53.5,2149,0.4547,0.2724,0.0808,0.0526,0.615,0.4594,0.0,0.7054,0.6123,0.5943,0.8834,0.3122,0.8584,76.02
3217006,10765,0.1334,0.107,7,5,0.1451,0.4889,3,0.1131,0.293,0.1429,0.8839,0.2646,29.6,1963,0.4975,0.6866,0.0707,0.1316,0.6121,0.5919,0.0556,0.2908,0.5058,0.4826,0.8839,0.6811,0.4354,76.02
1010001,10413,0.1631,0.0996,2,5,0.1541,0.4334,4,0.1255,0.1394,0.1428,0.9922,0.2602,39.3,2097,0.6646,0.6313,0.0202,0.1316,0.6645,0.5247,0.0741,0.3296,0.2104,0.4823,0.9922,0.6698,0.6071,76.01
2602005,6521,0.1409,0.0848,5,2,0.1463,0.2121,1,0.2187,0.2081,0.2039,1.0,0.2325,36.9,1378,0.5397,0.5209,0.0505,0.0526,0.6191,0.2568,0.0185,0.6207,0.3425,0.7128,1.0,0.5985,0.5646,75.99
3010003,7248,0.1352,0.0714,9,0,0.1794,0.4831,1,0.2536,0.1765,0.1735,0.8623,0.1137,42.4,1506,0.5076,0.4209,0.0909,0.0,0.8119,0.5849,0.0185,0.7298,0.2817,0.5981,0.8623,0.2927,0.6619,75.99
0419003,4233,0.1428,0.1236,4,0,0.1438,0.3778,0,0.147,0.1772,0.1919,1.0,0.2347,32.7,874,0.5504,0.8104,0.0404,0.0,0.6045,0.4574,0.0,0.3968,0.2831,0.6675,1.0,0.6041,0.4903,75.96
3004006,10366,0.1595,0.1212,11,2,0.146,0.4213,4,0.1139,0.1955,0.1267,0.846,0.1884,46.8,1977,0.6443,0.7925,0.1111,0.0526,0.6174,0.51,0.0741,0.2933,0.3183,0.4215,0.846,0.4849,0.7398,75.94
1426001,5519,0.1241,0.0679,4,0,0.1246,0.1236,2,0.2236,0.3246,0.1891,1.0,0.2787,52.0,1038,0.4451,0.3948,0.0404,0.0,0.4927,0.1496,0.037,0.6361,0.5665,0.657,1.0,0.7174,0.8319,75.93
3023003,8043,0.1702,0.0656,2,2,0.1128,0.2171,4,0.2131,0.2766,0.1668,0.9983,0.2217,51.0,1611,0.7046,0.3776,0.0202,0.0526,0.424,0.2628,0.0741,0.6032,0.4742,0.5728,0.9983,0.5707,0.8142,75.91
1406004,6638,0.11,0.0647,6,1,0.1607,0.3983,2,0.2322,0.4519,0.1387,1.0,0.1546,34.0,1150,0.3658,0.3709,0.0606,0.0263,0.703,0.4822,0.037,0.6629,0.8113,0.4668,1.0,0.3979,0.5133,75.9
3213006,11907,0.1561,0.0775,10,5,0.1228,0.2506,1,0.2001,0.2561,0.1432,0.9885,0.2946,32.5,2231,0.6252,0.4664,0.101,0.1316,0.4822,0.3034,0.0185,0.5626,0.4348,0.4838,0.9885,0.7583,0.4867,75.88
1415007,13533,0.1278,0.0651,7,5,0.1571,0.18,6,0.2762,0.2822,0.1514,0.8095,0.2049,42.2,2526,0.466,0.3739,0.0707,0.1316,0.682,0.2179,0.1111,0.8004,0.485,0.5147,0.8095,0.5274,0.6584,75.87
1802005,6785,0.1617,0.0819,6,1,0.1017,0.6576,0,0.2007,0.291,0.135,0.8882,0.2159,30.4,1218,0.6567,0.4993,0.0606,0.0263,0.3593,0.7961,0.0,0.5645,0.5019,0.4528,0.8882,0.5557,0.4496,75.86
0805002,3790,0.1559,0.065,0,0,0.1138,0.4033,0,0.2147,0.2508,0.1738,0.9373,0.3143,39.7,739,0.6241,0.3731,0.0,0.0,0.4298,0.4883,0.0,0.6082,0.4246,0.5992,0.9373,0.809,0.6142,75.83
0613004,10003,0.0977,0.0842,4,3,0.097,0.2078,1,0.2575,0.4827,0.095,0.9392,0.3171,40.3,1264,0.2966,0.5164,0.0404,0.0789,0.332,0.2516,0.0185,0.742,0.8706,0.3019,0.9392,0.8162,0.6248,75.83
3008005,3388,0.1234,0.0772,5,2,0.1556,0.5373,1,0.1262,0.3984,0.1229,1.0,0.1978,44.2,588,0.4412,0.4642,0.0505,0.0526,0.6733,0.6505,0.0185,0.3318,0.7085,0.4072,1.0,0.5091,0.6938,75.82
2433001,6588,0.1398,0.1026,3,0,0.1654,0.0,5,0.1794,0.1392,0.2176,1.0,0.3141,42.2,1464,0.5335,0.6537,0.0303,0.0,0.7303,0.0,0.0926,0.498,0.21,0.7645,1.0,0.8085,0.6584,75.81
0224003,6249,0.1195,0.0947,8,1,0.1407,0.296,6,0.2214,0.2119,0.1868,0.9011,0.1844,46.9,1194,0.4192,0.5948,0.0808,0.0263,0.5865,0.3584,0.1111,0.6292,0.3498,0.6483,0.9011,0.4746,0.7416,75.8
1804007,23456,0.1368,0.0979,10,2,0.1567,0.4253,4,0.1262,0.2399,0.1557,1.0,0.211,39.0,4524,0.5166,0.6187,0.101,0.0526,0.6797,0.5149,0.0741,0.3318,0.4037,0.5309,1.0,0.5431,0.6018,75.77
0809005,9492,0.0924,0.1034,5,1,0.1408,0.7561,3,0.2176,0.2211,0.1463,0.7196,0.1143,52.6,1511,0.2667,0.6597,0.0505,0.0263,0.5871,0.9154,0.0556,0.6173,0.3675,0.4955,0.7196,0.2942,0.8425,75.77
0213003,4103,0.1503,0.1006,5,0,0.1159,0.1173,1,0.2514,0.2892,0.1693,0.9547,0.1952,41.0,788,0.5926,0.6388,0.0505,0.0,0.4421,0.142,0.0185,0.7229,0.4985,0.5823,0.9547,0.5024,0.6372,75.75
2011003,19094,0.1777,0.0725,13,2,0.1358,0.3106,4,0.1719,0.222,0.1811,1.0,0.1395,44.5,4171,0.7468,0.4291,0.1313,0.0526,0.5579,0.376,0.0741,0.4745,0.3692,0.6268,1.0,0.3591,0.6991,75.65
3218004,9430,0.1813,0.0664,10,1,0.1704,0.0,3,0.2324,0.252,0.1474,1.0,0.2663,29.4,2069,0.767,0.3836,0.101,0.0263,0.7595,0.0,0.0556,0.6635,0.4269,0.4996,1.0,0.6855,0.4319,75.64
0217007,3888,0.1795,0.1038,4,1,0.1214,0.4848,2,0.1025,0.2283,0.1372,1.0,0.2324,42.1,767,0.7569,0.6627,0.0404,0.0263,0.4741,0.5869,0.037,0.2577,0.3813,0.4611,1.0,0.5982,0.6566,75.63
1437005,10784,0.1701,0.0629,4,3,0.1125,0.1308,3,0.2403,0.2846,0.1316,0.9226,0.2872,47.5,2008,0.704,0.3575,0.0404,0.0789,0.4222,0.1584,0.0556,0.6882,0.4896,0.44,0.9226,0.7393,0.7522,75.63
3202005,5191,0.1675,0.1038,7,0,0.1344,0.2449,2,0.2195,0.3126,0.1137,0.9318,0.1486,39.1,965,0.6894,0.6627,0.0707,0.0,0.5498,0.2965,0.037,0.6232,0.5435,0.3725,0.9318,0.3825,0.6035,75.63
2207001,4452,0.1834,0.0711,0,0,0.1615,0.1332,0,0.2101,0.2707,0.1662,1.0,0.2177,39.0,996,0.7788,0.4187,0.0,0.0,0.7076,0.1613,0.0,0.5939,0.4629,0.5706,1.0,0.5604,0.6018,75.62
1602007,33158,0.1105,0.1153,24,9,0.1148,0.4676,7,0.1142,0.1719,0.1591,0.9949,0.2178,34.4,5490,0.3686,0.7485,0.2424,0.2368,0.4356,0.5661,0.1296,0.2943,0.2729,0.5438,0.9949,0.5606,0.5204,75.62
1801006,6625,0.1488,0.0845,4,3,0.1002,0.6234,2,0.1637,0.2128,0.1525,1.0,0.2107,45.9,1185,0.5841,0.5187,0.0404,0.0789,0.3506,0.7547,0.037,0.4489,0.3515,0.5189,1.0,0.5423,0.7239,75.6
1414002,5864,0.1318,0.1021,1,2,0.1012,0.2989,1,0.2187,0.2974,0.1619,0.9877,0.1682,51.7,1015,0.4885,0.65,0.0101,0.0526,0.3564,0.3619,0.0185,0.6207,0.5142,0.5543,0.9877,0.4329,0.8265,75.59
2807005,7748,0.2163,0.0617,8,3,0.0689,0.3171,1,0.2356,0.3527,0.1561,0.8668,0.1477,37.8,1603,0.964,0.3485,0.0808,0.0789,0.1683,0.3839,0.0185,0.6735,0.6206,0.5325,0.8668,0.3802,0.5805,75.58
0608007,5569,0.1277,0.0713,4,3,0.1517,0.0,3,0.2148,0.4094,0.2184,1.0,0.2063,35.0,1180,0.4654,0.4201,0.0404,0.0789,0.6506,0.0,0.0556,0.6086,0.7296,0.7675,1.0,0.531,0.531,75.56
3020006,23796,0.1196,0.0898,15,4,0.1621,0.2242,7,0.2469,0.2463,0.1158,0.9661,0.1716,37.3,4036,0.4198,0.5582,0.1515,0.1053,0.7111,0.2714,0.1296,0.7088,0.416,0.3804,0.9661,0.4417,0.5717,75.55
2003003,23759,0.1762,0.113,14,8,0.1171,0.0,5,0.1364,0.2826,0.0808,0.9264,0.2691,46.1,4066,0.7383,0.7313,0.1414,0.2105,0.449,0.0,0.0926,0.3636,0.4858,0.2483,0.9264,0.6927,0.7274,75.49
2402005,7205,0.1542,0.0752,5,1,0.1547,0.2642,2,0.1995,0.194,0.1354,1.0,0.3009,40.7,1397,0.6145,0.4493,0.0505,0.0263,0.668,0.3199,0.037,0.5608,0.3154,0.4543,1.0,0.7745,0.6319,75.48
0602003,1800,0.1704,0.0649,0,2,0.1125,0.1528,0,0.163,0.2266,0.1871,0.9112,0.3467,57.8,376,0.7057,0.3724,0.0,0.0526,0.4222,0.185,0.0,0.4467,0.3781,0.6494,0.9112,0.8924,0.9345,75.45
0624006,13377,0.087,0.0597,15,3,0.1524,0.1674,2,0.2334,0.3821,0.1677,0.9281,0.2896,37.0,2268,0.2364,0.3336,0.1515,0.0789,0.6546,0.2027,0.037,0.6667,0.6771,0.5762,0.9281,0.7454,0.5664,75.44
2820001,8135,0.1737,0.0929,2,0,0.1425,0.1941,4,0.1866,0.3094,0.193,0.9335,0.1503,36.3,1812,0.7243,0.5813,0.0202,0.0,0.597,0.235,0.0741,0.5205,0.5373,0.6717,0.9335,0.3869,0.554,75.43
2009004,4824,0.1906,0.0903,5,0,0.1306,0.2041,0,0.1784,0.2416,0.1467,0.9785,0.2011,45.7,1014,0.8194,0.5619,0.0505,0.0,0.5277,0.2471,0.0,0.4948,0.4069,0.497,0.9785,0.5176,0.7204,75.42
2810001,3001,0.1519,0.0684,3,0,0.1339,0.2423,0,0.2565,0.3398,0.1048,1.0,0.2113,46.3,520,0.6016,0.3985,0.0303,0.0,0.5469,0.2933,0.0,0.7388,0.5958,0.3389,1.0,0.5439,0.731,75.42
3220005,18001,0.1606,0.1035,18,3,0.1129,0.6363,7,0.1319,0.1456,0.1333,0.7959,0.1858,42.5,3282,0.6505,0.6604,0.1818,0.0789,0.4246,0.7703,0.1296,0.3496,0.2223,0.4464,0.7959,0.4782,0.6637,75.41
0610007,13346,0.0949,0.0842,8,6,0.0801,0.5493,5,0.178,0.3451,0.2003,0.9187,0.1901,44.6,2154,0.2808,0.5164,0.0808,0.1579,0.2335,0.665,0.0926,0.4936,0.606,0.6992,0.9187,0.4893,0.7009,75.39
1438003,13069,0.1109,0.0921,9,1,0.1572,0.0017,4,0.2981,0.3238,0.1019,1.0,0.2306,38.5,2058,0.3708,0.5754,0.0909,0.0263,0.6826,0.0021,0.0741,0.8688,0.565,0.3279,1.0,0.5936,0.5929,75.38
1423007,5763,0.0991,0.074,2,1,0.1268,0.3697,1,0.2047,0.4855,0.1967,1.0,0.2006,31.2,1026,0.3044,0.4403,0.0202,0.0263,0.5055,0.4476,0.0185,0.577,0.876,0.6857,1.0,0.5163,0.4637,75.36
2815006,7256,0.1465,0.0792,4,1,0.1136,0.3109,2,0.2363,0.3394,0.0845,0.9183,0.2386,50.0,1123,0.5712,0.4791,0.0404,0.0263,0.4287,0.3764,0.037,0.6757,0.595,0.2623,0.9183,0.6142,0.7965,75.33
0611002,24465,0.1169,0.0815,15,5,0.1052,0.3548,6,0.1914,0.2824,0.1414,0.9166,0.3119,35.3,3877,0.4046,0.4963,0.1515,0.1316,0.3797,0.4295,0.1111,0.5355,0.4854,0.477,0.9166,0.8028,0.5363,75.31
0415002,11362,0.1763,0.0595,8,3,0.1603,0.4157,5,0.1264,0.2529,0.122,0.9459,0.2986,34.9,2304,0.7389,0.3321,0.0808,0.0789,0.7006,0.5033,0.0926,0.3324,0.4287,0.4038,0.9459,0.7686,0.5292,75.28
1418001,8088,0.1417,0.0593,5,1,0.0959,0.0,2,0.3078,0.4571,0.1395,1.0,0.2613,36.4,1359,0.5442,0.3306,0.0505,0.0263,0.3256,0.0,0.037,0.8991,0.8213,0.4698,1.0,0.6726,0.5558,75.27
1015002,10562,0.1392,0.0993,6,4,0.151,0.26,4,0.1921,0.1757,0.1223,1.0,0.2849,36.2,1893,0.5301,0.6291,0.0606,0.1053,0.6465,0.3148,0.0741,0.5376,0.2802,0.4049,1.0,0.7333,0.5522,75.27
0603005,9634,0.1151,0.1009,6,1,0.1393,0.1883,3,0.182,0.4159,0.1442,0.749,0.2909,37.4,1642,0.3945,0.641,0.0606,0.0263,0.5783,0.228,0.0556,0.5061,0.7421,0.4875,0.749,0.7488,0.5735,75.24
0204001,8788,0.1705,0.0768,2,1,0.1358,0.2902,1,0.2281,0.2949,0.1248,0.9252,0.1909,42.1,1683,0.7062,0.4612,0.0202,0.0263,0.5579,0.3513,0.0185,0.6501,0.5094,0.4143,0.9252,0.4914,0.6566,75.23
2429004,6554,0.1066,0.0787,2,1,0.1544,0.4397,1,0.2106,0.2722,0.1397,1.0,0.2706,38.8,1107,0.3467,0.4754,0.0202,0.0263,0.6663,0.5323,0.0185,0.5954,0.4658,0.4706,1.0,0.6965,0.5982,75.23
3035003,2486,0.177,0.1309,4,1,0.1322,0.5009,0,0.1018,0.2511,0.0986,1.0,0.1943,33.4,460,0.7428,0.8649,0.0404,0.0263,0.537,0.6064,0.0,0.2555,0.4252,0.3155,1.0,0.5001,0.5027,75.22
3015004,23031,0.1395,0.0973,21,7,0.0849,0.3654,3,0.1777,0.2184,0.1827,0.972,0.1519,40.4,4162,0.5318,0.6142,0.2121,0.1842,0.2615,0.4424,0.0556,0.4927,0.3623,0.6328,0.972,0.391,0.6265,75.19
1402005,44064,0.1121,0.0896,27,11,0.1234,0.3398,11,0.2639,0.2265,0.1374,0.3511,0.1816,37.7,7079,0.3776,0.5567,0.2727,0.2895,0.4857,0.4114,0.2037,0.7619,0.3779,0.4619,0.3511,0.4674,0.5788,75.16
1013003,3639,0.1599,0.0983,3,2,0.1727,0.2962,1,0.2554,0.2396,0.0505,1.0,0.1875,31.5,618,0.6466,0.6216,0.0303,0.0526,0.7729,0.3586,0.0185,0.7354,0.4031,0.134,1.0,0.4826,0.469,75.15
0211007,5434,0.1705,0.0729,5,1,0.1303,0.3667,0,0.1229,0.262,0.1975,1.0,0.2351,42.9,1192,0.7062,0.4321,0.0505,0.0263,0.5259,0.4439,0.0,0.3215,0.4462,0.6887,1.0,0.6051,0.6708,75.15
2211001,11272,0.1641,0.1189,11,3,0.1108,0.0,2,0.2231,0.2781,0.1115,0.9686,0.2051,40.5,1971,0.6702,0.7754,0.1111,0.0789,0.4123,0.0,0.037,0.6345,0.4771,0.3642,0.9686,0.5279,0.6283,75.13
3029001,15267,0.1289,0.0566,16,5,0.138,0.5,3,0.2059,0.2449,0.1978,1.0,0.1301,34.6,3048,0.4721,0.3104,0.1616,0.1316,0.5708,0.6053,0.0556,0.5808,0.4133,0.6898,1.0,0.3349,0.5239,75.11
1014007,8513,0.1466,0.0613,8,3,0.1683,0.4118,4,0.1426,0.22,0.166,0.9866,0.2848,34.0,1764,0.5718,0.3455,0.0808,0.0789,0.7472,0.4985,0.0741,0.383,0.3654,0.5698,0.9866,0.7331,0.5133,75.11
2401004,9486,0.1645,0.0461,7,3,0.1681,0.5083,5,0.1769,0.1581,0.1682,0.9518,0.217,39.4,2064,0.6725,0.2321,0.0707,0.0789,0.7461,0.6154,0.0926,0.4902,0.2463,0.5781,0.9518,0.5586,0.6088,75.09
0205002,8041,0.1706,0.0759,5,1,0.0729,0.3915,3,0.1546,0.3266,0.1893,1.0,0.2066,47.3,1574,0.7068,0.4545,0.0505,0.0263,0.1916,0.474,0.0556,0.4205,0.5704,0.6577,1.0,0.5318,0.7487,75.05
0613003,18974,0.1345,0.0781,12,11,0.1668,0.3026,5,0.1621,0.2432,0.1166,0.7914,0.2536,36.4,3419,0.5037,0.4709,0.1212,0.2895,0.7385,0.3663,0.0926,0.4439,0.41,0.3834,0.7914,0.6528,0.5558,75.05
0604007,5276,0.1084,0.0798,3,0,0.181,0.2882,3,0.1596,0.4286,0.1986,0.992,0.2341,22.3,1070,0.3568,0.4836,0.0303,0.0,0.8212,0.3489,0.0556,0.4361,0.7665,0.6928,0.992,0.6026,0.3062,75.03
0214007,15241,0.1768,0.0759,10,4,0.1921,0.1843,6,0.1246,0.2683,0.1266,1.0,0.207,35.0,3292,0.7417,0.4545,0.101,0.1053,0.8858,0.2231,0.1111,0.3268,0.4583,0.4211,1.0,0.5328,0.531,75.03
0413007,4293,0.1435,0.0719,2,1,0.1613,0.4369,2,0.1685,0.3083,0.1878,1.0,0.2021,28.4,906,0.5543,0.4246,0.0202,0.0263,0.7065,0.5289,0.037,0.4639,0.5352,0.6521,1.0,0.5202,0.4142,75.02
2434005,5119,0.169,0.0994,2,2,0.123,0.6131,2,0.1645,0.2291,0.0943,0.9203,0.2152,35.6,893,0.6978,0.6299,0.0202,0.0526,0.4834,0.7423,0.037,0.4514,0.3829,0.2992,0.9203,0.5539,0.5416,75.02
1605002,17042,0.1627,0.0974,10,3,0.1537,0.2327,8,0.1871,0.275,0.0775,1.0,0.193,35.7,2983,0.6624,0.6149,0.101,0.0789,0.6622,0.2817,0.1481,0.522,0.4712,0.2358,1.0,0.4968,0.5434,75.01
2804004,7981,0.1194,0.083,3,0,0.1758,0.0,1,0.2282,0.3527,0.1447,0.8695,0.189,58.9,1480,0.4187,0.5075,0.0303,0.0,0.7909,0.0,0.0185,0.6504,0.6206,0.4894,0.8695,0.4865,0.954,74.98
0227005,18427,0.1643,0.1248,16,5,0.1143,0.0,4,0.1963,0.269,0.116,0.9924,0.1305,43.3,3278,0.6714,0.8194,0.1616,0.1316,0.4327,0.0,0.0741,0.5508,0.4596,0.3811,0.9924,0.3359,0.6779,74.9
1416004,3022,0.1295,0.0813,5,0,0.1131,0.0,0,0.2449,0.4036,0.1644,1.0,0.2937,36.8,538,0.4755,0.4948,0.0505,0.0,0.4257,0.0,0.0,0.7026,0.7185,0.5638,1.0,0.756,0.5628,74.88
0423006,4154,0.1495,0.0979,3,0,0.1308,0.4554,0,0.1964,0.2058,0.1286,1.0,0.2319,37.5,748,0.5881,0.6187,0.0303,0.0,0.5288,0.5513,0.0,0.5511,0.3381,0.4287,1.0,0.5969,0.5752,74.88
1819003,12347,0.1663,0.1173,8,2,0.1412,0.2283,4,0.1685,0.1411,0.0966,1.0,0.1669,56.3,2226,0.6826,0.7634,0.0808,0.0526,0.5894,0.2764,0.0741,0.4639,0.2137,0.3079,1.0,0.4296,0.908,74.88
1006006,12672,0.123,0.0952,8,3,0.1022,0.2682,5,0.2019,0.2642,0.1493,1.0,0.238,47.1,2078,0.4389,0.5985,0.0808,0.0789,0.3623,0.3247,0.0926,0.5683,0.4504,0.5068,1.0,0.6126,0.7451,74.87
0806003,4540,0.1388,0.0674,1,0,0.1253,0.568,0,0.2044,0.2532,0.1977,1.0,0.1923,36.7,905,0.5279,0.391,0.0101,0.0,0.4968,0.6877,0.0,0.5761,0.4292,0.6894,1.0,0.495,0.5611,74.85
3215004,7620,0.1977,0.0831,8,2,0.0699,0.2529,6,0.2277,0.289,0.135,0.9986,0.1783,37.8,1436,0.8593,0.5082,0.0808,0.0526,0.1741,0.3062,0.1111,0.6489,0.4981,0.4528,0.9986,0.4589,0.5805,74.83
1437001,4796,0.1543,0.1109,7,0,0.1151,0.2156,0,0.2363,0.2053,0.1476,0.9842,0.182,41.3,890,0.6151,0.7157,0.0707,0.0,0.4374,0.261,0.0,0.6757,0.3371,0.5004,0.9842,0.4685,0.6425,74.82
1018007,6028,0.0997,0.0614,4,0,0.137,0.81,2,0.193,0.2581,0.1355,1.0,0.2579,37.2,950,0.3078,0.3463,0.0404,0.0,0.5649,0.9806,0.037,0.5405,0.4387,0.4547,1.0,0.6638,0.5699,74.82
1441005,4372,0.1122,0.0732,4,0,0.1223,0.1874,0,0.2188,0.3599,0.1533,1.0,0.3192,43.9,729,0.3782,0.4343,0.0404,0.0,0.4793,0.2269,0.0,0.6211,0.6344,0.5219,1.0,0.8216,0.6885,74.82
2431001,3407,0.1794,0.0881,2,0,0.1327,0.3555,2,0.2087,0.1759,0.123,1.0,0.2665,32.7,664,0.7563,0.5455,0.0202,0.0,0.5399,0.4304,0.037,0.5895,0.2806,0.4075,1.0,0.686,0.4903,74.81
0409005,8557,0.1822,0.0713,8,2,0.1461,0.3988,1,0.2388,0.2305,0.097,1.0,0.1334,36.5,1637,0.7721,0.4201,0.0808,0.0526,0.6179,0.4828,0.0185,0.6835,0.3856,0.3094,1.0,0.3434,0.5575,74.81
2003004,6726,0.1614,0.0752,5,0,0.1555,0.3754,4,0.2234,0.3621,0.134,0.3421,0.2375,38.3,1328,0.655,0.4493,0.0505,0.0,0.6727,0.4545,0.0741,0.6354,0.6387,0.4491,0.3421,0.6113,0.5894,74.81
1209001,34912,0.1035,0.0694,25,7,0.1569,0.0,8,0.1647,0.2824,0.2111,1.0,0.2305,39.4,6884,0.3292,0.406,0.2525,0.1842,0.6808,0.0,0.1481,0.452,0.4854,0.74,1.0,0.5933,0.6088,74.79
0810006,2718,0.1464,0.0761,3,0,0.1665,0.3553,1,0.2068,0.2633,0.1156,0.9927,0.1989,43.4,505,0.5706,0.456,0.0303,0.0,0.7368,0.4301,0.0185,0.5836,0.4487,0.3796,0.9927,0.512,0.6796,74.78
3208001,6689,0.1333,0.0851,5,2,0.1181,0.0386,2,0.2314,0.3525,0.1636,1.0,0.259,39.1,1211,0.4969,0.5231,0.0505,0.0526,0.4549,0.0467,0.037,0.6604,0.6202,0.5608,1.0,0.6667,0.6035,74.77
0614003,7173,0.1765,0.0647,6,1,0.1684,0.056,2,0.2608,0.2233,0.1186,1.0,0.2062,41.8,1466,0.74,0.3709,0.0606,0.0263,0.7478,0.0678,0.037,0.7523,0.3717,0.3909,1.0,0.5308,0.6513,74.72
3024001,7196,0.1545,0.1183,5,4,0.0984,0.6263,1,0.127,0.2315,0.1262,1.0,0.1805,35.5,1231,0.6162,0.7709,0.0505,0.1053,0.3401,0.7582,0.0185,0.3343,0.3875,0.4196,1.0,0.4646,0.5398,74.72
1013004,3517,0.1633,0.0391,2,1,0.1415,0.7447,0,0.1811,0.1658,0.1986,0.9144,0.2034,39.7,772,0.6657,0.1799,0.0202,0.0263,0.5911,0.9016,0.0,0.5033,0.2612,0.6928,0.9144,0.5236,0.6142,74.69
1435007,23455,0.1623,0.0727,18,1,0.0933,0.0406,11,0.238,0.385,0.167,0.8663,0.1464,43.9,4445,0.6601,0.4306,0.1818,0.0263,0.3104,0.0492,0.2037,0.681,0.6827,0.5736,0.8663,0.3768,0.6885,74.68
1403005,7813,0.1336,0.0873,4,3,0.1513,0.3793,4,0.1731,0.279,0.1552,0.8109,0.2233,39.5,1479,0.4986,0.5396,0.0404,0.0789,0.6482,0.4592,0.0741,0.4783,0.4788,0.5291,0.8109,0.5748,0.6106,74.68
1441007,10273,0.1569,0.0854,12,3,0.1367,0.0,2,0.256,0.2608,0.1579,0.7365,0.2254,40.6,2041,0.6297,0.5254,0.1212,0.0789,0.5632,0.0,0.037,0.7373,0.4438,0.5392,0.7365,0.5802,0.6301,74.65
2201004,11807,0.1822,0.0744,6,3,0.1188,0.3386,0,0.1977,0.2318,0.1413,0.9852,0.1407,49.2,2350,0.7721,0.4433,0.0606,0.0789,0.4589,0.4099,0.0,0.5551,0.3881,0.4766,0.9852,0.3622,0.7823,74.62
1403002,9839,0.1487,0.0925,7,3,0.1087,0.5969,0,0.1555,0.4039,0.1439,0.5497,0.204,33.7,1755,0.5836,0.5784,0.0707,0.0789,0.4001,0.7226,0.0,0.4233,0.719,0.4864,0.5497,0.5251,0.508,74.62
2207004,11431,0.1684,0.0869,14,4,0.1358,0.3747,3,0.1756,0.2208,0.1079,1.0,0.2101,30.6,2113,0.6944,0.5366,0.1414,0.1053,0.5579,0.4536,0.0556,0.4861,0.3669,0.3506,1.0,0.5408,0.4531,74.6
0408001,8063,0.1332,0.083,3,3,0.1232,0.451,3,0.1435,0.2603,0.204,1.0,0.1873,44.0,1602,0.4963,0.5075,0.0303,0.0789,0.4846,0.546,0.0556,0.3858,0.4429,0.7132,1.0,0.4821,0.6903,74.57
0811002,5174,0.1741,0.0862,2,1,0.159,0.0,0,0.2117,0.2213,0.1676,1.0,0.194,46.2,1133,0.7265,0.5313,0.0202,0.0263,0.6931,0.0,0.0,0.5989,0.3679,0.5758,1.0,0.4994,0.7292,74.57
3212001,6125,0.1577,0.1034,8,2,0.1295,0.2356,1,0.1889,0.1358,0.1582,1.0,0.3008,30.4,1206,0.6342,0.6597,0.0808,0.0526,0.5213,0.2852,0.0185,0.5276,0.2035,0.5404,1.0,0.7743,0.4496,74.57
3034002,20889,0.1342,0.0773,9,5,0.108,0.3533,3,0.227,0.2136,0.1216,1.0,0.2361,46.0,3361,0.502,0.4649,0.0909,0.1316,0.396,0.4277,0.0556,0.6467,0.3531,0.4023,1.0,0.6077,0.7257,74.57
1403004,46451,0.1357,0.0494,40,12,0.1432,0.4187,19,0.2168,0.3351,0.1637,0.2669,0.1442,16.8,8888,0.5104,0.2567,0.404,0.3158,0.601,0.5069,0.3519,0.6148,0.5867,0.5611,0.2669,0.3712,0.2088,74.56
3216001,9618,0.1305,0.074,8,0,0.1416,0.4972,4,0.1427,0.265,0.1413,0.8527,0.3255,39.2,1718,0.4811,0.4403,0.0808,0.0,0.5917,0.6019,0.0741,0.3833,0.4519,0.4766,0.8527,0.8378,0.6053,74.54
0222005,2766,0.1723,0.078,2,0,0.1369,0.2297,0,0.1518,0.3042,0.208,1.0,0.1897,39.8,626,0.7164,0.4701,0.0202,0.0,0.5644,0.2781,0.0,0.4117,0.5273,0.7283,1.0,0.4883,0.6159,74.51
3012005,8130,0.1955,0.0447,4,5,0.178,0.6423,0,0.1334,0.2374,0.1402,1.0,0.1352,30.0,1845,0.8469,0.2216,0.0404,0.1316,0.8037,0.7776,0.0,0.3543,0.3988,0.4725,1.0,0.348,0.4425,74.49
3220003,18327,0.1498,0.0931,10,3,0.1079,0.6082,4,0.166,0.3786,0.075,0.9513,0.1931,25.7,2764,0.5898,0.5828,0.101,0.0789,0.3955,0.7363,0.0741,0.4561,0.6704,0.2264,0.9513,0.497,0.3664,74.42
0617005,4748,0.1731,0.0676,4,1,0.154,0.0,0,0.1971,0.3631,0.1272,1.0,0.2652,39.2,954,0.7209,0.3925,0.0404,0.0263,0.6639,0.0,0.0,0.5533,0.6406,0.4234,1.0,0.6826,0.6053,74.41
2010004,5067,0.1364,0.064,6,1,0.0881,0.1277,1,0.2692,0.3142,0.18,1.0,0.2346,49.3,908,0.5144,0.3657,0.0606,0.0263,0.2801,0.1546,0.0185,0.7785,0.5465,0.6226,1.0,0.6039,0.7841,74.41
1220001,24122,0.1238,0.0624,12,7,0.0888,0.2749,4,0.2942,0.3159,0.1318,1.0,0.174,39.7,3682,0.4434,0.3537,0.1212,0.1842,0.2842,0.3328,0.0741,0.8566,0.5498,0.4408,1.0,0.4479,0.6142,74.4
0417007,7942,0.152,0.0912,4,2,0.1604,0.3688,3,0.1087,0.2633,0.1127,1.0,0.2115,50.4,1473,0.6021,0.5687,0.0404,0.0526,0.7012,0.4465,0.0556,0.2771,0.4487,0.3687,1.0,0.5444,0.8035,74.39
3028001,8772,0.1521,0.1005,6,2,0.1088,0.6162,2,0.1,0.2933,0.1475,1.0,0.1586,41.9,1593,0.6027,0.6381,0.0606,0.0526,0.4007,0.746,0.037,0.2499,0.5063,0.5,1.0,0.4082,0.6531,74.37
1420007,9540,0.1348,0.0894,9,3,0.1578,0.4705,2,0.1438,0.3128,0.1171,1.0,0.1584,37.1,1693,0.5053,0.5552,0.0909,0.0789,0.6861,0.5696,0.037,0.3868,0.5438,0.3853,1.0,0.4077,0.5681,74.36
1429004,24961,0.1,0.0524,16,6,0.1377,0.1995,5,0.2681,0.2913,0.1273,0.814,0.2497,49.0,3868,0.3095,0.2791,0.1616,0.1579,0.569,0.2415,0.0926,0.7751,0.5025,0.4238,0.814,0.6427,0.7788,74.28
3019003,4868,0.1362,0.0856,3,1,0.147,0.7045,0,0.185,0.1105,0.1323,0.9983,0.241,34.4,876,0.5132,0.5269,0.0303,0.0263,0.6232,0.8529,0.0,0.5155,0.1548,0.4426,0.9983,0.6203,0.5204,74.27
1610004,7209,0.1597,0.0815,3,1,0.1354,0.3803,1,0.137,0.2876,0.1899,1.0,0.2015,36.3,1526,0.6455,0.4963,0.0303,0.0263,0.5556,0.4604,0.0185,0.3655,0.4954,0.66,1.0,0.5187,0.554,74.26
1408003,3605,0.1256,0.104,2,0,0.1377,0.4113,1,0.1807,0.3073,0.16,1.0,0.1677,35.8,655,0.4536,0.6642,0.0202,0.0,0.569,0.4979,0.0185,0.502,0.5333,0.5472,1.0,0.4317,0.5451,74.25
0610004,9455,0.1479,0.0696,3,3,0.1122,0.0765,0,0.2511,0.3302,0.1134,0.993,0.2923,44.3,1575,0.5791,0.4075,0.0303,0.0789,0.4205,0.0926,0.0,0.722,0.5773,0.3713,0.993,0.7524,0.6956,74.25
1211001,12055,0.1177,0.1111,6,1,0.1033,0.2957,7,0.2173,0.2145,0.1185,1.0,0.2927,39.8,1794,0.4091,0.7172,0.0606,0.0263,0.3687,0.358,0.1296,0.6164,0.3548,0.3906,1.0,0.7534,0.6159,74.25
3020001,5960,0.1531,0.0654,6,1,0.1376,0.2501,0,0.2039,0.1962,0.1592,1.0,0.2788,44.8,1175,0.6083,0.3761,0.0606,0.0263,0.5684,0.3028,0.0,0.5745,0.3196,0.5442,1.0,0.7176,0.7044,74.25
2211006,18705,0.1568,0.1088,12,1,0.1377,0.0915,2,0.2248,0.1854,0.1455,0.975,0.1953,36.3,3616,0.6292,0.7,0.1212,0.0263,0.569,0.1108,0.037,0.6398,0.2988,0.4925,0.975,0.5027,0.554,74.23
2431004,10909,0.1491,0.0974,10,5,0.1164,0.2809,3,0.1502,0.3443,0.1495,0.8012,0.1742,42.9,2006,0.5858,0.6149,0.101,0.1316,0.445,0.3401,0.0556,0.4067,0.6044,0.5075,0.8012,0.4484,0.6708,74.21
2415006,12865,0.1123,0.0987,18,4,0.1306,0.2733,4,0.1377,0.2987,0.1376,1.0,0.2119,44.2,2112,0.3787,0.6246,0.1818,0.1053,0.5277,0.3309,0.0741,0.3677,0.5167,0.4626,1.0,0.5454,0.6938,74.17
1430002,6879,0.1082,0.0768,5,0,0.1531,0.0,2,0.2522,0.4612,0.1552,0.9516,0.2144,36.7,1210,0.3557,0.4612,0.0505,0.0,0.6587,0.0,0.037,0.7254,0.8292,0.5291,0.9516,0.5519,0.5611,74.13
0212006,12149,0.1258,0.1124,12,3,0.1459,0.2426,4,0.1848,0.2344,0.1067,0.8388,0.2267,42.8,1994,0.4547,0.7269,0.1212,0.0789,0.6168,0.2937,0.0741,0.5148,0.3931,0.346,0.8388,0.5835,0.669,74.12
2403004,7428,0.1661,0.1037,3,0,0.1277,0.174,2,0.1826,0.3105,0.1301,1.0,0.1728,42.8,1400,0.6815,0.6619,0.0303,0.0,0.5108,0.2107,0.037,0.508,0.5394,0.4343,1.0,0.4448,0.669,74.06
1214003,25307,0.1709,0.0795,16,8,0.1109,0.3434,4,0.1552,0.2713,0.1829,1.0,0.0899,33.0,5236,0.7085,0.4813,0.1616,0.2105,0.4129,0.4157,0.0741,0.4224,0.464,0.6336,1.0,0.2314,0.4956,74.05
0606007,5258,0.1411,0.0656,4,0,0.0894,0.2132,3,0.259,0.3752,0.1845,0.9671,0.1558,47.7,964,0.5408,0.3776,0.0404,0.0,0.2877,0.2581,0.0556,0.7466,0.6638,0.6396,0.9671,0.401,0.7558,74.04
1819005,8130,0.1595,0.093,10,2,0.1341,0.4635,2,0.146,0.1927,0.1612,1.0,0.1992,31.0,1631,0.6443,0.5821,0.101,0.0526,0.548,0.5611,0.037,0.3936,0.3129,0.5517,1.0,0.5127,0.4602,74.03
1009003,3031,0.1557,0.0856,1,0,0.1096,0.3175,0,0.2527,0.3243,0.1357,1.0,0.17,34.7,541,0.623,0.5269,0.0101,0.0,0.4054,0.3844,0.0,0.727,0.566,0.4555,1.0,0.4376,0.5257,74.02
2405003,4001,0.2085,0.0762,2,2,0.1226,0.5138,2,0.1669,0.1938,0.1015,0.9505,0.1553,45.3,796,0.9201,0.4567,0.0202,0.0526,0.4811,0.622,0.037,0.4589,0.315,0.3264,0.9505,0.3997,0.7133,74.01
1822005,19530,0.1564,0.1084,16,4,0.0892,0.8077,7,0.0892,0.1887,0.1109,1.0,0.1382,39.0,3176,0.6269,0.697,0.1616,0.1053,0.2865,0.9778,0.1296,0.2162,0.3052,0.3619,1.0,0.3557,0.6018,74.0
3204001,10709,0.139,0.0837,7,3,0.1593,0.3344,2,0.1697,0.1935,0.1597,1.0,0.1775,44.3,2109,0.529,0.5127,0.0707,0.0789,0.6948,0.4048,0.037,0.4677,0.3144,0.546,1.0,0.4569,0.6956,73.92
0203004,17202,0.1242,0.0899,5,2,0.1089,0.3064,3,0.23,0.2301,0.1311,0.979,0.2467,46.2,2739,0.4457,0.559,0.0505,0.0526,0.4013,0.3709,0.0556,0.656,0.3848,0.4381,0.979,0.635,0.7292,73.9
0803005,5551,0.1407,0.0846,6,2,0.1255,0.5489,3,0.1319,0.2393,0.148,0.9268,0.2782,34.7,1010,0.5385,0.5194,0.0606,0.0526,0.498,0.6645,0.0556,0.3496,0.4025,0.5019,0.9268,0.7161,0.5257,73.87
3028004,4906,0.1409,0.0956,3,1,0.1927,0.2931,3,0.1923,0.2899,0.0598,1.0,0.2037,34.0,832,0.5397,0.6015,0.0303,0.0263,0.8893,0.3548,0.0556,0.5383,0.4998,0.1691,1.0,0.5243,0.5133,73.86
1803002,22886,0.1361,0.0823,15,5,0.1102,0.5424,5,0.1632,0.2518,0.183,0.6946,0.2079,32.6,4291,0.5127,0.5022,0.1515,0.1316,0.4089,0.6567,0.0926,0.4474,0.4265,0.634,0.6946,0.5351,0.4885,73.86
0611004,6436,0.1357,0.0843,6,0,0.161,0.225,5,0.1696,0.2792,0.1626,1.0,0.214,39.1,1267,0.5104,0.5172,0.0606,0.0,0.7047,0.2724,0.0926,0.4674,0.4792,0.557,1.0,0.5508,0.6035,73.84
2212004,15933,0.1432,0.0882,7,5,0.1208,0.2537,11,0.1238,0.2744,0.2147,0.827,0.145,52.6,3308,0.5526,0.5463,0.0707,0.1316,0.4706,0.3071,0.2037,0.3243,0.47,0.7536,0.827,0.3732,0.8425,73.83
0620004,4329,0.1324,0.1193,1,0,0.1244,0.2441,1,0.2032,0.3243,0.1426,0.9612,0.2245,28.3,751,0.4918,0.7784,0.0101,0.0,0.4916,0.2955,0.0185,0.5723,0.566,0.4815,0.9612,0.5779,0.4124,73.81
0807004,5861,0.1575,0.0666,5,1,0.1601,0.2962,1,0.1993,0.2217,0.1635,0.9584,0.2022,39.4,1225,0.6331,0.3851,0.0505,0.0263,0.6995,0.3586,0.0185,0.5601,0.3687,0.5604,0.9584,0.5205,0.6088,73.79
1402003,8608,0.1182,0.0668,3,0,0.1301,0.0492,5,0.241,0.3446,0.1742,0.988,0.2287,52.0,1554,0.4119,0.3866,0.0303,0.0,0.5248,0.0596,0.0926,0.6904,0.605,0.6008,0.988,0.5887,0.8319,73.79
2220005,15883,0.1011,0.1115,12,2,0.12,0.3201,3,0.12,0.2659,0.1712,1.0,0.3004,36.7,2651,0.3157,0.7201,0.1212,0.0526,0.4659,0.3875,0.0556,0.3124,0.4537,0.5894,1.0,0.7732,0.5611,73.77
0811004,15619,0.1787,0.0529,16,5,0.1172,0.3339,1,0.2205,0.3347,0.1095,1.0,0.1688,27.6,2880,0.7524,0.2828,0.1616,0.1316,0.4496,0.4042,0.0185,0.6264,0.586,0.3566,1.0,0.4345,0.4,73.75
1802001,18198,0.0957,0.0754,7,3,0.1577,0.5259,7,0.1925,0.2826,0.1073,0.927,0.167,49.9,2753,0.2853,0.4507,0.0707,0.0789,0.6855,0.6367,0.1296,0.5389,0.4858,0.3483,0.927,0.4299,0.7947,73.74
1207002,10065,0.1407,0.0821,2,3,0.1753,0.4483,1,0.1543,0.1859,0.1211,1.0,0.2095,43.5,1888,0.5385,0.5007,0.0202,0.0789,0.788,0.5427,0.0185,0.4196,0.2998,0.4004,1.0,0.5393,0.6814,73.74
1404007,5506,0.1417,0.0747,2,0,0.1156,0.1181,3,0.1931,0.4196,0.1299,1.0,0.2513,47.8,939,0.5442,0.4455,0.0202,0.0,0.4403,0.143,0.0556,0.5408,0.7492,0.4336,1.0,0.6468,0.7575,73.74
0217001,33343,0.1968,0.0802,21,5,0.0898,0.4375,7,0.1344,0.2376,0.1361,0.7438,0.179,38.2,6498,0.8542,0.4866,0.2121,0.1316,0.29,0.5297,0.1296,0.3574,0.3992,0.457,0.7438,0.4607,0.5876,73.72
0401005,5321,0.1587,0.082,1,1,0.1137,0.4345,1,0.1652,0.2603,0.128,1.0,0.253,41.7,950,0.6398,0.5,0.0101,0.0263,0.4292,0.526,0.0185,0.4536,0.4429,0.4264,1.0,0.6512,0.6496,73.66
0806002,11205,0.1313,0.0848,12,2,0.1158,0.3029,1,0.1153,0.3443,0.154,1.0,0.2625,43.4,1967,0.4856,0.5209,0.1212,0.0526,0.4415,0.3667,0.0185,0.2977,0.6044,0.5245,1.0,0.6757,0.6796,73.65
0609002,5014,0.1375,0.0608,3,1,0.1242,0.4073,4,0.2498,0.2723,0.1665,0.8158,0.204,41.0,935,0.5205,0.3418,0.0303,0.0263,0.4904,0.4931,0.0741,0.7179,0.466,0.5717,0.8158,0.5251,0.6372,73.65
1427004,10992,0.1334,0.0539,9,4,0.1125,0.5136,1,0.2571,0.2972,0.1694,0.462,0.2344,39.2,1997,0.4975,0.2903,0.0909,0.1053,0.4222,0.6218,0.0185,0.7407,0.5138,0.5826,0.462,0.6033,0.6053,73.65
1815006,6420,0.1101,0.0647,1,1,0.1243,0.2587,2,0.2398,0.3054,0.1975,1.0,0.2597,38.2,1177,0.3663,0.3709,0.0101,0.0263,0.491,0.3132,0.037,0.6867,0.5296,0.6887,1.0,0.6685,0.5876,73.64
2009006,12391,0.1735,0.0759,6,1,0.1308,0.3224,2,0.1065,0.3285,0.135,1.0,0.2083,47.8,2425,0.7231,0.4545,0.0606,0.0263,0.5288,0.3903,0.037,0.2702,0.574,0.4528,1.0,0.5362,0.7575,73.63
2431003,14396,0.1434,0.0804,10,10,0.1428,0.1468,5,0.1797,0.1986,0.1852,1.0,0.1758,36.1,2941,0.5537,0.4881,0.101,0.2632,0.5987,0.1777,0.0926,0.4989,0.3242,0.6423,1.0,0.4525,0.5504,73.63
1801002,4166,0.1721,0.0946,1,1,0.1324,0.3233,2,0.1752,0.2348,0.1451,0.9748,0.1995,35.6,831,0.7153,0.594,0.0101,0.0263,0.5381,0.3914,0.037,0.4848,0.3938,0.4909,0.9748,0.5135,0.5416,73.62
1430003,3354,0.1602,0.0652,4,0,0.1358,0.0,0,0.1999,0.3351,0.202,1.0,0.2225,42.8,729,0.6483,0.3746,0.0404,0.0,0.5579,0.0,0.0,0.562,0.5867,0.7057,1.0,0.5727,0.669,73.56
0213004,18182,0.1235,0.0773,13,3,0.1319,0.296,4,0.1486,0.2646,0.1853,0.9674,0.2175,44.1,3438,0.4418,0.4649,0.1313,0.0789,0.5352,0.3584,0.0741,0.4017,0.4512,0.6426,0.9674,0.5598,0.692,73.55
1213001,10717,0.1489,0.1201,5,2,0.1913,0.2336,3,0.2095,0.1768,0.0443,1.0,0.0997,47.2,1792,0.5847,0.7843,0.0505,0.0526,0.8812,0.2828,0.0556,0.592,0.2823,0.1106,1.0,0.2566,0.7469,73.51
1823001,9998,0.1481,0.0863,10,0,0.1856,0.2317,1,0.1309,0.3045,0.1432,1.0,0.1538,41.1,2046,0.5802,0.5321,0.101,0.0,0.848,0.2805,0.0185,0.3465,0.5279,0.4838,1.0,0.3959,0.6389,73.49
3006006,12891,0.1228,0.14,7,5,0.1258,0.174,4,0.1131,0.2131,0.1304,0.9627,0.2848,39.6,2122,0.4378,0.9328,0.0707,0.1316,0.4997,0.2107,0.0741,0.2908,0.3521,0.4355,0.9627,0.7331,0.6124,73.48
1221005,8064,0.1481,0.0817,5,2,0.1261,0.4177,2,0.1833,0.148,0.1361,0.8806,0.2536,50.3,1458,0.5802,0.4978,0.0505,0.0526,0.5015,0.5057,0.037,0.5102,0.2269,0.457,0.8806,0.6528,0.8018,73.47
1433005,8186,0.148,0.0844,4,2,0.1312,0.1772,2,0.1845,0.3259,0.1255,0.9723,0.2471,40.5,1459,0.5796,0.5179,0.0404,0.0526,0.5312,0.2145,0.037,0.5139,0.569,0.417,0.9723,0.636,0.6283,73.45
2204005,5688,0.1192,0.1168,6,2,0.1293,0.2685,3,0.0936,0.2258,0.2018,1.0,0.2349,46.3,1097,0.4176,0.7597,0.0606,0.0526,0.5201,0.3251,0.0556,0.2299,0.3765,0.7049,1.0,0.6046,0.731,73.43
3013005,7809,0.1319,0.0817,9,4,0.1386,0.3594,2,0.1458,0.3204,0.1948,0.9939,0.1312,36.4,1566,0.489,0.4978,0.0909,0.1053,0.5743,0.4351,0.037,0.393,0.5585,0.6785,0.9939,0.3377,0.5558,73.42
1439005,3018,0.1542,0.0672,6,0,0.1213,0.0559,0,0.2184,0.4534,0.158,0.6943,0.1494,58.7,580,0.6145,0.3896,0.0606,0.0,0.4735,0.0677,0.0,0.6198,0.8142,0.5396,0.6943,0.3846,0.9504,73.41
1219004,5321,0.1325,0.0859,5,1,0.1409,0.394,5,0.1073,0.1822,0.1843,1.0,0.3045,41.2,1048,0.4924,0.5291,0.0505,0.0263,0.5877,0.477,0.0926,0.2727,0.2927,0.6389,1.0,0.7838,0.6407,73.4
2412006,15659,0.0682,0.0844,15,8,0.1656,0.4242,4,0.1491,0.3395,0.1185,0.9251,0.1699,45.5,2260,0.1306,0.5179,0.1515,0.2105,0.7315,0.5136,0.0741,0.4033,0.5952,0.3906,0.9251,0.4373,0.7168,73.39
1205002,1800,0.1916,0.0545,0,0,0.1356,0.1504,0,0.2063,0.2332,0.1804,1.0,0.2596,37.7,405,0.825,0.2948,0.0,0.0,0.5568,0.1821,0.0,0.582,0.3908,0.6242,1.0,0.6682,0.5788,73.35
3008003,22264,0.1434,0.0599,9,6,0.1375,0.3459,5,0.2277,0.1369,0.1406,0.8269,0.2105,50.8,4094,0.5537,0.3351,0.0909,0.1579,0.5679,0.4188,0.0926,0.6489,0.2056,0.474,0.8269,0.5418,0.8106,73.35
1430006,3566,0.1439,0.0491,5,2,0.1781,0.1943,1,0.2116,0.2852,0.1669,1.0,0.1611,44.8,749,0.5566,0.2545,0.0505,0.0526,0.8043,0.2352,0.0185,0.5986,0.4908,0.5732,1.0,0.4147,0.7044,73.35
1005007,13244,0.1383,0.1031,9,5,0.1422,0.2071,6,0.1611,0.3221,0.0849,0.9817,0.1461,46.8,2130,0.525,0.6575,0.0909,0.1316,0.5952,0.2507,0.1111,0.4408,0.5617,0.2638,0.9817,0.3761,0.7398,73.33
0610003,2081,0.1475,0.1037,0,1,0.1529,0.4086,1,0.216,0.3,0.1289,0.6381,0.1417,36.4,388,0.5768,0.6619,0.0,0.0263,0.6575,0.4947,0.0185,0.6123,0.5192,0.4298,0.6381,0.3647,0.5558,73.32
2611006,7087,0.1602,0.081,7,2,0.1449,0.3832,1,0.1323,0.1531,0.1063,1.0,0.2835,48.6,1294,0.6483,0.4925,0.0707,0.0526,0.6109,0.4639,0.0185,0.3508,0.2367,0.3445,1.0,0.7297,0.7717,73.31
3021002,3803,0.1825,0.0857,2,1,0.1176,0.6003,1,0.1477,0.237,0.1533,0.7362,0.1975,35.4,774,0.7738,0.5276,0.0202,0.0263,0.452,0.7268,0.0185,0.3989,0.3981,0.5219,0.7362,0.5084,0.5381,73.31
1409003,3556,0.1694,0.083,4,2,0.1305,0.0935,0,0.2098,0.3271,0.1269,1.0,0.2017,37.5,680,0.7001,0.5075,0.0404,0.0526,0.5271,0.1132,0.0,0.5929,0.5713,0.4223,1.0,0.5192,0.5752,73.29
3209001,6898,0.1495,0.0953,6,1,0.1365,0.3418,4,0.1803,0.174,0.1596,1.0,0.1836,39.5,1344,0.5881,0.5993,0.0606,0.0263,0.562,0.4138,0.0741,0.5008,0.2769,0.5457,1.0,0.4726,0.6106,73.27
0207007,10895,0.1762,0.0966,3,3,0.1151,0.5417,1,0.1836,0.1453,0.1009,0.9205,0.2182,35.4,1940,0.7383,0.609,0.0303,0.0789,0.4374,0.6558,0.0185,0.5111,0.2217,0.3242,0.9205,0.5616,0.5381,73.26
1815001,13171,0.1292,0.0874,8,3,0.1311,0.1862,5,0.2144,0.3029,0.1604,0.9237,0.184,37.2,2396,0.4738,0.5403,0.0808,0.0789,0.5306,0.2254,0.0926,0.6073,0.5248,0.5487,0.9237,0.4736,0.5699,73.25
1609004,5088,0.154,0.0972,1,1,0.129,0.5187,0,0.1029,0.2048,0.156,1.0,0.2203,44.4,980,0.6134,0.6134,0.0101,0.0263,0.5183,0.628,0.0,0.259,0.3362,0.5321,1.0,0.5671,0.6973,73.24
0805007,7749,0.1625,0.0851,5,0,0.1133,0.4306,1,0.2201,0.2302,0.1481,0.8495,0.1294,46.2,1463,0.6612,0.5231,0.0505,0.0,0.4269,0.5213,0.0185,0.6251,0.385,0.5023,0.8495,0.3331,0.7292,73.22
1214004,11590,0.1588,0.0778,12,5,0.1261,0.2242,4,0.1127,0.2553,0.1782,1.0,0.16,51.9,2366,0.6404,0.4687,0.1212,0.1316,0.5015,0.2714,0.0741,0.2896,0.4333,0.6158,1.0,0.4118,0.8301,73.21
0220005,4368,0.1534,0.0674,0,5,0.16,0.3831,2,0.1617,0.2549,0.172,1.0,0.1525,37.6,918,0.61,0.391,0.0,0.1316,0.6989,0.4638,0.037,0.4427,0.4325,0.5925,1.0,0.3925,0.577,73.21
2804001,5850,0.1603,0.0867,1,0,0.128,0.0,1,0.1431,0.3171,0.2118,0.9901,0.2263,49.0,1274,0.6488,0.5351,0.0101,0.0,0.5125,0.0,0.0185,0.3846,0.5521,0.7426,0.9901,0.5825,0.7788,73.21
2604004,12752,0.1388,0.0938,12,4,0.1306,0.19,2,0.2093,0.185,0.1204,1.0,0.2273,41.2,2186,0.5279,0.5881,0.1212,0.1053,0.5277,0.23,0.037,0.5914,0.2981,0.3977,1.0,0.5851,0.6407,73.18
0413002,21908,0.1303,0.1053,14,7,0.1685,0.2746,7,0.1343,0.1977,0.1095,0.8993,0.2024,36.9,3842,0.48,0.6739,0.1414,0.1842,0.7484,0.3324,0.1296,0.3571,0.3225,0.3566,0.8993,0.521,0.5646,73.11
1427007,8212,0.1207,0.0796,4,1,0.1141,0.5841,1,0.175,0.2963,0.1114,0.9771,0.1958,49.5,1244,0.426,0.4821,0.0404,0.0263,0.4316,0.7071,0.0185,0.4842,0.5121,0.3638,0.9771,0.504,0.7876,73.08
3023002,8716,0.1313,0.082,5,3,0.148,0.2211,4,0.2613,0.1475,0.1773,1.0,0.2092,29.5,1707,0.4856,0.5,0.0505,0.0789,0.629,0.2677,0.0741,0.7538,0.226,0.6125,1.0,0.5385,0.4336,73.03
0423004,4952,0.1233,0.0986,1,0,0.0957,0.6201,0,0.199,0.2335,0.1395,0.9685,0.2328,35.6,779,0.4406,0.6239,0.0101,0.0,0.3244,0.7507,0.0,0.5592,0.3913,0.4698,0.9685,0.5992,0.5416,73.01
0423007,4241,0.1258,0.1135,2,1,0.162,0.2367,1,0.1064,0.3731,0.1781,1.0,0.1472,36.4,839,0.4547,0.7351,0.0202,0.0263,0.7105,0.2866,0.0185,0.2699,0.6598,0.6155,1.0,0.3789,0.5558,72.99
1401002,6028,0.117,0.1125,3,1,0.0757,0.1284,1,0.1945,0.3169,0.2006,1.0,0.194,51.1,1035,0.4052,0.7276,0.0303,0.0263,0.2079,0.1554,0.0185,0.5451,0.5517,0.7004,1.0,0.4994,0.8159,72.99
0411007,4159,0.1355,0.0991,2,1,0.1792,0.299,0,0.1535,0.2739,0.1094,1.0,0.1904,40.3,755,0.5093,0.6276,0.0202,0.0263,0.8107,0.362,0.0,0.4171,0.469,0.3562,1.0,0.4901,0.6248,72.99
1024005,7829,0.1259,0.0603,8,0,0.1542,0.3735,1,0.21,0.2764,0.1371,1.0,0.1637,48.6,1401,0.4553,0.3381,0.0808,0.0,0.6651,0.4522,0.0185,0.5936,0.4738,0.4608,1.0,0.4214,0.7717,72.97
3205002,8140,0.1545,0.0928,7,3,0.1204,0.316,6,0.1787,0.263,0.1197,0.8126,0.2107,41.5,1434,0.6162,0.5806,0.0707,0.0789,0.4683,0.3826,0.1111,0.4958,0.4481,0.3951,0.8126,0.5423,0.646,72.96
0405002,7554,0.1042,0.1308,4,0,0.128,0.5839,4,0.1478,0.2397,0.0432,0.9765,0.2446,44.3,905,0.3331,0.8642,0.0404,0.0,0.5125,0.7069,0.0741,0.3993,0.4033,0.1064,0.9765,0.6296,0.6956,72.93
0224004,18922,0.1319,0.0899,17,3,0.1565,0.2007,8,0.1896,0.1942,0.0871,0.9381,0.1742,52.3,3088,0.489,0.559,0.1717,0.0789,0.6785,0.243,0.1481,0.5298,0.3158,0.2721,0.9381,0.4484,0.8372,72.92
2425001,5675,0.148,0.0965,6,3,0.1345,0.3459,2,0.1331,0.3463,0.1229,1.0,0.1269,42.8,1017,0.5796,0.6082,0.0606,0.0789,0.5504,0.4188,0.037,0.3533,0.6083,0.4072,1.0,0.3266,0.669,72.91
2406002,20259,0.1357,0.1087,18,3,0.1087,0.3419,6,0.1277,0.333,0.0925,0.9121,0.2119,37.7,3053,0.5104,0.6993,0.1818,0.0789,0.4001,0.4139,0.1111,0.3365,0.5827,0.2925,0.9121,0.5454,0.5788,72.89
2004005,12855,0.1693,0.0594,11,4,0.1365,0.1053,5,0.1685,0.3613,0.1285,0.855,0.1798,49.7,2486,0.6995,0.3313,0.1111,0.1053,0.562,0.1275,0.0926,0.4639,0.6371,0.4283,0.855,0.4628,0.7912,72.88
2820006,3708,0.1346,0.0842,3,1,0.1194,0.3671,1,0.2382,0.2623,0.174,0.4428,0.2748,40.0,691,0.5042,0.5164,0.0303,0.0263,0.4624,0.4444,0.0185,0.6817,0.4467,0.6,0.4428,0.7073,0.6195,72.87
2432005,5633,0.139,0.0836,5,2,0.0983,0.4021,1,0.2123,0.3056,0.1406,1.0,0.2374,28.2,948,0.529,0.5119,0.0505,0.0526,0.3395,0.4868,0.0185,0.6007,0.53,0.474,1.0,0.6111,0.4106,72.87
0418004,8939,0.1868,0.0819,5,3,0.1374,0.25,3,0.1764,0.1984,0.1094,0.9829,0.1714,45.8,1747,0.798,0.4993,0.0505,0.0789,0.5673,0.3027,0.0556,0.4886,0.3238,0.3562,0.9829,0.4412,0.7221,72.85
2802006,4007,0.1635,0.0827,2,0,0.0875,0.1972,4,0.2269,0.394,0.1012,0.6875,0.3027,40.0,647,0.6669,0.5052,0.0202,0.0,0.2766,0.2387,0.0741,0.6464,0.7,0.3253,0.6875,0.7792,0.6195,72.84
1409005,7905,0.1927,0.0742,5,3,0.1272,0.2502,1,0.1166,0.3381,0.1509,0.9711,0.2041,34.8,1674,0.8312,0.4418,0.0505,0.0789,0.5079,0.3029,0.0185,0.3018,0.5925,0.5128,0.9711,0.5254,0.5274,72.83
0219002,4825,0.1544,0.1119,3,2,0.1364,0.2533,1,0.212,0.2324,0.0782,0.9774,0.1627,42.0,796,0.6156,0.7231,0.0303,0.0526,0.5614,0.3067,0.0185,0.5998,0.3892,0.2385,0.9774,0.4188,0.6549,72.79
1805005,19431,0.1412,0.0966,14,2,0.107,0.3755,6,0.1454,0.2565,0.1746,1.0,0.144,38.5,3609,0.5414,0.609,0.1414,0.0526,0.3902,0.4546,0.1111,0.3918,0.4356,0.6023,1.0,0.3707,0.5929,72.77
1808003,14831,0.1529,0.12,8,3,0.1175,0.3472,3,0.2032,0.1744,0.13,0.6506,0.227,32.5,2639,0.6072,0.7836,0.0808,0.0789,0.4514,0.4203,0.0556,0.5723,0.2777,0.434,0.6506,0.5843,0.4867,72.76
0413006,9434,0.1494,0.101,5,6,0.1152,0.0847,4,0.2056,0.2608,0.1286,0.9876,0.18,42.6,1651,0.5875,0.6418,0.0505,0.1579,0.438,0.1025,0.0741,0.5798,0.4438,0.4287,0.9876,0.4633,0.6655,72.76
2403001,24675,0.1462,0.0862,14,3,0.1255,0.3657,4,0.1403,0.1781,0.1478,0.8758,0.2502,42.8,4543,0.5695,0.5313,0.1414,0.0789,0.498,0.4427,0.0741,0.3758,0.2848,0.5011,0.8758,0.644,0.669,72.76
1412006,8465,0.1254,0.056,8,1,0.1494,0.0,2,0.2172,0.4086,0.1621,0.9391,0.1666,54.7,1584,0.4524,0.306,0.0808,0.0263,0.6372,0.0,0.037,0.6161,0.7281,0.5551,0.9391,0.4288,0.8796,72.75
2409003,6584,0.1607,0.1214,6,3,0.1413,0.2468,1,0.097,0.2373,0.1154,1.0,0.1692,46.9,1220,0.6511,0.794,0.0606,0.0789,0.59,0.2988,0.0185,0.2405,0.3987,0.3789,1.0,0.4355,0.7416,72.73
3005004,141611,0.1197,0.0466,86,29,0.1372,0.4761,40,0.0325,0.2271,0.0776,0.1556,0.1392,17.3,20633,0.4204,0.2358,0.8687,0.7632,0.5661,0.5764,0.7407,0.0391,0.379,0.2362,0.1556,0.3583,0.2177,72.72
1818003,10477,0.129,0.1102,2,2,0.1217,0.5471,5,0.1229,0.3154,0.0815,0.9205,0.2119,42.2,1535,0.4727,0.7104,0.0202,0.0526,0.4758,0.6623,0.0926,0.3215,0.5488,0.2509,0.9205,0.5454,0.6584,72.71
3021006,7108,0.1522,0.0959,2,1,0.1467,0.2462,0,0.1368,0.2472,0.1613,0.8538,0.3011,33.9,1421,0.6033,0.6037,0.0202,0.0263,0.6214,0.2981,0.0,0.3649,0.4177,0.5521,0.8538,0.775,0.5115,72.7
2805001,3509,0.1069,0.0937,2,0,0.1654,0.009,3,0.2044,0.3081,0.1472,1.0,0.2501,45.0,618,0.3483,0.5873,0.0202,0.0,0.7303,0.0109,0.0556,0.5761,0.5348,0.4989,1.0,0.6438,0.708,72.7
1435006,11771,0.1233,0.086,4,3,0.0797,0.1087,2,0.2303,0.2782,0.1673,1.0,0.3065,42.2,1921,0.4406,0.5299,0.0404,0.0789,0.2312,0.1316,0.037,0.657,0.4773,0.5747,1.0,0.7889,0.6584,72.69
2432002,32606,0.1116,0.1017,24,4,0.113,0.316,9,0.2149,0.2608,0.1178,0.9499,0.1299,34.0,4855,0.3748,0.647,0.2424,0.1053,0.4252,0.3826,0.1667,0.6089,0.4438,0.3879,0.9499,0.3344,0.5133,72.65
0618001,12557,0.1544,0.0915,11,5,0.1293,0.5201,0,0.1338,0.4311,0.1474,0.4705,0.1211,30.9,2390,0.6156,0.5709,0.1111,0.1316,0.5201,0.6297,0.0,0.3555,0.7713,0.4996,0.4705,0.3117,0.4584,72.64
2613004,2151,0.1612,0.0938,1,0,0.1431,0.3398,0,0.173,0.1298,0.1389,1.0,0.238,42.9,418,0.6539,0.5881,0.0101,0.0,0.6005,0.4114,0.0,0.478,0.1919,0.4675,1.0,0.6126,0.6708,72.64
0606005,3947,0.1695,0.0849,1,0,0.1194,0.2511,0,0.2081,0.3054,0.1299,0.879,0.2159,37.7,738,0.7006,0.5216,0.0101,0.0,0.4624,0.304,0.0,0.5876,0.5296,0.4336,0.879,0.5557,0.5788,72.62
1413002,4126,0.137,0.0636,2,1,0.1061,0.0,0,0.2295,0.3188,0.1567,0.9557,0.388,40.3,725,0.5177,0.3627,0.0202,0.0263,0.385,0.0,0.0,0.6545,0.5554,0.5347,0.9557,0.9987,0.6248,72.61
1440006,5828,0.1761,0.0989,2,0,0.0711,0.3665,2,0.2292,0.3325,0.1068,1.0,0.1725,30.4,960,0.7378,0.6261,0.0202,0.0,0.1811,0.4437,0.037,0.6535,0.5817,0.3464,1.0,0.444,0.4496,72.59
2818003,6739,0.163,0.0693,5,1,0.1198,0.1508,1,0.1877,0.3922,0.1081,0.9003,0.2554,42.2,1184,0.664,0.4052,0.0505,0.0263,0.4648,0.1826,0.0185,0.5239,0.6965,0.3513,0.9003,0.6574,0.6584,72.55
1404005,9612,0.124,0.0729,10,2,0.0904,0.1154,2,0.2794,0.3017,0.1677,0.7888,0.2235,47.5,1616,0.4446,0.4321,0.101,0.0526,0.2935,0.1397,0.037,0.8104,0.5225,0.5762,0.7888,0.5753,0.7522,72.54
2218002,1800,0.1395,0.0929,1,1,0.1009,0.5408,1,0.2069,0.2977,0.1316,0.8566,0.1809,35.8,298,0.5318,0.5813,0.0101,0.0263,0.3547,0.6547,0.0185,0.5839,0.5148,0.44,0.8566,0.4656,0.5451,72.54
3220006,9758,0.145,0.0934,3,1,0.1201,0.6161,3,0.1463,0.1355,0.1781,1.0,0.1482,43.3,1887,0.5627,0.5851,0.0303,0.0263,0.4665,0.7459,0.0556,0.3946,0.2029,0.6155,1.0,0.3815,0.6779,72.53
1435005,11500,0.1533,0.1011,7,6,0.1118,0.2634,3,0.2657,0.2367,0.1347,0.4834,0.1666,37.3,2052,0.6095,0.6425,0.0707,0.1579,0.4182,0.3189,0.0556,0.7676,0.3975,0.4517,0.4834,0.4288,0.5717,72.51
0411003,8629,0.132,0.0938,9,2,0.1674,0.0,2,0.1799,0.2679,0.1229,1.0,0.2596,39.1,1567,0.4896,0.5881,0.0909,0.0526,0.742,0.0,0.037,0.4995,0.4575,0.4072,1.0,0.6682,0.6035,72.5
1023003,6033,0.1344,0.0751,4,2,0.1429,0.4435,3,0.1304,0.2476,0.0605,1.0,0.2737,57.5,899,0.5031,0.4485,0.0404,0.0526,0.5993,0.5369,0.0556,0.3449,0.4185,0.1717,1.0,0.7045,0.9292,72.49
1008006,4261,0.1557,0.1066,3,3,0.1072,0.3734,1,0.1797,0.242,0.1484,1.0,0.1642,31.7,783,0.623,0.6836,0.0303,0.0789,0.3914,0.4521,0.0185,0.4989,0.4077,0.5034,1.0,0.4227,0.4726,72.45
3035006,5987,0.1418,0.0946,6,1,0.1634,0.2471,1,0.2,0.2669,0.1116,1.0,0.1744,32.9,1083,0.5447,0.594,0.0606,0.0263,0.7187,0.2992,0.0185,0.5623,0.4556,0.3645,1.0,0.4489,0.4938,72.43
1018006,6606,0.1399,0.0687,7,1,0.1466,0.2887,3,0.2194,0.1521,0.1917,0.9654,0.2362,32.8,1361,0.534,0.4007,0.0707,0.0263,0.6209,0.3495,0.0556,0.6229,0.2348,0.6668,0.9654,0.608,0.492,72.43
2604001,10410,0.1583,0.0786,5,1,0.1101,0.6426,4,0.1869,0.1815,0.1104,0.9642,0.1459,45.7,1773,0.6376,0.4746,0.0505,0.0263,0.4083,0.778,0.0741,0.5214,0.2913,0.36,0.9642,0.3755,0.7204,72.43
1211003,11053,0.1459,0.1009,8,1,0.1599,0.0545,7,0.1693,0.1948,0.1298,1.0,0.2206,44.5,2088,0.5678,0.641,0.0808,0.0263,0.6983,0.066,0.1296,0.4664,0.3169,0.4332,1.0,0.5678,0.6991,72.42
2420003,10219,0.1364,0.1033,9,4,0.1093,0.1494,3,0.1919,0.2504,0.1691,1.0,0.1738,38.8,1861,0.5144,0.659,0.0909,0.1053,0.4036,0.1809,0.0556,0.537,0.4238,0.5815,1.0,0.4474,0.5982,72.41
0221001,3226,0.1088,0.0687,3,0,0.127,0.5834,1,0.1772,0.239,0.178,1.0,0.1852,47.7,569,0.359,0.4007,0.0303,0.0,0.5067,0.7063,0.0185,0.4911,0.4019,0.6151,1.0,0.4767,0.7558,72.37
2426006,17915,0.195,0.0903,16,4,0.0819,0.3498,4,0.1565,0.2645,0.059,0.9875,0.1381,48.1,2877,0.8441,0.5619,0.1616,0.1053,0.244,0.4235,0.0741,0.4264,0.451,0.166,0.9875,0.3555,0.7628,72.35
1003007,5641,0.151,0.0863,2,0,0.1086,0.1507,2,0.1218,0.3065,0.1978,1.0,0.2805,44.1,1131,0.5965,0.5321,0.0202,0.0,0.3995,0.1824,0.037,0.318,0.5317,0.6898,1.0,0.722,0.692,72.33
2821006,7282,0.1322,0.1082,6,0,0.1524,0.3708,4,0.2088,0.3406,0.1182,0.4556,0.1348,41.6,1268,0.4907,0.6955,0.0606,0.0,0.6546,0.4489,0.0741,0.5898,0.5973,0.3894,0.4556,0.347,0.6478,72.3
0223004,17574,0.1413,0.0922,14,3,0.1378,0.2134,3,0.1864,0.2096,0.1092,0.978,0.1624,48.7,2997,0.5419,0.5761,0.1414,0.0789,0.5696,0.2584,0.0556,0.5198,0.3454,0.3555,0.978,0.418,0.7735,72.29
1415002,10002,0.0982,0.0891,7,2,0.1034,0.1591,3,0.2295,0.4323,0.0915,1.0,0.2146,47.5,1277,0.2994,0.553,0.0707,0.0526,0.3692,0.1926,0.0556,0.6545,0.7737,0.2887,1.0,0.5524,0.7522,72.27
1804002,7774,0.1461,0.09,7,2,0.0933,0.2988,1,0.1612,0.2396,0.1389,1.0,0.286,41.5,1319,0.5689,0.5597,0.0707,0.0526,0.3104,0.3617,0.0185,0.4411,0.4031,0.4675,1.0,0.7362,0.646,72.23
0802003,6755,0.1009,0.1092,7,0,0.1539,0.4248,2,0.1627,0.1679,0.1406,1.0,0.2173,41.5,1125,0.3146,0.703,0.0707,0.0,0.6634,0.5143,0.037,0.4458,0.2652,0.474,1.0,0.5593,0.646,72.2
0422006,11789,0.1136,0.1065,11,4,0.1599,0.4259,5,0.0762,0.1664,0.1442,1.0,0.2105,46.0,2091,0.386,0.6828,0.1111,0.1053,0.6983,0.5156,0.0926,0.1756,0.2623,0.4875,1.0,0.5418,0.7257,72.18
3031005,14193,0.1495,0.0821,13,1,0.1165,0.4294,3,0.157,0.1579,0.1689,1.0,0.2014,39.7,2718,0.5881,0.5007,0.1313,0.0263,0.4455,0.5199,0.0556,0.428,0.246,0.5808,1.0,0.5184,0.6142,72.18
0807007,4012,0.1258,0.1151,4,2,0.1518,0.2999,2,0.1557,0.2278,0.1062,1.0,0.2073,39.7,667,0.4547,0.747,0.0404,0.0526,0.6511,0.3631,0.037,0.4239,0.3804,0.3442,1.0,0.5336,0.6142,72.16
0614007,9238,0.0933,0.0929,6,1,0.1533,0.4104,1,0.1064,0.4468,0.1666,1.0,0.1813,31.7,1592,0.2718,0.5813,0.0606,0.0263,0.6599,0.4969,0.0185,0.2699,0.8015,0.5721,1.0,0.4667,0.4726,72.12
3008001,6779,0.1342,0.1088,8,1,0.1212,0.4235,1,0.1635,0.2086,0.1311,1.0,0.209,34.1,1152,0.502,0.7,0.0808,0.0263,0.4729,0.5127,0.0185,0.4483,0.3435,0.4381,1.0,0.538,0.515,72.12
2205004,3073,0.156,0.0971,3,0,0.1284,0.403,1,0.1227,0.2351,0.1367,1.0,0.2316,39.4,572,0.6246,0.6127,0.0303,0.0,0.5149,0.4879,0.0185,0.3208,0.3944,0.4592,1.0,0.5961,0.6088,72.11
3218003,4665,0.1405,0.0625,2,2,0.137,0.5989,2,0.0962,0.3199,0.1687,1.0,0.2463,30.5,902,0.5374,0.3545,0.0202,0.0526,0.5649,0.7251,0.037,0.2381,0.5575,0.58,1.0,0.634,0.4513,72.1
1005002,7902,0.1542,0.07,4,1,0.1296,0.2487,1,0.1422,0.3633,0.1843,0.8941,0.2634,30.1,1616,0.6145,0.4104,0.0404,0.0263,0.5218,0.3011,0.0185,0.3818,0.641,0.6389,0.8941,0.678,0.4442,72.1
0610001,8091,0.1322,0.0492,6,3,0.1143,0.2515,0,0.1847,0.369,0.0997,1.0,0.2664,55.4,1243,0.4907,0.2552,0.0606,0.0789,0.4327,0.3045,0.0,0.5145,0.6519,0.3196,1.0,0.6857,0.892,72.1
0621001,12318,0.1159,0.0739,8,1,0.0918,0.686,4,0.2748,0.3568,0.1317,0.4816,0.1727,31.2,1838,0.399,0.4396,0.0808,0.0263,0.3017,0.8305,0.0741,0.796,0.6285,0.4404,0.4816,0.4445,0.4637,72.05
1602004,7826,0.1494,0.0831,8,0,0.1116,0.3564,4,0.1675,0.1794,0.1782,1.0,0.1993,44.4,1514,0.5875,0.5082,0.0808,0.0,0.417,0.4315,0.0741,0.4608,0.2873,0.6158,1.0,0.513,0.6973,72.05
0404006,5967,0.1706,0.0934,2,2,0.133,0.0263,0,0.206,0.2274,0.1082,0.9246,0.2221,50.3,1099,0.7068,0.5851,0.0202,0.0526,0.5416,0.0318,0.0,0.5811,0.3796,0.3517,0.9246,0.5717,0.8018,72.05
2422001,17210,0.1412,0.098,9,5,0.1661,0.1937,4,0.1683,0.0762,0.16,0.8196,0.1964,48.6,3452,0.5414,0.6194,0.0909,0.1316,0.7344,0.2345,0.0741,0.4633,0.0888,0.5472,0.8196,0.5055,0.7717,72.04
2424003,3648,0.1476,0.0996,0,0,0.1234,0.4036,0,0.1419,0.1478,0.1887,0.8808,0.2605,41.8,729,0.5774,0.6313,0.0,0.0,0.4857,0.4886,0.0,0.3808,0.2265,0.6555,0.8808,0.6705,0.6513,72.03
0230007,10242,0.1623,0.1109,10,2,0.1159,0.0,0,0.1816,0.2307,0.1297,1.0,0.2606,35.1,1873,0.6601,0.7157,0.101,0.0526,0.4421,0.0,0.0,0.5048,0.386,0.4328,1.0,0.6708,0.5327,72.03
3207003,16337,0.1052,0.0645,7,5,0.1372,0.4739,4,0.1955,0.342,0.1157,0.8917,0.1265,50.1,2497,0.3388,0.3694,0.0707,0.1316,0.5661,0.5737,0.0741,0.5483,0.6,0.38,0.8917,0.3256,0.7982,72.0
1203001,20648,0.1557,0.0738,10,5,0.1512,0.0626,2,0.1327,0.3644,0.1032,1.0,0.1996,46.6,3728,0.623,0.4388,0.101,0.1316,0.6476,0.0758,0.037,0.3521,0.6431,0.3328,1.0,0.5138,0.7363,71.99
0216005,3784,0.1687,0.0776,0,0,0.1196,0.3676,3,0.1232,0.2246,0.2091,1.0,0.2544,32.4,825,0.6961,0.4672,0.0,0.0,0.4636,0.445,0.0556,0.3224,0.3742,0.7325,1.0,0.6548,0.485,71.98
0616001,5634,0.1585,0.0775,5,5,0.1248,0.0,1,0.232,0.2367,0.145,1.0,0.1887,45.2,1074,0.6387,0.4664,0.0505,0.1316,0.4939,0.0,0.0185,0.6623,0.3975,0.4906,1.0,0.4857,0.7115,71.96
1437004,8440,0.128,0.1009,7,1,0.1589,0.0504,2,0.1977,0.3897,0.1004,0.9744,0.186,33.9,1410,0.4671,0.641,0.0707,0.0263,0.6925,0.061,0.037,0.5551,0.6917,0.3223,0.9744,0.4788,0.5115,71.95
2210005,3779,0.1862,0.0862,2,3,0.1818,0.5779,1,0.0634,0.1803,0.1017,0.9472,0.1615,39.5,786,0.7946,0.5313,0.0202,0.0789,0.8259,0.6996,0.0185,0.1356,0.289,0.3272,0.9472,0.4157,0.6106,71.91
1402002,4205,0.1481,0.0577,3,0,0.1717,0.237,2,0.1708,0.3437,0.1364,0.9314,0.2478,33.9,827,0.5802,0.3187,0.0303,0.0,0.767,0.2869,0.037,0.4711,0.6033,0.4581,0.9314,0.6378,0.5115,71.9
2613003,8143,0.1445,0.1047,4,0,0.1762,0.1171,4,0.118,0.2978,0.1405,1.0,0.1988,37.6,1610,0.5599,0.6694,0.0404,0.0,0.7932,0.1418,0.0741,0.3062,0.515,0.4736,1.0,0.5117,0.577,71.9
1219007,23158,0.1179,0.1185,11,7,0.1245,0.2512,2,0.1443,0.2632,0.1133,0.9651,0.231,31.8,3578,0.4102,0.7724,0.1111,0.1842,0.4921,0.3041,0.037,0.3883,0.4485,0.3709,0.9651,0.5946,0.4743,71.9
0229004,3452,0.1367,0.0837,1,2,0.1557,0.3719,0,0.1645,0.1853,0.1334,0.8911,0.2539,43.5,634,0.516,0.5127,0.0101,0.0526,0.6738,0.4502,0.0,0.4514,0.2987,0.4468,0.8911,0.6535,0.6814,71.85
0228005,11433,0.1732,0.1156,5,2,0.1176,0.5709,4,0.1499,0.2973,0.0989,0.686,0.1098,30.8,2018,0.7214,0.7507,0.0505,0.0526,0.452,0.6912,0.0741,0.4058,0.514,0.3166,0.686,0.2826,0.4566,71.84
2606006,5201,0.1765,0.0948,2,1,0.1526,0.2584,2,0.1801,0.2291,0.0479,0.8519,0.2071,48.5,885,0.74,0.5955,0.0202,0.0263,0.6558,0.3128,0.037,0.5002,0.3829,0.1242,0.8519,0.5331,0.7699,71.84
1414004,13676,0.1816,0.0756,11,1,0.1163,0.0,3,0.1896,0.3469,0.1269,1.0,0.2361,31.9,2628,0.7687,0.4522,0.1111,0.0263,0.4444,0.0,0.0556,0.5298,0.6094,0.4223,1.0,0.6077,0.4761,71.84
2814003,19975,0.1445,0.0733,14,9,0.0664,0.0,6,0.244,0.2423,0.1748,1.0,0.2203,39.3,3471,0.5599,0.4351,0.1414,0.2368,0.1538,0.0,0.1111,0.6998,0.4083,0.603,1.0,0.5671,0.6071,71.83
2414005,4101,0.1757,0.0802,3,2,0.1222,0.4549,1,0.1617,0.2654,0.1505,1.0,0.1315,31.8,823,0.7355,0.4866,0.0303,0.0526,0.4787,0.5507,0.0185,0.4427,0.4527,0.5113,1.0,0.3385,0.4743,71.82
0805001,10247,0.1953,0.111,6,3,0.0876,0.2778,6,0.1798,0.1399,0.0983,0.9525,0.147,48.3,1826,0.8458,0.7164,0.0606,0.0789,0.2772,0.3363,0.1111,0.4992,0.2113,0.3143,0.9525,0.3784,0.7664,71.82
0403006,7037,0.1858,0.1261,7,1,0.1169,0.036,5,0.1484,0.1851,0.1607,0.9878,0.1683,36.7,1467,0.7923,0.8291,0.0707,0.0263,0.4479,0.0436,0.0926,0.4011,0.2983,0.5498,0.9878,0.4332,0.5611,71.8
0809001,10467,0.1651,0.0906,11,2,0.1166,0.1888,3,0.1791,0.2281,0.1421,1.0,0.17,40.1,1985,0.6759,0.5642,0.1111,0.0526,0.4461,0.2286,0.0556,0.497,0.381,0.4796,1.0,0.4376,0.6212,71.79
1009002,12176,0.1519,0.0973,2,2,0.1952,0.0843,3,0.1738,0.2989,0.1311,1.0,0.1688,23.7,2491,0.6016,0.6142,0.0202,0.0526,0.9039,0.1021,0.0556,0.4805,0.5171,0.4381,1.0,0.4345,0.331,71.75
2006005,19101,0.1314,0.1108,16,6,0.1354,0.3039,5,0.2248,0.2769,0.0822,0.3818,0.2094,31.7,2935,0.4862,0.7149,0.1616,0.1579,0.5556,0.3679,0.0926,0.6398,0.4748,0.2536,0.3818,0.539,0.4726,71.75
0601006,11402,0.1356,0.0907,7,1,0.0917,0.0,4,0.2184,0.398,0.1242,1.0,0.255,38.1,1790,0.5098,0.5649,0.0707,0.0263,0.3011,0.0,0.0741,0.6198,0.7077,0.4121,1.0,0.6564,0.5858,71.74
1814005,4625,0.1078,0.082,6,0,0.1543,0.5089,1,0.1968,0.2071,0.1699,1.0,0.1591,34.6,844,0.3534,0.5,0.0606,0.0,0.6657,0.6161,0.0185,0.5523,0.3406,0.5845,1.0,0.4095,0.5239,71.7
0620002,11586,0.1386,0.0871,8,6,0.0931,0.3551,1,0.1566,0.3441,0.1538,1.0,0.1884,30.2,1987,0.5267,0.5381,0.0808,0.1579,0.3093,0.4299,0.0185,0.4267,0.604,0.5238,1.0,0.4849,0.446,71.7
2601001,12726,0.1458,0.1127,7,3,0.1328,0.2152,4,0.1676,0.2492,0.0997,1.0,0.1457,42.9,2129,0.5672,0.7291,0.0707,0.0789,0.5405,0.2605,0.0741,0.4611,0.4215,0.3196,1.0,0.375,0.6708,71.69
1016002,4752,0.1735,0.1012,1,1,0.1239,0.3748,0,0.1982,0.2461,0.143,0.9309,0.1506,24.1,933,0.7231,0.6433,0.0101,0.0263,0.4886,0.4538,0.0,0.5567,0.4156,0.483,0.9309,0.3876,0.3381,71.69
2202002,5024,0.1262,0.1054,7,0,0.108,0.167,2,0.1829,0.2389,0.1749,1.0,0.1799,49.2,897,0.4569,0.6746,0.0707,0.0,0.396,0.2022,0.037,0.5089,0.4017,0.6034,1.0,0.4631,0.7823,71.65
1415004,11478,0.1476,0.074,12,1,0.1164,0.0521,4,0.1853,0.3358,0.167,1.0,0.1804,43.8,2179,0.5774,0.4403,0.1212,0.0263,0.445,0.0631,0.0741,0.5164,0.5881,0.5736,1.0,0.4644,0.6867,71.64
2804006,11394,0.1532,0.0572,10,1,0.1695,0.3196,6,0.2572,0.288,0.1245,0.4129,0.2323,28.1,2214,0.6089,0.3149,0.101,0.0263,0.7542,0.3869,0.1111,0.741,0.4962,0.4132,0.4129,0.5979,0.4088,71.63
0210002,8369,0.1524,0.1028,3,4,0.1316,0.4178,1,0.148,0.2731,0.0898,1.0,0.1872,31.5,1394,0.6044,0.6552,0.0303,0.1053,0.5335,0.5058,0.0185,0.3999,0.4675,0.2823,1.0,0.4819,0.469,71.62
0221007,10637,0.1443,0.0722,6,4,0.1574,0.3138,3,0.2045,0.2777,0.106,1.0,0.1266,37.6,1891,0.5588,0.4269,0.0606,0.1053,0.6838,0.3799,0.0556,0.5764,0.4763,0.3434,1.0,0.3259,0.577,71.6
2419002,12869,0.1737,0.0889,9,2,0.1459,0.2509,4,0.1353,0.2504,0.118,0.9905,0.1966,32.6,2505,0.7243,0.5515,0.0909,0.0526,0.6168,0.3038,0.0741,0.3602,0.4238,0.3887,0.9905,0.506,0.4885,71.59
2013006,6587,0.1819,0.0959,0,1,0.0804,0.1837,1,0.2001,0.2917,0.1098,0.8903,0.2539,40.6,1134,0.7704,0.6037,0.0,0.0263,0.2353,0.2224,0.0185,0.5626,0.5033,0.3577,0.8903,0.6535,0.6301,71.58
1022002,5985,0.1577,0.0954,5,4,0.1021,0.3714,3,0.1633,0.2483,0.159,0.8498,0.1592,39.2,1122,0.6342,0.6,0.0505,0.1053,0.3617,0.4496,0.0556,0.4477,0.4198,0.5434,0.8498,0.4098,0.6053,71.58
1608005,4604,0.1599,0.0949,4,0,0.1419,0.2879,0,0.1755,0.2818,0.1031,1.0,0.1531,39.7,827,0.6466,0.5963,0.0404,0.0,0.5935,0.3485,0.0,0.4858,0.4842,0.3325,1.0,0.3941,0.6142,71.57
1814006,10008,0.1377,0.105,5,1,0.1198,0.3879,1,0.2045,0.1904,0.1354,1.0,0.1535,37.3,1725,0.5217,0.6716,0.0505,0.0263,0.4648,0.4696,0.0185,0.5764,0.3085,0.4543,1.0,0.3951,0.5717,71.53
0230002,3290,0.1138,0.1088,2,1,0.1469,0.6066,2,0.1579,0.2901,0.1264,0.9303,0.1787,21.3,544,0.3872,0.7,0.0202,0.0263,0.6226,0.7344,0.037,0.4308,0.5002,0.4204,0.9303,0.46,0.2885,71.53
3208002,15033,0.1352,0.0745,4,6,0.1173,0.2681,5,0.1452,0.2533,0.1483,1.0,0.2903,37.7,2636,0.5076,0.444,0.0404,0.1579,0.4502,0.3246,0.0926,0.3911,0.4294,0.503,1.0,0.7472,0.5788,71.49
0210001,5940,0.1312,0.1358,7,1,0.0792,0.2962,0,0.1857,0.259,0.1428,0.8729,0.1872,36.7,940,0.4851,0.9015,0.0707,0.0263,0.2283,0.3586,0.0,0.5177,0.4404,0.4823,0.8729,0.4819,0.5611,71.44
0616004,6848,0.1191,0.0854,5,2,0.135,0.2217,2,0.195,0.2452,0.1665,1.0,0.187,43.7,1235,0.417,0.5254,0.0505,0.0526,0.5533,0.2684,0.037,0.5467,0.4138,0.5717,1.0,0.4813,0.685,71.44
1822006,11114,0.1684,0.0899,1,7,0.1103,0.0805,2,0.1833,0.2606,0.1185,0.8922,0.2268,44.6,1993,0.6944,0.559,0.0101,0.1842,0.4094,0.0975,0.037,0.5102,0.4435,0.3906,0.8922,0.5838,0.7009,71.43
0208007,10799,0.1123,0.059,11,2,0.1523,0.359,3,0.146,0.2677,0.1168,1.0,0.2909,44.1,1760,0.3787,0.3284,0.1111,0.0526,0.654,0.4346,0.0556,0.3936,0.4571,0.3842,1.0,0.7488,0.692,71.41
1801003,24920,0.1275,0.0685,23,4,0.1454,0.5996,7,0.1256,0.1887,0.144,0.8148,0.1241,43.7,4478,0.4643,0.3993,0.2323,0.1053,0.6139,0.7259,0.1296,0.3299,0.3052,0.4868,0.8148,0.3194,0.685,71.34
2604006,9783,0.1295,0.071,8,4,0.1764,0.4974,4,0.1944,0.2325,0.059,0.8184,0.2138,34.5,1543,0.4755,0.4179,0.0808,0.1053,0.7944,0.6022,0.0741,0.5448,0.3894,0.166,0.8184,0.5503,0.5221,71.34
0408002,6621,0.1574,0.0746,4,3,0.1546,0.2113,2,0.1231,0.3207,0.1556,0.9911,0.1666,40.5,1350,0.6325,0.4448,0.0404,0.0789,0.6674,0.2558,0.037,0.3221,0.559,0.5306,0.9911,0.4288,0.6283,71.31
1208003,3518,0.1066,0.1133,3,0,0.1381,0.4021,1,0.2024,0.1719,0.1936,0.9074,0.1569,34.0,651,0.3467,0.7336,0.0303,0.0,0.5713,0.4868,0.0185,0.5698,0.2729,0.674,0.9074,0.4039,0.5133,71.3
0415001,5035,0.1378,0.0861,1,1,0.1782,0.4503,2,0.1869,0.3057,0.0831,1.0,0.0842,36.8,864,0.5222,0.5306,0.0101,0.0263,0.8049,0.5452,0.037,0.5214,0.5302,0.257,1.0,0.2167,0.5628,71.27
3030001,5345,0.1588,0.0974,5,0,0.1558,0.1335,2,0.1563,0.2319,0.1519,1.0,0.182,37.4,1088,0.6404,0.6149,0.0505,0.0,0.6744,0.1616,0.037,0.4258,0.3883,0.5166,1.0,0.4685,0.5735,71.27
3208003,6386,0.1222,0.0976,6,0,0.1301,0.7182,1,0.1178,0.3276,0.1104,0.9076,0.143,35.7,1007,0.4344,0.6164,0.0606,0.0,0.5248,0.8695,0.0185,0.3055,0.5723,0.36,0.9076,0.3681,0.5434,71.24
0220003,3953,0.1513,0.0885,4,1,0.1116,0.4554,3,0.1899,0.3029,0.0935,0.9173,0.1559,39.3,636,0.5982,0.5485,0.0404,0.0263,0.417,0.5513,0.0556,0.5308,0.5248,0.2962,0.9173,0.4013,0.6071,71.24
3220002,11616,0.1569,0.1081,5,2,0.1617,0.0598,2,0.1467,0.2412,0.1198,0.8329,0.2385,39.2,2223,0.6297,0.6948,0.0505,0.0526,0.7088,0.0724,0.037,0.3958,0.4062,0.3955,0.8329,0.6139,0.6053,71.22
2422006,1800,0.1288,0.07,1,1,0.1249,0.3965,0,0.205,0.2281,0.1176,0.9867,0.2302,49.3,292,0.4716,0.4104,0.0101,0.0263,0.4945,0.48,0.0,0.5779,0.381,0.3872,0.9867,0.5925,0.7841,71.17
3001005,11571,0.1493,0.0767,8,1,0.1569,0.539,3,0.1366,0.1884,0.096,1.0,0.1668,43.8,2038,0.5869,0.4604,0.0808,0.0263,0.6808,0.6525,0.0556,0.3643,0.3046,0.3057,1.0,0.4293,0.6867,71.17
2424001,4227,0.1485,0.1339,6,2,0.1319,0.3585,1,0.1146,0.2583,0.1285,0.971,0.1158,32.7,765,0.5824,0.8873,0.0606,0.0526,0.5352,0.434,0.0185,0.2955,0.439,0.4283,0.971,0.2981,0.4903,71.16
1207007,19966,0.1342,0.075,7,7,0.1506,0.4222,7,0.1479,0.3494,0.1601,0.9382,0.1067,22.0,3818,0.502,0.4478,0.0707,0.1842,0.6441,0.5111,0.1296,0.3996,0.6142,0.5475,0.9382,0.2746,0.3009,71.16
0229006,4884,0.11,0.0887,6,0,0.1698,0.1027,1,0.1986,0.2821,0.1724,0.6956,0.2526,40.3,928,0.3658,0.55,0.0606,0.0,0.756,0.1243,0.0185,0.558,0.4848,0.594,0.6956,0.6502,0.6248,71.16
0401007,12995,0.1256,0.0881,3,8,0.1156,0.1133,4,0.1756,0.3355,0.1414,0.9643,0.2259,36.8,2169,0.4536,0.5455,0.0303,0.2105,0.4403,0.1372,0.0741,0.4861,0.5875,0.477,0.9643,0.5815,0.5628,71.15
3033001,11186,0.0619,0.1052,8,7,0.1667,0.3574,0,0.171,0.1967,0.0838,1.0,0.1852,56.2,1423,0.0951,0.6731,0.0808,0.1842,0.7379,0.4327,0.0,0.4717,0.3206,0.2596,1.0,0.4767,0.9062,71.13
0217004,7882,0.1669,0.0652,5,0,0.1501,0.3692,4,0.1858,0.2269,0.1372,1.0,0.1506,36.2,1575,0.686,0.3746,0.0505,0.0,0.6412,0.447,0.0741,0.518,0.3787,0.4611,1.0,0.3876,0.5522,71.12
1221006,4080,0.1868,0.0914,5,0,0.1177,0.0506,0,0.1637,0.2275,0.1482,1.0,0.2137,43.7,834,0.798,0.5701,0.0505,0.0,0.4525,0.0613,0.0,0.4489,0.3798,0.5026,1.0,0.5501,0.685,71.11
1218005,5031,0.1524,0.0827,5,5,0.1349,0.3782,0,0.1076,0.3574,0.1705,0.9363,0.1769,24.1,1012,0.6044,0.5052,0.0505,0.1316,0.5527,0.4579,0.0,0.2737,0.6296,0.5868,0.9363,0.4553,0.3381,71.11
2425003,3482,0.1567,0.1065,3,0,0.123,0.2714,1,0.1113,0.1812,0.1697,1.0,0.2789,35.3,689,0.6286,0.6828,0.0303,0.0,0.4834,0.3286,0.0185,0.2852,0.2908,0.5838,1.0,0.7179,0.5363,71.11
1203005,11662,0.1608,0.0904,14,2,0.1388,0.3068,3,0.1464,0.2597,0.1245,1.0,0.0906,40.1,2194,0.6517,0.5627,0.1414,0.0526,0.5754,0.3714,0.0556,0.3949,0.4417,0.4132,1.0,0.2332,0.6212,71.08
2432004,20578,0.1751,0.0934,12,7,0.1381,0.1145,8,0.2035,0.1803,0.1212,0.9955,0.1055,30.2,3993,0.7321,0.5851,0.1212,0.1842,0.5713,0.1386,0.1481,0.5733,0.289,0.4008,0.9955,0.2716,0.446,71.06
1024001,10074,0.1402,0.1348,7,5,0.1263,0.0,3,0.2003,0.2506,0.098,0.9186,0.1757,34.9,1629,0.5357,0.894,0.0707,0.1316,0.5026,0.0,0.0556,0.5633,0.4242,0.3132,0.9186,0.4523,0.5292,71.05
1216001,6045,0.1397,0.115,3,2,0.1226,0.1686,1,0.1619,0.317,0.0928,1.0,0.2008,40.6,953,0.5329,0.7463,0.0303,0.0526,0.4811,0.2041,0.0185,0.4433,0.5519,0.2936,1.0,0.5169,0.6301,71.04
1803001,4203,0.1125,0.0689,2,0,0.1469,0.193,1,0.236,0.3764,0.1351,0.9662,0.1693,42.1,705,0.3799,0.4022,0.0202,0.0,0.6226,0.2337,0.0185,0.6748,0.6662,0.4532,0.9662,0.4358,0.6566,71.02
0226007,8699,0.135,0.0829,8,1,0.1382,0.4671,2,0.1187,0.3313,0.1275,0.7986,0.2092,39.0,1519,0.5065,0.5067,0.0808,0.0263,0.5719,0.5655,0.037,0.3083,0.5794,0.4245,0.7986,0.5385,0.6018,71.01
2807001,12431,0.1549,0.0545,13,2,0.1099,0.138,3,0.1902,0.2778,0.1488,0.8633,0.3068,39.1,2292,0.6185,0.2948,0.1313,0.0526,0.4071,0.1671,0.0556,0.5317,0.4765,0.5049,0.8633,0.7897,0.6035,71.0
3031002,8439,0.1198,0.0924,5,3,0.1489,0.055,4,0.1262,0.2456,0.2246,0.9689,0.2534,36.8,1762,0.4209,0.5776,0.0505,0.0789,0.6342,0.0666,0.0741,0.3318,0.4146,0.7909,0.9689,0.6523,0.5628,70.98
0601007,7180,0.1605,0.0632,4,4,0.1835,0.4731,2,0.2361,0.2243,0.0837,0.4511,0.1862,33.5,1343,0.65,0.3597,0.0404,0.1053,0.8358,0.5728,0.037,0.6751,0.3737,0.2592,0.4511,0.4793,0.5044,70.97
2814006,10894,0.1344,0.0646,14,4,0.139,0.0987,5,0.2146,0.3605,0.1496,1.0,0.1026,37.1,2005,0.5031,0.3701,0.1414,0.1053,0.5766,0.1195,0.0926,0.6079,0.6356,0.5079,1.0,0.2641,0.5681,70.97
0606004,12552,0.1032,0.0806,3,2,0.1652,0.4003,2,0.2344,0.3327,0.2075,0.5022,0.1631,22.9,2485,0.3275,0.4896,0.0303,0.0526,0.7292,0.4846,0.037,0.6698,0.5821,0.7264,0.5022,0.4198,0.3168,70.96
0209007,12950,0.1609,0.0682,13,1,0.1016,0.2274,3,0.1706,0.2388,0.156,1.0,0.2129,44.0,2428,0.6522,0.397,0.1313,0.0263,0.3588,0.2753,0.0556,0.4705,0.4015,0.5321,1.0,0.548,0.6903,70.94
2004003,3961,0.1514,0.0884,2,1,0.1299,0.034,1,0.1962,0.3181,0.094,0.9739,0.271,41.0,661,0.5988,0.5478,0.0202,0.0263,0.5236,0.0412,0.0185,0.5505,0.554,0.2981,0.9739,0.6976,0.6372,70.92
2431002,5916,0.1393,0.0851,6,1,0.117,0.2123,1,0.2347,0.2015,0.1627,0.8932,0.1931,41.2,1087,0.5307,0.5231,0.0606,0.0263,0.4485,0.257,0.0185,0.6707,0.3298,0.5574,0.8932,0.497,0.6407,70.92
1803007,9678,0.1048,0.087,3,0,0.1544,0.3567,3,0.17,0.237,0.1213,1.0,0.1615,57.1,1553,0.3365,0.5373,0.0303,0.0,0.6663,0.4318,0.0556,0.4686,0.3981,0.4011,1.0,0.4157,0.9221,70.91
1606002,14132,0.1836,0.0765,11,4,0.1109,0.1814,4,0.2734,0.2344,0.094,1.0,0.0669,35.7,2521,0.78,0.459,0.1111,0.1053,0.4129,0.2196,0.0741,0.7916,0.3931,0.2981,1.0,0.1722,0.5434,70.91
3030003,14283,0.1576,0.07,13,2,0.1262,0.3579,5,0.106,0.3786,0.1531,0.9298,0.1834,29.0,2758,0.6337,0.4104,0.1313,0.0526,0.502,0.4333,0.0926,0.2687,0.6704,0.5211,0.9298,0.4721,0.4248,70.9
3031004,12861,0.1147,0.0979,11,2,0.1074,0.5993,3,0.124,0.3112,0.0956,1.0,0.1611,41.7,1799,0.3922,0.6187,0.1111,0.0526,0.3925,0.7255,0.0556,0.3249,0.5408,0.3042,1.0,0.4147,0.6496,70.88
1818004,15749,0.1243,0.079,12,2,0.1363,0.3963,4,0.1698,0.2681,0.1025,0.9817,0.2047,37.4,2487,0.4463,0.4776,0.1212,0.0526,0.5609,0.4798,0.0741,0.468,0.4579,0.3302,0.9817,0.5269,0.5735,70.88
3205004,9537,0.1581,0.0752,6,6,0.1388,0.0905,2,0.2012,0.2967,0.1193,0.7805,0.2405,33.7,1759,0.6365,0.4493,0.0606,0.1579,0.5754,0.1096,0.037,0.5661,0.5129,0.3936,0.7805,0.619,0.508,70.87
0416005,5967,0.1208,0.0524,4,0,0.1392,0.3206,1,0.1934,0.2957,0.1754,1.0,0.2078,43.3,1109,0.4266,0.2791,0.0404,0.0,0.5778,0.3881,0.0185,0.5417,0.511,0.6053,1.0,0.5349,0.6779,70.8
2614004,8094,0.1936,0.0967,9,2,0.1476,0.0363,3,0.1395,0.1753,0.1059,0.8867,0.2106,46.4,1633,0.8362,0.6097,0.0909,0.0526,0.6267,0.0439,0.0556,0.3733,0.2794,0.343,0.8867,0.5421,0.7327,70.79
2604005,5669,0.1497,0.0917,5,1,0.1006,0.3173,1,0.1924,0.3944,0.1141,0.9808,0.1527,29.8,931,0.5892,0.5724,0.0505,0.0263,0.3529,0.3841,0.0185,0.5386,0.7008,0.374,0.9808,0.3931,0.4389,70.78
3017005,7660,0.1369,0.0861,6,2,0.1274,0.1602,2,0.2216,0.3251,0.1757,0.8522,0.1281,34.5,1464,0.5172,0.5306,0.0606,0.0526,0.509,0.1939,0.037,0.6298,0.5675,0.6064,0.8522,0.3297,0.5221,70.76
2601006,3927,0.1758,0.0915,1,0,0.13,0.4693,0,0.1861,0.1754,0.0769,0.9281,0.1743,41.8,680,0.7361,0.5709,0.0101,0.0,0.5242,0.5682,0.0,0.5189,0.2796,0.2336,0.9281,0.4486,0.6513,70.76
2014006,8507,0.1607,0.0782,9,6,0.1045,0.0877,2,0.2017,0.314,0.1305,0.841,0.2107,36.8,1522,0.6511,0.4716,0.0909,0.1579,0.3757,0.1062,0.037,0.5676,0.5462,0.4358,0.841,0.5423,0.5628,70.71
0226005,7199,0.1654,0.0653,5,3,0.1079,0.3786,4,0.0887,0.3452,0.1466,1.0,0.2116,42.0,1356,0.6775,0.3754,0.0505,0.0789,0.3955,0.4584,0.0741,0.2146,0.6062,0.4966,1.0,0.5447,0.6549,70.7
2813005,6346,0.16,0.0802,1,1,0.1469,0.0061,0,0.2681,0.2684,0.1187,0.7966,0.1952,40.3,1188,0.6472,0.4866,0.0101,0.0263,0.6226,0.0074,0.0,0.7751,0.4585,0.3913,0.7966,0.5024,0.6248,70.68
0222001,9923,0.1361,0.0701,6,0,0.1175,0.593,0,0.1844,0.2993,0.1319,1.0,0.143,33.8,1680,0.5127,0.4112,0.0606,0.0,0.4514,0.7179,0.0,0.5136,0.5179,0.4411,1.0,0.3681,0.5097,70.65
0416006,12795,0.1251,0.0736,12,2,0.1155,0.5396,7,0.2342,0.1744,0.102,0.9247,0.1695,37.9,1933,0.4508,0.4373,0.1212,0.0526,0.4397,0.6533,0.1296,0.6692,0.2777,0.3283,0.9247,0.4363,0.5823,70.65
0411005,4986,0.1513,0.0903,0,0,0.1362,0.2188,3,0.2024,0.2051,0.0935,1.0,0.2249,44.8,839,0.5982,0.5619,0.0,0.0,0.5603,0.2649,0.0556,0.5698,0.3367,0.2962,1.0,0.5789,0.7044,70.63
2204003,4619,0.1653,0.1153,3,0,0.1543,0.1754,3,0.1388,0.2229,0.153,0.8402,0.1892,31.4,955,0.677,0.7485,0.0303,0.0,0.6657,0.2123,0.0556,0.3711,0.371,0.5208,0.8402,0.487,0.4673,70.63
2420006,17885,0.1333,0.0547,18,5,0.1205,0.4563,6,0.1916,0.1981,0.1326,1.0,0.2028,30.6,3037,0.4969,0.2963,0.1818,0.1316,0.4688,0.5524,0.1111,0.5361,0.3233,0.4438,1.0,0.522,0.4531,70.57
1213005,8295,0.1591,0.0994,6,3,0.1287,0.2687,1,0.1734,0.3099,0.1365,0.9281,0.1226,27.3,1561,0.6421,0.6299,0.0606,0.0789,0.5166,0.3253,0.0185,0.4792,0.5383,0.4585,0.9281,0.3156,0.3947,70.55
0814002,4878,0.1131,0.0812,1,1,0.1216,0.3189,1,0.1391,0.2613,0.1749,1.0,0.2948,41.4,854,0.3832,0.494,0.0101,0.0263,0.4752,0.3861,0.0185,0.3721,0.4448,0.6034,1.0,0.7588,0.6442,70.54
1821006,12062,0.1472,0.11,9,3,0.1149,0.2926,3,0.0896,0.2786,0.1695,1.0,0.1812,31.6,2291,0.5751,0.709,0.0909,0.0789,0.4362,0.3542,0.0556,0.2174,0.4781,0.583,1.0,0.4664,0.4708,70.5
0412006,16317,0.1074,0.0815,6,4,0.1266,0.6023,6,0.1763,0.1903,0.0336,0.9052,0.309,42.2,1916,0.3512,0.4963,0.0606,0.1053,0.5044,0.7292,0.1111,0.4883,0.3083,0.0702,0.9052,0.7954,0.6584,70.5
1002006,13013,0.1525,0.0841,6,1,0.1421,0.2827,1,0.1564,0.2908,0.1449,0.8887,0.2295,26.3,2499,0.605,0.5157,0.0606,0.0263,0.5946,0.3423,0.0185,0.4261,0.5015,0.4902,0.8887,0.5907,0.377,70.48
2419006,9619,0.1166,0.0907,7,2,0.1552,0.3589,4,0.0883,0.2217,0.1198,1.0,0.2201,53.8,1609,0.4029,0.5649,0.0707,0.0526,0.6709,0.4345,0.0741,0.2134,0.3687,0.3955,1.0,0.5665,0.8637,70.46
2016001,51941,0.1639,0.0578,37,15,0.0909,0.5052,10,0.2027,0.1775,0.1193,0.084,0.2003,29.3,8865,0.6691,0.3194,0.3737,0.3947,0.2964,0.6116,0.1852,0.5708,0.2837,0.3936,0.084,0.5156,0.4301,70.46
2414002,15850,0.1365,0.0873,13,1,0.1289,0.1612,4,0.1607,0.229,0.1656,0.9685,0.2099,39.1,2968,0.5149,0.5396,0.1313,0.0263,0.5178,0.1952,0.0741,0.4396,0.3827,0.5683,0.9685,0.5403,0.6035,70.45
2434002,26701,0.1003,0.0866,18,5,0.1025,0.0786,2,0.2192,0.3296,0.1819,1.0,0.1892,28.7,4396,0.3112,0.5343,0.1818,0.1316,0.364,0.0952,0.037,0.6223,0.5762,0.6298,1.0,0.487,0.4195,70.45
3201005,7781,0.1237,0.0697,6,1,0.1308,0.3208,4,0.1777,0.2864,0.1352,0.7964,0.2178,50.8,1313,0.4429,0.4082,0.0606,0.0263,0.5288,0.3884,0.0741,0.4927,0.4931,0.4536,0.7964,0.5606,0.8106,70.44
0228001,2855,0.0999,0.1263,2,0,0.1211,0.2495,1,0.1702,0.2823,0.1297,1.0,0.1779,45.0,427,0.3089,0.8306,0.0202,0.0,0.4723,0.3021,0.0185,0.4692,0.4852,0.4328,1.0,0.4579,0.708,70.41
0416003,7759,0.1948,0.0964,6,2,0.1245,0.3284,0,0.0965,0.2236,0.1136,1.0,0.1943,35.1,1529,0.843,0.6075,0.0606,0.0526,0.4921,0.3976,0.0,0.239,0.3723,0.3721,1.0,0.5001,0.5327,70.4
1809006,24143,0.1765,0.0668,17,9,0.1274,0.2065,5,0.0985,0.1978,0.1603,0.9423,0.1756,40.1,4994,0.74,0.3866,0.1717,0.2368,0.509,0.25,0.0926,0.2452,0.3227,0.5483,0.9423,0.452,0.6212,70.4
0206003,8462,0.1272,0.0975,5,2,0.1499,0.3349,1,0.2223,0.1646,0.1609,1.0,0.1537,24.0,1587,0.4626,0.6157,0.0505,0.0526,0.6401,0.4054,0.0185,0.632,0.2588,0.5506,1.0,0.3956,0.3363,70.39
3001001,2691,0.1848,0.1236,2,0,0.1393,0.0,1,0.1713,0.2874,0.109,1.0,0.0988,37.8,524,0.7867,0.8104,0.0202,0.0,0.5783,0.0,0.0185,0.4727,0.495,0.3547,1.0,0.2543,0.5805,70.39
2435001,13065,0.1409,0.071,7,3,0.1145,0.3487,2,0.1667,0.2381,0.1545,1.0,0.1406,50.3,2353,0.5397,0.4179,0.0707,0.0789,0.4339,0.4222,0.037,0.4583,0.4002,0.5264,1.0,0.3619,0.8018,70.38
3009004,4472,0.1518,0.1224,2,1,0.1136,0.3572,0,0.0848,0.2954,0.1594,1.0,0.141,37.4,839,0.601,0.8015,0.0202,0.0263,0.4287,0.4324,0.0,0.2024,0.5104,0.5449,1.0,0.3629,0.5735,70.37
1429001,13879,0.1427,0.0838,10,6,0.0772,0.147,3,0.2105,0.3564,0.0961,0.8967,0.2504,34.5,2013,0.5498,0.5134,0.101,0.1579,0.2167,0.178,0.0556,0.5951,0.6277,0.306,0.8967,0.6445,0.5221,70.35
2817001,6756,0.1393,0.0658,2,3,0.1104,0.0,1,0.2484,0.3587,0.1243,0.9772,0.2201,44.0,1119,0.5307,0.3791,0.0202,0.0789,0.41,0.0,0.0185,0.7135,0.6321,0.4125,0.9772,0.5665,0.6903,70.34
3011003,3114,0.11,0.1044,2,1,0.1469,0.0,1,0.2299,0.3517,0.1254,0.867,0.197,39.2,507,0.3658,0.6672,0.0202,0.0263,0.6226,0.0,0.0185,0.6557,0.6187,0.4166,0.867,0.5071,0.6053,70.34
1609005,1800,0.1464,0.0757,1,0,0.1497,0.2926,0,0.1125,0.3948,0.1011,1.0,0.2402,38.3,313,0.5706,0.453,0.0101,0.0,0.6389,0.3542,0.0,0.289,0.7015,0.3249,1.0,0.6183,0.5894,70.33
2436005,7669,0.1179,0.0881,5,1,0.128,0.5174,3,0.1491,0.1671,0.1641,0.8514,0.3039,29.6,1350,0.4102,0.5455,0.0505,0.0263,0.5125,0.6264,0.0556,0.4033,0.2637,0.5626,0.8514,0.7822,0.4354,70.32
3211006,3066,0.1461,0.1048,0,0,0.1614,0.4641,3,0.1394,0.1723,0.0621,1.0,0.2283,37.3,495,0.5689,0.6701,0.0,0.0,0.707,0.5619,0.0556,0.373,0.2737,0.1777,1.0,0.5876,0.5717,70.32
1016006,12516,0.1734,0.0973,5,1,0.1306,0.4773,3,0.1561,0.153,0.1159,1.0,0.1717,27.3,2351,0.7226,0.6142,0.0505,0.0263,0.5277,0.5778,0.0556,0.4252,0.2365,0.3808,1.0,0.442,0.3947,70.27
2436001,16976,0.1533,0.061,14,3,0.1461,0.2596,0,0.1633,0.2523,0.1119,1.0,0.1504,47.1,3076,0.6095,0.3433,0.1414,0.0789,0.6179,0.3143,0.0,0.4477,0.4275,0.3657,1.0,0.3871,0.7451,70.24
1015001,6136,0.1157,0.0624,2,2,0.1553,0.1472,3,0.2228,0.2573,0.2589,0.7954,0.104,45.0,1363,0.3979,0.3537,0.0202,0.0526,0.6715,0.1782,0.0556,0.6336,0.4371,0.9204,0.7954,0.2677,0.708,70.21
3015003,9116,0.1337,0.0629,8,2,0.1611,0.1587,6,0.144,0.2227,0.1708,1.0,0.2485,40.0,1817,0.4992,0.3575,0.0808,0.0526,0.7053,0.1921,0.1111,0.3874,0.3706,0.5879,1.0,0.6396,0.6195,70.21
2405005,5903,0.1602,0.0831,9,2,0.11,0.321,0,0.1613,0.2666,0.1252,1.0,0.1186,46.7,1054,0.6483,0.5082,0.0909,0.0526,0.4077,0.3886,0.0,0.4414,0.455,0.4158,1.0,0.3053,0.7381,70.21
1024002,17048,0.1085,0.0838,10,7,0.1688,0.2609,5,0.1672,0.266,0.117,1.0,0.1638,31.7,2839,0.3573,0.5134,0.101,0.1842,0.7501,0.3159,0.0926,0.4599,0.4538,0.3849,1.0,0.4216,0.4726,70.2
0613006,102576,0.1107,0.0581,59,24,0.1268,0.2085,21,0.1521,0.2485,0.1374,0.2452,0.0482,33.4,16518,0.3697,0.3216,0.596,0.6316,0.5055,0.2524,0.3889,0.4127,0.4202,0.4619,0.2452,0.1241,0.5027,70.18
1809005,11514,0.1621,0.0514,6,2,0.1535,0.228,2,0.1637,0.2793,0.149,0.8664,0.2009,41.8,2339,0.659,0.2716,0.0606,0.0526,0.661,0.276,0.037,0.4489,0.4794,0.5057,0.8664,0.5171,0.6513,70.15
3022004,8204,0.1231,0.118,6,2,0.127,0.428,2,0.146,0.2631,0.1786,0.471,0.2227,29.2,1514,0.4395,0.7687,0.0606,0.0526,0.5067,0.5182,0.037,0.3936,0.4483,0.6174,0.471,0.5732,0.4283,70.14
3029002,37276,0.1568,0.0575,21,6,0.1106,0.3143,10,0.0726,0.2326,0.1566,1.0,0.2101,44.7,7019,0.6292,0.3172,0.2121,0.1579,0.4112,0.3805,0.1852,0.1643,0.3896,0.5343,1.0,0.5408,0.7027,70.13
2422005,7860,0.1337,0.087,8,2,0.1511,0.1422,2,0.1736,0.2635,0.1501,0.8306,0.2341,34.2,1475,0.4992,0.5373,0.0808,0.0526,0.6471,0.1722,0.037,0.4799,0.449,0.5098,0.8306,0.6026,0.5168,70.12
3219001,9612,0.1889,0.1001,12,2,0.1182,0.2993,2,0.1059,0.2315,0.0541,1.0,0.1949,42.2,1618,0.8098,0.6351,0.1212,0.0526,0.4554,0.3623,0.037,0.2684,0.3875,0.1475,1.0,0.5017,0.6584,70.09
2810005,12164,0.1321,0.0545,11,3,0.1109,0.3056,3,0.2457,0.2857,0.1396,0.5114,0.2871,37.3,2049,0.4902,0.2948,0.1111,0.0789,0.4129,0.37,0.0556,0.7051,0.4917,0.4702,0.5114,0.739,0.5717,70.08
0624007,5808,0.1244,0.0826,3,3,0.0848,0.4461,2,0.1478,0.2133,0.1219,1.0,0.3049,46.1,858,0.4468,0.5045,0.0303,0.0789,0.2609,0.5401,0.037,0.3993,0.3525,0.4034,1.0,0.7848,0.7274,70.08
1436007,54034,0.0853,0.0572,39,19,0.1271,0.2714,20,0.2301,0.3805,0.1926,0.0871,0.0809,18.3,9159,0.2268,0.3149,0.3939,0.5,0.5073,0.3286,0.3704,0.6564,0.674,0.6702,0.0871,0.2082,0.2354,70.07
3203002,5017,0.186,0.0677,3,2,0.1173,0.0196,1,0.2183,0.1669,0.1355,1.0,0.2225,47.9,996,0.7935,0.3933,0.0303,0.0526,0.4502,0.0237,0.0185,0.6195,0.2633,0.4547,1.0,0.5727,0.7593,70.06
3221003,10549,0.1441,0.081,7,1,0.139,0.2247,3,0.0837,0.2552,0.1334,0.9951,0.2753,48.5,1920,0.5577,0.4925,0.0707,0.0263,0.5766,0.272,0.0556,0.199,0.4331,0.4468,0.9951,0.7086,0.7699,70.06
3214001,15255,0.126,0.0871,10,0,0.1432,0.3583,0,0.2427,0.2665,0.1204,1.0,0.0885,30.1,2566,0.4558,0.5381,0.101,0.0,0.601,0.4338,0.0,0.6957,0.4548,0.3977,1.0,0.2278,0.4442,70.06
1211005,14887,0.1,0.0927,2,1,0.0887,0.32,0,0.1465,0.2856,0.1458,0.968,0.3425,45.1,2152,0.3095,0.5799,0.0202,0.0263,0.2836,0.3874,0.0,0.3952,0.4915,0.4936,0.968,0.8816,0.7097,70.06
2402002,18445,0.1153,0.0821,14,2,0.1514,0.4077,7,0.16,0.1795,0.0731,1.0,0.2316,41.9,2702,0.3956,0.5007,0.1414,0.0526,0.6488,0.4936,0.1296,0.4374,0.2875,0.2192,1.0,0.5961,0.6531,70.05
1001004,11157,0.1122,0.0747,9,1,0.1181,0.1967,3,0.2218,0.3415,0.0909,1.0,0.2299,42.1,1565,0.3782,0.4455,0.0909,0.0263,0.4549,0.2381,0.0556,0.6304,0.599,0.2864,1.0,0.5918,0.6566,70.04
0214006,8176,0.1115,0.098,0,2,0.1299,0.1563,1,0.2578,0.2567,0.0631,1.0,0.1798,52.1,1081,0.3742,0.6194,0.0,0.0526,0.5236,0.1892,0.0185,0.7429,0.436,0.1815,1.0,0.4628,0.8336,70.03
0406004,14094,0.1524,0.0829,8,2,0.0849,0.4744,4,0.216,0.303,0.0825,0.9828,0.1676,28.3,2075,0.6044,0.5067,0.0808,0.0526,0.2615,0.5743,0.0741,0.6123,0.525,0.2547,0.9828,0.4314,0.4124,70.03
1402004,5758,0.0845,0.0611,3,2,0.1205,0.0606,2,0.3029,0.3097,0.1287,1.0,0.2681,43.5,811,0.2223,0.344,0.0303,0.0526,0.4688,0.0734,0.037,0.8838,0.5379,0.4291,1.0,0.6901,0.6814,70.03
2428005,18243,0.1504,0.0831,9,5,0.1256,0.0811,2,0.1701,0.2837,0.1126,1.0,0.2115,38.9,3146,0.5931,0.5082,0.0909,0.1316,0.4985,0.0982,0.037,0.4689,0.4879,0.3683,1.0,0.5444,0.6,70.02
1813006,24101,0.1379,0.05,14,6,0.1604,0.4831,2,0.1207,0.15,0.1413,1.0,0.1645,46.3,4563,0.5228,0.2612,0.1414,0.1579,0.7012,0.5849,0.037,0.3146,0.2308,0.4766,1.0,0.4234,0.731,70.0
2416005,28918,0.1616,0.064,19,6,0.1623,0.1988,6,0.1345,0.2088,0.0882,1.0,0.1958,37.0,5258,0.6562,0.3657,0.1919,0.1579,0.7123,0.2407,0.1111,0.3577,0.3438,0.2762,1.0,0.504,0.5664,69.99
2805002,7751,0.1659,0.0541,4,2,0.0897,0.2009,1,0.1949,0.288,0.1425,1.0,0.2471,43.8,1398,0.6804,0.2918,0.0404,0.0526,0.2895,0.2432,0.0185,0.5464,0.4962,0.4811,1.0,0.636,0.6867,69.98
2219003,12961,0.1264,0.0639,10,1,0.1618,0.2518,3,0.1652,0.2277,0.1275,1.0,0.2427,40.6,2307,0.4581,0.3649,0.101,0.0263,0.7094,0.3048,0.0556,0.4536,0.3802,0.4245,1.0,0.6247,0.6301,69.97
0403002,12914,0.1259,0.1,11,2,0.1815,0.0862,4,0.1895,0.1817,0.0832,1.0,0.2014,38.4,2157,0.4553,0.6343,0.1111,0.0526,0.8241,0.1044,0.0741,0.5295,0.2917,0.2574,1.0,0.5184,0.5912,69.95
2218003,5852,0.1374,0.0629,3,0,0.1232,0.2793,2,0.1587,0.2613,0.193,1.0,0.203,45.5,1149,0.52,0.3575,0.0303,0.0,0.4846,0.3381,0.037,0.4333,0.4448,0.6717,1.0,0.5225,0.7168,69.94
2424006,7186,0.1558,0.0782,5,0,0.1164,0.3152,0,0.148,0.3944,0.0954,0.8274,0.2513,35.3,1187,0.6235,0.4716,0.0505,0.0,0.445,0.3816,0.0,0.3999,0.7008,0.3034,0.8274,0.6468,0.5363,69.92
1005001,3738,0.0975,0.1033,3,1,0.0974,0.3719,1,0.1808,0.2801,0.1349,0.9158,0.2381,43.9,533,0.2954,0.659,0.0303,0.0263,0.3343,0.4502,0.0185,0.5023,0.481,0.4525,0.9158,0.6129,0.6885,69.9
2406001,5713,0.1491,0.0902,6,0,0.1373,0.1558,0,0.1206,0.3326,0.1653,0.9649,0.1808,38.9,1126,0.5858,0.5612,0.0606,0.0,0.5667,0.1886,0.0,0.3143,0.5819,0.5672,0.9649,0.4654,0.6,69.9
0229005,13381,0.1688,0.1039,10,3,0.0751,0.4072,3,0.1395,0.1941,0.1331,1.0,0.1875,33.1,2319,0.6967,0.6634,0.101,0.0789,0.2044,0.493,0.0556,0.3733,0.3156,0.4457,1.0,0.4826,0.4973,69.89
3004001,6180,0.1696,0.1056,4,0,0.1146,0.3926,2,0.0624,0.2838,0.1524,1.0,0.2011,32.0,1205,0.7012,0.6761,0.0404,0.0,0.4345,0.4753,0.037,0.1325,0.4881,0.5185,1.0,0.5176,0.4779,69.87
2610005,3501,0.1103,0.0767,2,1,0.1424,0.4113,1,0.1796,0.2679,0.1345,0.9473,0.2343,36.1,578,0.3675,0.4604,0.0202,0.0263,0.5964,0.4979,0.0185,0.4986,0.4575,0.4509,0.9473,0.6031,0.5504,69.86
2407001,4489,0.1693,0.0839,4,1,0.1252,0.4339,2,0.0948,0.151,0.1649,1.0,0.258,33.1,915,0.6995,0.5142,0.0404,0.0263,0.4962,0.5253,0.037,0.2337,0.2327,0.5657,1.0,0.6641,0.4973,69.86
2207003,8477,0.1296,0.0924,5,4,0.1012,0.2811,1,0.1022,0.3616,0.1813,1.0,0.1139,49.1,1528,0.4761,0.5776,0.0505,0.1053,0.3564,0.3403,0.0185,0.2568,0.6377,0.6275,1.0,0.2932,0.7805,69.82
1220006,6886,0.1278,0.1045,6,1,0.1182,0.464,1,0.1055,0.1413,0.172,1.0,0.2443,37.0,1249,0.466,0.6679,0.0606,0.0263,0.4554,0.5617,0.0185,0.2671,0.214,0.5925,1.0,0.6288,0.5664,69.79
1442003,8900,0.0888,0.0722,8,1,0.1219,0.0,5,0.219,0.3944,0.1331,1.0,0.2552,45.5,1297,0.2465,0.4269,0.0808,0.0263,0.477,0.0,0.0926,0.6217,0.7008,0.4457,1.0,0.6569,0.7168,69.78
2216004,14703,0.1463,0.108,19,4,0.0905,0.1408,5,0.1764,0.1641,0.0993,0.7708,0.2184,51.5,2255,0.5701,0.694,0.1919,0.1053,0.2941,0.1705,0.0926,0.4886,0.2579,0.3181,0.7708,0.5622,0.823,69.77
0624003,8846,0.1069,0.0656,8,2,0.1223,0.2529,3,0.2661,0.1732,0.1525,0.9876,0.233,37.9,1448,0.3483,0.3776,0.0808,0.0526,0.4793,0.3062,0.0556,0.7688,0.2754,0.5189,0.9876,0.5997,0.5823,69.76
1602006,6158,0.1132,0.0846,1,2,0.1503,0.1366,0,0.1886,0.2525,0.1958,0.9714,0.2494,28.7,1192,0.3838,0.5194,0.0101,0.0526,0.6424,0.1654,0.0,0.5267,0.4279,0.6823,0.9714,0.642,0.4195,69.75
2213006,7034,0.1435,0.0582,3,1,0.1488,0.3657,2,0.1288,0.2428,0.2317,1.0,0.1522,36.2,1577,0.5543,0.3224,0.0303,0.0263,0.6337,0.4427,0.037,0.3399,0.4092,0.8177,1.0,0.3918,0.5522,69.75
3030002,17293,0.1391,0.0795,9,3,0.1471,0.0,6,0.2005,0.2512,0.1525,1.0,0.1851,35.2,3280,0.5295,0.4813,0.0909,0.0789,0.6238,0.0,0.1111,0.5639,0.4254,0.5189,1.0,0.4764,0.5345,69.74
1002005,10965,0.1359,0.0839,9,2,0.1632,0.4633,4,0.079,0.3121,0.1182,0.9743,0.1144,41.4,1975,0.5115,0.5142,0.0909,0.0526,0.7175,0.5609,0.0741,0.1843,0.5425,0.3894,0.9743,0.2945,0.6442,69.74
2214006,4749,0.169,0.0739,6,0,0.1364,0.221,2,0.2653,0.2633,0.0851,0.8627,0.0811,43.3,835,0.6978,0.4396,0.0606,0.0,0.5614,0.2676,0.037,0.7663,0.4487,0.2645,0.8627,0.2088,0.6779,69.7
1612007,28980,0.1201,0.0959,27,5,0.179,0.084,9,0.1348,0.3245,0.0512,0.849,0.1488,37.9,4355,0.4226,0.6037,0.2727,0.1316,0.8096,0.1017,0.1667,0.3586,0.5663,0.1366,0.849,0.383,0.5823,69.68
3216004,3954,0.1082,0.083,2,0,0.1651,0.3629,1,0.1471,0.2296,0.1295,1.0,0.2406,41.5,670,0.3557,0.5075,0.0202,0.0,0.7286,0.4393,0.0185,0.3971,0.3838,0.4321,1.0,0.6193,0.646,69.68
3201002,3528,0.1689,0.0982,5,3,0.1107,0.1,0,0.1752,0.2049,0.176,0.891,0.2266,29.5,720,0.6972,0.6209,0.0505,0.0789,0.4118,0.1211,0.0,0.4848,0.3363,0.6075,0.891,0.5833,0.4336,69.66
3221002,7622,0.1307,0.1021,2,3,0.1378,0.0806,0,0.1572,0.2692,0.1754,0.8542,0.2131,38.9,1455,0.4823,0.65,0.0202,0.0789,0.5696,0.0976,0.0,0.4286,0.46,0.6053,0.8542,0.5485,0.6,69.65
2604003,37599,0.1417,0.073,32,5,0.1157,0.3782,4,0.0949,0.2092,0.1037,1.0,0.1627,45.3,6049,0.5442,0.4328,0.3232,0.1316,0.4409,0.4579,0.0741,0.234,0.3446,0.3347,1.0,0.4188,0.7133,69.64
2804002,14535,0.1703,0.0586,8,2,0.1175,0.0,6,0.1584,0.3466,0.1293,1.0,0.2361,42.6,2720,0.7051,0.3254,0.0808,0.0526,0.4514,0.0,0.1111,0.4324,0.6088,0.4313,1.0,0.6077,0.6655,69.63
2613006,5254,0.1227,0.0984,3,2,0.1676,0.1358,0,0.2179,0.1628,0.1662,0.8909,0.1585,37.4,1017,0.4373,0.6224,0.0303,0.0526,0.7432,0.1644,0.0,0.6182,0.2554,0.5706,0.8909,0.408,0.5735,69.58
1801004,6583,0.1524,0.1075,2,2,0.1413,0.238,1,0.1586,0.2469,0.1143,1.0,0.1095,40.9,1182,0.6044,0.6903,0.0202,0.0526,0.59,0.2881,0.0185,0.433,0.4171,0.3747,1.0,0.2819,0.6354,69.58
0812001,7799,0.15,0.0621,1,2,0.1528,0.3923,0,0.1781,0.306,0.1435,0.7999,0.1504,36.5,1511,0.5909,0.3515,0.0101,0.0526,0.657,0.4749,0.0,0.4939,0.5308,0.4849,0.7999,0.3871,0.5575,69.55
3219004,1909,0.1352,0.0847,0,0,0.1533,0.2572,1,0.1237,0.2185,0.1003,0.8705,0.324,49.7,320,0.5076,0.5201,0.0,0.0,0.6599,0.3114,0.0185,0.324,0.3625,0.3219,0.8705,0.834,0.7912,69.54
2214001,9254,0.1309,0.0872,7,2,0.0947,0.5698,1,0.1263,0.1859,0.1497,1.0,0.1998,43.2,1536,0.4834,0.5388,0.0707,0.0526,0.3186,0.6898,0.0185,0.3321,0.2998,0.5083,1.0,0.5143,0.6761,69.54
0418007,13180,0.1193,0.1115,8,3,0.1249,0.1791,4,0.1226,0.2538,0.1288,1.0,0.1812,47.8,2131,0.4181,0.7201,0.0808,0.0789,0.4945,0.2168,0.0741,0.3205,0.4304,0.4294,1.0,0.4664,0.7575,69.49
0409002,12083,0.1369,0.1131,9,1,0.1168,0.0725,5,0.1783,0.2148,0.1762,0.7557,0.1752,43.6,2265,0.5172,0.7321,0.0909,0.0263,0.4473,0.0878,0.0926,0.4945,0.3554,0.6083,0.7557,0.451,0.6832,69.46
1201004,9371,0.1587,0.0725,8,1,0.1907,0.1956,3,0.1324,0.2049,0.1196,0.9124,0.1283,50.7,1900,0.6398,0.4291,0.0808,0.0263,0.8777,0.2368,0.0556,0.3511,0.3363,0.3947,0.9124,0.3302,0.8088,69.4
2422003,7097,0.1538,0.0789,2,1,0.1275,0.622,1,0.1316,0.2216,0.1285,1.0,0.1527,34.0,1284,0.6123,0.4769,0.0202,0.0263,0.5096,0.753,0.0185,0.3486,0.3685,0.4283,1.0,0.3931,0.5133,69.4
1009004,3566,0.1618,0.0795,1,1,0.1572,0.1233,0,0.2198,0.2024,0.0751,0.8752,0.2328,43.3,622,0.6573,0.4813,0.0101,0.0263,0.6826,0.1493,0.0,0.6242,0.3315,0.2268,0.8752,0.5992,0.6779,69.39
0409003,21300,0.1189,0.0807,15,3,0.0933,0.0749,10,0.1776,0.3514,0.1482,1.0,0.1689,43.9,3369,0.4159,0.4903,0.1515,0.0789,0.3104,0.0907,0.1852,0.4923,0.6181,0.5026,1.0,0.4347,0.6885,69.36
0810001,5006,0.1741,0.0616,3,0,0.1109,0.1834,3,0.2062,0.2618,0.1253,1.0,0.2186,38.7,927,0.7265,0.3478,0.0303,0.0,0.4129,0.222,0.0556,0.5817,0.4458,0.4162,1.0,0.5627,0.5965,69.34
0612006,22996,0.1106,0.1039,13,7,0.1142,0.1371,7,0.2502,0.3256,0.0997,0.3707,0.2105,35.8,3255,0.3692,0.6634,0.1313,0.1842,0.4321,0.166,0.1296,0.7192,0.5685,0.3196,0.3707,0.5418,0.5451,69.34
0807002,4762,0.1584,0.0995,2,0,0.1648,0.0657,2,0.0955,0.3269,0.1497,1.0,0.188,34.1,976,0.6382,0.6306,0.0202,0.0,0.7268,0.0795,0.037,0.2359,0.571,0.5083,1.0,0.4839,0.515,69.31
2202005,14812,0.1845,0.0808,19,3,0.0874,0.0823,2,0.167,0.2209,0.168,0.8963,0.1927,33.7,2973,0.785,0.491,0.1919,0.0789,0.2761,0.0996,0.037,0.4592,0.3671,0.5774,0.8963,0.496,0.508,69.31
2402006,6396,0.14,0.0822,0,0,0.1079,0.4179,1,0.2025,0.2884,0.1395,1.0,0.17,30.1,1090,0.5346,0.5015,0.0,0.0,0.3955,0.5059,0.0185,0.5701,0.4969,0.4698,1.0,0.4376,0.4442,69.24
0607002,5813,0.1708,0.1045,1,0,0.1021,0.3444,3,0.2626,0.3292,0.1177,0.515,0.1092,24.9,1028,0.7079,0.6679,0.0101,0.0,0.3617,0.4169,0.0556,0.7579,0.5754,0.3875,0.515,0.2811,0.3522,69.23
1417006,4860,0.1584,0.0733,2,0,0.1344,0.0,2,0.192,0.3794,0.1353,0.9465,0.1961,36.7,917,0.6382,0.4351,0.0202,0.0,0.5498,0.0,0.037,0.5373,0.6719,0.454,0.9465,0.5048,0.5611,69.23
2408005,6975,0.1206,0.1243,3,1,0.1167,0.2994,1,0.1481,0.246,0.1315,0.9343,0.1529,43.6,1118,0.4254,0.8157,0.0303,0.0263,0.4467,0.3625,0.0185,0.4002,0.4154,0.4396,0.9343,0.3936,0.6832,69.23
3005002,8667,0.1425,0.0886,3,0,0.1412,0.2551,5,0.1068,0.2756,0.2057,1.0,0.1466,36.0,1823,0.5487,0.5493,0.0303,0.0,0.5894,0.3088,0.0926,0.2712,0.4723,0.7196,1.0,0.3773,0.5487,69.22
2432001,9391,0.1502,0.0941,7,4,0.1694,0.222,4,0.1222,0.189,0.1308,0.9949,0.206,26.6,1834,0.592,0.5903,0.0707,0.1053,0.7536,0.2688,0.0741,0.3193,0.3058,0.437,0.9949,0.5302,0.3823,69.21
1018001,14375,0.1966,0.0701,8,4,0.0486,0.2998,3,0.1416,0.2958,0.1633,0.9675,0.164,38.9,2749,0.8531,0.4112,0.0808,0.1053,0.0501,0.363,0.0556,0.3799,0.5112,0.5596,0.9675,0.4221,0.6,69.19
0810002,5255,0.1008,0.0523,1,0,0.1241,0.2789,2,0.2842,0.2478,0.1772,0.8202,0.241,39.6,893,0.314,0.2784,0.0101,0.0,0.4898,0.3377,0.037,0.8254,0.4188,0.6121,0.8202,0.6203,0.6124,69.19
0224007,13509,0.1222,0.0724,13,4,0.1683,0.0504,4,0.1965,0.21,0.0926,1.0,0.21,45.1,2221,0.4344,0.4284,0.1313,0.1053,0.7472,0.061,0.0741,0.5514,0.3462,0.2928,1.0,0.5405,0.7097,69.19
0404005,117272,0.162,0.0342,64,36,0.1094,0.1093,28,0.1439,0.159,0.13,0.1558,0.0295,25.6,21137,0.6584,0.1433,0.6465,0.9474,0.4042,0.1323,0.5185,0.3871,0.2481,0.434,0.1558,0.0759,0.3646,69.18
1817006,5728,0.1532,0.0893,4,1,0.1259,0.358,0,0.1803,0.1758,0.0962,0.9829,0.2497,32.1,960,0.6089,0.5545,0.0404,0.0263,0.5003,0.4334,0.0,0.5008,0.2804,0.3064,0.9829,0.6427,0.4796,69.16
0410001,4050,0.1347,0.0794,3,1,0.1396,0.0782,1,0.2378,0.255,0.1671,0.8548,0.1882,35.7,772,0.5048,0.4806,0.0303,0.0263,0.5801,0.0947,0.0185,0.6804,0.4327,0.574,0.8548,0.4844,0.5434,69.16
3219003,5691,0.1187,0.058,3,1,0.1462,0.2687,2,0.1832,0.3061,0.1559,0.9383,0.2145,40.2,1021,0.4147,0.3209,0.0303,0.0263,0.6185,0.3253,0.037,0.5098,0.531,0.5317,0.9383,0.5521,0.623,69.15
3011006,5473,0.1413,0.1037,4,0,0.1273,0.1511,2,0.1877,0.1845,0.174,0.9132,0.1338,45.4,1054,0.5419,0.6619,0.0404,0.0,0.5084,0.1829,0.037,0.5239,0.2971,0.6,0.9132,0.3444,0.715,69.12
0206004,11435,0.1258,0.1224,5,3,0.159,0.253,6,0.1105,0.1849,0.1138,1.0,0.1767,36.8,1956,0.4547,0.8015,0.0505,0.0789,0.6931,0.3063,0.1111,0.2827,0.2979,0.3728,1.0,0.4548,0.5628,69.1
1205007,11398,0.1541,0.085,12,4,0.1613,0.0,2,0.1057,0.2934,0.1494,1.0,0.1752,36.7,2306,0.614,0.5224,0.1212,0.1053,0.7065,0.0,0.037,0.2677,0.5065,0.5072,1.0,0.451,0.5611,69.09
1601001,11190,0.1346,0.0688,7,5,0.1312,0.4692,2,0.1946,0.3245,0.118,1.0,0.0827,26.9,1882,0.5042,0.4015,0.0707,0.1316,0.5312,0.568,0.037,0.5455,0.5663,0.3887,1.0,0.2129,0.3876,69.08
1442006,10725,0.1009,0.0638,9,1,0.11,0.5203,0,0.2046,0.2672,0.1294,0.916,0.2016,42.8,1573,0.3146,0.3642,0.0909,0.0263,0.4077,0.6299,0.0,0.5767,0.4562,0.4317,0.916,0.5189,0.669,69.07
0801003,27055,0.1471,0.0753,18,7,0.1166,0.26,6,0.1436,0.2405,0.1304,0.9332,0.1601,35.2,4729,0.5746,0.45,0.1818,0.1842,0.4461,0.3148,0.1111,0.3861,0.4048,0.4355,0.9332,0.4121,0.5345,69.04
0620001,79749,0.1236,0.0784,26,17,0.0982,0.41,16,0.1386,0.2852,0.1679,0.053,0.231,23.1,13561,0.4423,0.4731,0.2626,0.4474,0.339,0.4964,0.2963,0.3705,0.4908,0.577,0.053,0.5946,0.3204,69.03
1438007,12306,0.1296,0.0588,11,4,0.125,0.0431,4,0.1504,0.2325,0.1446,1.0,0.3637,39.2,2142,0.4761,0.3269,0.1111,0.1053,0.495,0.0522,0.0741,0.4074,0.3894,0.4891,1.0,0.9362,0.6053,69.01
2808002,13833,0.1379,0.055,12,4,0.1182,0.4818,5,0.1849,0.2925,0.1507,0.5262,0.2505,26.7,2471,0.5228,0.2985,0.1212,0.1053,0.4554,0.5833,0.0926,0.5152,0.5048,0.5121,0.5262,0.6448,0.3841,69.0
3212004,10773,0.1346,0.0681,8,2,0.1306,0.341,3,0.1591,0.1964,0.1404,1.0,0.2603,34.0,1904,0.5042,0.3963,0.0808,0.0526,0.5277,0.4128,0.0556,0.4346,0.32,0.4732,1.0,0.67,0.5133,68.98
1022005,1899,0.1188,0.0796,1,0,0.1557,0.4535,0,0.172,0.2452,0.098,1.0,0.2215,34.8,303,0.4153,0.4821,0.0101,0.0,0.6738,0.549,0.0,0.4749,0.4138,0.3132,1.0,0.5701,0.5274,68.97
3029003,6831,0.1796,0.0365,7,2,0.1497,0.3528,2,0.1596,0.1795,0.1679,0.6574,0.2689,36.7,1500,0.7575,0.1604,0.0707,0.0526,0.6389,0.4271,0.037,0.4361,0.2875,0.577,0.6574,0.6921,0.5611,68.97
3025004,3842,0.1091,0.0915,3,1,0.1735,0.1888,0,0.1873,0.3037,0.1272,1.0,0.1486,34.7,663,0.3607,0.5709,0.0303,0.0263,0.7775,0.2286,0.0,0.5226,0.5263,0.4234,1.0,0.3825,0.5257,68.96
1210003,6376,0.1408,0.0998,7,0,0.1276,0.299,1,0.0911,0.2097,0.1287,1.0,0.2229,48.4,1113,0.5391,0.6328,0.0707,0.0,0.5102,0.362,0.0185,0.2221,0.3456,0.4291,1.0,0.5737,0.7681,68.95
0208006,16073,0.1713,0.0759,10,2,0.1273,0.0,2,0.167,0.3044,0.1013,1.0,0.2373,35.0,2893,0.7107,0.4545,0.101,0.0526,0.5084,0.0,0.037,0.4592,0.5277,0.3257,1.0,0.6108,0.531,68.94
3017003,48886,0.1381,0.0705,23,10,0.0855,0.3805,17,0.1733,0.1271,0.1163,1.0,0.1853,30.3,7483,0.5239,0.4142,0.2323,0.2632,0.265,0.4607,0.3148,0.4789,0.1867,0.3823,1.0,0.477,0.4478,68.93
0420004,17688,0.1318,0.0876,15,5,0.1027,0.3885,4,0.144,0.2281,0.1593,0.7725,0.1413,42.7,3065,0.4885,0.5418,0.1515,0.1316,0.3652,0.4703,0.0741,0.3874,0.381,0.5445,0.7725,0.3637,0.6673,68.91
1816002,12296,0.1229,0.109,5,1,0.1317,0.2589,4,0.1735,0.0946,0.1554,1.0,0.1749,45.2,2168,0.4384,0.7015,0.0505,0.0263,0.5341,0.3134,0.0741,0.4795,0.1242,0.5298,1.0,0.4502,0.7115,68.89
0802006,2165,0.1244,0.0669,1,1,0.1687,0.4122,1,0.1933,0.1598,0.1887,1.0,0.1548,30.3,441,0.4468,0.3873,0.0101,0.0263,0.7496,0.499,0.0185,0.5414,0.2496,0.6555,1.0,0.3985,0.4478,68.89
1010003,3887,0.1446,0.0584,4,1,0.142,0.2296,0,0.1853,0.2315,0.1492,1.0,0.1785,45.7,739,0.5605,0.3239,0.0404,0.0263,0.5941,0.278,0.0,0.5164,0.3875,0.5064,1.0,0.4595,0.7204,68.81
2003006,11173,0.1364,0.069,15,1,0.1082,0.2169,1,0.1863,0.3181,0.0935,0.9403,0.2133,43.6,1695,0.5144,0.403,0.1515,0.0263,0.3972,0.2626,0.0185,0.5195,0.554,0.2962,0.9403,0.549,0.6832,68.79
1008007,15787,0.1798,0.0929,7,2,0.1426,0.4827,2,0.1062,0.1857,0.1029,0.6519,0.1562,43.0,3007,0.7586,0.5813,0.0707,0.0526,0.5976,0.5844,0.037,0.2693,0.2994,0.3317,0.6519,0.4021,0.6726,68.79
3022001,8951,0.1287,0.0854,7,1,0.1431,0.2398,1,0.1482,0.3007,0.0843,1.0,0.1563,51.9,1391,0.471,0.5254,0.0707,0.0263,0.6005,0.2903,0.0185,0.4005,0.5206,0.2615,1.0,0.4023,0.8301,68.78
1812001,23413,0.1498,0.054,26,9,0.145,0.223,5,0.1097,0.1963,0.0916,1.0,0.2089,40.2,4010,0.5898,0.291,0.2626,0.2368,0.6115,0.27,0.0926,0.2802,0.3198,0.2891,1.0,0.5377,0.623,68.76
1821005,4337,0.1569,0.0865,2,0,0.1197,0.2578,3,0.1629,0.294,0.118,0.8826,0.1413,48.1,762,0.6297,0.5336,0.0202,0.0,0.4642,0.3121,0.0556,0.4464,0.5077,0.3887,0.8826,0.3637,0.7628,68.75
1016007,6144,0.1618,0.092,5,2,0.1299,0.1229,1,0.1878,0.2924,0.1476,0.8038,0.1418,33.5,1195,0.6573,0.5746,0.0505,0.0526,0.5236,0.1488,0.0185,0.5242,0.5046,0.5004,0.8038,0.365,0.5044,68.74
1611007,13561,0.1079,0.0843,10,3,0.1172,0.4087,5,0.1455,0.1509,0.1247,0.9875,0.2467,46.6,2050,0.354,0.5172,0.101,0.0789,0.4496,0.4948,0.0926,0.3921,0.2325,0.414,0.9875,0.635,0.7363,68.74
1807002,6864,0.1295,0.0754,1,3,0.1448,0.4686,3,0.1239,0.2961,0.0931,1.0,0.2042,36.9,1096,0.4755,0.4507,0.0101,0.0789,0.6104,0.5673,0.0556,0.3246,0.5117,0.2947,1.0,0.5256,0.5646,68.73
1015007,11732,0.1623,0.0828,9,4,0.1215,0.1914,3,0.149,0.2156,0.0983,1.0,0.1922,43.2,2020,0.6601,0.506,0.0909,0.1053,0.4747,0.2317,0.0556,0.403,0.3569,0.3143,1.0,0.4947,0.6761,68.72
1210002,19062,0.1646,0.0934,8,9,0.0869,0.4547,8,0.1611,0.1143,0.0878,1.0,0.2101,26.9,2991,0.673,0.5851,0.0808,0.2368,0.2732,0.5505,0.1481,0.4408,0.1621,0.2747,1.0,0.5408,0.3876,68.7
2217001,3706,0.1557,0.0834,4,1,0.1724,0.1985,0,0.1624,0.1562,0.1354,0.913,0.2013,36.7,746,0.623,0.5104,0.0404,0.0263,0.7711,0.2403,0.0,0.4449,0.2427,0.4543,0.913,0.5181,0.5611,68.7
2007001,6731,0.1767,0.0823,6,1,0.13,0.0097,1,0.1682,0.3271,0.151,0.876,0.1566,35.8,1373,0.7411,0.5022,0.0606,0.0263,0.5242,0.0117,0.0185,0.463,0.5713,0.5132,0.876,0.4031,0.5451,68.68
1202007,12405,0.1708,0.0723,12,3,0.1443,0.0,6,0.2155,0.191,0.1174,0.9535,0.2185,27.2,2389,0.7079,0.4276,0.1212,0.0789,0.6075,0.0,0.1111,0.6107,0.3096,0.3864,0.9535,0.5624,0.3929,68.67
1214005,8250,0.1309,0.0667,8,2,0.1177,0.1298,0,0.1489,0.2647,0.1976,1.0,0.3039,30.1,1595,0.4834,0.3858,0.0808,0.0526,0.4525,0.1571,0.0,0.4027,0.4513,0.6891,1.0,0.7822,0.4442,68.66
1023007,3330,0.137,0.1016,0,0,0.15,0.3619,1,0.1054,0.3171,0.1163,1.0,0.1291,40.7,580,0.5177,0.6463,0.0,0.0,0.6407,0.4381,0.0185,0.2668,0.5521,0.3823,1.0,0.3323,0.6319,68.66
2210006,11439,0.1594,0.0719,3,2,0.1463,0.4037,3,0.1727,0.1708,0.0977,0.8893,0.2089,36.9,2040,0.6438,0.4246,0.0303,0.0526,0.6191,0.4887,0.0556,0.477,0.2708,0.3121,0.8893,0.5377,0.5646,68.65
0211003,4480,0.1432,0.074,4,0,0.1197,0.4286,1,0.1367,0.2104,0.1583,1.0,0.1946,41.8,828,0.5526,0.4403,0.0404,0.0,0.4642,0.5189,0.0185,0.3646,0.3469,0.5408,1.0,0.5009,0.6513,68.65
2218006,55957,0.1141,0.0741,33,12,0.1338,0.3834,12,0.1804,0.1959,0.0962,0.6615,0.2098,14.2,8330,0.3889,0.441,0.3333,0.3158,0.5463,0.4642,0.2222,0.5011,0.319,0.3064,0.6615,0.54,0.1628,68.65
0229003,3066,0.1246,0.1066,3,0,0.1515,0.0035,0,0.1613,0.2639,0.1683,0.9317,0.1997,39.1,582,0.4479,0.6836,0.0303,0.0,0.6494,0.0042,0.0,0.4414,0.4498,0.5785,0.9317,0.514,0.6035,68.63
2009001,3440,0.1563,0.0668,2,2,0.1088,0.4039,0,0.1866,0.4385,0.1029,0.498,0.2185,32.8,572,0.6263,0.3866,0.0202,0.0526,0.4007,0.489,0.0,0.5205,0.7856,0.3317,0.498,0.5624,0.492,68.6
0613007,4865,0.1499,0.0721,4,0,0.1746,0.2614,5,0.1687,0.3348,0.1368,0.4971,0.2148,29.6,968,0.5903,0.4261,0.0404,0.0,0.7839,0.3165,0.0926,0.4645,0.5862,0.4596,0.4971,0.5529,0.4354,68.59
2427005,14210,0.1746,0.092,4,6,0.1486,0.2035,4,0.0959,0.1691,0.1216,1.0,0.1537,42.6,2804,0.7293,0.5746,0.0404,0.1579,0.6325,0.2464,0.0741,0.2371,0.2675,0.4023,1.0,0.3956,0.6655,68.58
3022002,11581,0.1261,0.0844,11,3,0.093,0.3124,6,0.0699,0.3034,0.1348,1.0,0.2267,52.4,1818,0.4564,0.5179,0.1111,0.0789,0.3087,0.3782,0.1111,0.1559,0.5258,0.4521,1.0,0.5835,0.8389,68.58
2603004,3258,0.1405,0.1183,5,0,0.1041,0.2739,0,0.1223,0.2096,0.1519,0.8219,0.1523,54.8,573,0.5374,0.7709,0.0505,0.0,0.3733,0.3316,0.0,0.3196,0.3454,0.5166,0.8219,0.392,0.8814,68.56
0802005,12939,0.1179,0.085,7,5,0.1374,0.3015,4,0.1599,0.2359,0.0838,1.0,0.2168,39.5,1906,0.4102,0.5224,0.0707,0.1316,0.5673,0.365,0.0741,0.4371,0.396,0.2596,1.0,0.558,0.6106,68.53
3219006,6427,0.1595,0.0764,3,2,0.1188,0.0,1,0.2297,0.2425,0.1815,0.9728,0.1598,34.5,1302,0.6443,0.4582,0.0303,0.0526,0.4589,0.0,0.0185,0.6551,0.4087,0.6283,0.9728,0.4113,0.5221,68.53
3032006,2944,0.1675,0.0921,2,1,0.1269,0.2125,1,0.1775,0.2121,0.0981,1.0,0.2109,33.8,520,0.6894,0.5754,0.0202,0.0263,0.5061,0.2573,0.0185,0.492,0.3502,0.3136,1.0,0.5429,0.5097,68.52
0811006,16071,0.1171,0.0716,12,1,0.1286,0.1719,4,0.2294,0.2506,0.1716,0.7656,0.1679,40.8,2874,0.4057,0.4224,0.1212,0.0263,0.516,0.2081,0.0741,0.6542,0.4242,0.5909,0.7656,0.4322,0.6336,68.51
1823004,5701,0.1239,0.0774,3,2,0.1897,0.0732,3,0.1504,0.3265,0.154,1.0,0.1193,38.7,1123,0.444,0.4657,0.0303,0.0526,0.8719,0.0886,0.0556,0.4074,0.5702,0.5245,1.0,0.3071,0.5965,68.5
2010005,8704,0.1166,0.0839,3,2,0.1443,0.0234,3,0.1878,0.3231,0.0898,0.9455,0.2503,45.7,1315,0.4029,0.5142,0.0303,0.0526,0.6075,0.0283,0.0556,0.5242,0.5637,0.2823,0.9455,0.6443,0.7204,68.5
1811001,11917,0.1348,0.0401,13,5,0.1451,0.2101,5,0.1733,0.2863,0.1562,1.0,0.1797,34.2,2251,0.5053,0.1873,0.1313,0.1316,0.6121,0.2544,0.0926,0.4789,0.4929,0.5328,1.0,0.4625,0.5168,68.49
0209005,7810,0.1484,0.0967,3,0,0.1406,0.447,0,0.1232,0.2313,0.1564,0.7856,0.101,44.4,1513,0.5819,0.6097,0.0303,0.0,0.5859,0.5412,0.0,0.3224,0.3871,0.5336,0.7856,0.26,0.6973,68.48
3212002,8959,0.1548,0.0749,6,1,0.1161,0.1341,2,0.1575,0.1881,0.2213,0.8871,0.2027,41.1,1926,0.6179,0.447,0.0606,0.0263,0.4432,0.1623,0.037,0.4296,0.304,0.7785,0.8871,0.5218,0.6389,68.47
2419001,21312,0.1201,0.0913,13,3,0.1121,0.4032,9,0.1382,0.1818,0.138,1.0,0.1929,35.2,3436,0.4226,0.5694,0.1313,0.0789,0.4199,0.4881,0.1667,0.3693,0.2919,0.4642,1.0,0.4965,0.5345,68.46
1011006,18682,0.156,0.0737,11,3,0.1151,0.0,3,0.2145,0.183,0.1163,0.9633,0.2665,38.9,3238,0.6246,0.4381,0.1111,0.0789,0.4374,0.0,0.0556,0.6076,0.2942,0.3823,0.9633,0.686,0.6,68.45
2430005,7745,0.167,0.0681,6,1,0.1734,0.1539,0,0.1828,0.2072,0.1469,1.0,0.1017,37.4,1643,0.6866,0.3963,0.0606,0.0263,0.7769,0.1863,0.0,0.5086,0.3408,0.4977,1.0,0.2618,0.5735,68.45
1607002,8401,0.1382,0.0996,5,3,0.1222,0.1213,4,0.2162,0.2412,0.0954,0.9581,0.187,34.4,1326,0.5245,0.6313,0.0505,0.0789,0.4787,0.1469,0.0741,0.6129,0.4062,0.3034,0.9581,0.4813,0.5204,68.44
0804003,13467,0.1328,0.1065,7,3,0.0934,0.256,1,0.2093,0.2306,0.1108,0.8033,0.1764,41.6,2030,0.4941,0.6828,0.0707,0.0789,0.311,0.3099,0.0185,0.5914,0.3858,0.3615,0.8033,0.4541,0.6478,68.41
0607001,2917,0.1205,0.0936,2,1,0.1138,0.0843,1,0.2494,0.3245,0.1846,0.351,0.304,27.6,527,0.4249,0.5866,0.0202,0.0263,0.4298,0.1021,0.0185,0.7167,0.5663,0.64,0.351,0.7825,0.4,68.36
2401002,8720,0.1382,0.0776,4,0,0.1597,0.0,1,0.2489,0.2336,0.1103,1.0,0.1999,35.3,1538,0.5245,0.4672,0.0404,0.0,0.6971,0.0,0.0185,0.7151,0.3915,0.3596,1.0,0.5145,0.5363,68.36
2210004,23200,0.1391,0.0575,11,6,0.1489,0.0,5,0.112,0.2681,0.1632,1.0,0.2581,40.9,4515,0.5295,0.3172,0.1111,0.1579,0.6342,0.0,0.0926,0.2874,0.4579,0.5592,1.0,0.6644,0.6354,68.35
1805007,12989,0.1541,0.0677,10,1,0.0872,0.2417,9,0.2099,0.2566,0.12,0.9254,0.217,35.8,2131,0.614,0.3933,0.101,0.0263,0.2749,0.2926,0.1667,0.5933,0.4358,0.3962,0.9254,0.5586,0.5451,68.35
1212002,4141,0.1721,0.0726,2,1,0.1399,0.3516,0,0.1808,0.1975,0.1097,1.0,0.113,42.0,779,0.7153,0.4299,0.0202,0.0263,0.5818,0.4257,0.0,0.5023,0.3221,0.3574,1.0,0.2909,0.6549,68.35
1205006,5041,0.1463,0.047,3,1,0.1389,0.3889,2,0.1864,0.233,0.1321,1.0,0.1525,45.6,921,0.5701,0.2388,0.0303,0.0263,0.576,0.4708,0.037,0.5198,0.3904,0.4419,1.0,0.3925,0.7186,68.3
2435005,6714,0.1356,0.085,3,2,0.1648,0.4618,3,0.0966,0.1835,0.1045,0.8326,0.2366,42.3,1173,0.5098,0.5224,0.0303,0.0526,0.7268,0.5591,0.0556,0.2393,0.2952,0.3377,0.8326,0.609,0.6602,68.3
1806006,4260,0.1543,0.0711,6,0,0.1354,0.185,0,0.1976,0.2283,0.1124,1.0,0.2485,31.3,760,0.6151,0.4187,0.0606,0.0,0.5556,0.224,0.0,0.5548,0.3813,0.3675,1.0,0.6396,0.4655,68.3
1421004,2856,0.1511,0.0683,1,1,0.1075,0.301,0,0.228,0.3386,0.1867,0.3911,0.1963,35.0,560,0.5971,0.3978,0.0101,0.0263,0.3931,0.3644,0.0,0.6498,0.5935,0.6479,0.3911,0.5053,0.531,68.29
1011004,7799,0.142,0.0955,2,0,0.1451,0.2878,0,0.171,0.214,0.1375,0.9393,0.0952,46.0,1436,0.5459,0.6007,0.0202,0.0,0.6121,0.3484,0.0,0.4717,0.3538,0.4623,0.9393,0.245,0.7257,68.28
0607007,83255,0.0747,0.05,57,19,0.121,0.4764,19,0.1818,0.3082,0.0878,0.0,0.227,16.2,9946,0.1671,0.2612,0.5758,0.5,0.4718,0.5768,0.3519,0.5055,0.535,0.2747,0.0,0.5843,0.1982,68.26
1409001,13692,0.1383,0.0524,5,2,0.1425,0.2753,5,0.2008,0.3701,0.2068,0.4368,0.203,25.2,2863,0.525,0.2791,0.0505,0.0526,0.597,0.3333,0.0926,0.5648,0.654,0.7238,0.4368,0.5225,0.3575,68.26
2218005,3200,0.1577,0.0937,3,0,0.0937,0.2659,0,0.1406,0.36,0.1635,0.8176,0.1517,38.0,594,0.6342,0.5873,0.0303,0.0,0.3128,0.3219,0.0,0.3768,0.6346,0.5604,0.8176,0.3905,0.5841,68.24
2415002,8177,0.1421,0.1105,3,3,0.1262,0.1977,1,0.2003,0.2664,0.0672,0.9393,0.0953,45.1,1226,0.5464,0.7127,0.0303,0.0789,0.502,0.2393,0.0185,0.5633,0.4546,0.197,0.9393,0.2453,0.7097,68.22
1216005,3942,0.1437,0.072,2,0,0.1777,0.2923,1,0.0766,0.2044,0.1459,0.9995,0.3003,34.3,788,0.5554,0.4254,0.0202,0.0,0.802,0.3539,0.0185,0.1768,0.3354,0.494,0.9995,0.773,0.5186,68.22
3030005,12478,0.1477,0.0597,8,4,0.1728,0.1902,3,0.115,0.2062,0.1505,1.0,0.1853,42.1,2531,0.5779,0.3336,0.0808,0.1053,0.7734,0.2303,0.0556,0.2968,0.3388,0.5113,1.0,0.477,0.6566,68.22
2421005,17308,0.1637,0.0801,16,4,0.1013,0.1662,6,0.1542,0.2821,0.085,0.8323,0.1943,42.8,2780,0.668,0.4858,0.1616,0.1053,0.357,0.2012,0.1111,0.4192,0.4848,0.2642,0.8323,0.5001,0.669,68.22
3206006,11515,0.0585,0.1154,7,6,0.1193,0.1107,5,0.128,0.3532,0.1871,0.9755,0.1802,40.2,1726,0.076,0.7493,0.0707,0.1579,0.4619,0.134,0.0926,0.3374,0.6215,0.6494,0.9755,0.4638,0.623,68.2
0813002,4775,0.1911,0.0828,7,1,0.1062,0.2838,1,0.1475,0.2509,0.0722,1.0,0.1751,39.5,825,0.8222,0.506,0.0707,0.0263,0.3856,0.3436,0.0185,0.3983,0.4248,0.2158,1.0,0.4507,0.6106,68.2
1215003,6138,0.1687,0.0932,3,0,0.0987,0.3798,1,0.1171,0.2098,0.1429,1.0,0.2447,29.9,1135,0.6961,0.5836,0.0303,0.0,0.3419,0.4598,0.0185,0.3033,0.3458,0.4826,1.0,0.6299,0.4407,68.19
1217002,19644,0.1313,0.1023,12,3,0.1443,0.0424,7,0.1659,0.172,0.1367,0.8574,0.2204,36.5,3499,0.4856,0.6515,0.1212,0.0789,0.6075,0.0513,0.1296,0.4558,0.2731,0.4592,0.8574,0.5673,0.5575,68.15
1611002,13765,0.0853,0.0834,14,3,0.1217,0.2403,8,0.1786,0.2678,0.1293,1.0,0.1942,41.6,1961,0.2268,0.5104,0.1414,0.0789,0.4758,0.2909,0.1481,0.4955,0.4573,0.4313,1.0,0.4999,0.6478,68.15
0807006,5365,0.1344,0.0701,7,1,0.129,0.1749,1,0.1389,0.2035,0.1397,1.0,0.2566,51.6,946,0.5031,0.4112,0.0707,0.0263,0.5183,0.2117,0.0185,0.3714,0.3337,0.4706,1.0,0.6605,0.8248,68.15
0417006,10253,0.1393,0.0699,8,2,0.1542,0.3435,2,0.1641,0.2064,0.1752,0.9519,0.0953,36.4,2067,0.5307,0.4097,0.0808,0.0526,0.6651,0.4159,0.037,0.4502,0.3392,0.6045,0.9519,0.2453,0.5558,68.14
3214006,9581,0.1309,0.0823,5,1,0.077,0.435,5,0.1053,0.3626,0.1052,0.9485,0.2307,46.7,1357,0.4834,0.5022,0.0505,0.0263,0.2155,0.5266,0.0926,0.2665,0.6396,0.3404,0.9485,0.5938,0.7381,68.1
1809004,2718,0.1406,0.0813,0,0,0.1692,0.1361,1,0.201,0.2217,0.1345,0.7258,0.2186,39.5,517,0.538,0.4948,0.0,0.0,0.7525,0.1648,0.0185,0.5654,0.3687,0.4509,0.7258,0.5627,0.6106,68.09
1001006,8828,0.1655,0.0864,8,2,0.1295,0.3186,2,0.1094,0.1919,0.0905,1.0,0.1953,44.2,1533,0.6781,0.5328,0.0808,0.0526,0.5213,0.3857,0.037,0.2793,0.3113,0.2849,1.0,0.5027,0.6938,68.05
1021005,2796,0.1275,0.0899,0,1,0.1766,0.3556,0,0.1411,0.1458,0.1567,0.9974,0.1902,32.1,545,0.4643,0.559,0.0,0.0263,0.7956,0.4305,0.0,0.3783,0.2227,0.5347,0.9974,0.4896,0.4796,68.03
3032002,11158,0.1444,0.0831,4,1,0.1,0.3023,3,0.1328,0.2282,0.1441,1.0,0.2027,47.4,1924,0.5594,0.5082,0.0404,0.0263,0.3494,0.366,0.0556,0.3524,0.3812,0.4872,1.0,0.5218,0.7504,68.03
1212004,4472,0.1811,0.088,1,0,0.0941,0.194,0,0.2127,0.1474,0.1335,0.9918,0.1919,39.0,832,0.7659,0.5448,0.0101,0.0,0.3151,0.2349,0.0,0.602,0.2258,0.4472,0.9918,0.494,0.6018,68.02
3201003,19071,0.1658,0.0871,6,3,0.0922,0.0,6,0.156,0.2594,0.2039,1.0,0.1161,43.2,3918,0.6798,0.5381,0.0606,0.0789,0.304,0.0,0.1111,0.4249,0.4412,0.7128,1.0,0.2988,0.6761,68.01
3214004,4960,0.1845,0.0809,8,0,0.1171,0.1606,1,0.1931,0.2972,0.0709,1.0,0.1472,34.9,855,0.785,0.4918,0.0808,0.0,0.449,0.1944,0.0185,0.5408,0.5138,0.2109,1.0,0.3789,0.5292,68.0
0401002,17747,0.1159,0.0796,14,1,0.1298,0.3199,4,0.1769,0.197,0.1205,1.0,0.1866,39.9,2807,0.399,0.4821,0.1414,0.0263,0.523,0.3873,0.0741,0.4902,0.3212,0.3981,1.0,0.4803,0.6177,68.0
0414007,6930,0.1542,0.0621,8,1,0.1409,0.5373,4,0.1172,0.2396,0.1173,0.8439,0.165,40.3,1263,0.6145,0.3515,0.0808,0.0263,0.5877,0.6505,0.0741,0.3037,0.4031,0.386,0.8439,0.4247,0.6248,68.0
0416001,8944,0.1599,0.0849,7,1,0.147,0.3257,3,0.086,0.2173,0.0668,1.0,0.2348,44.6,1493,0.6466,0.5216,0.0707,0.0263,0.6232,0.3943,0.0556,0.2062,0.3602,0.1955,1.0,0.6044,0.7009,67.98
1010002,15527,0.1595,0.0942,8,1,0.1146,0.1892,7,0.139,0.2642,0.1539,1.0,0.1529,29.6,2949,0.6443,0.591,0.0808,0.0263,0.4345,0.2291,0.1296,0.3718,0.4504,0.5242,1.0,0.3936,0.4354,67.94
2006004,10381,0.1429,0.0982,9,0,0.0998,0.3627,3,0.1781,0.4204,0.1195,0.256,0.2023,33.5,1683,0.5509,0.6209,0.0909,0.0,0.3483,0.4391,0.0556,0.4939,0.7508,0.3943,0.256,0.5207,0.5044,67.92
0805004,3490,0.1417,0.0844,2,1,0.1043,0.329,0,0.136,0.2176,0.2343,0.9983,0.1489,34.9,729,0.5442,0.5179,0.0202,0.0263,0.3745,0.3983,0.0,0.3624,0.3608,0.8275,0.9983,0.3833,0.5292,67.9
1427001,5038,0.1325,0.0501,3,3,0.1453,0.3593,1,0.2278,0.323,0.1642,0.3629,0.1676,41.1,960,0.4924,0.2619,0.0303,0.0789,0.6133,0.435,0.0185,0.6492,0.5635,0.563,0.3629,0.4314,0.6389,67.9
3009003,8783,0.161,0.0787,9,1,0.141,0.0551,4,0.1228,0.209,0.1861,0.9162,0.1709,44.8,1874,0.6528,0.4754,0.0909,0.0263,0.5882,0.0667,0.0741,0.3211,0.3442,0.6457,0.9162,0.4399,0.7044,67.89
3208006,3376,0.1094,0.1238,2,0,0.1438,0.4168,0,0.1041,0.3021,0.1015,0.8794,0.1868,34.8,512,0.3624,0.8119,0.0202,0.0,0.6045,0.5046,0.0,0.2627,0.5233,0.3264,0.8794,0.4808,0.5274,67.89
1218003,7918,0.1463,0.0753,5,2,0.0944,0.3281,3,0.1539,0.2265,0.1293,1.0,0.2009,45.9,1315,0.5701,0.45,0.0505,0.0526,0.3168,0.3972,0.0556,0.4183,0.3779,0.4313,1.0,0.5171,0.7239,67.87
1003002,4917,0.1411,0.1102,1,4,0.1156,0.2637,2,0.1302,0.1915,0.0733,1.0,0.2434,43.0,729,0.5408,0.7104,0.0101,0.1053,0.4403,0.3192,0.037,0.3443,0.3106,0.22,1.0,0.6265,0.6726,67.86
3032001,5800,0.1309,0.1039,3,0,0.1216,0.0,0,0.2124,0.28,0.1489,1.0,0.18,33.6,1012,0.4834,0.6634,0.0303,0.0,0.4752,0.0,0.0,0.6011,0.4808,0.5053,1.0,0.4633,0.5062,67.86
3033003,3738,0.1288,0.0582,3,0,0.1428,0.1755,2,0.2263,0.235,0.1644,0.9381,0.2118,35.6,700,0.4716,0.3224,0.0303,0.0,0.5987,0.2125,0.037,0.6445,0.3942,0.5638,0.9381,0.5452,0.5416,67.86
0804005,2383,0.1357,0.0976,1,0,0.1545,0.3499,0,0.0661,0.2708,0.0981,0.9897,0.2086,47.3,401,0.5104,0.6164,0.0101,0.0,0.6669,0.4236,0.0,0.144,0.4631,0.3136,0.9897,0.5369,0.7487,67.83
0219007,3560,0.1485,0.0556,4,0,0.124,0.1664,0,0.201,0.1819,0.2013,0.9481,0.1915,44.3,735,0.5824,0.303,0.0404,0.0,0.4892,0.2015,0.0,0.5654,0.2921,0.703,0.9481,0.4929,0.6956,67.82
3216006,11059,0.1388,0.0813,8,1,0.1215,0.0691,2,0.2171,0.2232,0.1236,1.0,0.1718,44.1,1870,0.5279,0.4948,0.0808,0.0263,0.4747,0.0837,0.037,0.6157,0.3715,0.4098,1.0,0.4422,0.692,67.79
0228006,28153,0.1236,0.0884,18,6,0.1164,0.3956,3,0.1341,0.1664,0.1276,1.0,0.1474,37.1,4521,0.4423,0.5478,0.1818,0.1579,0.445,0.4789,0.0556,0.3565,0.2623,0.4249,1.0,0.3794,0.5681,67.77
0226006,6359,0.1475,0.0676,3,1,0.1743,0.0667,2,0.1944,0.2547,0.148,0.9021,0.1813,32.6,1284,0.5768,0.3925,0.0303,0.0263,0.7822,0.0808,0.037,0.5448,0.4321,0.5019,0.9021,0.4667,0.4885,67.77
1002004,6333,0.203,0.0997,3,1,0.1245,0.1006,2,0.1421,0.1672,0.1353,0.8514,0.124,45.9,1329,0.8891,0.6321,0.0303,0.0263,0.4921,0.1218,0.037,0.3814,0.2638,0.454,0.8514,0.3192,0.7239,67.76
2412002,6368,0.1276,0.0868,6,1,0.2029,0.0,1,0.1896,0.1971,0.1027,1.0,0.2089,33.1,1167,0.4648,0.5358,0.0606,0.0263,0.9487,0.0,0.0185,0.5298,0.3213,0.3309,1.0,0.5377,0.4973,67.73
0808006,3736,0.1465,0.0907,4,1,0.1243,0.1057,0,0.2307,0.1733,0.1037,1.0,0.2371,32.9,623,0.5712,0.5649,0.0404,0.0263,0.491,0.128,0.0,0.6582,0.2756,0.3347,1.0,0.6103,0.4938,67.71
0801002,26121,0.1419,0.0839,13,2,0.1041,0.0174,7,0.0983,0.3394,0.1636,0.9974,0.2492,35.7,4714,0.5453,0.5142,0.1313,0.0526,0.3733,0.0211,0.1296,0.2446,0.595,0.5608,0.9974,0.6414,0.5434,67.71
1608004,2641,0.1622,0.0814,0,0,0.1431,0.0,1,0.1637,0.2452,0.1009,0.9235,0.2496,48.5,474,0.6595,0.4955,0.0,0.0,0.6005,0.0,0.0185,0.4489,0.4138,0.3242,0.9235,0.6425,0.7699,67.69
2610001,11772,0.1086,0.0958,5,1,0.1351,0.0,3,0.1367,0.4176,0.1642,1.0,0.1696,36.7,2038,0.3579,0.603,0.0505,0.0263,0.5539,0.0,0.0556,0.3646,0.7454,0.563,1.0,0.4366,0.5611,67.68
1002003,6891,0.1289,0.1068,2,2,0.1257,0.4131,4,0.1668,0.136,0.1592,0.7856,0.1487,38.6,1234,0.4721,0.6851,0.0202,0.0526,0.4991,0.5001,0.0741,0.4586,0.2038,0.5442,0.7856,0.3828,0.5947,67.68
1608002,17313,0.099,0.1024,15,1,0.1288,0.2323,5,0.1885,0.2899,0.1315,0.9054,0.132,32.5,2649,0.3039,0.6522,0.1515,0.0263,0.5172,0.2812,0.0926,0.5264,0.4998,0.4396,0.9054,0.3398,0.4867,67.66
1608003,15526,0.145,0.0518,11,4,0.1645,0.303,5,0.0712,0.3757,0.1347,1.0,0.0965,42.4,2983,0.5627,0.2746,0.1111,0.1053,0.7251,0.3668,0.0926,0.16,0.6648,0.4517,1.0,0.2484,0.6619,67.66
1610005,13007,0.1393,0.0611,5,3,0.11,0.3024,1,0.1988,0.1472,0.1564,0.9301,0.1757,51.5,2319,0.5307,0.344,0.0505,0.0789,0.4077,0.3661,0.0185,0.5586,0.2254,0.5336,0.9301,0.4523,0.823,67.65
0418002,3650,0.1389,0.1146,1,0,0.1142,0.4423,2,0.1403,0.1878,0.1017,0.89,0.2083,36.4,574,0.5284,0.7433,0.0101,0.0,0.4321,0.5355,0.037,0.3758,0.3035,0.3272,0.89,0.5362,0.5558,67.65
0219003,21013,0.1423,0.0666,17,3,0.1156,0.2734,4,0.1764,0.3164,0.1003,0.9596,0.1517,32.2,3357,0.5476,0.3851,0.1717,0.0789,0.4403,0.331,0.0741,0.4886,0.5508,0.3219,0.9596,0.3905,0.4814,67.64
1221004,14233,0.1165,0.0766,9,2,0.1449,0.486,7,0.1361,0.2431,0.1311,0.5947,0.2145,39.3,2391,0.4024,0.4597,0.0909,0.0526,0.6109,0.5884,0.1296,0.3627,0.4098,0.4381,0.5947,0.5521,0.6071,67.63
2407005,3622,0.1689,0.0996,0,2,0.1303,0.256,2,0.0407,0.2466,0.1564,1.0,0.2191,36.2,730,0.6972,0.6313,0.0,0.0526,0.5259,0.3099,0.037,0.0647,0.4165,0.5336,1.0,0.564,0.5522,67.6
1014002,8124,0.0864,0.0725,6,4,0.1285,0.0,1,0.1973,0.2813,0.1723,1.0,0.1697,57.6,1321,0.233,0.4291,0.0606,0.1053,0.5154,0.0,0.0185,0.5539,0.4833,0.5936,1.0,0.4368,0.931,67.59
1012001,19255,0.1693,0.0705,16,4,0.1379,0.3272,2,0.0825,0.2677,0.0725,1.0,0.1534,42.4,3300,0.6995,0.4142,0.1616,0.1053,0.5702,0.3961,0.037,0.1953,0.4571,0.217,1.0,0.3949,0.6619,67.59
1817005,45984,0.1267,0.0592,22,11,0.105,0.391,10,0.1172,0.1538,0.1168,1.0,0.1665,45.1,7075,0.4598,0.3299,0.2222,0.2895,0.3786,0.4734,0.1852,0.3037,0.2381,0.3842,1.0,0.4286,0.7097,67.57
2424004,10670,0.145,0.0916,7,3,0.1451,0.2757,2,0.1018,0.2258,0.1802,0.8221,0.1847,30.3,2171,0.5627,0.5716,0.0707,0.0789,0.6121,0.3338,0.037,0.2555,0.3765,0.6234,0.8221,0.4754,0.4478,67.56
2413002,4895,0.127,0.072,8,3,0.1498,0.0638,1,0.1841,0.2184,0.1308,1.0,0.1638,49.8,865,0.4615,0.4254,0.0808,0.0789,0.6395,0.0772,0.0185,0.5127,0.3623,0.437,1.0,0.4216,0.7929,67.56
1201002,6985,0.1582,0.0716,6,1,0.1434,0.3452,3,0.1459,0.2286,0.1109,0.9921,0.1773,33.0,1275,0.637,0.4224,0.0606,0.0263,0.6022,0.4179,0.0556,0.3933,0.3819,0.3619,0.9921,0.4564,0.4956,67.56
0806004,4000,0.1396,0.0719,2,1,0.1313,0.2513,2,0.1402,0.287,0.1166,0.9327,0.2973,32.6,680,0.5324,0.4246,0.0202,0.0263,0.5317,0.3042,0.037,0.3755,0.4942,0.3834,0.9327,0.7653,0.4885,67.55
2205003,9046,0.1411,0.0798,3,1,0.1418,0.3629,0,0.2166,0.2498,0.1191,1.0,0.0866,29.8,1585,0.5408,0.4836,0.0303,0.0263,0.5929,0.4393,0.0,0.6142,0.4227,0.3928,1.0,0.2229,0.4389,67.54
1427003,18724,0.1293,0.0874,14,4,0.1266,0.4994,6,0.1899,0.2981,0.0976,0.3697,0.2141,20.7,2910,0.4744,0.5403,0.1414,0.1053,0.5044,0.6046,0.1111,0.5308,0.5156,0.3117,0.3697,0.5511,0.2779,67.53
1433007,6920,0.1279,0.0541,2,2,0.0986,0.186,2,0.1967,0.3729,0.1661,0.8347,0.2518,36.6,1189,0.4665,0.2918,0.0202,0.0526,0.3413,0.2252,0.037,0.552,0.6594,0.5702,0.8347,0.6481,0.5593,67.53
2213002,9083,0.1679,0.0948,6,1,0.2117,0.023,0,0.1298,0.1705,0.0931,0.987,0.2138,26.8,1857,0.6916,0.5955,0.0606,0.0263,1.0,0.0278,0.0,0.343,0.2702,0.2947,0.987,0.5503,0.3858,67.52
2422002,12439,0.1339,0.0662,10,2,0.0762,0.4243,3,0.1502,0.2293,0.1685,1.0,0.2059,39.9,2098,0.5003,0.3821,0.101,0.0526,0.2108,0.5137,0.0556,0.4067,0.3833,0.5792,1.0,0.53,0.6177,67.52
0217003,2637,0.1413,0.0961,2,0,0.0939,0.3359,0,0.1824,0.1641,0.1927,1.0,0.1756,31.5,496,0.5419,0.6052,0.0202,0.0,0.3139,0.4067,0.0,0.5073,0.2579,0.6706,1.0,0.452,0.469,67.51
3025001,10753,0.1417,0.0975,8,0,0.0937,0.0162,3,0.1946,0.2055,0.1248,0.9582,0.2884,38.5,1735,0.5442,0.6157,0.0808,0.0,0.3128,0.0196,0.0556,0.5455,0.3375,0.4143,0.9582,0.7423,0.5929,67.51
1820006,2999,0.1652,0.0815,2,1,0.1015,0.1599,0,0.1673,0.2666,0.1231,0.9077,0.2113,43.5,529,0.6764,0.4963,0.0202,0.0263,0.3582,0.1936,0.0,0.4602,0.455,0.4079,0.9077,0.5439,0.6814,67.46
2207002,22881,0.1232,0.0806,12,3,0.1627,0.4096,12,0.1284,0.1604,0.1248,1.0,0.1494,30.7,4010,0.4401,0.4896,0.1212,0.0789,0.7146,0.4959,0.2222,0.3386,0.2508,0.4143,1.0,0.3846,0.4549,67.43
1014004,4095,0.1569,0.0706,0,1,0.1094,0.282,0,0.1226,0.1795,0.1483,1.0,0.2975,42.7,754,0.6297,0.4149,0.0,0.0263,0.4042,0.3414,0.0,0.3205,0.2875,0.503,1.0,0.7658,0.6673,67.42
0205001,12696,0.1324,0.0784,7,4,0.0992,0.2614,3,0.2109,0.2598,0.1439,0.7863,0.1741,36.4,2107,0.4918,0.4731,0.0707,0.1053,0.3448,0.3165,0.0556,0.5964,0.4419,0.4864,0.7863,0.4481,0.5558,67.42
2011006,1881,0.1557,0.0879,0,0,0.1429,0.5186,1,0.1614,0.3349,0.1683,0.4058,0.1609,17.1,381,0.623,0.544,0.0,0.0,0.5993,0.6278,0.0185,0.4417,0.5863,0.5785,0.4058,0.4142,0.2142,67.4
1013006,6350,0.1625,0.0945,6,0,0.1356,0.1481,3,0.1645,0.1971,0.0582,1.0,0.1784,48.1,1022,0.6612,0.5933,0.0606,0.0,0.5568,0.1793,0.0556,0.4514,0.3213,0.163,1.0,0.4592,0.7628,67.38
1015006,4992,0.1246,0.0984,8,2,0.1118,0.2056,0,0.1835,0.2434,0.0892,0.9989,0.1533,48.2,725,0.4479,0.6224,0.0808,0.0526,0.4182,0.2489,0.0,0.5108,0.4104,0.28,0.9989,0.3946,0.7646,67.35
1608001,2590,0.1383,0.0667,2,2,0.1353,0.2712,1,0.144,0.2702,0.1615,1.0,0.1315,45.4,490,0.525,0.3858,0.0202,0.0526,0.555,0.3283,0.0185,0.3874,0.4619,0.5528,1.0,0.3385,0.715,67.32
2202006,17149,0.1225,0.0767,8,2,0.1308,0.22,3,0.1922,0.2236,0.086,0.8941,0.2539,41.4,2540,0.4361,0.4604,0.0808,0.0526,0.5288,0.2663,0.0556,0.538,0.3723,0.2679,0.8941,0.6535,0.6442,67.3
3018004,19388,0.1867,0.0711,13,2,0.1746,0.4099,2,0.1415,0.1426,0.1076,0.527,0.1503,35.0,4025,0.7974,0.4187,0.1313,0.0526,0.7839,0.4962,0.037,0.3796,0.2165,0.3494,0.527,0.3869,0.531,67.28
3003005,8138,0.0907,0.0686,8,0,0.1405,0.2711,2,0.1975,0.3264,0.114,1.0,0.157,45.7,1185,0.2572,0.4,0.0808,0.0,0.5853,0.3282,0.037,0.5545,0.57,0.3736,1.0,0.4041,0.7204,67.28
2427001,4591,0.0816,0.1032,2,0,0.1612,0.2668,1,0.1846,0.2075,0.1,1.0,0.1998,44.5,650,0.206,0.6582,0.0202,0.0,0.7059,0.323,0.0185,0.5142,0.3413,0.3208,1.0,0.5143,0.6991,67.28
3017004,12722,0.1564,0.055,5,4,0.1367,0.3495,4,0.1186,0.3213,0.0909,1.0,0.1958,35.1,2174,0.6269,0.2985,0.0505,0.1053,0.5632,0.4231,0.0741,0.308,0.5602,0.2864,1.0,0.504,0.5327,67.26
1817001,7766,0.1343,0.0969,5,0,0.1878,0.3334,1,0.1761,0.0573,0.166,0.8474,0.1541,28.2,1604,0.5025,0.6112,0.0505,0.0,0.8608,0.4036,0.0185,0.4877,0.0525,0.5698,0.8474,0.3967,0.4106,67.23
1218004,10541,0.1263,0.0893,4,1,0.1433,0.3668,3,0.1606,0.2475,0.1173,0.8856,0.1292,40.2,1760,0.4575,0.5545,0.0404,0.0263,0.6016,0.4441,0.0556,0.4392,0.4183,0.386,0.8856,0.3326,0.623,67.21
1209005,9870,0.132,0.1228,7,2,0.1041,0.0,2,0.1462,0.3211,0.1564,1.0,0.0972,40.4,1702,0.4896,0.8045,0.0707,0.0526,0.3733,0.0,0.037,0.3943,0.5598,0.5336,1.0,0.2502,0.6265,67.18
2436006,9542,0.1124,0.0912,8,3,0.1309,0.2885,3,0.0336,0.2672,0.2256,1.0,0.2054,36.1,1899,0.3793,0.5687,0.0808,0.0789,0.5294,0.3493,0.0556,0.0425,0.4562,0.7947,1.0,0.5287,0.5504,67.18
1416003,6729,0.119,0.0957,3,0,0.1375,0.1437,1,0.1952,0.2649,0.1123,0.9196,0.2373,32.6,1069,0.4164,0.6022,0.0303,0.0,0.5679,0.174,0.0185,0.5473,0.4517,0.3672,0.9196,0.6108,0.4885,67.15
2612005,18265,0.1329,0.081,14,1,0.1356,0.1788,8,0.1271,0.2252,0.1071,0.8998,0.3001,32.4,2999,0.4947,0.4925,0.1414,0.0263,0.5568,0.2165,0.1481,0.3346,0.3754,0.3475,0.8998,0.7725,0.485,67.13
1422006,5351,0.1479,0.0614,3,1,0.1365,0.1895,2,0.2167,0.3455,0.1759,0.429,0.1837,34.2,1071,0.5791,0.3463,0.0303,0.0263,0.562,0.2294,0.037,0.6145,0.6067,0.6072,0.429,0.4728,0.5168,67.11
1001005,6153,0.1298,0.0896,2,1,0.1341,0.3075,0,0.1316,0.2274,0.1713,0.949,0.1911,34.1,1152,0.4772,0.5567,0.0202,0.0263,0.548,0.3723,0.0,0.3486,0.3796,0.5898,0.949,0.4919,0.515,67.11
2419004,11233,0.1778,0.0991,4,2,0.1039,0.1841,5,0.0835,0.2783,0.1063,1.0,0.1876,40.9,1990,0.7473,0.6276,0.0404,0.0526,0.3722,0.2229,0.0926,0.1984,0.4775,0.3445,1.0,0.4829,0.6354,67.11
1011001,13182,0.0959,0.0719,11,2,0.1457,0.2319,6,0.2105,0.1787,0.1924,0.8768,0.0885,47.6,2394,0.2864,0.4246,0.1111,0.0526,0.6156,0.2808,0.1111,0.5951,0.286,0.6694,0.8768,0.2278,0.754,67.09
3218002,23605,0.1015,0.0784,13,6,0.0972,0.3886,8,0.1597,0.2589,0.1678,1.0,0.0961,37.9,3724,0.318,0.4731,0.1313,0.1579,0.3331,0.4705,0.1481,0.4364,0.4402,0.5766,1.0,0.2474,0.5823,67.07
0216004,6911,0.1578,0.0689,4,1,0.1117,0.2649,1,0.1856,0.1942,0.2101,0.9869,0.1314,31.1,1455,0.6348,0.4022,0.0404,0.0263,0.4176,0.3207,0.0185,0.5173,0.3158,0.7362,0.9869,0.3382,0.4619,67.07
3035001,6493,0.1568,0.0704,5,0,0.1342,0.0477,0,0.1424,0.2447,0.1796,0.8649,0.2488,39.4,1336,0.6292,0.4134,0.0505,0.0,0.5486,0.0577,0.0,0.3824,0.4129,0.6211,0.8649,0.6404,0.6088,67.06
0219004,5504,0.1251,0.0815,1,2,0.1075,0.4703,3,0.1845,0.2512,0.1182,0.7569,0.2164,35.4,849,0.4508,0.4963,0.0101,0.0526,0.3931,0.5694,0.0556,0.5139,0.4254,0.3894,0.7569,0.557,0.5381,67.06
3029005,15413,0.1223,0.0993,12,1,0.129,0.2506,4,0.1044,0.2602,0.1467,0.8532,0.1799,41.0,2650,0.435,0.6291,0.1212,0.0263,0.5183,0.3034,0.0741,0.2637,0.4427,0.497,0.8532,0.4631,0.6372,67.05
2205002,5271,0.1898,0.0988,3,0,0.1155,0.1237,2,0.1864,0.1827,0.0977,1.0,0.1537,34.8,972,0.8149,0.6254,0.0303,0.0,0.4397,0.1498,0.037,0.5198,0.2937,0.3121,1.0,0.3956,0.5274,67.05
2215006,8729,0.1644,0.0537,9,3,0.0657,0.5282,2,0.1713,0.269,0.1324,1.0,0.1266,37.1,1464,0.6719,0.2888,0.0909,0.0789,0.1497,0.6395,0.037,0.4727,0.4596,0.443,1.0,0.3259,0.5681,67.03
1607001,11569,0.1178,0.0866,4,5,0.0857,0.4247,0,0.1905,0.1783,0.1444,0.9207,0.1804,40.5,1773,0.4097,0.5343,0.0404,0.1316,0.2662,0.5142,0.0,0.5326,0.2852,0.4883,0.9207,0.4644,0.6283,67.02
1006001,8659,0.126,0.0788,5,0,0.1317,0.4814,3,0.142,0.143,0.1207,1.0,0.2552,34.4,1422,0.4558,0.4761,0.0505,0.0,0.5341,0.5828,0.0556,0.3811,0.2173,0.3989,1.0,0.6569,0.5204,67.01
1201006,9926,0.1282,0.0574,7,8,0.1422,0.186,7,0.1636,0.2744,0.1131,0.9907,0.2111,30.9,1657,0.4682,0.3164,0.0707,0.2105,0.5952,0.2252,0.1296,0.4486,0.47,0.3702,0.9907,0.5434,0.4584,66.98
0811005,6252,0.1489,0.0661,3,0,0.1202,0.1618,2,0.1511,0.2704,0.1665,1.0,0.1667,46.5,1194,0.5847,0.3813,0.0303,0.0,0.4671,0.1959,0.037,0.4096,0.4623,0.5717,1.0,0.4291,0.7345,66.97
0206001,10317,0.1186,0.0941,8,3,0.1323,0.3333,5,0.1679,0.2204,0.1462,0.9908,0.1071,30.6,1765,0.4142,0.5903,0.0808,0.0789,0.5376,0.4035,0.0926,0.462,0.3662,0.4951,0.9908,0.2757,0.4531,66.96
2614005,3204,0.1351,0.1035,6,0,0.1317,0.2931,1,0.1525,0.3113,0.0877,0.703,0.1573,42.3,504,0.507,0.6604,0.0606,0.0,0.5341,0.3548,0.0185,0.4139,0.541,0.2743,0.703,0.4049,0.6602,66.96
3207005,6554,0.1388,0.0639,6,2,0.1323,0.0887,3,0.1931,0.2299,0.1056,1.0,0.2283,44.7,1088,0.5279,0.3649,0.0606,0.0526,0.5376,0.1074,0.0556,0.5408,0.3844,0.3419,1.0,0.5876,0.7027,66.94
1431005,5300,0.1091,0.0541,1,2,0.1119,0.5571,2,0.2732,0.2873,0.1153,0.4473,0.2441,31.9,773,0.3607,0.2918,0.0101,0.0526,0.4188,0.6745,0.037,0.791,0.4948,0.3785,0.4473,0.6283,0.4761,66.89
0813006,22459,0.1143,0.0669,9,5,0.1547,0.3314,8,0.1688,0.2488,0.1072,1.0,0.1556,30.5,3604,0.39,0.3873,0.0909,0.1316,0.668,0.4012,0.1481,0.4649,0.4208,0.3479,1.0,0.4005,0.4513,66.89
0405005,8608,0.1479,0.0934,5,1,0.1597,0.0,6,0.1443,0.2357,0.1399,0.8437,0.2104,35.1,1669,0.5791,0.5851,0.0505,0.0263,0.6971,0.0,0.1111,0.3883,0.3956,0.4713,0.8437,0.5416,0.5327,66.88
1605006,5935,0.1401,0.0755,3,2,0.0968,0.2041,2,0.2146,0.3366,0.0862,1.0,0.1764,37.0,868,0.5352,0.4515,0.0303,0.0526,0.3308,0.2471,0.037,0.6079,0.5896,0.2687,1.0,0.4541,0.5664,66.85
1825006,6623,0.149,0.101,5,1,0.1656,0.1728,1,0.1502,0.1836,0.1212,1.0,0.1357,32.2,1253,0.5853,0.6418,0.0505,0.0263,0.7315,0.2092,0.0185,0.4067,0.2954,0.4008,1.0,0.3493,0.4814,66.85
0206005,19742,0.1527,0.0807,9,6,0.0956,0.0506,4,0.1678,0.2098,0.1585,1.0,0.1868,37.2,3585,0.6061,0.4903,0.0909,0.1579,0.3238,0.0613,0.0741,0.4617,0.3458,0.5415,1.0,0.4808,0.5699,66.85
1808005,17401,0.1556,0.0806,7,1,0.1231,0.0,1,0.2227,0.1581,0.1729,0.9785,0.2103,28.3,3450,0.6224,0.4896,0.0707,0.0263,0.484,0.0,0.0185,0.6332,0.2463,0.5958,0.9785,0.5413,0.4124,66.81
2605004,4265,0.1459,0.0897,3,0,0.1023,0.0,0,0.2024,0.2972,0.1399,1.0,0.1987,36.6,736,0.5678,0.5575,0.0303,0.0,0.3628,0.0,0.0,0.5698,0.5138,0.4713,1.0,0.5115,0.5593,66.81
1004003,10553,0.1156,0.0844,11,2,0.1147,0.4052,1,0.1868,0.2032,0.158,0.9681,0.1989,19.5,1774,0.3973,0.5179,0.1111,0.0526,0.4351,0.4906,0.0185,0.5211,0.3331,0.5396,0.9681,0.512,0.2566,66.81
2003005,25868,0.1404,0.0785,15,7,0.0869,0.2218,5,0.1984,0.3348,0.2036,0.3327,0.144,27.8,4912,0.5369,0.4739,0.1515,0.1842,0.2732,0.2685,0.0926,0.5573,0.5862,0.7117,0.3327,0.3707,0.4035,66.79
1021004,3815,0.1207,0.0634,5,0,0.1245,0.1761,1,0.2684,0.2045,0.1445,1.0,0.159,39.2,645,0.426,0.3612,0.0505,0.0,0.4921,0.2132,0.0185,0.776,0.3356,0.4887,1.0,0.4093,0.6053,66.78
1208002,10750,0.1936,0.059,6,3,0.1256,0.1022,2,0.0758,0.2967,0.1306,0.8722,0.2708,38.3,2187,0.8362,0.3284,0.0606,0.0789,0.4985,0.1237,0.037,0.1743,0.5129,0.4362,0.8722,0.697,0.5894,66.78
1410001,5413,0.1263,0.0841,7,0,0.1304,0.1969,1,0.1676,0.3005,0.1337,0.993,0.2001,29.0,919,0.4575,0.5157,0.0707,0.0,0.5265,0.2384,0.0185,0.4611,0.5202,0.4479,0.993,0.5151,0.4248,66.77
0205003,9319,0.1336,0.078,6,5,0.1356,0.2061,3,0.2209,0.2638,0.0375,0.8507,0.2132,35.4,1277,0.4986,0.4701,0.0606,0.1316,0.5568,0.2495,0.0556,0.6276,0.4496,0.0849,0.8507,0.5488,0.5381,66.77
2209005,3814,0.146,0.0817,2,1,0.1149,0.0659,2,0.1529,0.3198,0.1228,1.0,0.1786,47.1,649,0.5684,0.4978,0.0202,0.0263,0.4362,0.0798,0.037,0.4152,0.5573,0.4068,1.0,0.4597,0.7451,66.75
1425005,11208,0.1453,0.071,7,0,0.1507,0.2052,0,0.1942,0.4316,0.118,0.4188,0.1852,28.9,2022,0.5644,0.4179,0.0707,0.0,0.6447,0.2484,0.0,0.5442,0.7723,0.3887,0.4188,0.4767,0.423,66.75
2418001,5639,0.1558,0.105,2,2,0.1328,0.0,4,0.1548,0.1941,0.1452,1.0,0.146,40.9,1076,0.6235,0.6716,0.0202,0.0526,0.5405,0.0,0.0741,0.4211,0.3156,0.4913,1.0,0.3758,0.6354,66.74
0405004,3406,0.1127,0.075,0,0,0.1299,0.3099,0,0.1998,0.2217,0.1266,1.0,0.2014,42.5,538,0.381,0.4478,0.0,0.0,0.5236,0.3752,0.0,0.5617,0.3687,0.4211,1.0,0.5184,0.6637,66.73
0814001,10352,0.1286,0.0876,8,0,0.1634,0.2381,2,0.1671,0.2555,0.1113,1.0,0.1164,33.9,1793,0.4705,0.5418,0.0808,0.0,0.7187,0.2883,0.037,0.4595,0.4337,0.3634,1.0,0.2996,0.5115,66.73
2205001,5854,0.1144,0.0729,5,2,0.1729,0.1318,0,0.1992,0.3267,0.1002,0.8321,0.1348,43.1,964,0.3905,0.4321,0.0505,0.0526,0.774,0.1596,0.0,0.5598,0.5706,0.3215,0.8321,0.347,0.6743,66.72
3212003,11438,0.1234,0.0695,13,1,0.1458,0.3928,3,0.1526,0.2826,0.0304,0.8822,0.2404,39.1,1513,0.4412,0.4067,0.1313,0.0263,0.6162,0.4755,0.0556,0.4142,0.4858,0.0581,0.8822,0.6188,0.6035,66.69
1204006,9067,0.1162,0.0637,7,0,0.1289,0.2235,2,0.1325,0.3076,0.1754,0.8656,0.193,49.1,1631,0.4007,0.3634,0.0707,0.0,0.5178,0.2706,0.037,0.3515,0.5338,0.6053,0.8656,0.4968,0.7805,66.66
3003006,10482,0.1322,0.0744,7,3,0.1967,0.3429,1,0.1014,0.2126,0.0935,1.0,0.1211,42.7,1885,0.4907,0.4433,0.0707,0.0789,0.9126,0.4151,0.0185,0.2543,0.3512,0.2962,1.0,0.3117,0.6673,66.65
3206003,12289,0.1248,0.0493,9,2,0.1645,0.1859,1,0.2329,0.3154,0.0965,0.963,0.1279,34.5,2036,0.4491,0.256,0.0909,0.0526,0.7251,0.2251,0.0185,0.6651,0.5488,0.3075,0.963,0.3292,0.5221,66.63
1212006,5315,0.1426,0.1055,1,0,0.1165,0.332,4,0.2142,0.2341,0.0949,1.0,0.0428,38.3,836,0.5492,0.6754,0.0101,0.0,0.4455,0.4019,0.0741,0.6067,0.3925,0.3015,1.0,0.1102,0.5894,66.62
0414001,5634,0.0893,0.1008,5,1,0.1964,0.0,3,0.198,0.2243,0.1172,0.9665,0.136,42.4,934,0.2493,0.6403,0.0505,0.0263,0.9109,0.0,0.0556,0.5561,0.3737,0.3857,0.9665,0.3501,0.6619,66.59
2206005,4042,0.1487,0.0821,5,0,0.0874,0.5663,1,0.1301,0.2224,0.0843,1.0,0.247,33.4,595,0.5836,0.5007,0.0505,0.0,0.2761,0.6856,0.0185,0.344,0.37,0.2615,1.0,0.6358,0.5027,66.56
1023005,9900,0.1337,0.0773,3,0,0.1585,0.1945,4,0.1913,0.1793,0.1254,1.0,0.1493,40.8,1776,0.4992,0.4649,0.0303,0.0,0.6902,0.2355,0.0741,0.5351,0.2871,0.4166,1.0,0.3843,0.6336,66.55
3013006,5229,0.1422,0.0452,4,0,0.1497,0.4796,0,0.1176,0.2335,0.1337,1.0,0.2145,38.5,966,0.547,0.2254,0.0404,0.0,0.6389,0.5806,0.0,0.3049,0.3913,0.4479,1.0,0.5521,0.5929,66.51
3009002,13125,0.1084,0.0774,7,2,0.1312,0.207,2,0.1733,0.2771,0.092,1.0,0.1944,46.7,1877,0.3568,0.4657,0.0707,0.0526,0.5312,0.2506,0.037,0.4789,0.4752,0.2906,1.0,0.5004,0.7381,66.5
1021006,9850,0.1321,0.0992,8,1,0.1261,0.2223,1,0.1616,0.2025,0.1318,0.8467,0.2138,33.2,1678,0.4902,0.6284,0.0808,0.0263,0.5015,0.2691,0.0185,0.4424,0.3317,0.4408,0.8467,0.5503,0.4991,66.49
1438002,14345,0.1403,0.0468,5,4,0.1146,0.318,7,0.2363,0.4397,0.0671,0.5435,0.1863,32.5,2076,0.5363,0.2373,0.0505,0.1053,0.4345,0.385,0.1296,0.6757,0.7879,0.1966,0.5435,0.4795,0.4867,66.46
1019003,5093,0.153,0.0877,8,1,0.121,0.3,0,0.1066,0.2645,0.1699,0.9408,0.19,23.5,999,0.6078,0.5425,0.0808,0.0263,0.4718,0.3632,0.0,0.2705,0.451,0.5845,0.9408,0.4891,0.3274,66.44
1002001,6673,0.1362,0.0706,4,2,0.1284,0.3054,3,0.1619,0.2509,0.1257,1.0,0.1608,37.7,1141,0.5132,0.4149,0.0404,0.0526,0.5149,0.3697,0.0556,0.4433,0.4248,0.4177,1.0,0.4139,0.5788,66.43
2427003,4097,0.1553,0.0651,2,1,0.1136,0.4201,1,0.1935,0.2027,0.0673,0.8727,0.2428,38.6,626,0.6207,0.3739,0.0202,0.0263,0.4287,0.5086,0.0185,0.542,0.3321,0.1974,0.8727,0.625,0.5947,66.4
0618007,6312,0.1468,0.0605,3,4,0.1434,0.4164,1,0.2179,0.3575,0.0943,0.6586,0.1905,11.6,1071,0.5729,0.3396,0.0303,0.1053,0.6022,0.5041,0.0185,0.6182,0.6298,0.2992,0.6586,0.4903,0.1168,66.39
1808002,7509,0.1427,0.0987,9,2,0.087,0.4484,1,0.1565,0.1949,0.0693,0.9798,0.1519,43.7,1037,0.5498,0.6246,0.0909,0.0526,0.2737,0.5429,0.0185,0.4264,0.3171,0.2049,0.9798,0.391,0.685,66.37
0204004,9983,0.1049,0.0767,10,1,0.1071,0.4597,2,0.1716,0.2434,0.1192,1.0,0.1616,40.3,1437,0.3371,0.4604,0.101,0.0263,0.3908,0.5565,0.037,0.4736,0.4104,0.3932,1.0,0.416,0.6248,66.37
1429007,14992,0.1381,0.0761,12,2,0.0854,0.1183,3,0.2753,0.399,0.0674,0.6508,0.1841,31.3,2005,0.5239,0.456,0.1212,0.0526,0.2644,0.1432,0.0556,0.7976,0.7096,0.1977,0.6508,0.4739,0.4655,66.37
3209003,7927,0.1095,0.0913,5,1,0.1131,0.486,3,0.1425,0.3487,0.0893,0.7888,0.1581,40.9,1080,0.363,0.5694,0.0505,0.0263,0.4257,0.5884,0.0556,0.3827,0.6129,0.2804,0.7888,0.4069,0.6354,66.37
2608002,8193,0.137,0.0931,9,1,0.1765,0.0,4,0.1382,0.2074,0.1721,0.9473,0.1659,28.6,1697,0.5177,0.5828,0.0909,0.0263,0.795,0.0,0.0741,0.3693,0.3412,0.5928,0.9473,0.427,0.4177,66.35
1204004,13860,0.1207,0.0538,8,5,0.1436,0.0694,3,0.1878,0.2352,0.1736,1.0,0.1081,49.6,2592,0.426,0.2896,0.0808,0.1316,0.6034,0.084,0.0556,0.5242,0.3946,0.5985,1.0,0.2782,0.7894,66.35
3026002,3074,0.1485,0.0835,2,0,0.1568,0.0523,1,0.1375,0.2591,0.1219,0.9991,0.1673,45.5,571,0.5824,0.5112,0.0202,0.0,0.6803,0.0633,0.0185,0.3671,0.4406,0.4034,0.9991,0.4306,0.7168,66.35
0803002,19421,0.1631,0.0645,15,3,0.1098,0.0863,11,0.1675,0.2058,0.1197,1.0,0.1733,39.4,3436,0.6646,0.3694,0.1515,0.0789,0.4065,0.1045,0.2037,0.4608,0.3381,0.3951,1.0,0.4461,0.6088,66.32
1009005,7217,0.1209,0.0736,10,2,0.133,0.2503,2,0.1533,0.1671,0.1379,0.9765,0.2435,38.0,1225,0.4271,0.4373,0.101,0.0526,0.5416,0.303,0.037,0.4164,0.2637,0.4638,0.9765,0.6268,0.5841,66.3
0229001,9385,0.1681,0.0791,10,1,0.1053,0.1326,3,0.1786,0.2567,0.1443,1.0,0.1198,32.5,1766,0.6927,0.4784,0.101,0.0263,0.3803,0.1605,0.0556,0.4955,0.436,0.4879,1.0,0.3084,0.4867,66.3
0205006,6290,0.1393,0.0603,4,1,0.1228,0.5926,2,0.1895,0.2825,0.1121,0.8539,0.0915,33.7,1039,0.5307,0.3381,0.0404,0.0263,0.4822,0.7174,0.037,0.5295,0.4856,0.3664,0.8539,0.2355,0.508,66.28
0201007,8160,0.149,0.0611,5,3,0.1341,0.4178,4,0.1825,0.3259,0.073,1.0,0.0631,35.2,1297,0.5853,0.344,0.0505,0.0789,0.548,0.5058,0.0741,0.5077,0.569,0.2189,1.0,0.1624,0.5345,66.26
1412002,6527,0.1731,0.0682,3,0,0.0996,0.3858,3,0.2243,0.2632,0.1386,0.444,0.203,28.6,1213,0.7209,0.397,0.0303,0.0,0.3471,0.4671,0.0556,0.6382,0.4485,0.4664,0.444,0.5225,0.4177,66.26
0806006,9006,0.1502,0.1216,7,2,0.074,0.0,2,0.1467,0.31,0.0918,0.9751,0.2009,40.4,1316,0.592,0.7955,0.0707,0.0526,0.198,0.0,0.037,0.3958,0.5385,0.2898,0.9751,0.5171,0.6265,66.24
2217004,9347,0.1443,0.0769,6,0,0.166,0.1731,3,0.1413,0.1688,0.1136,1.0,0.224,36.8,1715,0.5588,0.4619,0.0606,0.0,0.7338,0.2096,0.0556,0.3789,0.2669,0.3721,1.0,0.5766,0.5628,66.21
2433004,5890,0.1388,0.0834,8,1,0.1516,0.2396,2,0.1614,0.1965,0.1228,1.0,0.1498,32.9,1060,0.5279,0.5104,0.0808,0.0263,0.65,0.2901,0.037,0.4417,0.3202,0.4068,1.0,0.3856,0.4938,66.2
0611003,2653,0.1015,0.0949,0,0,0.144,0.2746,1,0.1549,0.308,0.117,1.0,0.1501,40.9,405,0.318,0.5963,0.0,0.0,0.6057,0.3324,0.0185,0.4214,0.5346,0.3849,1.0,0.3864,0.6354,66.19
0225001,6850,0.1397,0.1077,3,2,0.1299,0.2381,1,0.2275,0.2155,0.0764,0.5054,0.239,29.1,1052,0.5329,0.6918,0.0303,0.0526,0.5236,0.2883,0.0185,0.6482,0.3567,0.2317,0.5054,0.6152,0.4265,66.19
1429003,6628,0.1076,0.0541,3,0,0.1232,0.4771,2,0.2288,0.3817,0.1249,0.4327,0.2334,32.1,1012,0.3523,0.2918,0.0303,0.0,0.4846,0.5776,0.037,0.6523,0.6763,0.4147,0.4327,0.6008,0.4796,66.19
1209002,6451,0.1875,0.0586,4,2,0.0848,0.0556,1,0.1769,0.2028,0.1351,0.873,0.2925,42.0,1211,0.8019,0.3254,0.0404,0.0526,0.2609,0.0673,0.0185,0.4902,0.3323,0.4532,0.873,0.7529,0.6549,66.19
1817003,8718,0.1221,0.0814,5,1,0.1323,0.3743,4,0.1481,0.1724,0.1635,1.0,0.1326,40.1,1565,0.4339,0.4955,0.0505,0.0263,0.5376,0.4531,0.0741,0.4002,0.2738,0.5604,1.0,0.3413,0.6212,66.19
1006003,8340,0.1556,0.0613,12,3,0.1286,0.2955,1,0.107,0.2136,0.1695,0.8642,0.2425,28.1,1669,0.6224,0.3455,0.1212,0.0789,0.516,0.3577,0.0185,0.2718,0.3531,0.583,0.8642,0.6242,0.4088,66.18
1822004,16068,0.1427,0.0769,13,2,0.1411,0.0,4,0.1468,0.2949,0.1835,1.0,0.112,31.4,3249,0.5498,0.4619,0.1313,0.0526,0.5888,0.0,0.0741,0.3961,0.5094,0.6358,1.0,0.2883,0.4673,66.18
0222004,6282,0.1148,0.1138,7,0,0.162,0.2966,1,0.1036,0.2254,0.0937,0.8757,0.1674,42.5,995,0.3928,0.7373,0.0707,0.0,0.7105,0.3591,0.0185,0.2612,0.3758,0.297,0.8757,0.4309,0.6637,66.14
2209003,5151,0.0975,0.0678,3,1,0.105,0.384,2,0.1599,0.3405,0.1171,1.0,0.2284,40.4,710,0.2954,0.394,0.0303,0.0263,0.3786,0.4649,0.037,0.4371,0.5971,0.3853,1.0,0.5879,0.6265,66.12
0619001,63772,0.1493,0.0575,30,17,0.0926,0.2305,21,0.2224,0.2927,0.1274,0.1533,0.1341,14.8,10600,0.5869,0.3172,0.303,0.4474,0.3063,0.2791,0.3889,0.6323,0.5052,0.4242,0.1533,0.3452,0.1735,66.11
2810004,2851,0.1311,0.0673,0,0,0.1165,0.0,0,0.1796,0.3008,0.1933,0.7349,0.3079,38.2,542,0.4845,0.3903,0.0,0.0,0.4455,0.0,0.0,0.4986,0.5208,0.6728,0.7349,0.7925,0.5876,66.1
2203006,10673,0.1391,0.0706,9,0,0.0728,0.0414,2,0.1876,0.3079,0.1027,1.0,0.2706,48.0,1535,0.5295,0.4149,0.0909,0.0,0.191,0.0501,0.037,0.5236,0.5344,0.3309,1.0,0.6965,0.7611,66.1
1807003,9284,0.1142,0.0784,9,0,0.1397,0.1147,1,0.1397,0.2758,0.1536,1.0,0.2145,38.8,1616,0.3894,0.4731,0.0909,0.0,0.5807,0.1389,0.0185,0.3739,0.4727,0.523,1.0,0.5521,0.5982,66.06
1808006,5774,0.1323,0.073,2,1,0.1152,0.5749,1,0.1391,0.1884,0.1465,1.0,0.1991,28.6,994,0.4913,0.4328,0.0202,0.0263,0.438,0.696,0.0185,0.3721,0.3046,0.4962,1.0,0.5125,0.4177,66.05
1005006,10225,0.1536,0.0586,4,1,0.1199,0.1457,5,0.1736,0.202,0.1294,1.0,0.1936,48.6,1827,0.6111,0.3254,0.0404,0.0263,0.4653,0.1764,0.0926,0.4799,0.3308,0.4317,1.0,0.4983,0.7717,66.04
2413004,5530,0.1381,0.0787,6,3,0.1486,0.0625,2,0.1601,0.2152,0.1133,1.0,0.2183,36.9,967,0.5239,0.4754,0.0606,0.0789,0.6325,0.0757,0.037,0.4377,0.3562,0.3709,1.0,0.5619,0.5646,66.02
2213001,11555,0.1795,0.0298,9,1,0.161,0.4573,2,0.0885,0.1864,0.1281,0.9216,0.2126,37.9,2393,0.7569,0.1104,0.0909,0.0263,0.7047,0.5536,0.037,0.214,0.3008,0.4268,0.9216,0.5472,0.5823,66.02
2805004,5662,0.1582,0.0789,9,1,0.1219,0.0477,0,0.2095,0.2913,0.1277,0.6401,0.2084,32.0,1033,0.637,0.4769,0.0909,0.0263,0.477,0.0577,0.0,0.592,0.5025,0.4253,0.6401,0.5364,0.4779,65.99
1214001,3205,0.104,0.0944,1,1,0.1544,0.1526,1,0.1611,0.3028,0.1337,0.9571,0.1884,32.4,529,0.332,0.5925,0.0101,0.0263,0.6663,0.1847,0.0185,0.4408,0.5246,0.4479,0.9571,0.4849,0.485,65.99
1215007,13945,0.1522,0.0932,8,2,0.1276,0.0367,2,0.0932,0.2639,0.0713,1.0,0.2669,45.3,2197,0.6033,0.5836,0.0808,0.0526,0.5102,0.0444,0.037,0.2287,0.4498,0.2125,1.0,0.687,0.7133,65.98
1437007,11996,0.1092,0.1277,6,4,0.1293,0.3466,7,0.1479,0.2133,0.1043,0.5164,0.1581,39.7,1773,0.3613,0.841,0.0606,0.1053,0.5201,0.4196,0.1296,0.3996,0.3525,0.337,0.5164,0.4069,0.6142,65.98
0808003,8793,0.1809,0.0946,1,3,0.1229,0.0,1,0.1315,0.3018,0.0746,1.0,0.1837,38.6,1519,0.7648,0.594,0.0101,0.0789,0.4828,0.0,0.0185,0.3483,0.5227,0.2249,1.0,0.4728,0.5947,65.96
1019007,7793,0.1694,0.0976,5,1,0.1098,0.0773,1,0.2182,0.2466,0.1325,0.8602,0.1515,22.5,1444,0.7001,0.6164,0.0505,0.0263,0.4065,0.0936,0.0185,0.6192,0.4165,0.4434,0.8602,0.39,0.3097,65.96
2414004,11721,0.1366,0.1054,9,2,0.0963,0.3259,3,0.1497,0.124,0.1257,0.9756,0.1926,36.7,1875,0.5155,0.6746,0.0909,0.0526,0.3279,0.3946,0.0556,0.4052,0.1808,0.4177,0.9756,0.4958,0.5611,65.96
0607004,5475,0.1475,0.0778,3,1,0.0686,0.3506,4,0.2079,0.4017,0.1002,0.4849,0.2182,34.8,799,0.5768,0.4687,0.0303,0.0263,0.1666,0.4245,0.0741,0.587,0.7148,0.3215,0.4849,0.5616,0.5274,65.96
1439004,16323,0.0954,0.0766,10,1,0.1435,0.0312,3,0.2397,0.2444,0.0966,1.0,0.2096,40.2,2318,0.2836,0.4597,0.101,0.0263,0.6028,0.0378,0.0556,0.6863,0.4123,0.3079,1.0,0.5395,0.623,65.95
1024006,7777,0.098,0.0856,10,0,0.1093,0.3686,3,0.2496,0.2313,0.0738,0.9169,0.1951,33.1,956,0.2983,0.5269,0.101,0.0,0.4036,0.4462,0.0556,0.7173,0.3871,0.2219,0.9169,0.5022,0.4973,65.95
1601004,4790,0.1465,0.1035,7,1,0.1595,0.0,0,0.1568,0.1007,0.1226,1.0,0.2098,38.6,896,0.5712,0.6604,0.0707,0.0263,0.696,0.0,0.0,0.4274,0.136,0.406,1.0,0.54,0.5947,65.94
2015002,8768,0.1734,0.0763,5,1,0.1316,0.1614,1,0.2003,0.336,0.1507,0.4119,0.094,37.9,1774,0.7226,0.4575,0.0505,0.0263,0.5335,0.1954,0.0185,0.5633,0.5885,0.5121,0.4119,0.242,0.5823,65.93
2220002,17763,0.0857,0.0577,15,5,0.1727,0.2441,4,0.1398,0.301,0.0868,0.9632,0.2011,40.5,2547,0.229,0.3187,0.1515,0.1316,0.7729,0.2955,0.0741,0.3743,0.5212,0.2709,0.9632,0.5176,0.6283,65.92
2418006,4784,0.1447,0.0765,5,0,0.1348,0.4728,2,0.1095,0.2494,0.1037,0.8956,0.2079,32.9,809,0.5611,0.459,0.0505,0.0,0.5521,0.5724,0.037,0.2796,0.4219,0.3347,0.8956,0.5351,0.4938,65.92
1817004,10718,0.1451,0.0838,7,6,0.1383,0.3092,2,0.1581,0.0949,0.1637,1.0,0.2102,14.3,2088,0.5633,0.5134,0.0707,0.1579,0.5725,0.3743,0.037,0.4314,0.1248,0.5611,1.0,0.5411,0.1646,65.9
3027003,10666,0.1474,0.0864,10,1,0.1168,0.1251,3,0.1204,0.2874,0.1374,1.0,0.122,44.8,1897,0.5763,0.5328,0.101,0.0263,0.4473,0.1515,0.0556,0.3137,0.495,0.4619,1.0,0.314,0.7044,65.89
1436001,12651,0.0733,0.0855,5,0,0.1378,0.4335,3,0.1872,0.3652,0.1343,0.5244,0.1941,36.1,1804,0.1593,0.5261,0.0505,0.0,0.5696,0.5248,0.0556,0.5223,0.6446,0.4502,0.5244,0.4996,0.5504,65.87
2412003,7008,0.1648,0.0953,7,4,0.1437,0.1232,4,0.1308,0.1982,0.0917,0.8893,0.181,34.1,1255,0.6742,0.5993,0.0707,0.1053,0.604,0.1492,0.0741,0.3461,0.3235,0.2894,0.8893,0.4659,0.515,65.83
1011005,9191,0.1259,0.0875,6,3,0.1307,0.1899,2,0.1305,0.2706,0.1351,1.0,0.1484,39.6,1562,0.4553,0.541,0.0606,0.0789,0.5282,0.2299,0.037,0.3452,0.4627,0.4532,1.0,0.382,0.6124,65.81
2611001,3596,0.1312,0.0672,0,1,0.1043,0.4815,0,0.2448,0.1404,0.1017,1.0,0.1902,34.9,538,0.4851,0.3896,0.0,0.0263,0.3745,0.5829,0.0,0.7023,0.2123,0.3272,1.0,0.4896,0.5292,65.77
1822002,1800,0.1528,0.0647,0,1,0.1247,0.2044,0,0.1732,0.236,0.1159,0.9527,0.3079,26.3,314,0.6066,0.3709,0.0,0.0263,0.4933,0.2475,0.0,0.4786,0.3962,0.3808,0.9527,0.7925,0.377,65.76
1441001,11760,0.16,0.083,8,4,0.1013,0.1011,5,0.1801,0.3255,0.143,0.5882,0.143,36.3,2136,0.6472,0.5075,0.0808,0.1053,0.357,0.1224,0.0926,0.5002,0.5683,0.483,0.5882,0.3681,0.554,65.75
3027004,9534,0.1142,0.0539,2,0,0.122,0.0,3,0.2685,0.3396,0.088,0.8357,0.2563,45.5,1343,0.3894,0.2903,0.0202,0.0,0.4776,0.0,0.0556,0.7763,0.5954,0.2755,0.8357,0.6597,0.7168,65.74
1607005,11691,0.1371,0.1059,8,1,0.1176,0.1963,2,0.0889,0.2788,0.1188,0.8484,0.2311,37.3,1927,0.5183,0.6784,0.0808,0.0263,0.452,0.2377,0.037,0.2152,0.4785,0.3917,0.8484,0.5949,0.5717,65.74
2435003,2889,0.1412,0.0808,3,0,0.1821,0.2185,1,0.1685,0.3129,0.0857,0.9778,0.0857,30.9,510,0.5414,0.491,0.0303,0.0,0.8276,0.2645,0.0185,0.4639,0.544,0.2668,0.9778,0.2206,0.4584,65.7
1020004,7257,0.1123,0.0983,7,2,0.1646,0.2707,0,0.1117,0.3125,0.125,0.9776,0.0731,37.1,1238,0.3787,0.6216,0.0707,0.0526,0.7257,0.3277,0.0,0.2865,0.5433,0.4151,0.9776,0.1882,0.5681,65.69
3217003,11042,0.1179,0.0897,5,4,0.1372,0.5396,1,0.1497,0.2298,0.1129,1.0,0.0687,30.1,1753,0.4102,0.5575,0.0505,0.1053,0.5661,0.6533,0.0185,0.4052,0.3842,0.3694,1.0,0.1768,0.4442,65.67
1219005,12965,0.1561,0.0822,6,0,0.1709,0.0341,1,0.139,0.2441,0.106,0.9344,0.1937,35.7,2444,0.6252,0.5015,0.0606,0.0,0.7624,0.0413,0.0185,0.3718,0.4117,0.3434,0.9344,0.4986,0.5434,65.65
2014004,8316,0.1648,0.0735,7,1,0.1622,0.1325,3,0.2159,0.3092,0.1242,0.3826,0.1027,35.3,1647,0.6742,0.4366,0.0707,0.0263,0.7117,0.1604,0.0556,0.612,0.5369,0.4121,0.3826,0.2644,0.5363,65.62
2403002,6505,0.1457,0.0483,3,1,0.1509,0.1893,0,0.0874,0.3035,0.113,1.0,0.2633,47.2,1162,0.5667,0.2485,0.0303,0.0263,0.6459,0.2292,0.0,0.2106,0.526,0.3698,1.0,0.6777,0.7469,65.61
1601002,5134,0.1525,0.0967,3,1,0.0722,0.3338,0,0.1711,0.2326,0.0816,0.8682,0.2662,33.5,731,0.605,0.6097,0.0303,0.0263,0.1875,0.4041,0.0,0.472,0.3896,0.2513,0.8682,0.6852,0.5044,65.61
1601007,7592,0.1297,0.096,2,3,0.0815,0.3815,2,0.1625,0.1464,0.1535,1.0,0.2152,31.9,1229,0.4766,0.6045,0.0202,0.0789,0.2417,0.4619,0.037,0.4452,0.2238,0.5226,1.0,0.5539,0.4761,65.59
2214004,19842,0.0913,0.0784,13,4,0.1481,0.1164,5,0.1878,0.1921,0.1177,1.0,0.2055,38.1,2976,0.2606,0.4731,0.1313,0.1053,0.6296,0.1409,0.0926,0.5242,0.3117,0.3875,1.0,0.529,0.5858,65.59
2603002,13349,0.1164,0.1189,11,2,0.118,0.2278,2,0.1695,0.1775,0.067,0.959,0.2132,32.6,1776,0.4018,0.7754,0.1111,0.0526,0.4543,0.2758,0.037,0.467,0.2837,0.1962,0.959,0.5488,0.4885,65.58
3203006,8057,0.1662,0.0556,6,3,0.1633,0.6021,1,0.0872,0.251,0.0808,0.7931,0.1267,36.9,1466,0.682,0.303,0.0606,0.0789,0.7181,0.7289,0.0185,0.2099,0.425,0.2483,0.7931,0.3261,0.5646,65.56
3006005,10793,0.1715,0.09,4,3,0.114,0.0,3,0.0929,0.2068,0.169,0.9194,0.1809,48.1,2185,0.7119,0.5597,0.0404,0.0789,0.431,0.0,0.0556,0.2277,0.34,0.5811,0.9194,0.4656,0.7628,65.55
2606005,3867,0.1315,0.0612,7,1,0.0677,0.15,0,0.1717,0.3126,0.1362,1.0,0.2409,49.4,589,0.4868,0.3448,0.0707,0.0263,0.1613,0.1816,0.0,0.4739,0.5435,0.4574,1.0,0.6201,0.7858,65.54
1409006,7395,0.1747,0.0742,3,1,0.0879,0.3347,0,0.2067,0.1744,0.1315,0.5077,0.2245,41.1,1331,0.7299,0.4418,0.0303,0.0263,0.279,0.4052,0.0,0.5833,0.2777,0.4396,0.5077,0.5779,0.6389,65.53
0408003,6156,0.1565,0.0563,2,2,0.1501,0.191,2,0.1916,0.3101,0.1046,1.0,0.1149,31.9,1114,0.6275,0.3082,0.0202,0.0526,0.6412,0.2312,0.037,0.5361,0.5387,0.3381,1.0,0.2958,0.4761,65.51
0409001,6893,0.0968,0.0755,3,0,0.1337,0.2932,3,0.1649,0.2536,0.0795,0.9884,0.2604,45.6,911,0.2915,0.4515,0.0303,0.0,0.5457,0.355,0.0556,0.4527,0.43,0.2434,0.9884,0.6703,0.7186,65.5
3004003,5373,0.1257,0.0991,6,0,0.1256,0.3469,1,0.1298,0.1549,0.098,1.0,0.2418,36.8,824,0.4541,0.6276,0.0606,0.0,0.4985,0.42,0.0185,0.343,0.2402,0.3132,1.0,0.6224,0.5628,65.48
2418002,10552,0.1244,0.0968,7,4,0.0983,0.1481,0,0.1277,0.2007,0.147,1.0,0.1955,46.5,1716,0.4468,0.6104,0.0707,0.1053,0.3395,0.1793,0.0,0.3365,0.3283,0.4981,1.0,0.5032,0.7345,65.48
3033002,8048,0.1587,0.0698,3,1,0.1464,0.1413,1,0.0668,0.2992,0.1814,1.0,0.155,40.1,1702,0.6398,0.409,0.0303,0.0263,0.6197,0.1711,0.0185,0.1462,0.5177,0.6279,1.0,0.399,0.6212,65.47
1220005,12896,0.118,0.0808,11,4,0.0948,0.1448,6,0.1426,0.3406,0.1331,1.0,0.1891,33.8,1966,0.4108,0.491,0.1111,0.1053,0.3192,0.1753,0.1111,0.383,0.5973,0.4457,1.0,0.4867,0.5097,65.46
1206002,6515,0.1376,0.0904,4,1,0.1498,0.2674,0,0.2118,0.2264,0.0792,0.968,0.1487,23.1,1046,0.5211,0.5627,0.0404,0.0263,0.6395,0.3237,0.0,0.5992,0.3777,0.2423,0.968,0.3828,0.3204,65.45
0225007,20123,0.1798,0.1025,11,4,0.0891,0.0733,3,0.1401,0.2363,0.1033,0.9304,0.1595,32.9,3463,0.7586,0.653,0.1111,0.1053,0.286,0.0887,0.0556,0.3752,0.3967,0.3332,0.9304,0.4106,0.4938,65.44
1217007,7840,0.0873,0.0624,4,1,0.152,0.2102,7,0.1992,0.3117,0.0968,1.0,0.2508,31.0,1102,0.238,0.3537,0.0404,0.0263,0.6523,0.2545,0.1296,0.5598,0.5417,0.3087,1.0,0.6456,0.4602,65.44
1436004,10693,0.1195,0.0563,7,2,0.1458,0.3811,4,0.1476,0.4359,0.1709,0.4743,0.1006,35.2,1988,0.4192,0.3082,0.0707,0.0526,0.6162,0.4614,0.0741,0.3986,0.7806,0.5883,0.4743,0.2589,0.5345,65.42
1606006,23510,0.1256,0.0751,15,8,0.1689,0.2035,6,0.1153,0.1975,0.1482,0.9065,0.1137,30.4,4430,0.4536,0.4485,0.1515,0.2105,0.7507,0.2464,0.1111,0.2977,0.3221,0.5026,0.9065,0.2927,0.4496,65.4
2401006,25479,0.1253,0.0731,16,4,0.1248,0.3816,7,0.0866,0.2526,0.1443,0.9781,0.1943,24.8,4359,0.4519,0.4336,0.1616,0.1053,0.4939,0.462,0.1296,0.2081,0.4281,0.4879,0.9781,0.5001,0.3504,65.4
1605007,16348,0.1022,0.0754,6,3,0.1265,0.3689,2,0.1981,0.1707,0.1555,0.8795,0.2201,27.2,2668,0.3219,0.4507,0.0606,0.0789,0.5038,0.4466,0.037,0.5564,0.2706,0.5302,0.8795,0.5665,0.3929,65.39
0217006,11463,0.1269,0.0869,10,4,0.1214,0.2268,2,0.0869,0.1886,0.1544,0.9455,0.233,39.4,2009,0.4609,0.5366,0.101,0.1053,0.4741,0.2746,0.037,0.209,0.305,0.526,0.9455,0.5997,0.6088,65.37
0215005,6277,0.1413,0.0933,4,2,0.1233,0.142,0,0.1352,0.2342,0.1445,0.9514,0.1805,36.7,1127,0.5419,0.5843,0.0404,0.0526,0.4851,0.1719,0.0,0.3599,0.3927,0.4887,0.9514,0.4646,0.5611,65.33
0403004,9310,0.1327,0.0639,13,2,0.1486,0.3249,2,0.177,0.2225,0.0869,1.0,0.1504,31.0,1502,0.4935,0.3649,0.1313,0.0526,0.6325,0.3933,0.037,0.4905,0.3702,0.2713,1.0,0.3871,0.4602,65.29
3013004,3187,0.1632,0.0904,3,2,0.1315,0.2034,1,0.1789,0.1205,0.0891,1.0,0.1768,36.3,551,0.6652,0.5627,0.0303,0.0526,0.5329,0.2462,0.0185,0.4964,0.174,0.2796,1.0,0.4551,0.554,65.29
0402005,1813,0.1265,0.0849,2,0,0.1254,0.3366,0,0.2197,0.1267,0.1218,1.0,0.1887,31.4,296,0.4586,0.5216,0.0202,0.0,0.4974,0.4075,0.0,0.6239,0.186,0.403,1.0,0.4857,0.4673,65.28
0421003,12000,0.1461,0.0805,5,2,0.148,0.3424,6,0.1712,0.294,0.0714,0.7348,0.1919,20.3,1935,0.5689,0.4888,0.0505,0.0526,0.629,0.4145,0.1111,0.4724,0.5077,0.2128,0.7348,0.494,0.2708,65.24
2436003,9255,0.1587,0.0744,4,1,0.1217,0.0,1,0.1397,0.2338,0.1825,1.0,0.172,41.3,1882,0.6398,0.4433,0.0404,0.0263,0.4758,0.0,0.0185,0.3739,0.3919,0.6321,1.0,0.4427,0.6425,65.23
0402006,7525,0.1075,0.0995,7,0,0.0909,0.137,0,0.1377,0.2786,0.1681,1.0,0.218,39.9,1197,0.3517,0.6306,0.0707,0.0,0.2964,0.1659,0.0,0.3677,0.4781,0.5777,1.0,0.5611,0.6177,65.21
2818006,54755,0.1051,0.0674,20,12,0.1026,0.4206,17,0.2311,0.2811,0.1416,0.0,0.1692,24.6,8264,0.3382,0.391,0.202,0.3158,0.3646,0.5092,0.3148,0.6595,0.4829,0.4777,0.0,0.4355,0.3469,65.19
1824005,7282,0.1295,0.0789,4,0,0.1205,0.1263,3,0.1352,0.2629,0.1509,1.0,0.1969,43.5,1269,0.4755,0.4769,0.0404,0.0,0.4688,0.1529,0.0556,0.3599,0.4479,0.5128,1.0,0.5068,0.6814,65.16
0215002,8109,0.1371,0.0997,5,1,0.1465,0.1154,2,0.1358,0.2402,0.1101,0.9732,0.1312,41.4,1390,0.5183,0.6321,0.0505,0.0263,0.6203,0.1397,0.037,0.3618,0.4042,0.3589,0.9732,0.3377,0.6442,65.15
0411006,5650,0.1514,0.0833,5,2,0.1197,0.2082,2,0.162,0.2408,0.1098,1.0,0.1134,40.1,962,0.5988,0.5097,0.0505,0.0526,0.4642,0.2521,0.037,0.4436,0.4054,0.3577,1.0,0.2919,0.6212,65.15
1020001,14683,0.1804,0.0595,12,0,0.1064,0.0,3,0.1782,0.2406,0.1348,1.0,0.1418,43.4,2807,0.762,0.3321,0.1212,0.0,0.3867,0.0,0.0556,0.4942,0.405,0.4521,1.0,0.365,0.6796,65.11
1823006,13467,0.1198,0.1024,10,4,0.1345,0.258,5,0.1004,0.223,0.1485,0.8822,0.136,34.8,2335,0.4209,0.6522,0.101,0.1053,0.5504,0.3123,0.0926,0.2512,0.3712,0.5038,0.8822,0.3501,0.5274,65.1
0222007,3167,0.1649,0.0729,1,0,0.1346,0.3891,2,0.1844,0.1347,0.0793,1.0,0.1789,33.1,537,0.6747,0.4321,0.0101,0.0,0.551,0.4711,0.037,0.5136,0.2013,0.2426,1.0,0.4605,0.4973,65.1
1007007,15842,0.1492,0.0775,7,3,0.1355,0.1687,5,0.1516,0.1084,0.1338,1.0,0.2685,25.5,2909,0.5864,0.4664,0.0707,0.0789,0.5562,0.2042,0.0926,0.4111,0.1508,0.4483,1.0,0.6911,0.3628,65.09
0618003,4132,0.154,0.0736,2,1,0.1201,0.0095,0,0.2192,0.3937,0.1388,0.352,0.2542,29.5,756,0.6134,0.4373,0.0202,0.0263,0.4665,0.0115,0.0,0.6223,0.6994,0.4672,0.352,0.6543,0.4336,65.08
2614006,3968,0.1421,0.0678,3,1,0.0922,0.5606,2,0.179,0.2261,0.0664,1.0,0.1317,44.8,547,0.5464,0.394,0.0303,0.0263,0.304,0.6787,0.037,0.4967,0.3771,0.194,1.0,0.339,0.7044,65.08
2403005,8004,0.1485,0.0788,6,0,0.1401,0.3081,3,0.1554,0.1588,0.1156,0.9689,0.1619,35.8,1422,0.5824,0.4761,0.0606,0.0,0.583,0.373,0.0556,0.423,0.2477,0.3796,0.9689,0.4167,0.5451,65.07
0404002,5803,0.1145,0.0929,6,0,0.1355,0.4358,2,0.1241,0.2038,0.065,1.0,0.2671,30.8,797,0.3911,0.5813,0.0606,0.0,0.5562,0.5276,0.037,0.3252,0.3342,0.1887,1.0,0.6875,0.4566,65.07
1825004,6947,0.1632,0.0697,3,0,0.1189,0.3372,2,0.1475,0.239,0.1149,0.9297,0.155,37.9,1234,0.6652,0.4082,0.0303,0.0,0.4595,0.4082,0.037,0.3983,0.4019,0.377,0.9297,0.399,0.5823,65.05
3009001,6862,0.1713,0.0763,3,2,0.163,0.3284,1,0.104,0.1826,0.1104,1.0,0.1217,34.3,1346,0.7107,0.4575,0.0303,0.0526,0.7164,0.3976,0.0185,0.2624,0.2935,0.36,1.0,0.3133,0.5186,65.05
2011001,4841,0.2141,0.0436,5,2,0.1008,0.3364,1,0.1023,0.2923,0.1207,0.4883,0.2868,35.3,981,0.9516,0.2134,0.0505,0.0526,0.3541,0.4073,0.0185,0.2571,0.5044,0.3989,0.4883,0.7382,0.5363,65.04
0419001,21098,0.1401,0.0699,12,5,0.1353,0.239,5,0.1758,0.2387,0.1484,0.7294,0.1646,21.6,3894,0.5352,0.4097,0.1212,0.1316,0.555,0.2893,0.0926,0.4867,0.4013,0.5034,0.7294,0.4237,0.2938,65.02
1612005,3964,0.1164,0.0844,4,2,0.1408,0.2218,1,0.1683,0.3136,0.0891,0.8964,0.169,36.1,596,0.4018,0.5179,0.0404,0.0526,0.5871,0.2685,0.0185,0.4633,0.5454,0.2796,0.8964,0.435,0.5504,65.01
1209006,30165,0.1651,0.078,17,5,0.076,0.4616,4,0.1522,0.1978,0.1355,0.6026,0.1556,29.0,5198,0.6759,0.4701,0.1717,0.1316,0.2097,0.5588,0.0741,0.413,0.3227,0.4547,0.6026,0.4005,0.4248,65.01
2806006,39344,0.1224,0.0677,12,7,0.118,0.6328,13,0.2476,0.1357,0.1381,0.2416,0.1004,29.2,6465,0.4356,0.3933,0.1212,0.1842,0.4543,0.7661,0.2407,0.711,0.2033,0.4645,0.2416,0.2584,0.4283,64.99
2211005,7900,0.1238,0.1024,3,1,0.136,0.1445,4,0.1578,0.1741,0.1386,1.0,0.1845,33.2,1355,0.4434,0.6522,0.0303,0.0263,0.5591,0.1749,0.0741,0.4305,0.2771,0.4664,1.0,0.4749,0.4991,64.94
1203004,7297,0.1465,0.0613,4,1,0.1434,0.39,2,0.1457,0.2505,0.1324,0.9394,0.1726,25.0,1345,0.5712,0.3455,0.0404,0.0263,0.6022,0.4722,0.037,0.3927,0.424,0.443,0.9394,0.4443,0.354,64.94
0812003,15080,0.1145,0.0741,11,4,0.1441,0.0101,1,0.1598,0.2047,0.2008,0.8639,0.2057,33.2,2936,0.3911,0.441,0.1111,0.1053,0.6063,0.0122,0.0185,0.4367,0.336,0.7011,0.8639,0.5295,0.4991,64.93
2601005,6930,0.106,0.0763,5,1,0.118,0.4151,2,0.1486,0.211,0.0952,0.9653,0.2411,42.0,960,0.3433,0.4575,0.0505,0.0263,0.4543,0.5025,0.037,0.4017,0.3481,0.3026,0.9653,0.6206,0.6549,64.92
2403006,4076,0.1445,0.0801,5,1,0.1216,0.2772,0,0.1581,0.2038,0.1298,0.9407,0.1161,44.7,715,0.5599,0.4858,0.0505,0.0263,0.4752,0.3356,0.0,0.4314,0.3342,0.4332,0.9407,0.2988,0.7027,64.91
1605005,9045,0.1346,0.0824,7,2,0.0902,0.0963,1,0.1216,0.3006,0.1359,1.0,0.1673,53.0,1455,0.5042,0.503,0.0707,0.0526,0.2924,0.1166,0.0185,0.3174,0.5204,0.4562,1.0,0.4306,0.8496,64.9
1217001,5821,0.1486,0.0858,5,0,0.1428,0.1578,5,0.1415,0.3235,0.0505,1.0,0.1583,36.8,889,0.583,0.5284,0.0505,0.0,0.5987,0.191,0.0926,0.3796,0.5644,0.134,1.0,0.4075,0.5628,64.87
2203001,9241,0.1435,0.0748,4,4,0.0917,0.1119,3,0.1964,0.2404,0.1208,1.0,0.225,31.1,1480,0.5543,0.4463,0.0404,0.1053,0.3011,0.1355,0.0556,0.5511,0.4046,0.3992,1.0,0.5792,0.4619,64.84
1601003,16197,0.1602,0.0655,15,2,0.1782,0.2928,4,0.1402,0.2493,0.0389,0.8499,0.1231,33.3,2706,0.6483,0.3769,0.1515,0.0526,0.8049,0.3545,0.0741,0.3755,0.4217,0.0902,0.8499,0.3169,0.5009,64.82
1207004,7401,0.1311,0.0956,1,2,0.1192,0.0,3,0.1693,0.26,0.1438,0.8812,0.2098,36.7,1271,0.4845,0.6015,0.0101,0.0526,0.4613,0.0,0.0556,0.4664,0.4423,0.486,0.8812,0.54,0.5611,64.82
2801002,10546,0.1219,0.0493,7,3,0.1334,0.3023,2,0.2177,0.3824,0.1344,0.3815,0.1747,34.4,1776,0.4328,0.256,0.0707,0.0789,0.544,0.366,0.037,0.6176,0.6777,0.4506,0.3815,0.4497,0.5204,64.82
2016002,71609,0.1381,0.0201,40,12,0.144,0.4703,17,0.1426,0.2694,0.1418,0.1957,0.12,21.7,13161,0.5239,0.0381,0.404,0.3158,0.6057,0.5694,0.3148,0.383,0.4604,0.4785,0.1957,0.3089,0.2956,64.77
1823005,4976,0.1273,0.0695,3,0,0.1373,0.26,0,0.1489,0.1932,0.115,1.0,0.267,37.0,819,0.4631,0.4067,0.0303,0.0,0.5667,0.3148,0.0,0.4027,0.3138,0.3774,1.0,0.6873,0.5664,64.74
0813003,9985,0.0932,0.0626,7,3,0.0877,0.288,2,0.2248,0.1986,0.1463,1.0,0.2015,43.5,1412,0.2712,0.3552,0.0707,0.0789,0.2778,0.3487,0.037,0.6398,0.3242,0.4955,1.0,0.5187,0.6814,64.7
0404003,5816,0.1655,0.0839,2,1,0.1762,0.0,2,0.1643,0.2401,0.0665,1.0,0.1297,38.1,1045,0.6781,0.5142,0.0202,0.0263,0.7932,0.0,0.037,0.4508,0.404,0.1943,1.0,0.3338,0.5858,64.69
0214002,6965,0.1338,0.1093,3,1,0.125,0.4165,3,0.1024,0.2052,0.1345,0.9092,0.1735,24.8,1195,0.4997,0.7037,0.0303,0.0263,0.495,0.5042,0.0556,0.2574,0.3369,0.4509,0.9092,0.4466,0.3504,64.67
2407002,15813,0.145,0.091,10,5,0.1005,0.0124,2,0.1412,0.2533,0.0829,0.9439,0.2206,43.2,2356,0.5627,0.5672,0.101,0.1316,0.3524,0.015,0.037,0.3786,0.4294,0.2562,0.9439,0.5678,0.6761,64.66
2614003,9601,0.118,0.0756,3,0,0.1266,0.0,2,0.168,0.318,0.1194,1.0,0.2455,39.9,1510,0.4108,0.4522,0.0303,0.0,0.5044,0.0,0.037,0.4624,0.5538,0.394,1.0,0.6319,0.6177,64.63
1022007,12067,0.1272,0.0723,3,2,0.1175,0.274,5,0.146,0.2465,0.1039,1.0,0.2172,38.5,1846,0.4626,0.4276,0.0303,0.0526,0.4514,0.3317,0.0926,0.3936,0.4163,0.3355,1.0,0.5591,0.5929,64.6
1204003,10378,0.1164,0.0612,8,3,0.1555,0.228,1,0.152,0.2025,0.0779,0.9282,0.2318,46.8,1563,0.4018,0.3448,0.0808,0.0789,0.6727,0.276,0.0185,0.4124,0.3317,0.2374,0.9282,0.5967,0.7398,64.59
1436005,61789,0.1008,0.07,40,21,0.1326,0.1032,14,0.2779,0.2255,0.1007,0.0934,0.1152,9.6,8843,0.314,0.4104,0.404,0.5526,0.5393,0.1249,0.2593,0.8057,0.376,0.3234,0.0934,0.2965,0.0814,64.59
3026006,9463,0.1174,0.0779,7,3,0.0992,0.2354,2,0.1253,0.2116,0.1542,1.0,0.2615,36.4,1533,0.4074,0.4694,0.0707,0.0789,0.3448,0.285,0.037,0.329,0.3492,0.5253,1.0,0.6731,0.5558,64.59
1427002,20692,0.1251,0.0626,7,2,0.134,0.2519,12,0.2539,0.2086,0.1311,0.5148,0.1661,33.3,3488,0.4508,0.3552,0.0707,0.0526,0.5475,0.305,0.2222,0.7307,0.3435,0.4381,0.5148,0.4275,0.5009,64.57
1022003,5072,0.096,0.0552,4,0,0.1294,0.2778,2,0.2015,0.2951,0.1482,1.0,0.1913,33.7,802,0.287,0.3,0.0404,0.0,0.5207,0.3363,0.037,0.567,0.5098,0.5026,1.0,0.4924,0.508,64.51
1018005,4509,0.1384,0.0934,3,1,0.1341,0.1509,0,0.1064,0.2756,0.1084,0.977,0.2019,38.0,754,0.5256,0.5851,0.0303,0.0263,0.548,0.1827,0.0,0.2699,0.4723,0.3525,0.977,0.5197,0.5841,64.51
1807005,6636,0.1025,0.078,3,0,0.1905,0.4435,2,0.1348,0.2544,0.0902,1.0,0.1568,26.0,1058,0.3236,0.4701,0.0303,0.0,0.8765,0.5369,0.037,0.3586,0.4315,0.2838,1.0,0.4036,0.3717,64.49
1219006,10585,0.1167,0.081,10,2,0.145,0.3767,1,0.0771,0.2322,0.1202,0.9593,0.1696,41.6,1737,0.4035,0.4925,0.101,0.0526,0.6115,0.4561,0.0185,0.1784,0.3888,0.397,0.9593,0.4366,0.6478,64.48
1418004,4230,0.1195,0.0843,1,1,0.1234,0.3469,0,0.2134,0.2721,0.1958,0.3738,0.1721,26.2,794,0.4192,0.5172,0.0101,0.0263,0.4857,0.42,0.0,0.6042,0.4656,0.6823,0.3738,0.443,0.3752,64.47
0211005,8891,0.1484,0.0798,7,1,0.1069,0.4865,4,0.0649,0.2626,0.1046,0.7173,0.172,50.9,1438,0.5819,0.4836,0.0707,0.0263,0.3896,0.589,0.0741,0.1403,0.4473,0.3381,0.7173,0.4427,0.8124,64.46
0229007,3938,0.1014,0.098,4,0,0.0896,0.3668,2,0.1203,0.2128,0.1444,0.9468,0.2226,45.5,574,0.3174,0.6194,0.0404,0.0,0.2889,0.4441,0.037,0.3133,0.3515,0.4883,0.9468,0.573,0.7168,64.45
1217006,9007,0.1173,0.0898,6,2,0.1421,0.0,4,0.1781,0.2975,0.0801,0.9389,0.1863,39.4,1325,0.4069,0.5582,0.0606,0.0526,0.5946,0.0,0.0741,0.4939,0.5144,0.2457,0.9389,0.4795,0.6088,64.45
0212001,19850,0.1477,0.0884,14,4,0.1499,0.0,2,0.1813,0.2135,0.0815,0.8577,0.1764,29.1,3319,0.5779,0.5478,0.1414,0.1053,0.6401,0.0,0.037,0.5039,0.3529,0.2509,0.8577,0.4541,0.4265,64.45
0620006,7824,0.1198,0.0355,5,1,0.1318,0.4566,3,0.2066,0.2616,0.1378,0.6558,0.1922,38.3,1313,0.4209,0.153,0.0505,0.0263,0.5347,0.5528,0.0556,0.5829,0.4454,0.4634,0.6558,0.4947,0.5894,64.43
1024007,5058,0.0888,0.0867,1,1,0.1033,0.6571,1,0.188,0.1307,0.1126,1.0,0.174,37.6,659,0.2465,0.5351,0.0101,0.0263,0.3687,0.7955,0.0185,0.5248,0.1937,0.3683,1.0,0.4479,0.577,64.42
2804005,5895,0.1012,0.0906,1,0,0.1361,0.0,0,0.2013,0.3678,0.1319,0.4309,0.2655,41.9,920,0.3163,0.5642,0.0101,0.0,0.5597,0.0,0.0,0.5664,0.6496,0.4411,0.4309,0.6834,0.6531,64.4
1017006,10364,0.1475,0.0664,4,2,0.1248,0.2784,0,0.1074,0.2678,0.1387,0.8068,0.2128,40.0,1874,0.5768,0.3836,0.0404,0.0526,0.4939,0.337,0.0,0.273,0.4573,0.4668,0.8068,0.5477,0.6195,64.39
2204001,7201,0.1267,0.0903,3,1,0.0985,0.2697,3,0.1547,0.2564,0.1372,0.9135,0.1298,44.2,1149,0.4598,0.5619,0.0303,0.0263,0.3407,0.3265,0.0556,0.4208,0.4354,0.4611,0.9135,0.3341,0.6938,64.39
0221003,9716,0.1367,0.056,4,1,0.0975,0.2986,4,0.1654,0.2291,0.1603,0.5696,0.2635,46.5,1690,0.516,0.306,0.0404,0.0263,0.3349,0.3615,0.0741,0.4542,0.3829,0.5483,0.5696,0.6782,0.7345,64.39
2812003,4523,0.1492,0.089,2,1,0.106,0.3732,2,0.1708,0.2223,0.1243,0.5208,0.2662,25.2,766,0.5864,0.5522,0.0202,0.0263,0.3844,0.4518,0.037,0.4711,0.3698,0.4125,0.5208,0.6852,0.3575,64.39
3002002,4926,0.1435,0.0871,5,1,0.1548,0.0,2,0.176,0.3147,0.0815,0.9137,0.1455,33.8,822,0.5543,0.5381,0.0505,0.0263,0.6686,0.0,0.037,0.4873,0.5475,0.2509,0.9137,0.3745,0.5097,64.36
0415003,10332,0.1324,0.073,2,4,0.121,0.1596,1,0.1284,0.2942,0.1151,0.9585,0.1717,46.7,1671,0.4918,0.4328,0.0202,0.1053,0.4718,0.1932,0.0185,0.3386,0.5081,0.3777,0.9585,0.442,0.7381,64.36
0402001,1894,0.153,0.0813,1,0,0.0948,0.2398,1,0.1102,0.3288,0.0953,0.8456,0.2024,49.8,295,0.6078,0.4948,0.0101,0.0,0.3192,0.2903,0.0185,0.2818,0.5746,0.303,0.8456,0.521,0.7929,64.33
1407004,24505,0.0893,0.0887,10,4,0.1094,0.4918,10,0.2192,0.2384,0.1334,0.4941,0.155,25.3,3463,0.2493,0.55,0.101,0.1053,0.4042,0.5954,0.1852,0.6223,0.4008,0.4468,0.4941,0.399,0.3593,64.33
2217003,14478,0.1422,0.0751,7,5,0.138,0.1082,3,0.1389,0.2255,0.1057,1.0,0.1272,44.3,2455,0.547,0.4485,0.0707,0.1316,0.5708,0.131,0.0556,0.3714,0.376,0.3423,1.0,0.3274,0.6956,64.23
2202003,3444,0.1169,0.0907,1,0,0.1096,0.0,1,0.1921,0.1544,0.2195,0.8377,0.1921,46.5,656,0.4046,0.5649,0.0101,0.0,0.4054,0.0,0.0185,0.5376,0.2392,0.7717,0.8377,0.4945,0.7345,64.19
2417003,13013,0.1444,0.065,12,4,0.0996,0.3477,1,0.1379,0.2636,0.109,0.9606,0.1445,36.3,2070,0.5594,0.3731,0.1212,0.1053,0.3471,0.4209,0.0185,0.3683,0.4492,0.3547,0.9606,0.3719,0.554,64.19
3025002,2512,0.1587,0.0722,4,1,0.1176,0.0,0,0.2189,0.1885,0.0995,0.98,0.1808,43.4,427,0.6398,0.4269,0.0404,0.0263,0.452,0.0,0.0,0.6214,0.3048,0.3189,0.98,0.4654,0.6796,64.19
0212004,9425,0.1207,0.0801,5,3,0.1328,0.2324,6,0.1572,0.1722,0.0697,0.9587,0.2624,37.7,1334,0.426,0.4858,0.0505,0.0789,0.5405,0.2814,0.1111,0.4286,0.2735,0.2064,0.9587,0.6754,0.5788,64.18
0420006,14482,0.1435,0.0713,14,3,0.1031,0.1692,6,0.1495,0.1805,0.122,1.0,0.2187,33.4,2389,0.5543,0.4201,0.1414,0.0789,0.3675,0.2048,0.1111,0.4046,0.2894,0.4038,1.0,0.5629,0.5027,64.17
3018003,48689,0.1339,0.071,28,9,0.1098,0.6719,11,0.2664,0.1547,0.0779,0.034,0.0924,17.5,7010,0.5003,0.4179,0.2828,0.2368,0.4065,0.8134,0.2037,0.7698,0.2398,0.2374,0.034,0.2378,0.2212,64.14
0615002,4396,0.132,0.0669,1,2,0.1041,0.182,2,0.2228,0.3443,0.1413,0.5085,0.227,31.2,730,0.4896,0.3873,0.0101,0.0526,0.3733,0.2203,0.037,0.6336,0.6044,0.4766,0.5085,0.5843,0.4637,64.13
0420003,6516,0.1656,0.0707,4,1,0.165,0.1394,0,0.0873,0.2243,0.1603,1.0,0.1846,27.0,1392,0.6787,0.4157,0.0404,0.0263,0.728,0.1688,0.0,0.2102,0.3737,0.5483,1.0,0.4752,0.3894,64.09
2202004,7109,0.1224,0.0951,3,4,0.1242,0.0317,3,0.1209,0.2954,0.146,0.9841,0.1717,36.3,1209,0.4356,0.5978,0.0303,0.1053,0.4904,0.0384,0.0556,0.3152,0.5104,0.4943,0.9841,0.442,0.554,64.09
1017007,9777,0.125,0.073,9,1,0.1314,0.138,3,0.1445,0.218,0.1146,0.9472,0.2044,45.4,1579,0.4502,0.4328,0.0909,0.0263,0.5323,0.1671,0.0556,0.3889,0.3615,0.3758,0.9472,0.5261,0.715,64.06
1607006,6964,0.1201,0.1001,6,2,0.1382,0.0,3,0.1812,0.2473,0.1117,1.0,0.1527,33.0,1116,0.4226,0.6351,0.0606,0.0526,0.5719,0.0,0.0556,0.5036,0.4179,0.3649,1.0,0.3931,0.4956,64.06
3007002,4439,0.1255,0.0898,4,0,0.1096,0.1435,2,0.1851,0.3328,0.063,1.0,0.1854,35.9,592,0.453,0.5582,0.0404,0.0,0.4054,0.1737,0.037,0.5158,0.5823,0.1811,1.0,0.4772,0.5469,64.02
1208007,4978,0.1619,0.0702,3,1,0.1271,0.2672,2,0.1515,0.2399,0.0833,0.9995,0.1712,33.7,834,0.6579,0.4119,0.0303,0.0263,0.5073,0.3235,0.037,0.4108,0.4037,0.2577,0.9995,0.4407,0.508,64.02
1021002,3500,0.1361,0.094,3,0,0.0819,0.5556,1,0.1196,0.2496,0.099,0.9838,0.1543,35.2,503,0.5127,0.5896,0.0303,0.0,0.244,0.6726,0.0185,0.3112,0.4223,0.317,0.9838,0.3972,0.5345,64.0
0604001,8162,0.1179,0.0507,9,2,0.0814,0.6098,2,0.1912,0.2556,0.1194,0.4905,0.2504,37.4,1162,0.4102,0.2664,0.0909,0.0526,0.2411,0.7383,0.037,0.5348,0.4338,0.394,0.4905,0.6445,0.5735,63.99
2425005,5308,0.151,0.0813,2,2,0.1149,0.0,2,0.1621,0.2978,0.1071,0.9776,0.1377,46.1,885,0.5965,0.4948,0.0202,0.0526,0.4362,0.0,0.037,0.4439,0.515,0.3475,0.9776,0.3544,0.7274,63.98
0621006,5814,0.1511,0.0675,4,0,0.1695,0.1744,0,0.2078,0.3562,0.0876,0.4918,0.126,32.6,1035,0.5971,0.3918,0.0404,0.0,0.7542,0.2111,0.0,0.5867,0.6273,0.274,0.4918,0.3243,0.4885,63.97
1204005,9431,0.1361,0.0444,12,2,0.1416,0.0,1,0.1903,0.1834,0.2192,0.9684,0.1392,36.7,2014,0.5127,0.2194,0.1212,0.0526,0.5917,0.0,0.0185,0.532,0.295,0.7706,0.9684,0.3583,0.5611,63.94
1002002,9662,0.1149,0.0901,2,1,0.138,0.1202,7,0.224,0.1746,0.1575,1.0,0.0702,35.7,1688,0.3934,0.5604,0.0202,0.0263,0.5708,0.1455,0.1296,0.6373,0.2781,0.5377,1.0,0.1807,0.5434,63.94
2820004,24374,0.1309,0.061,12,4,0.1556,0.4747,7,0.1466,0.2376,0.189,0.0247,0.1518,34.8,4940,0.4834,0.3433,0.1212,0.1053,0.6733,0.5747,0.1296,0.3955,0.3992,0.6566,0.0247,0.3907,0.5274,63.94
0406007,5003,0.1246,0.097,1,2,0.1452,0.0,0,0.1219,0.3885,0.1067,1.0,0.1963,26.9,813,0.4479,0.6119,0.0101,0.0526,0.6127,0.0,0.0,0.3183,0.6894,0.346,1.0,0.5053,0.3876,63.93
3208004,12216,0.1644,0.0763,6,0,0.1154,0.0688,2,0.1997,0.1395,0.1362,0.8955,0.1913,36.8,2269,0.6719,0.4575,0.0606,0.0,0.4391,0.0833,0.037,0.5614,0.2106,0.4574,0.8955,0.4924,0.5628,63.93
3218006,4249,0.1455,0.0755,2,0,0.1248,0.3464,0,0.2202,0.237,0.0314,1.0,0.1683,30.7,580,0.5656,0.4515,0.0202,0.0,0.4939,0.4194,0.0,0.6254,0.3981,0.0619,1.0,0.4332,0.4549,63.93
0409007,3202,0.1791,0.0942,2,2,0.1365,0.0,1,0.1576,0.2104,0.1205,0.9153,0.1175,34.3,626,0.7546,0.591,0.0202,0.0526,0.562,0.0,0.0185,0.4299,0.3469,0.3981,0.9153,0.3024,0.5186,63.92
2203004,3471,0.1621,0.0787,3,0,0.1355,0.0863,2,0.1185,0.2261,0.1433,1.0,0.1051,47.9,676,0.659,0.4754,0.0303,0.0,0.5562,0.1045,0.037,0.3077,0.3771,0.4842,1.0,0.2705,0.7593,63.85
1208006,5903,0.1462,0.0647,2,1,0.1102,0.0,3,0.168,0.2507,0.1645,0.9632,0.2121,40.0,1093,0.5695,0.3709,0.0202,0.0263,0.4089,0.0,0.0556,0.4624,0.4244,0.5642,0.9632,0.5459,0.6195,63.85
2427006,5339,0.1208,0.0879,3,0,0.1319,0.2956,2,0.0895,0.2672,0.0924,1.0,0.2251,40.8,801,0.4266,0.544,0.0303,0.0,0.5352,0.3579,0.037,0.2171,0.4562,0.2921,1.0,0.5794,0.6336,63.83
2218004,11715,0.1412,0.0696,7,2,0.1413,0.107,5,0.1623,0.2322,0.1213,0.7673,0.1879,39.3,2066,0.5414,0.4075,0.0707,0.0526,0.59,0.1295,0.0926,0.4445,0.3888,0.4011,0.7673,0.4837,0.6071,63.82
2612001,3518,0.1358,0.1029,1,0,0.1508,0.0,2,0.158,0.2275,0.1065,1.0,0.1316,41.5,599,0.511,0.656,0.0101,0.0,0.6453,0.0,0.037,0.4311,0.3798,0.3453,1.0,0.3387,0.646,63.82
1005004,14552,0.1923,0.0359,13,2,0.1212,0.2244,5,0.1095,0.2311,0.1679,0.8922,0.1542,31.8,3148,0.8289,0.156,0.1313,0.0526,0.4729,0.2717,0.0926,0.2796,0.3867,0.577,0.8922,0.3969,0.4743,63.81
0603003,6188,0.1187,0.0639,3,1,0.1226,0.1274,1,0.201,0.3716,0.1513,0.4858,0.212,38.5,1048,0.4147,0.3649,0.0303,0.0263,0.4811,0.1542,0.0185,0.5654,0.6569,0.5143,0.4858,0.5457,0.5929,63.78
1001002,7802,0.1319,0.0647,2,4,0.1299,0.3267,0,0.1416,0.1795,0.1528,0.771,0.2316,35.3,1403,0.489,0.3709,0.0202,0.1053,0.5236,0.3955,0.0,0.3799,0.2875,0.52,0.771,0.5961,0.5363,63.76
1802004,27974,0.1074,0.0655,19,8,0.1082,0.2906,9,0.1101,0.3176,0.1417,0.8105,0.1252,35.2,4324,0.3512,0.3769,0.1919,0.2105,0.3972,0.3518,0.1667,0.2815,0.5531,0.4781,0.8105,0.3223,0.5345,63.76
3007006,5710,0.1527,0.0925,4,0,0.1163,0.4165,1,0.1285,0.2143,0.1322,0.6097,0.1438,38.4,1017,0.6061,0.5784,0.0404,0.0,0.4444,0.5042,0.0185,0.339,0.3544,0.4423,0.6097,0.3701,0.5912,63.74
0622004,7580,0.1117,0.0817,3,0,0.1267,0.3706,1,0.2155,0.2354,0.1292,0.3544,0.2311,35.6,1196,0.3754,0.4978,0.0303,0.0,0.505,0.4487,0.0185,0.6107,0.395,0.4309,0.3544,0.5949,0.5416,63.73
1216002,10876,0.1392,0.0721,13,2,0.1012,0.3896,4,0.1034,0.2401,0.1038,1.0,0.1651,37.8,1684,0.5301,0.4261,0.1313,0.0526,0.3564,0.4717,0.0741,0.2605,0.404,0.3351,1.0,0.425,0.5805,63.7
0414003,7669,0.1327,0.0662,9,2,0.0948,0.5539,1,0.1772,0.2644,0.1348,0.8444,0.0659,32.1,1238,0.4935,0.3821,0.0909,0.0526,0.3192,0.6706,0.0185,0.4911,0.4508,0.4521,0.8444,0.1696,0.4796,63.69
3209005,5073,0.1293,0.0838,4,0,0.0821,0.3004,0,0.1886,0.2349,0.0734,0.9691,0.2637,33.8,659,0.4744,0.5134,0.0404,0.0,0.2452,0.3637,0.0,0.5267,0.394,0.2204,0.9691,0.6788,0.5097,63.66
1405001,3657,0.1215,0.0733,4,1,0.1053,0.1681,0,0.2447,0.3744,0.1215,0.5167,0.197,29.6,561,0.4305,0.4351,0.0404,0.0263,0.3803,0.2035,0.0,0.702,0.6623,0.4019,0.5167,0.5071,0.4354,63.66
1812005,12723,0.1136,0.1007,8,2,0.1347,0.0458,1,0.1203,0.2882,0.1309,0.911,0.1825,36.3,2070,0.386,0.6396,0.0808,0.0526,0.5515,0.0554,0.0185,0.3133,0.4965,0.4374,0.911,0.4698,0.554,63.65
1802003,3588,0.1464,0.0854,1,0,0.114,0.3239,2,0.125,0.1713,0.1099,1.0,0.1781,43.3,590,0.5706,0.5254,0.0101,0.0,0.431,0.3921,0.037,0.328,0.2717,0.3581,1.0,0.4584,0.6779,63.65
1019005,10405,0.1831,0.0667,8,2,0.108,0.2058,1,0.157,0.2275,0.0749,0.9389,0.2171,27.6,1762,0.7772,0.3858,0.0808,0.0526,0.396,0.2492,0.0185,0.428,0.3798,0.226,0.9389,0.5588,0.4,63.65
1220004,3602,0.1159,0.0462,3,1,0.0904,0.3226,1,0.2149,0.267,0.1343,1.0,0.2325,33.2,541,0.399,0.2328,0.0303,0.0263,0.2935,0.3906,0.0185,0.6089,0.4558,0.4502,1.0,0.5985,0.4991,63.65
1021001,13865,0.1267,0.0656,7,4,0.1296,0.1362,6,0.0753,0.237,0.1331,0.9787,0.2856,39.1,2344,0.4598,0.3776,0.0707,0.1053,0.5218,0.1649,0.1111,0.1728,0.3981,0.4457,0.9787,0.7351,0.6035,63.63
0402004,8144,0.1635,0.1007,5,1,0.1598,0.0,1,0.1221,0.1645,0.1077,0.9086,0.1905,33.7,1544,0.6669,0.6396,0.0505,0.0263,0.6977,0.0,0.0185,0.319,0.2587,0.3498,0.9086,0.4903,0.508,63.62
0624005,12702,0.1128,0.0613,7,3,0.1075,0.3339,4,0.3051,0.3509,0.1427,0.0,0.1843,26.1,2000,0.3815,0.3455,0.0707,0.0789,0.3931,0.4042,0.0741,0.8907,0.6171,0.4819,0.0,0.4744,0.3735,63.61
2408002,8801,0.1264,0.0603,10,2,0.1149,0.3593,3,0.0773,0.2201,0.1887,0.8307,0.1488,51.0,1642,0.4581,0.3381,0.101,0.0526,0.4362,0.435,0.0556,0.179,0.3656,0.6555,0.8307,0.383,0.8142,63.56
1003003,5853,0.1773,0.0729,5,0,0.1266,0.0852,1,0.1612,0.2116,0.1128,1.0,0.182,29.9,1099,0.7445,0.4321,0.0505,0.0,0.5044,0.1031,0.0185,0.4411,0.3492,0.3691,1.0,0.4685,0.4407,63.56
2410006,8913,0.1196,0.0634,3,1,0.111,0.5748,0,0.1919,0.2095,0.137,0.9043,0.0949,34.9,1424,0.4198,0.3612,0.0303,0.0263,0.4135,0.6959,0.0,0.537,0.3452,0.4604,0.9043,0.2443,0.5292,63.53
2605003,9439,0.1453,0.0752,10,1,0.1045,0.078,5,0.1796,0.1765,0.1427,1.0,0.1388,42.2,1649,0.5644,0.4493,0.101,0.0263,0.3757,0.0944,0.0926,0.4986,0.2817,0.4819,1.0,0.3573,0.6584,63.52
2420001,12952,0.1208,0.0499,9,2,0.1361,0.2472,2,0.2348,0.1926,0.1181,0.8507,0.2069,28.7,2100,0.4266,0.2604,0.0909,0.0526,0.5597,0.2993,0.037,0.671,0.3127,0.3891,0.8507,0.5326,0.4195,63.52
0803006,7177,0.1053,0.0756,7,0,0.1338,0.1989,3,0.1414,0.2674,0.1465,1.0,0.1732,37.0,1179,0.3393,0.4522,0.0707,0.0,0.5463,0.2408,0.0556,0.3793,0.4565,0.4962,1.0,0.4458,0.5664,63.52
2608004,3887,0.1911,0.0779,3,0,0.1359,0.2165,2,0.1255,0.0892,0.0924,1.0,0.1648,42.8,740,0.8222,0.4694,0.0303,0.0,0.5585,0.2621,0.037,0.3296,0.1138,0.2921,1.0,0.4242,0.669,63.51
3205006,17126,0.1609,0.0784,8,4,0.1057,0.0233,8,0.1302,0.2253,0.1153,0.8342,0.2219,39.2,2950,0.6522,0.4731,0.0808,0.1053,0.3826,0.0282,0.1481,0.3443,0.3756,0.3785,0.8342,0.5712,0.6053,63.51
2816004,7246,0.1581,0.0594,7,3,0.1202,0.0,1,0.1885,0.3207,0.2006,0.2079,0.2284,34.3,1526,0.6365,0.3313,0.0707,0.0789,0.4671,0.0,0.0185,0.5264,0.559,0.7004,0.2079,0.5879,0.5186,63.51
3006003,10471,0.1332,0.0919,6,3,0.0932,0.2033,2,0.144,0.2089,0.1064,0.8653,0.2708,32.7,1563,0.4963,0.5739,0.0606,0.0789,0.3098,0.2461,0.037,0.3874,0.344,0.3449,0.8653,0.697,0.4903,63.51
1816001,6827,0.1486,0.0549,4,4,0.113,0.1584,2,0.1619,0.2676,0.0834,1.0,0.1695,46.8,1063,0.583,0.2978,0.0404,0.1053,0.4252,0.1918,0.037,0.4433,0.4569,0.2581,1.0,0.4363,0.7398,63.5
0801006,9620,0.1335,0.0715,3,2,0.1115,0.6209,1,0.1535,0.28,0.0769,0.6108,0.1221,42.3,1382,0.498,0.4216,0.0303,0.0526,0.4164,0.7517,0.0185,0.4171,0.4808,0.2336,0.6108,0.3143,0.6602,63.48
3214003,11901,0.148,0.0675,5,1,0.1429,0.0659,2,0.1651,0.2369,0.1477,0.9411,0.1657,31.3,2273,0.5796,0.3918,0.0505,0.0263,0.5993,0.0798,0.037,0.4533,0.3979,0.5008,0.9411,0.4265,0.4655,63.47
2417001,8492,0.1359,0.0693,4,1,0.1412,0.208,4,0.1002,0.3,0.136,0.8552,0.1608,42.0,1521,0.5115,0.4052,0.0404,0.0263,0.5894,0.2518,0.0741,0.2505,0.5192,0.4566,0.8552,0.4139,0.6549,63.46
2212006,5105,0.1167,0.0892,5,0,0.0957,0.1922,0,0.1247,0.3047,0.1502,1.0,0.2365,29.9,810,0.4035,0.5537,0.0505,0.0,0.3244,0.2327,0.0,0.3271,0.5283,0.5102,1.0,0.6088,0.4407,63.46
0214001,7228,0.1337,0.112,6,1,0.1238,0.1046,1,0.1809,0.2123,0.1098,1.0,0.1062,30.0,1169,0.4992,0.7239,0.0606,0.0263,0.4881,0.1266,0.0185,0.5027,0.3506,0.3577,1.0,0.2734,0.4425,63.45
1204007,7644,0.1366,0.0777,6,0,0.0823,0.1864,0,0.1247,0.282,0.1394,0.976,0.2579,35.6,1226,0.5155,0.4679,0.0606,0.0,0.2464,0.2257,0.0,0.3271,0.4846,0.4694,0.976,0.6638,0.5416,63.44
2216002,5474,0.1412,0.0937,4,0,0.126,0.0766,2,0.1941,0.1962,0.1278,1.0,0.1243,33.4,950,0.5414,0.5873,0.0404,0.0,0.5009,0.0927,0.037,0.5439,0.3196,0.4257,1.0,0.3199,0.5027,63.44
2614002,8335,0.1496,0.052,5,1,0.1288,0.0,2,0.191,0.237,0.1196,0.9272,0.2125,42.7,1466,0.5886,0.2761,0.0505,0.0263,0.5172,0.0,0.037,0.5342,0.3981,0.3947,0.9272,0.547,0.6673,63.43
1813002,26552,0.1459,0.064,16,3,0.1036,0.0824,11,0.0832,0.322,0.1417,1.0,0.15,39.7,4617,0.5678,0.3657,0.1616,0.0789,0.3704,0.0998,0.2037,0.1974,0.5615,0.4781,1.0,0.3861,0.6142,63.42
1014003,9849,0.0895,0.071,8,1,0.0956,0.2652,1,0.1894,0.3045,0.1268,1.0,0.1448,44.8,1322,0.2504,0.4179,0.0808,0.0263,0.3238,0.3211,0.0185,0.5292,0.5279,0.4219,1.0,0.3727,0.7044,63.4
1604006,11535,0.1315,0.096,5,1,0.1083,0.2522,4,0.1238,0.2809,0.0941,0.9631,0.1635,36.1,1711,0.4868,0.6045,0.0505,0.0263,0.3978,0.3053,0.0741,0.3243,0.4825,0.2985,0.9631,0.4208,0.5504,63.38
1821004,5549,0.1751,0.0997,1,3,0.1453,0.0,3,0.168,0.2605,0.0317,0.9575,0.1943,21.5,890,0.7321,0.6321,0.0101,0.0789,0.6133,0.0,0.0556,0.4624,0.4433,0.063,0.9575,0.5001,0.292,63.38
1017005,5955,0.1231,0.081,5,1,0.1434,0.0508,0,0.2114,0.2088,0.1535,0.798,0.1715,31.8,1073,0.4395,0.4925,0.0505,0.0263,0.6022,0.0615,0.0,0.5979,0.3438,0.5226,0.798,0.4414,0.4743,63.37
0812004,2582,0.1392,0.0738,2,2,0.1214,0.3636,0,0.1548,0.254,0.1356,0.3483,0.2349,38.6,451,0.5301,0.4388,0.0202,0.0526,0.4741,0.4402,0.0,0.4211,0.4308,0.4551,0.3483,0.6046,0.5947,63.36
1815002,17470,0.173,0.0683,9,5,0.1513,0.2692,3,0.1355,0.1673,0.1246,0.5382,0.173,29.4,3472,0.7203,0.3978,0.0909,0.1316,0.6482,0.3259,0.0556,0.3608,0.264,0.4136,0.5382,0.4453,0.4319,63.33
1431001,13119,0.1295,0.0727,8,5,0.1423,0.3107,2,0.1913,0.1922,0.1367,0.6065,0.1487,26.9,2318,0.4755,0.4306,0.0808,0.1316,0.5958,0.3762,0.037,0.5351,0.3119,0.4592,0.6065,0.3828,0.3876,63.3
0618005,7294,0.1129,0.0856,7,1,0.1335,0.5757,1,0.1717,0.3111,0.1118,0.2424,0.1067,37.9,1127,0.3821,0.5269,0.0707,0.0263,0.5446,0.697,0.0185,0.4739,0.5406,0.3653,0.2424,0.2746,0.5823,63.28
1010007,3873,0.1742,0.071,3,0,0.0966,0.1336,0,0.1788,0.2179,0.1333,0.9627,0.1087,44.2,711,0.7271,0.4179,0.0303,0.0,0.3296,0.1617,0.0,0.4961,0.3613,0.4464,0.9627,0.2798,0.6938,63.26
2416002,3343,0.1138,0.0817,1,1,0.1268,0.3364,0,0.1469,0.2646,0.1439,0.7362,0.1546,41.0,552,0.3872,0.4978,0.0101,0.0263,0.5055,0.4073,0.0,0.3964,0.4512,0.4864,0.7362,0.3979,0.6372,63.24
1206005,16296,0.1503,0.0559,9,7,0.1047,0.3216,4,0.0809,0.3176,0.1048,0.824,0.1799,39.7,2643,0.5926,0.3052,0.0909,0.1842,0.3768,0.3893,0.0741,0.1903,0.5531,0.3389,0.824,0.4631,0.6142,63.24
0620005,52099,0.1102,0.0479,30,9,0.0935,0.4502,19,0.1819,0.3801,0.1216,0.1248,0.1184,26.7,7435,0.3669,0.2455,0.303,0.2368,0.3116,0.545,0.3519,0.5058,0.6733,0.4023,0.1248,0.3048,0.3841,63.22
2204004,15210,0.1099,0.05,7,1,0.1138,0.0586,3,0.1568,0.2635,0.2167,0.9649,0.2467,33.9,2851,0.3652,0.2612,0.0707,0.0263,0.4298,0.0709,0.0556,0.4274,0.449,0.7611,0.9649,0.635,0.5115,63.21
2802002,10956,0.1674,0.0487,8,0,0.1196,0.3554,2,0.2028,0.2718,0.124,0.4182,0.1622,33.9,2018,0.6888,0.2515,0.0808,0.0,0.4636,0.4303,0.037,0.5711,0.465,0.4113,0.4182,0.4175,0.5115,63.21
2011004,48519,0.1134,0.0793,31,10,0.1262,0.5241,17,0.1845,0.3068,0.0605,0.0,0.1141,17.5,6384,0.3849,0.4799,0.3131,0.2632,0.502,0.6345,0.3148,0.5139,0.5323,0.1717,0.0,0.2937,0.2212,63.18
0801007,13893,0.1491,0.0629,8,1,0.142,0.2475,3,0.1249,0.1157,0.1435,0.8953,0.2216,36.6,2636,0.5858,0.3575,0.0808,0.0263,0.5941,0.2996,0.0556,0.3277,0.1648,0.4849,0.8953,0.5704,0.5593,63.16
2435002,11989,0.1186,0.0817,6,3,0.0927,0.1087,1,0.1244,0.2428,0.1471,1.0,0.2069,46.5,1885,0.4142,0.4978,0.0606,0.0789,0.3069,0.1316,0.0185,0.3261,0.4092,0.4985,1.0,0.5326,0.7345,63.12
1607007,4042,0.1555,0.0719,2,1,0.0839,0.4282,1,0.1334,0.2007,0.0907,0.7147,0.2597,43.9,614,0.6218,0.4246,0.0202,0.0263,0.2557,0.5184,0.0185,0.3543,0.3283,0.2857,0.7147,0.6685,0.6885,63.12
1803004,2258,0.1394,0.0782,0,1,0.1363,0.3099,0,0.1379,0.1728,0.1024,1.0,0.1767,39.3,374,0.5312,0.4716,0.0,0.0263,0.5609,0.3752,0.0,0.3683,0.2746,0.3298,1.0,0.4548,0.6071,63.12
3216005,6624,0.1104,0.058,6,2,0.1637,0.5819,1,0.099,0.2711,0.058,0.8836,0.2054,33.4,943,0.368,0.3209,0.0606,0.0526,0.7204,0.7045,0.0185,0.2468,0.4637,0.1623,0.8836,0.5287,0.5027,63.11
1216007,5297,0.1314,0.0871,3,2,0.1206,0.4333,1,0.0843,0.163,0.1289,0.8123,0.1716,47.9,884,0.4862,0.5381,0.0303,0.0526,0.4694,0.5246,0.0185,0.2009,0.2558,0.4298,0.8123,0.4417,0.7593,63.08
2606004,22868,0.076,0.0925,17,3,0.155,0.1003,3,0.1315,0.1408,0.1606,1.0,0.1467,43.4,3685,0.1745,0.5784,0.1717,0.0789,0.6698,0.1214,0.0556,0.3483,0.2131,0.5494,1.0,0.3776,0.6796,63.08
2421001,10550,0.1656,0.0756,5,4,0.1289,0.1008,0,0.1428,0.211,0.1357,0.9907,0.1187,32.5,2018,0.6787,0.4522,0.0505,0.1053,0.5178,0.122,0.0,0.3836,0.3481,0.4555,0.9907,0.3055,0.4867,63.07
1805002,6108,0.1709,0.0628,3,2,0.1749,0.0515,2,0.106,0.1604,0.1154,1.0,0.2213,33.6,1234,0.7085,0.3567,0.0303,0.0526,0.7857,0.0623,0.037,0.2687,0.2508,0.3789,1.0,0.5696,0.5062,63.06
1221007,2568,0.1035,0.1006,2,0,0.1332,0.2821,2,0.1474,0.16,0.1205,0.9608,0.1944,37.6,391,0.3292,0.6388,0.0202,0.0,0.5428,0.3415,0.037,0.398,0.25,0.3981,0.9608,0.5004,0.577,63.06
0203002,6012,0.134,0.0669,4,3,0.1313,0.0,0,0.188,0.2319,0.1237,0.8843,0.1399,50.9,1023,0.5008,0.3873,0.0404,0.0789,0.5317,0.0,0.0,0.5248,0.3883,0.4102,0.8843,0.3601,0.8124,63.04
1811002,10095,0.1094,0.0727,3,2,0.104,0.0501,2,0.2818,0.239,0.1321,0.9177,0.1498,34.3,1513,0.3624,0.4306,0.0303,0.0526,0.3727,0.0607,0.037,0.8179,0.4019,0.4419,0.9177,0.3856,0.5186,63.04
1430005,2715,0.1722,0.0558,2,4,0.1417,0.2575,1,0.0984,0.4623,0.1378,0.5434,0.1401,21.3,547,0.7158,0.3045,0.0202,0.1053,0.5923,0.3117,0.0185,0.2449,0.8313,0.4634,0.5434,0.3606,0.2885,63.03
1428003,44061,0.0877,0.0811,27,8,0.0912,0.6415,14,0.1925,0.1918,0.1127,0.0,0.2732,15.5,5552,0.2403,0.4933,0.2727,0.2105,0.2982,0.7766,0.2593,0.5389,0.3112,0.3687,0.0,0.7032,0.1858,63.03
2608005,20492,0.156,0.084,11,7,0.1106,0.3166,5,0.0607,0.1471,0.1624,0.7589,0.1895,31.6,3900,0.6246,0.5149,0.1111,0.1842,0.4112,0.3833,0.0926,0.1271,0.2252,0.5562,0.7589,0.4878,0.4708,63.02
3028005,7632,0.1584,0.0661,6,3,0.0815,0.4056,1,0.1283,0.2942,0.1222,1.0,0.1207,30.3,1264,0.6382,0.3813,0.0606,0.0789,0.2417,0.491,0.0185,0.3383,0.5081,0.4045,1.0,0.3107,0.4478,62.99
1811005,16498,0.1159,0.0645,10,5,0.1266,0.3583,2,0.1052,0.2068,0.1155,1.0,0.2215,32.3,2559,0.399,0.3694,0.101,0.1316,0.5044,0.4338,0.037,0.2662,0.34,0.3792,1.0,0.5701,0.4832,62.96
3202004,9657,0.1077,0.0661,12,3,0.1035,0.2854,4,0.1765,0.2192,0.16,0.9132,0.1407,35.4,1554,0.3528,0.3813,0.1212,0.0789,0.3698,0.3455,0.0741,0.4889,0.3638,0.5472,0.9132,0.3622,0.5381,62.96
1806004,8154,0.1532,0.0583,5,1,0.1239,0.1393,1,0.1275,0.3036,0.1375,0.8337,0.1913,38.3,1495,0.6089,0.3231,0.0505,0.0263,0.4886,0.1686,0.0185,0.3358,0.5262,0.4623,0.8337,0.4924,0.5894,62.95
1425006,4400,0.1286,0.0906,2,0,0.1187,0.2514,3,0.2092,0.2421,0.1499,0.3347,0.1982,32.7,759,0.4705,0.5642,0.0202,0.0,0.4584,0.3044,0.0556,0.5911,0.4079,0.5091,0.3347,0.5102,0.4903,62.93
0803001,9786,0.1389,0.1099,1,1,0.1056,0.0,3,0.1413,0.2833,0.1683,0.9685,0.1386,27.8,1770,0.5284,0.7082,0.0101,0.0263,0.3821,0.0,0.0556,0.3789,0.4871,0.5785,0.9685,0.3568,0.4035,62.92
1803003,14633,0.1348,0.087,8,1,0.1199,0.3213,7,0.0745,0.03,0.1544,1.0,0.2088,47.7,2611,0.5053,0.5373,0.0808,0.0263,0.4653,0.389,0.1296,0.1703,0.0,0.526,1.0,0.5375,0.7558,62.89
1425003,23386,0.0812,0.081,14,5,0.1224,0.1223,5,0.2214,0.2806,0.1543,0.3329,0.2061,34.9,3508,0.2037,0.4925,0.1414,0.1316,0.4799,0.1481,0.0926,0.6292,0.4819,0.5257,0.3329,0.5305,0.5292,62.88
2806004,11144,0.2031,0.0516,8,2,0.0949,0.4409,5,0.177,0.1709,0.154,0.4564,0.1379,27.3,2311,0.8897,0.2731,0.0808,0.0526,0.3197,0.5338,0.0926,0.4905,0.271,0.5245,0.4564,0.355,0.3947,62.87
2417005,7746,0.1443,0.0878,6,1,0.1051,0.4246,2,0.0379,0.2134,0.1361,0.9611,0.2041,36.8,1328,0.5588,0.5433,0.0606,0.0263,0.3791,0.514,0.037,0.0559,0.3527,0.457,0.9611,0.5254,0.5628,62.86
0601004,7689,0.1415,0.0757,5,3,0.1242,0.3096,3,0.1712,0.2915,0.1225,0.3559,0.1915,30.5,1317,0.5431,0.453,0.0505,0.0789,0.4904,0.3748,0.0556,0.4724,0.5029,0.4057,0.3559,0.4929,0.4513,62.85
3210005,2787,0.052,0.1066,1,0,0.1163,0.2689,1,0.0995,0.3094,0.1203,0.9692,0.275,43.9,328,0.0394,0.6836,0.0101,0.0,0.4444,0.3255,0.0185,0.2484,0.5373,0.3974,0.9692,0.7079,0.6885,62.85
2422004,17557,0.1422,0.0922,12,2,0.1149,0.1921,1,0.122,0.1391,0.1106,0.9668,0.2055,35.1,2869,0.547,0.5761,0.1212,0.0526,0.4362,0.2326,0.0185,0.3187,0.2098,0.3608,0.9668,0.529,0.5327,62.84
2428006,5844,0.1894,0.0935,3,1,0.1225,0.0,1,0.07,0.194,0.1785,1.0,0.1544,32.8,1280,0.8126,0.5858,0.0303,0.0263,0.4805,0.0,0.0185,0.1562,0.3154,0.617,1.0,0.3974,0.492,62.83
0211002,5051,0.134,0.0819,3,0,0.133,0.1082,0,0.1397,0.2371,0.1115,0.8726,0.1943,45.5,835,0.5008,0.4993,0.0303,0.0,0.5416,0.131,0.0,0.3739,0.3983,0.3642,0.8726,0.5001,0.7168,62.82
0210003,10003,0.1681,0.0572,7,4,0.1208,0.1315,2,0.1495,0.2838,0.1164,0.8479,0.1098,39.5,1824,0.6927,0.3149,0.0707,0.1053,0.4706,0.1592,0.037,0.4046,0.4881,0.3826,0.8479,0.2826,0.6106,62.78
0614001,15424,0.1165,0.0952,15,1,0.0761,0.2928,1,0.155,0.2618,0.1847,0.5349,0.1621,34.1,2554,0.4024,0.5985,0.1515,0.0263,0.2103,0.3545,0.0185,0.4217,0.4458,0.6404,0.5349,0.4172,0.515,62.78
3005005,8789,0.1418,0.078,4,3,0.1397,0.0,3,0.1308,0.1236,0.0868,1.0,0.2648,47.9,1427,0.5447,0.4701,0.0404,0.0789,0.5807,0.0,0.0556,0.3461,0.18,0.2709,1.0,0.6816,0.7593,62.77
2016004,6458,0.1324,0.1137,9,1,0.1252,0.1804,0,0.1988,0.3026,0.0864,0.2148,0.1936,28.8,986,0.4918,0.7366,0.0909,0.0263,0.4962,0.2184,0.0,0.5586,0.5242,0.2694,0.2148,0.4983,0.4212,62.76
1408007,7633,0.123,0.0775,3,1,0.1332,0.1571,0,0.1092,0.2965,0.1534,0.818,0.1659,44.3,1344,0.4389,0.4664,0.0303,0.0263,0.5428,0.1902,0.0,0.2787,0.5125,0.5223,0.818,0.427,0.6956,62.75
1820005,6098,0.1547,0.0886,5,0,0.1272,0.0,4,0.094,0.2454,0.1245,1.0,0.1631,45.3,1099,0.6173,0.5493,0.0505,0.0,0.5079,0.0,0.0741,0.2312,0.4142,0.4132,1.0,0.4198,0.7133,62.74
0212007,13264,0.1283,0.1068,6,1,0.141,0.0551,1,0.1059,0.2266,0.1626,0.8489,0.1365,37.5,2460,0.4688,0.6851,0.0606,0.0263,0.5882,0.0667,0.0185,0.2684,0.3781,0.557,0.8489,0.3514,0.5752,62.74
0422004,2563,0.148,0.0813,2,0,0.1578,0.1091,1,0.1816,0.1057,0.2033,0.9831,0.0503,33.0,560,0.5796,0.4948,0.0202,0.0,0.6861,0.1321,0.0185,0.5048,0.1456,0.7106,0.9831,0.1295,0.4956,62.74
0418006,11970,0.1105,0.0835,14,1,0.095,0.1997,5,0.1749,0.2892,0.155,0.6549,0.1862,30.5,1882,0.3686,0.5112,0.1414,0.0263,0.3203,0.2418,0.0926,0.4839,0.4985,0.5283,0.6549,0.4793,0.4513,62.74
2607005,3532,0.1439,0.0706,2,0,0.1328,0.2347,0,0.1701,0.2325,0.1079,0.8683,0.2078,29.6,598,0.5566,0.4149,0.0202,0.0,0.5405,0.2841,0.0,0.4689,0.3894,0.3506,0.8683,0.5349,0.4354,62.74
0805003,7290,0.1687,0.0785,5,3,0.1613,0.047,2,0.1312,0.136,0.0809,1.0,0.1223,46.3,1331,0.6961,0.4739,0.0505,0.0789,0.7065,0.0569,0.037,0.3474,0.2038,0.2487,1.0,0.3148,0.731,62.73
1003004,1996,0.0926,0.0743,2,1,0.1848,0.023,0,0.1527,0.2005,0.1506,0.9457,0.1497,50.5,353,0.2679,0.4425,0.0202,0.0263,0.8433,0.0278,0.0,0.4146,0.3279,0.5117,0.9457,0.3853,0.8053,62.73
1822003,23015,0.1099,0.1062,18,7,0.1079,0.1071,6,0.2429,0.126,0.0195,1.0,0.16,28.0,2464,0.3652,0.6806,0.1818,0.1842,0.3955,0.1297,0.1111,0.6963,0.1846,0.017,1.0,0.4118,0.4071,62.72
1012006,6873,0.1517,0.0843,3,2,0.1354,0.6278,2,0.1508,0.1223,0.1011,0.57,0.126,30.4,1182,0.6005,0.5172,0.0303,0.0526,0.5556,0.76,0.037,0.4086,0.1775,0.3249,0.57,0.3243,0.4496,62.71
1016004,14256,0.1218,0.0627,5,2,0.1546,0.3498,5,0.1382,0.219,0.0815,0.7834,0.1779,43.5,2198,0.4322,0.356,0.0505,0.0526,0.6674,0.4235,0.0926,0.3693,0.3635,0.2509,0.7834,0.4579,0.6814,62.7
2208003,3077,0.1117,0.0564,3,1,0.1161,0.4443,1,0.1415,0.2833,0.145,0.9702,0.2247,22.9,496,0.3754,0.309,0.0303,0.0263,0.4432,0.5379,0.0185,0.3796,0.4871,0.4906,0.9702,0.5784,0.3168,62.68
1006004,6608,0.1004,0.0581,6,1,0.1042,0.4829,1,0.1553,0.2277,0.1311,0.8976,0.2123,38.4,959,0.3118,0.3216,0.0606,0.0263,0.3739,0.5846,0.0185,0.4227,0.3802,0.4381,0.8976,0.5465,0.5912,62.67
0205005,1800,0.1316,0.0758,1,1,0.1522,0.2571,0,0.0861,0.1812,0.172,0.975,0.2039,31.8,352,0.4873,0.4537,0.0101,0.0263,0.6535,0.3113,0.0,0.2065,0.2908,0.5925,0.975,0.5248,0.4743,62.63
3029004,6979,0.1402,0.0865,2,3,0.1722,0.1033,2,0.1061,0.2089,0.1547,0.8416,0.1331,32.9,1395,0.5357,0.5336,0.0202,0.0789,0.7699,0.1251,0.037,0.269,0.344,0.5272,0.8416,0.3426,0.4938,62.61
3002005,5890,0.1643,0.0728,2,3,0.151,0.2168,0,0.1038,0.3173,0.0884,0.6654,0.2054,28.5,1056,0.6714,0.4313,0.0202,0.0789,0.6465,0.2625,0.0,0.2618,0.5525,0.277,0.6654,0.5287,0.4159,62.58
2801004,10070,0.142,0.0824,7,3,0.1131,0.2242,3,0.2034,0.2551,0.1405,0.3515,0.2045,23.5,1761,0.5459,0.503,0.0707,0.0789,0.4257,0.2714,0.0556,0.5729,0.4329,0.4736,0.3515,0.5264,0.3274,62.57
2610002,11171,0.185,0.0571,11,4,0.1368,0.2744,2,0.1895,0.1916,0.078,0.621,0.1708,21.6,2035,0.7878,0.3142,0.1111,0.1053,0.5638,0.3322,0.037,0.5295,0.3108,0.2377,0.621,0.4396,0.2938,62.56
1425002,9911,0.1102,0.0799,5,2,0.155,0.2986,2,0.1765,0.2692,0.1632,0.4596,0.0954,35.1,1792,0.3669,0.4843,0.0505,0.0526,0.6698,0.3615,0.037,0.4889,0.46,0.5592,0.4596,0.2456,0.5327,62.55
2808006,4022,0.1677,0.0365,1,0,0.1199,0.0,2,0.2999,0.2851,0.1,0.5475,0.1927,37.9,701,0.6905,0.1604,0.0101,0.0,0.4653,0.0,0.037,0.8744,0.4906,0.3208,0.5475,0.496,0.5823,62.54
0216001,3573,0.1378,0.0812,2,0,0.0929,0.3352,0,0.1411,0.1939,0.1488,0.904,0.1352,45.9,601,0.5222,0.494,0.0202,0.0,0.3081,0.4058,0.0,0.3783,0.3152,0.5049,0.904,0.348,0.7239,62.54
0417004,11632,0.0887,0.0752,10,1,0.1084,0.3079,2,0.1462,0.3264,0.1645,1.0,0.1119,32.3,1785,0.2459,0.4493,0.101,0.0263,0.3984,0.3728,0.037,0.3943,0.57,0.5642,1.0,0.288,0.4832,62.47
0209002,6716,0.1544,0.0789,2,0,0.1282,0.0,0,0.171,0.2458,0.1156,0.9897,0.1508,38.1,1184,0.6156,0.4769,0.0202,0.0,0.5137,0.0,0.0,0.4717,0.415,0.3796,0.9897,0.3882,0.5858,62.47
2213005,6052,0.1735,0.0861,6,0,0.1182,0.0445,2,0.0701,0.2058,0.1509,1.0,0.1789,40.0,1199,0.7231,0.5306,0.0606,0.0,0.4554,0.0539,0.037,0.1565,0.3381,0.5128,1.0,0.4605,0.6195,62.46
1813004,8224,0.1584,0.0637,3,2,0.0909,0.1929,2,0.2071,0.2595,0.0752,0.8756,0.1838,36.3,1230,0.6382,0.3634,0.0303,0.0526,0.2964,0.2335,0.037,0.5845,0.4413,0.2272,0.8756,0.4731,0.554,62.46
1434005,10399,0.0999,0.0836,6,2,0.1086,0.1294,1,0.2219,0.2686,0.1684,0.7286,0.148,31.8,1675,0.3089,0.5119,0.0606,0.0526,0.3995,0.1567,0.0185,0.6307,0.4588,0.5789,0.7286,0.381,0.4743,62.45
2812006,5364,0.1449,0.0233,6,1,0.1233,0.0,0,0.233,0.3465,0.0556,1.0,0.2369,40.2,785,0.5622,0.0619,0.0606,0.0263,0.4851,0.0,0.0,0.6654,0.6087,0.1532,1.0,0.6098,0.623,62.42
0215001,9595,0.1035,0.0572,6,0,0.1632,0.4013,5,0.1776,0.2552,0.1071,0.9339,0.1333,27.1,1511,0.3292,0.3149,0.0606,0.0,0.7175,0.4858,0.0926,0.4923,0.4331,0.3475,0.9339,0.3431,0.3912,62.41
0421001,11761,0.1624,0.0619,5,3,0.1107,0.0,3,0.1918,0.251,0.0394,1.0,0.1755,47.9,1699,0.6607,0.35,0.0505,0.0789,0.4118,0.0,0.0556,0.5367,0.425,0.0921,1.0,0.4517,0.7593,62.39
3005001,9468,0.137,0.0532,3,3,0.16,0.1379,4,0.1511,0.2016,0.153,0.9098,0.1878,29.5,1829,0.5177,0.2851,0.0303,0.0789,0.6989,0.1669,0.0741,0.4096,0.33,0.5208,0.9098,0.4834,0.4336,62.38
2210002,4259,0.1272,0.1087,3,2,0.0862,0.1035,0,0.2141,0.1265,0.0935,0.7722,0.2063,46.3,590,0.4626,0.6993,0.0303,0.0526,0.2691,0.1253,0.0,0.6064,0.1856,0.2962,0.7722,0.531,0.731,62.37
1820003,16738,0.1136,0.0987,11,3,0.1487,0.3744,2,0.0721,0.2042,0.1484,0.5993,0.183,30.3,2924,0.386,0.6246,0.1111,0.0789,0.6331,0.4533,0.037,0.1628,0.335,0.5034,0.5993,0.471,0.4478,62.37
1210004,3868,0.1419,0.0721,2,1,0.1706,0.2824,1,0.0595,0.2365,0.1877,0.8576,0.1172,33.4,826,0.5453,0.4261,0.0202,0.0263,0.7606,0.3419,0.0185,0.1234,0.3971,0.6517,0.8576,0.3017,0.5027,62.36
0225004,3421,0.1177,0.0902,7,0,0.1333,0.0,0,0.2093,0.1155,0.177,1.0,0.1526,32.2,630,0.4091,0.5612,0.0707,0.0,0.5434,0.0,0.0,0.5914,0.1644,0.6113,1.0,0.3928,0.4814,62.32
2607001,4861,0.1342,0.0762,4,1,0.122,0.0476,2,0.1742,0.1401,0.074,1.0,0.2684,45.6,715,0.502,0.4567,0.0404,0.0263,0.4776,0.0576,0.037,0.4817,0.2117,0.2226,1.0,0.6909,0.7186,62.31
1213002,7210,0.1263,0.0663,7,2,0.0847,0.4161,2,0.1525,0.3084,0.0917,0.9541,0.1792,30.5,988,0.4575,0.3828,0.0707,0.0526,0.2603,0.5038,0.037,0.4139,0.5354,0.2894,0.9541,0.4613,0.4513,62.26
1217004,10173,0.1124,0.1051,7,2,0.1351,0.0,1,0.1752,0.2008,0.0472,1.0,0.2425,34.3,1310,0.3793,0.6724,0.0707,0.0526,0.5539,0.0,0.0185,0.4848,0.3285,0.1215,1.0,0.6242,0.5186,62.23
0615004,5637,0.0854,0.0604,7,3,0.1299,0.2207,2,0.2149,0.3399,0.1438,0.4056,0.1539,45.1,855,0.2273,0.3388,0.0707,0.0789,0.5236,0.2672,0.037,0.6089,0.596,0.486,0.4056,0.3961,0.7097,62.21
1816003,12593,0.1335,0.0925,6,3,0.0886,0.1539,4,0.1709,0.2,0.1126,0.687,0.232,37.2,1891,0.498,0.5784,0.0606,0.0789,0.2831,0.1863,0.0741,0.4714,0.3269,0.3683,0.687,0.5972,0.5699,62.21
2408003,19511,0.1356,0.0689,10,4,0.1258,0.1515,7,0.0824,0.1806,0.1237,0.9577,0.2224,41.9,3293,0.5098,0.4022,0.101,0.1053,0.4997,0.1834,0.1296,0.1949,0.2896,0.4102,0.9577,0.5725,0.6531,62.18
0218002,11887,0.1268,0.0752,10,4,0.0585,0.4424,1,0.0956,0.1707,0.1456,0.9893,0.2246,38.6,1778,0.4603,0.4493,0.101,0.1053,0.1077,0.5356,0.0185,0.2362,0.2706,0.4928,0.9893,0.5781,0.5947,62.15
0618002,8449,0.1379,0.0776,8,0,0.0879,0.0679,1,0.3148,0.3417,0.0899,0.2657,0.1994,28.0,1212,0.5228,0.4672,0.0808,0.0,0.279,0.0822,0.0185,0.921,0.5994,0.2826,0.2657,0.5133,0.4071,62.14
2423005,13811,0.1063,0.1028,9,1,0.1433,0.3287,3,0.2,0.3192,0.119,0.516,0.0539,21.8,2167,0.345,0.6552,0.0909,0.0263,0.6016,0.3979,0.0556,0.5623,0.5562,0.3925,0.516,0.1387,0.2973,62.13
1601005,36133,0.1342,0.0773,18,11,0.077,0.1799,7,0.084,0.2023,0.1348,1.0,0.1576,34.5,5618,0.502,0.4649,0.1818,0.2895,0.2155,0.2178,0.1296,0.1999,0.3313,0.4521,1.0,0.4057,0.5221,62.09
0613005,19424,0.1405,0.0799,6,4,0.1287,0.0,5,0.2337,0.289,0.077,0.4536,0.2086,29.4,2984,0.5374,0.4843,0.0606,0.1053,0.5166,0.0,0.0926,0.6676,0.4981,0.234,0.4536,0.5369,0.4319,62.08
0215006,7536,0.1321,0.0771,7,2,0.1154,0.3594,1,0.2125,0.2297,0.101,0.9212,0.0386,30.9,1165,0.4902,0.4634,0.0707,0.0526,0.4391,0.4351,0.0185,0.6014,0.384,0.3245,0.9212,0.0994,0.4584,62.07
2812004,27741,0.1447,0.0689,18,4,0.1348,0.1693,6,0.1237,0.2832,0.1493,0.4639,0.095,38.0,5195,0.5611,0.4022,0.1818,0.1053,0.5521,0.205,0.1111,0.324,0.4869,0.5068,0.4639,0.2445,0.5841,62.02
2211004,5712,0.1908,0.0717,5,0,0.1197,0.2903,1,0.0758,0.2267,0.0926,0.9859,0.1644,33.1,1055,0.8205,0.4231,0.0505,0.0,0.4642,0.3515,0.0185,0.1743,0.3783,0.2928,0.9859,0.4232,0.4973,62.01
0227001,13966,0.1288,0.0666,14,4,0.0984,0.349,5,0.1185,0.2204,0.1354,0.933,0.1901,25.8,2244,0.4716,0.3851,0.1414,0.1053,0.3401,0.4225,0.0926,0.3077,0.3662,0.4543,0.933,0.4893,0.3681,62.01
2613005,2084,0.1178,0.0586,1,1,0.0898,0.5746,2,0.1444,0.1495,0.1065,1.0,0.2078,44.7,291,0.4097,0.3254,0.0101,0.0263,0.29,0.6956,0.037,0.3886,0.2298,0.3453,1.0,0.5349,0.7027,61.95
1206004,5439,0.1058,0.0736,6,1,0.1895,0.084,2,0.0964,0.2965,0.0995,1.0,0.1634,38.9,900,0.3421,0.4373,0.0606,0.0263,0.8707,0.1017,0.037,0.2387,0.5125,0.3189,1.0,0.4206,0.6,61.94
2811002,4170,0.1095,0.0903,4,1,0.122,0.2532,2,0.2023,0.4119,0.1102,0.4136,0.1218,28.4,618,0.363,0.5619,0.0404,0.0263,0.4776,0.3065,0.037,0.5695,0.7344,0.3592,0.4136,0.3135,0.4142,61.92
2603006,2490,0.118,0.0925,1,0,0.129,0.0758,0,0.152,0.2597,0.0979,1.0,0.1699,42.3,372,0.4108,0.5784,0.0101,0.0,0.5183,0.0918,0.0,0.4124,0.4417,0.3128,1.0,0.4373,0.6602,61.92
3012006,3824,0.1066,0.0773,3,2,0.1349,0.3109,0,0.1618,0.1935,0.1041,1.0,0.1577,37.3,568,0.3467,0.4649,0.0303,0.0526,0.5527,0.3764,0.0,0.443,0.3144,0.3362,1.0,0.4059,0.5717,61.92
1432002,12723,0.0953,0.0989,10,4,0.0746,0.3047,2,0.2199,0.3058,0.1098,0.2965,0.195,35.4,1571,0.2831,0.6261,0.101,0.1053,0.2015,0.3689,0.037,0.6245,0.5304,0.3577,0.2965,0.5019,0.5381,61.92
0608001,8634,0.1368,0.0781,8,1,0.1351,0.02,2,0.2359,0.2423,0.0873,0.5455,0.1654,39.0,1368,0.5166,0.4709,0.0808,0.0263,0.5539,0.0242,0.037,0.6745,0.4083,0.2728,0.5455,0.4257,0.6018,61.91
1605004,10782,0.1271,0.059,10,4,0.1287,0.16,6,0.1178,0.3,0.1499,1.0,0.1046,33.8,1899,0.462,0.3284,0.101,0.1053,0.5166,0.1937,0.1111,0.3055,0.5192,0.5091,1.0,0.2692,0.5097,61.91
1008001,6994,0.1128,0.0876,3,2,0.1352,0.1348,4,0.1262,0.3333,0.0632,1.0,0.1711,37.5,946,0.3815,0.5418,0.0303,0.0526,0.5545,0.1632,0.0741,0.3318,0.5833,0.1819,1.0,0.4404,0.5752,61.9
3026001,9371,0.1671,0.0826,7,1,0.095,0.0858,0,0.1218,0.2239,0.1415,1.0,0.1631,33.9,1711,0.6871,0.5045,0.0707,0.0263,0.3203,0.1039,0.0,0.318,0.3729,0.4774,1.0,0.4198,0.5115,61.89
1215005,10699,0.1656,0.063,6,0,0.1125,0.2081,1,0.1563,0.2149,0.165,0.8715,0.1048,34.3,2107,0.6787,0.3582,0.0606,0.0,0.4222,0.2519,0.0185,0.4258,0.3556,0.566,0.8715,0.2698,0.5186,61.87
3021003,2520,0.1444,0.0813,1,0,0.1792,0.0768,0,0.1041,0.2242,0.1409,0.8881,0.1399,36.0,501,0.5594,0.4948,0.0101,0.0,0.8107,0.093,0.0,0.2627,0.3735,0.4751,0.8881,0.3601,0.5487,61.87
0225006,6622,0.1318,0.0821,3,0,0.1507,0.0827,1,0.1355,0.3338,0.0788,1.0,0.2059,23.5,1041,0.4885,0.5007,0.0303,0.0,0.6447,0.1001,0.0185,0.3608,0.5842,0.2408,1.0,0.53,0.3274,61.84
1010006,7293,0.1627,0.0423,1,4,0.1401,0.2455,3,0.1991,0.2237,0.1354,0.6252,0.144,30.1,1410,0.6624,0.2037,0.0101,0.1053,0.583,0.2972,0.0556,0.5595,0.3725,0.4543,0.6252,0.3707,0.4442,61.82
2430004,6252,0.1523,0.0619,2,1,0.1529,0.367,0,0.0919,0.2191,0.1261,1.0,0.1193,33.5,1176,0.6038,0.35,0.0202,0.0263,0.6575,0.4443,0.0,0.2246,0.3637,0.4192,1.0,0.3071,0.5044,61.75
0615001,66772,0.1525,0.0407,42,21,0.1126,0.1402,17,0.0721,0.3385,0.0914,0.1647,0.1643,21.7,10736,0.605,0.1918,0.4242,0.5526,0.4228,0.1697,0.3148,0.1628,0.5933,0.2883,0.1647,0.4229,0.2956,61.74
3211005,9606,0.0762,0.0881,5,2,0.1275,0.3853,2,0.155,0.225,0.1261,0.81,0.1754,35.6,1322,0.1756,0.5455,0.0505,0.0526,0.5096,0.4665,0.037,0.4217,0.375,0.4192,0.81,0.4515,0.5416,61.69
1410002,2510,0.0565,0.0707,2,0,0.1139,0.2983,1,0.2425,0.3804,0.1945,0.3975,0.1227,40.3,375,0.0647,0.4157,0.0202,0.0,0.4304,0.3611,0.0185,0.6951,0.6738,0.6774,0.3975,0.3158,0.6248,61.67
2215005,10072,0.1286,0.103,7,1,0.1319,0.0914,1,0.2041,0.1922,0.1082,0.7965,0.1242,29.1,1621,0.4705,0.6567,0.0707,0.0263,0.5352,0.1107,0.0185,0.5751,0.3119,0.3517,0.7965,0.3197,0.4265,61.67
1212003,6374,0.078,0.0915,4,0,0.1022,0.269,0,0.1699,0.1808,0.1354,1.0,0.2168,40.9,850,0.1857,0.5709,0.0404,0.0,0.3623,0.3257,0.0,0.4683,0.29,0.4543,1.0,0.558,0.6354,61.66
3013001,2393,0.1333,0.0639,0,0,0.1205,0.0,0,0.201,0.2662,0.116,0.8584,0.195,44.8,387,0.4969,0.3649,0.0,0.0,0.4688,0.0,0.0,0.5654,0.4542,0.3811,0.8584,0.5019,0.7044,61.6
2001001,3563,0.0958,0.0593,3,1,0.0862,0.5817,3,0.1964,0.2955,0.1561,0.5685,0.1805,29.2,521,0.2859,0.3306,0.0303,0.0263,0.2691,0.7042,0.0556,0.5511,0.5106,0.5325,0.5685,0.4646,0.4283,61.59
1810001,4580,0.1232,0.0491,1,2,0.1531,0.4517,0,0.1088,0.1653,0.0897,0.871,0.195,51.2,723,0.4401,0.2545,0.0101,0.0526,0.6587,0.5469,0.0,0.2774,0.2602,0.2819,0.871,0.5019,0.8177,61.57
0216006,3568,0.1231,0.0701,1,0,0.1272,0.3894,1,0.1106,0.2223,0.1095,0.9234,0.2013,39.5,557,0.4395,0.4112,0.0101,0.0,0.5079,0.4714,0.0185,0.283,0.3698,0.3566,0.9234,0.5181,0.6106,61.55
1408006,38528,0.118,0.0597,19,8,0.0991,0.4124,9,0.1703,0.2147,0.1728,0.2481,0.2183,18.1,6526,0.4108,0.3336,0.1919,0.2105,0.3442,0.4993,0.1667,0.4695,0.3552,0.5955,0.2481,0.5619,0.2319,61.55
0417001,5047,0.1128,0.087,2,0,0.1597,0.0332,1,0.1429,0.272,0.1245,0.8679,0.1355,42.6,848,0.3815,0.5373,0.0202,0.0,0.6971,0.0402,0.0185,0.3839,0.4654,0.4132,0.8679,0.3488,0.6655,61.53
0226001,24511,0.1468,0.0824,14,4,0.1135,0.1675,9,0.1706,0.2386,0.1725,0.3339,0.1574,20.0,4661,0.5729,0.503,0.1414,0.1053,0.4281,0.2028,0.1667,0.4705,0.4012,0.5943,0.3339,0.4051,0.2655,61.51
2009002,8580,0.1161,0.0534,6,1,0.1462,0.1746,0,0.2701,0.2237,0.0882,0.452,0.2341,33.9,1296,0.4001,0.2866,0.0606,0.0263,0.6185,0.2114,0.0,0.7813,0.3725,0.2762,0.452,0.6026,0.5115,61.48
2402004,4837,0.1636,0.077,1,0,0.1219,0.2835,2,0.1403,0.1059,0.1581,0.8774,0.1655,30.6,948,0.6674,0.4627,0.0101,0.0,0.477,0.3432,0.037,0.3758,0.146,0.54,0.8774,0.426,0.4531,61.48
1403003,6047,0.0708,0.0884,6,2,0.1313,0.013,1,0.2592,0.2627,0.2086,0.4711,0.2005,22.0,1025,0.1452,0.5478,0.0606,0.0526,0.5317,0.0157,0.0185,0.7473,0.4475,0.7306,0.4711,0.5161,0.3009,61.47
1220003,9405,0.1013,0.0609,9,4,0.1046,0.2565,1,0.1773,0.3064,0.1014,0.9365,0.1578,36.2,1262,0.3168,0.3425,0.0909,0.1053,0.3762,0.3105,0.0185,0.4914,0.5315,0.326,0.9365,0.4062,0.5522,61.46
0406002,20251,0.1034,0.0699,17,2,0.1448,0.4718,6,0.1276,0.2807,0.1513,0.3676,0.1704,21.5,3422,0.3286,0.4097,0.1717,0.0526,0.6104,0.5712,0.1111,0.3361,0.4821,0.5143,0.3676,0.4386,0.292,61.45
0604003,10274,0.1535,0.0884,4,1,0.0931,0.3175,2,0.2509,0.3204,0.1045,0.2848,0.0705,28.4,1636,0.6106,0.5478,0.0404,0.0263,0.3093,0.3844,0.037,0.7213,0.5585,0.3377,0.2848,0.1815,0.4142,61.45
2803004,4262,0.1643,0.0638,4,0,0.0724,0.4874,0,0.2375,0.1479,0.1446,0.4412,0.1685,30.1,743,0.6714,0.3642,0.0404,0.0,0.1887,0.5901,0.0,0.6795,0.2267,0.4891,0.4412,0.4337,0.4442,61.45
3028002,10809,0.1335,0.0937,11,4,0.1198,0.0,2,0.1347,0.2836,0.0817,1.0,0.1265,35.3,1615,0.498,0.5873,0.1111,0.1053,0.4648,0.0,0.037,0.3583,0.4877,0.2517,1.0,0.3256,0.5363,61.42
2220003,5732,0.1189,0.0553,5,1,0.1519,0.1194,2,0.1197,0.2686,0.1226,0.8667,0.2257,41.5,966,0.4159,0.3007,0.0505,0.0263,0.6517,0.1446,0.037,0.3115,0.4588,0.406,0.8667,0.581,0.646,61.42
2220001,5971,0.1273,0.0605,3,3,0.1031,0.2272,2,0.1311,0.2561,0.1427,1.0,0.2224,30.4,980,0.4631,0.3396,0.0303,0.0789,0.3675,0.2751,0.037,0.3471,0.4348,0.4819,1.0,0.5725,0.4496,61.42
1201001,60591,0.0961,0.0838,38,19,0.0935,0.5071,14,0.163,0.1969,0.093,0.1132,0.16,5.0,7496,0.2876,0.5134,0.3838,0.5,0.3116,0.6139,0.2593,0.4467,0.321,0.2943,0.1132,0.4118,0.0,61.4
3024004,12877,0.1591,0.0779,9,2,0.1365,0.0,5,0.0912,0.3059,0.1369,0.7769,0.1429,34.2,2458,0.6421,0.4694,0.0909,0.0526,0.562,0.0,0.0926,0.2224,0.5306,0.46,0.7769,0.3678,0.5168,61.37
0808002,51670,0.1085,0.0646,29,11,0.1297,0.6009,12,0.0938,0.2194,0.0972,0.4793,0.0737,26.7,7477,0.3573,0.3701,0.2929,0.2895,0.5224,0.7275,0.2222,0.2306,0.3642,0.3102,0.4793,0.1897,0.3841,61.35
0203001,6315,0.1385,0.0501,4,0,0.1699,0.2582,2,0.0416,0.2289,0.0823,1.0,0.2693,44.0,1068,0.5262,0.2619,0.0404,0.0,0.7566,0.3126,0.037,0.0675,0.3825,0.254,1.0,0.6932,0.6903,61.35
0220006,3898,0.1288,0.0547,5,0,0.0944,0.0019,2,0.2547,0.1959,0.142,1.0,0.2408,28.7,631,0.4716,0.2963,0.0505,0.0,0.3168,0.0023,0.037,0.7332,0.319,0.4792,1.0,0.6198,0.4195,61.34
1820002,10787,0.1126,0.0872,10,4,0.0917,0.1637,4,0.1491,0.1727,0.1047,0.992,0.1876,42.0,1480,0.3804,0.5388,0.101,0.1053,0.3011,0.1982,0.0741,0.4033,0.2744,0.3385,0.992,0.4829,0.6549,61.34
0207002,16688,0.1397,0.0677,10,4,0.1164,0.2492,4,0.1613,0.0918,0.0775,0.6167,0.3371,33.2,2493,0.5329,0.3933,0.101,0.1053,0.445,0.3017,0.0741,0.4414,0.1188,0.2358,0.6167,0.8677,0.4991,61.32
3210006,1980,0.0979,0.0836,1,0,0.1416,0.024,0,0.1422,0.263,0.1281,1.0,0.2029,42.2,307,0.2977,0.5119,0.0101,0.0,0.5917,0.0291,0.0,0.3818,0.4481,0.4268,1.0,0.5223,0.6584,61.29
3027005,27839,0.1577,0.0605,23,6,0.1369,0.2306,4,0.1535,0.1969,0.1578,0.4238,0.0897,24.8,5534,0.6342,0.3396,0.2323,0.1579,0.5644,0.2792,0.0741,0.4171,0.321,0.5389,0.4238,0.2309,0.3504,61.29
3202002,10712,0.1202,0.0805,3,4,0.1409,0.0,1,0.1631,0.2473,0.1002,1.0,0.0926,47.4,1672,0.4232,0.4888,0.0303,0.1053,0.5877,0.0,0.0185,0.447,0.4179,0.3215,1.0,0.2384,0.7504,61.28
2415003,5806,0.1352,0.0811,6,3,0.1364,0.1301,2,0.1046,0.2078,0.1205,0.8907,0.1714,39.1,997,0.5076,0.4933,0.0606,0.0789,0.5614,0.1575,0.037,0.2643,0.3419,0.3981,0.8907,0.4412,0.6035,61.28
2007002,17374,0.0905,0.0795,6,2,0.1007,0.4637,3,0.1318,0.431,0.1013,0.4578,0.2025,30.7,2189,0.256,0.4813,0.0606,0.0526,0.3535,0.5614,0.0556,0.3493,0.7712,0.3257,0.4578,0.5212,0.4549,61.27
2803005,16054,0.1208,0.0431,13,3,0.107,0.3707,5,0.1709,0.3139,0.1342,0.1351,0.2482,39.3,2545,0.4266,0.2097,0.1313,0.0789,0.3902,0.4488,0.0926,0.4714,0.546,0.4498,0.1351,0.6389,0.6071,61.26
1221002,7439,0.0802,0.0743,4,2,0.1504,0.284,3,0.1137,0.2602,0.1471,0.9826,0.1874,30.5,1163,0.1981,0.4425,0.0404,0.0526,0.643,0.3438,0.0556,0.2927,0.4427,0.4985,0.9826,0.4824,0.4513,61.24
0401006,9905,0.1744,0.0852,7,0,0.1208,0.0,2,0.096,0.2772,0.1025,0.8637,0.1997,33.1,1781,0.7282,0.5239,0.0707,0.0,0.4706,0.0,0.037,0.2374,0.4754,0.3302,0.8637,0.514,0.4973,61.24
0411001,2608,0.1735,0.0621,0,0,0.1244,0.1883,0,0.1516,0.0988,0.1265,1.0,0.227,31.8,494,0.7231,0.3515,0.0,0.0,0.4916,0.228,0.0,0.4111,0.1323,0.4208,1.0,0.5843,0.4743,61.22
2610006,63955,0.1107,0.0641,31,13,0.152,0.434,21,0.1681,0.1024,0.0544,0.1706,0.1728,23.3,8731,0.3697,0.3664,0.3131,0.3421,0.6523,0.5254,0.3889,0.4627,0.1392,0.1487,0.1706,0.4448,0.3239,61.19
1436003,5658,0.144,0.0562,3,1,0.1255,0.3048,0,0.1989,0.2171,0.1416,0.2842,0.2703,28.3,1021,0.5571,0.3075,0.0303,0.0263,0.498,0.369,0.0,0.5589,0.3598,0.4777,0.2842,0.6958,0.4124,61.18
0406001,7204,0.1303,0.0697,4,0,0.1239,0.2993,1,0.1431,0.1972,0.074,1.0,0.203,39.0,1045,0.48,0.4082,0.0404,0.0,0.4886,0.3623,0.0185,0.3846,0.3215,0.2226,1.0,0.5225,0.6018,61.18
1409007,5340,0.1589,0.0661,5,1,0.1255,0.1034,3,0.1712,0.2911,0.1061,0.5153,0.1962,34.6,933,0.641,0.3813,0.0505,0.0263,0.498,0.1252,0.0556,0.4724,0.5021,0.3438,0.5153,0.505,0.5239,61.16
2809002,9215,0.1314,0.0464,4,1,0.1311,0.2495,1,0.1802,0.2941,0.1754,0.556,0.1624,31.4,1740,0.4862,0.2343,0.0404,0.0263,0.5306,0.3021,0.0185,0.5005,0.5079,0.6053,0.556,0.418,0.4673,61.15
0617004,14642,0.0533,0.0639,11,3,0.1154,0.2422,2,0.2891,0.372,0.178,0.3061,0.1392,25.7,2077,0.0467,0.3649,0.1111,0.0789,0.4391,0.2932,0.037,0.8407,0.6577,0.6151,0.3061,0.3583,0.3664,61.14
1411002,5436,0.1499,0.1036,1,1,0.1231,0.0,1,0.1638,0.3334,0.0698,0.4612,0.2466,29.3,836,0.5903,0.6612,0.0101,0.0263,0.484,0.0,0.0185,0.4492,0.5835,0.2068,0.4612,0.6347,0.4301,61.14
2420005,20813,0.0958,0.058,11,3,0.1113,0.1577,2,0.1187,0.2094,0.1207,1.0,0.1811,61.2,2926,0.2859,0.3209,0.1111,0.0789,0.4153,0.1909,0.037,0.3083,0.345,0.3989,1.0,0.4662,0.9947,61.09
2015004,9602,0.159,0.0518,6,0,0.1089,0.1643,2,0.219,0.2715,0.1155,0.5959,0.2272,23.8,1655,0.6415,0.2746,0.0606,0.0,0.4013,0.1989,0.037,0.6217,0.4644,0.3792,0.5959,0.5848,0.3327,61.06
1205004,15309,0.1023,0.0733,12,5,0.0717,0.2215,5,0.1303,0.3268,0.1723,0.9961,0.1156,31.0,2317,0.3225,0.4351,0.1212,0.1316,0.1846,0.2682,0.0926,0.3446,0.5708,0.5936,0.9961,0.2976,0.4602,61.04
2219004,8804,0.1176,0.0751,8,2,0.068,0.1143,6,0.1431,0.3074,0.0808,1.0,0.2504,40.6,1073,0.4086,0.4485,0.0808,0.0526,0.1631,0.1384,0.1111,0.3846,0.5335,0.2483,1.0,0.6445,0.6301,61.03
2429001,11564,0.1615,0.0496,8,0,0.0783,0.3843,1,0.1494,0.1766,0.0896,0.9625,0.1806,45.4,1766,0.6556,0.2582,0.0808,0.0,0.2231,0.4653,0.0185,0.4042,0.2819,0.2815,0.9625,0.4649,0.715,60.99
0616007,10737,0.1306,0.0655,5,0,0.0724,0.4345,3,0.233,0.2837,0.1277,0.4273,0.1055,40.6,1596,0.4817,0.3769,0.0505,0.0,0.1887,0.526,0.0556,0.6654,0.4879,0.4253,0.4273,0.2716,0.6301,60.94
2417002,21565,0.0984,0.0689,12,5,0.1339,0.0,4,0.0962,0.2049,0.1667,0.9336,0.2143,43.8,3632,0.3005,0.4022,0.1212,0.1316,0.5469,0.0,0.0741,0.2381,0.3363,0.5725,0.9336,0.5516,0.6867,60.93
3006001,12154,0.1551,0.0322,6,1,0.1433,0.222,4,0.1639,0.2351,0.0889,0.9945,0.1825,31.1,2085,0.6196,0.1284,0.0606,0.0263,0.6016,0.2688,0.0741,0.4495,0.3944,0.2789,0.9945,0.4698,0.4619,60.93
1609006,9065,0.1006,0.0831,2,2,0.1149,0.5907,2,0.2389,0.1695,0.16,0.4022,0.0943,24.2,1450,0.3129,0.5082,0.0202,0.0526,0.4362,0.7151,0.037,0.6838,0.2683,0.5472,0.4022,0.2427,0.3398,60.85
0421002,5109,0.1499,0.0986,3,1,0.0994,0.101,0,0.1525,0.2268,0.1671,0.8902,0.0782,32.0,944,0.5903,0.6239,0.0303,0.0263,0.346,0.1223,0.0,0.4139,0.3785,0.574,0.8902,0.2013,0.4779,60.85
1818001,5408,0.0956,0.068,4,3,0.1243,0.177,0,0.1364,0.2923,0.1672,1.0,0.1788,28.2,888,0.2847,0.3955,0.0404,0.0789,0.491,0.2143,0.0,0.3636,0.5044,0.5743,1.0,0.4602,0.4106,60.84
2609005,8833,0.1163,0.073,3,0,0.1021,0.3047,2,0.1608,0.1688,0.1317,0.7924,0.2081,44.0,1348,0.4012,0.4328,0.0303,0.0,0.3617,0.3689,0.037,0.4399,0.2669,0.4404,0.7924,0.5356,0.6903,60.84
2433005,5847,0.1427,0.0467,2,1,0.1472,0.2209,1,0.1628,0.2425,0.1409,1.0,0.1218,28.2,1092,0.5498,0.2366,0.0202,0.0263,0.6243,0.2674,0.0185,0.4461,0.4087,0.4751,1.0,0.3135,0.4106,60.82
0602004,2368,0.1081,0.1106,2,1,0.127,0.2088,0,0.1833,0.3484,0.1178,0.4067,0.1035,31.4,360,0.3551,0.7134,0.0202,0.0263,0.5067,0.2528,0.0,0.5102,0.6123,0.3879,0.4067,0.2664,0.4673,60.81
1423004,9475,0.0883,0.0781,6,3,0.0787,0.069,1,0.2387,0.4221,0.1433,0.3392,0.1883,38.0,1273,0.2437,0.4709,0.0606,0.0789,0.2254,0.0835,0.0185,0.6832,0.754,0.4842,0.3392,0.4847,0.5841,60.8
2411006,11585,0.0852,0.0493,10,5,0.1851,0.1401,7,0.1218,0.2049,0.1292,1.0,0.1778,35.8,1907,0.2262,0.256,0.101,0.1316,0.8451,0.1696,0.1296,0.318,0.3363,0.4309,1.0,0.4577,0.5451,60.8
3002001,7366,0.1203,0.0711,3,0,0.1053,0.0671,1,0.1514,0.1989,0.1324,0.9234,0.2865,39.8,1151,0.4237,0.4187,0.0303,0.0,0.3803,0.0812,0.0185,0.4105,0.3248,0.443,0.9234,0.7375,0.6159,60.78
3017006,2812,0.1403,0.0718,2,1,0.1536,0.0,3,0.1636,0.1442,0.1439,1.0,0.217,24.5,533,0.5363,0.4239,0.0202,0.0263,0.6616,0.0,0.0556,0.4486,0.2196,0.4864,1.0,0.5586,0.3451,60.77
1023002,4250,0.1168,0.1237,3,1,0.0701,0.0334,3,0.1675,0.2691,0.1352,0.9928,0.0974,35.4,611,0.4041,0.8112,0.0303,0.0263,0.1753,0.0404,0.0556,0.4608,0.4598,0.4536,0.9928,0.2507,0.5381,60.74
2420004,6662,0.1241,0.0629,3,1,0.1442,0.21,3,0.1325,0.206,0.1102,0.985,0.1622,41.2,1088,0.4451,0.3575,0.0303,0.0263,0.6069,0.2542,0.0556,0.3515,0.3385,0.3592,0.985,0.4175,0.6407,60.73
3012003,11671,0.1085,0.0784,8,4,0.1266,0.0,2,0.1672,0.2383,0.0966,0.988,0.1645,40.6,1676,0.3573,0.4731,0.0808,0.1053,0.5044,0.0,0.037,0.4599,0.4006,0.3079,0.988,0.4234,0.6301,60.73
2402003,12883,0.1371,0.0974,10,2,0.1297,0.0168,2,0.1266,0.2095,0.015,1.0,0.2218,40.6,1645,0.5183,0.6149,0.101,0.0526,0.5224,0.0203,0.037,0.333,0.3452,0.0,1.0,0.5709,0.6301,60.73
2607006,5930,0.1849,0.1082,6,1,0.1264,0.1929,1,0.0549,0.0658,0.142,0.9206,0.1239,35.4,1209,0.7873,0.6955,0.0606,0.0263,0.5032,0.2335,0.0185,0.109,0.0688,0.4792,0.9206,0.3189,0.5381,60.72
1214007,4655,0.1618,0.049,3,0,0.1367,0.1345,1,0.1394,0.2397,0.1495,0.816,0.1521,37.8,918,0.6573,0.2537,0.0303,0.0,0.5632,0.1628,0.0185,0.373,0.4033,0.5075,0.816,0.3915,0.5805,60.7
1426006,33194,0.0911,0.0481,18,14,0.1582,0.2466,10,0.1651,0.3507,0.0889,0.0986,0.1874,27.8,4713,0.2594,0.247,0.1818,0.3684,0.6884,0.2985,0.1852,0.4533,0.6167,0.2789,0.0986,0.4824,0.4035,60.7
0412002,8878,0.0985,0.0819,9,5,0.133,0.1951,2,0.1859,0.1403,0.176,0.603,0.1193,37.4,1533,0.3011,0.4993,0.0909,0.1316,0.5416,0.2362,0.037,0.5183,0.2121,0.6075,0.603,0.3071,0.5735,60.65
3206005,92931,0.1355,0.0415,55,21,0.1038,0.2339,27,0.1874,0.2612,0.0631,0.0569,0.0541,9.8,12723,0.5093,0.1978,0.5556,0.5526,0.3716,0.2832,0.5,0.523,0.4446,0.1815,0.0569,0.1393,0.085,60.65
2216006,7112,0.0978,0.0516,4,1,0.1119,0.2546,0,0.2141,0.257,0.1198,0.9292,0.1136,47.6,1006,0.2971,0.2731,0.0404,0.0263,0.4188,0.3082,0.0,0.6064,0.4365,0.3955,0.9292,0.2924,0.754,60.63
0216003,11849,0.1594,0.0652,10,2,0.1112,0.3483,1,0.172,0.1622,0.1362,0.5719,0.1634,25.7,2157,0.6438,0.3746,0.101,0.0526,0.4147,0.4217,0.0185,0.4749,0.2542,0.4574,0.5719,0.4206,0.3664,60.59
0602007,16444,0.1293,0.0601,12,4,0.1178,0.0,5,0.2451,0.3222,0.1511,0.4618,0.1242,24.5,2857,0.4744,0.3366,0.1212,0.1053,0.4531,0.0,0.0926,0.7032,0.5619,0.5136,0.4618,0.3197,0.3451,60.57
2429005,44677,0.139,0.0563,30,3,0.1215,0.2946,13,0.1303,0.2505,0.1069,0.4127,0.1171,33.6,7258,0.529,0.3082,0.303,0.0789,0.4747,0.3567,0.2407,0.3446,0.424,0.3468,0.4127,0.3014,0.5062,60.55
2821003,7812,0.1345,0.0374,4,1,0.0743,0.3926,5,0.1823,0.2922,0.2521,0.4206,0.1226,34.2,1573,0.5037,0.1672,0.0404,0.0263,0.1998,0.4753,0.0926,0.507,0.5042,0.8947,0.4206,0.3156,0.5168,60.55
2815004,26361,0.1533,0.0501,12,8,0.1537,0.1697,4,0.2055,0.3616,0.1211,0.0893,0.1027,20.0,4937,0.6095,0.2619,0.1212,0.2105,0.6622,0.2054,0.0741,0.5795,0.6377,0.4004,0.0893,0.2644,0.2655,60.53
0602005,9621,0.093,0.085,4,3,0.1294,0.0,4,0.1484,0.3957,0.1211,0.6666,0.1928,34.3,1400,0.2701,0.5224,0.0404,0.0789,0.5207,0.0,0.0741,0.4011,0.7033,0.4004,0.6666,0.4963,0.5186,60.53
2006002,2375,0.1245,0.0708,2,1,0.0703,0.3939,3,0.1703,0.271,0.1131,0.3082,0.2871,41.3,331,0.4474,0.4164,0.0202,0.0263,0.1765,0.4769,0.0556,0.4695,0.4635,0.3702,0.3082,0.739,0.6425,60.52
2408004,9435,0.126,0.0678,6,3,0.1101,0.1767,4,0.1349,0.2198,0.1212,1.0,0.1674,37.5,1483,0.4558,0.394,0.0606,0.0789,0.4083,0.2139,0.0741,0.359,0.365,0.4008,1.0,0.4309,0.5752,60.52
0417002,11033,0.1551,0.0894,7,1,0.1049,0.131,3,0.1712,0.1128,0.1259,0.903,0.1673,28.6,1909,0.6196,0.5552,0.0707,0.0263,0.378,0.1586,0.0556,0.4724,0.1592,0.4185,0.903,0.4306,0.4177,60.5
2201006,5024,0.1357,0.0783,5,1,0.1194,0.1549,0,0.1304,0.2196,0.113,0.9962,0.2082,28.6,818,0.5104,0.4724,0.0505,0.0263,0.4624,0.1875,0.0,0.3449,0.3646,0.3698,0.9962,0.5359,0.4177,60.47
2417004,8140,0.1261,0.0622,3,0,0.1354,0.4962,2,0.1948,0.1691,0.2068,0.1884,0.1368,29.9,1626,0.4564,0.3522,0.0303,0.0,0.5556,0.6007,0.037,0.5461,0.2675,0.7238,0.1884,0.3521,0.4407,60.46
1020005,11596,0.13,0.0521,8,3,0.1158,0.1096,2,0.1269,0.2392,0.1336,0.8715,0.245,36.9,1929,0.4783,0.2769,0.0808,0.0789,0.4415,0.1327,0.037,0.334,0.4023,0.4475,0.8715,0.6306,0.5646,60.45
1210005,90137,0.1308,0.0881,48,17,0.0992,0.3553,24,0.1589,0.2176,0.0188,0.0,0.0403,21.2,10356,0.4828,0.5455,0.4848,0.4474,0.3448,0.4301,0.4444,0.4339,0.3608,0.0143,0.0,0.1037,0.2867,60.45
0214003,5296,0.1115,0.0869,4,2,0.181,0.1276,2,0.2365,0.1791,0.0752,0.3422,0.1865,31.8,825,0.3742,0.5366,0.0404,0.0526,0.8212,0.1545,0.037,0.6764,0.2867,0.2272,0.3422,0.4801,0.4743,60.44
3213001,15340,0.1142,0.0569,13,1,0.0919,0.0522,6,0.0806,0.2683,0.1833,1.0,0.1743,53.2,2595,0.3894,0.3127,0.1313,0.0263,0.3023,0.0632,0.1111,0.1893,0.4583,0.6351,1.0,0.4486,0.8531,60.41
1611005,100968,0.1341,0.0579,56,25,0.1296,0.3774,25,0.02,0.132,0.1147,0.3107,0.0876,5.0,16740,0.5014,0.3201,0.5657,0.6579,0.5218,0.4569,0.463,0.0,0.1962,0.3762,0.3107,0.2255,0.0,60.41
1019002,4211,0.1318,0.1117,1,1,0.1408,0.1575,1,0.0967,0.2133,0.0815,0.8996,0.1753,32.9,652,0.4885,0.7216,0.0101,0.0263,0.5871,0.1907,0.0185,0.2396,0.3525,0.2509,0.8996,0.4512,0.4938,60.38
1208001,5727,0.1143,0.061,4,0,0.1278,0.3994,0,0.18,0.1214,0.058,1.0,0.2424,36.3,753,0.39,0.3433,0.0404,0.0,0.5114,0.4835,0.0,0.4998,0.1758,0.1623,1.0,0.6239,0.554,60.37
1428001,37289,0.0932,0.0725,26,12,0.0885,0.1516,12,0.1885,0.3917,0.1111,0.0,0.1736,28.0,4761,0.2712,0.4291,0.2626,0.3158,0.2825,0.1835,0.2222,0.5264,0.6956,0.3626,0.0,0.4468,0.4071,60.32
1009001,6709,0.1419,0.0803,2,0,0.0749,0.1617,1,0.1686,0.2811,0.1354,1.0,0.1478,29.4,1064,0.5453,0.4873,0.0202,0.0,0.2033,0.1958,0.0185,0.4642,0.4829,0.4543,1.0,0.3804,0.4319,60.31
1801007,9804,0.1463,0.0967,5,2,0.1144,0.0,3,0.1056,0.1933,0.0882,1.0,0.1855,42.3,1534,0.5701,0.6097,0.0505,0.0526,0.4333,0.0,0.0556,0.2674,0.314,0.2762,1.0,0.4775,0.6602,60.31
0402007,5918,0.1402,0.0617,2,0,0.0938,0.2631,1,0.1319,0.1728,0.1512,0.9798,0.2308,34.9,1010,0.5357,0.3485,0.0202,0.0,0.3133,0.3185,0.0185,0.3496,0.2746,0.514,0.9798,0.5941,0.5292,60.3
3210004,24288,0.1313,0.0644,13,6,0.1079,0.3933,6,0.1391,0.2649,0.077,0.3842,0.1896,35.5,3438,0.4856,0.3687,0.1313,0.1579,0.3955,0.4762,0.1111,0.3721,0.4517,0.234,0.3842,0.488,0.5398,60.29
1820004,5233,0.176,0.0406,6,1,0.1246,0.4155,2,0.1137,0.3091,0.1313,0.3982,0.1602,32.1,1016,0.7372,0.191,0.0606,0.0263,0.4927,0.503,0.037,0.2927,0.5367,0.4389,0.3982,0.4124,0.4796,60.28
0410007,5719,0.1562,0.0692,4,1,0.1078,0.0064,1,0.1787,0.1871,0.1348,1.0,0.1314,38.4,1020,0.6258,0.4045,0.0404,0.0263,0.3949,0.0077,0.0185,0.4958,0.3021,0.4521,1.0,0.3382,0.5912,60.26
1416005,9771,0.1078,0.0683,4,1,0.1271,0.1127,4,0.2496,0.3342,0.1229,0.5662,0.139,26.0,1499,0.3534,0.3978,0.0404,0.0263,0.5073,0.1364,0.0741,0.7173,0.585,0.4072,0.5662,0.3578,0.3717,60.26
0605003,21466,0.1793,0.0842,4,1,0.1326,0.1007,4,0.161,0.3278,0.0629,0.2381,0.166,34.2,3658,0.7558,0.5164,0.0404,0.0263,0.5393,0.1219,0.0741,0.4405,0.5727,0.1808,0.2381,0.4273,0.5168,60.24
0208005,9305,0.1402,0.0888,4,2,0.1283,0.0724,2,0.1387,0.2286,0.0802,1.0,0.1761,29.5,1439,0.5357,0.5507,0.0404,0.0526,0.5143,0.0877,0.037,0.3708,0.3819,0.246,1.0,0.4533,0.4336,60.23
0209006,8118,0.178,0.0622,2,0,0.0977,0.0507,1,0.1093,0.2874,0.1154,0.9494,0.2041,37.1,1449,0.7485,0.3522,0.0202,0.0,0.3361,0.0614,0.0185,0.279,0.495,0.3789,0.9494,0.5254,0.5681,60.23
0809007,4612,0.1211,0.0584,4,0,0.1143,0.4208,0,0.0868,0.2885,0.1098,1.0,0.1891,36.1,698,0.4282,0.3239,0.0404,0.0,0.4327,0.5094,0.0,0.2087,0.4971,0.3577,1.0,0.4867,0.5504,60.21
1816006,6556,0.1179,0.1052,4,0,0.1186,0.0252,1,0.155,0.2485,0.0883,1.0,0.1638,34.0,932,0.4102,0.6731,0.0404,0.0,0.4578,0.0305,0.0185,0.4217,0.4202,0.2766,1.0,0.4216,0.5133,60.17
1604004,5647,0.1011,0.0678,2,2,0.122,0.5629,1,0.1967,0.2473,0.0679,0.7656,0.1445,27.0,712,0.3157,0.394,0.0202,0.0526,0.4776,0.6815,0.0185,0.552,0.4179,0.1996,0.7656,0.3719,0.3894,60.15
1411005,28547,0.15,0.0873,19,5,0.0817,0.3367,5,0.1521,0.2612,0.1673,0.0562,0.1568,19.6,5105,0.5909,0.5396,0.1919,0.1316,0.2429,0.4076,0.0926,0.4127,0.4446,0.5747,0.0562,0.4036,0.2584,60.14
1412001,9591,0.1451,0.0733,9,3,0.1163,0.0,1,0.2005,0.2763,0.1766,0.1652,0.1842,31.6,1845,0.5633,0.4351,0.0909,0.0789,0.4444,0.0,0.0185,0.5639,0.4737,0.6098,0.1652,0.4741,0.4708,60.08
1804004,5033,0.1647,0.0772,5,0,0.1298,0.2585,3,0.1446,0.1666,0.0806,1.0,0.1104,29.5,851,0.6736,0.4642,0.0505,0.0,0.523,0.313,0.0556,0.3893,0.2627,0.2475,1.0,0.2842,0.4336,60.07
2813003,4163,0.1813,0.0536,2,2,0.1067,0.3534,0,0.161,0.4056,0.1011,0.3497,0.2026,11.3,742,0.767,0.2881,0.0202,0.0526,0.3885,0.4278,0.0,0.4405,0.7223,0.3249,0.3497,0.5215,0.1115,60.01
1214002,15489,0.0959,0.0902,10,4,0.098,0.3622,5,0.0806,0.3115,0.1612,0.4288,0.1645,39.2,2360,0.2864,0.5612,0.101,0.1053,0.3378,0.4385,0.0926,0.1893,0.5413,0.5517,0.4288,0.4234,0.6053,59.99
0225003,3739,0.1433,0.0669,2,0,0.1058,0.4403,0,0.1682,0.2374,0.1062,0.7444,0.1194,32.8,593,0.5532,0.3873,0.0202,0.0,0.3832,0.5331,0.0,0.463,0.3988,0.3442,0.7444,0.3073,0.492,59.99
0619006,13913,0.1234,0.0369,9,2,0.1087,0.1531,10,0.2844,0.3115,0.0949,0.5267,0.1512,30.0,2012,0.4412,0.1634,0.0909,0.0526,0.4001,0.1854,0.1852,0.826,0.5413,0.3015,0.5267,0.3892,0.4425,59.98
0401003,11103,0.1417,0.06,9,0,0.1606,0.299,4,0.1442,0.0932,0.092,1.0,0.171,28.0,1907,0.5442,0.3358,0.0909,0.0,0.7024,0.362,0.0741,0.388,0.1215,0.2906,1.0,0.4402,0.4071,59.96
0809002,5349,0.1583,0.068,3,0,0.1087,0.2405,1,0.0862,0.1219,0.1559,0.9493,0.2385,35.0,1005,0.6376,0.3955,0.0303,0.0,0.4001,0.2912,0.0185,0.2068,0.1767,0.5317,0.9493,0.6139,0.531,59.93
0624002,16437,0.1089,0.0503,7,1,0.1057,0.0077,5,0.2531,0.3294,0.1767,0.5444,0.0733,45.7,2762,0.3596,0.2634,0.0707,0.0263,0.3826,0.0093,0.0926,0.7282,0.5758,0.6102,0.5444,0.1887,0.7204,59.89
1206006,5430,0.136,0.0934,4,2,0.1277,0.3289,0,0.1357,0.1565,0.0291,0.9551,0.1964,30.3,718,0.5121,0.5851,0.0404,0.0526,0.5108,0.3982,0.0,0.3614,0.2433,0.0532,0.9551,0.5055,0.4478,59.87
0203003,2554,0.1676,0.0685,2,0,0.078,0.3335,0,0.1562,0.2946,0.1765,0.422,0.1632,25.4,487,0.6899,0.3993,0.0202,0.0,0.2213,0.4038,0.0,0.4255,0.5088,0.6094,0.422,0.4201,0.3611,59.85
0408006,2383,0.14,0.0919,1,1,0.104,0.1479,1,0.128,0.3329,0.0739,0.978,0.1317,32.7,342,0.5346,0.5739,0.0101,0.0263,0.3727,0.1791,0.0185,0.3374,0.5825,0.2223,0.978,0.339,0.4903,59.83
1426004,32371,0.1209,0.0733,18,5,0.1669,0.4118,9,0.1714,0.2666,0.1029,0.1384,0.1191,12.0,5398,0.4271,0.4351,0.1818,0.1316,0.7391,0.4985,0.1667,0.473,0.455,0.3317,0.1384,0.3066,0.1239,59.8
3214002,4915,0.1349,0.0638,6,3,0.0912,0.1818,1,0.1803,0.1974,0.0951,1.0,0.1831,34.7,717,0.5059,0.3642,0.0606,0.0789,0.2982,0.2201,0.0185,0.5008,0.3219,0.3023,1.0,0.4713,0.5257,59.76
1203002,9146,0.1151,0.056,7,1,0.1125,0.0446,4,0.1252,0.3288,0.1208,1.0,0.268,28.5,1389,0.3945,0.306,0.0707,0.0263,0.4222,0.054,0.0741,0.3286,0.5746,0.3992,1.0,0.6898,0.4159,59.72
1801005,14979,0.1656,0.0576,7,0,0.0621,0.4395,2,0.1759,0.2256,0.1313,0.5723,0.113,39.9,2483,0.6787,0.3179,0.0707,0.0,0.1287,0.5321,0.037,0.487,0.3762,0.4389,0.5723,0.2909,0.6177,59.69
0418001,3387,0.1508,0.0739,2,0,0.14,0.0,0,0.0924,0.3447,0.0898,1.0,0.1579,36.3,570,0.5954,0.4396,0.0202,0.0,0.5824,0.0,0.0,0.2262,0.6052,0.2823,1.0,0.4064,0.554,59.67
2411004,9603,0.0642,0.1162,9,2,0.0925,0.187,0,0.2121,0.1744,0.1011,0.9404,0.1512,34.4,1049,0.108,0.7552,0.0909,0.0526,0.3058,0.2264,0.0,0.6001,0.2777,0.3249,0.9404,0.3892,0.5204,59.64
2401005,5789,0.1714,0.0467,4,1,0.1523,0.0,1,0.1882,0.1637,0.104,0.8325,0.1197,43.8,1100,0.7113,0.2366,0.0404,0.0263,0.654,0.0,0.0185,0.5255,0.2571,0.3358,0.8325,0.3081,0.6867,59.64
1609003,6342,0.0984,0.0619,0,0,0.1412,0.5362,1,0.1895,0.2378,0.1324,0.3787,0.2209,23.1,992,0.3005,0.35,0.0,0.0,0.5894,0.6492,0.0185,0.5295,0.3996,0.443,0.3787,0.5686,0.3204,59.58
1202005,19662,0.1286,0.0779,18,5,0.1491,0.0,3,0.132,0.2404,0.0865,1.0,0.0835,29.8,3120,0.4705,0.4694,0.1818,0.1316,0.6354,0.0,0.0556,0.3499,0.4046,0.2698,1.0,0.2149,0.4389,59.57
2218001,13233,0.1466,0.1136,3,0,0.0858,0.4765,3,0.1531,0.1269,0.1359,0.4735,0.1293,26.7,2186,0.5718,0.7358,0.0303,0.0,0.2667,0.5769,0.0556,0.4158,0.1863,0.4562,0.4735,0.3328,0.3841,59.56
0814006,15148,0.1761,0.0318,11,7,0.1325,0.2536,7,0.1964,0.1907,0.1161,0.4251,0.1232,26.0,2891,0.7378,0.1254,0.1111,0.1842,0.5387,0.307,0.1296,0.5511,0.309,0.3815,0.4251,0.3171,0.3717,59.54
0406006,33055,0.0976,0.0846,20,7,0.122,0.3198,8,0.1424,0.143,0.1165,0.4926,0.1551,32.1,4753,0.296,0.5194,0.202,0.1842,0.4776,0.3872,0.1481,0.3824,0.2173,0.383,0.4926,0.3992,0.4796,59.53
2809003,9139,0.1356,0.0607,8,4,0.0833,0.2028,2,0.2195,0.2976,0.0883,0.4006,0.1968,35.1,1282,0.5098,0.341,0.0808,0.1053,0.2522,0.2455,0.037,0.6232,0.5146,0.2766,0.4006,0.5066,0.5327,59.47
0202007,9478,0.1365,0.0746,5,4,0.1035,0.3385,1,0.2348,0.182,0.1174,0.2802,0.1793,25.1,1508,0.5149,0.4448,0.0505,0.1053,0.3698,0.4098,0.0185,0.671,0.2923,0.3864,0.2802,0.4615,0.3558,59.45
0622001,14195,0.1379,0.0358,8,7,0.1149,0.3881,4,0.1857,0.2628,0.1099,0.2754,0.1589,36.9,2286,0.5228,0.1552,0.0808,0.1842,0.4362,0.4699,0.0741,0.5177,0.4477,0.3581,0.2754,0.409,0.5646,59.43
1407005,4394,0.1073,0.051,2,0,0.0986,0.4968,0,0.1724,0.2601,0.1421,0.5492,0.243,29.6,662,0.3506,0.2687,0.0202,0.0,0.3413,0.6015,0.0,0.4761,0.4425,0.4796,0.5492,0.6255,0.4354,59.37
1421002,10470,0.0987,0.0568,10,0,0.1008,0.1882,4,0.2801,0.2998,0.135,0.4812,0.1634,25.8,1513,0.3022,0.3119,0.101,0.0,0.3541,0.2278,0.0741,0.8126,0.5188,0.4528,0.4812,0.4206,0.3681,59.35
2409006,19818,0.11,0.078,9,6,0.1565,0.1544,5,0.1567,0.2591,0.0962,0.5096,0.1761,24.2,3062,0.3658,0.4701,0.0909,0.1579,0.6785,0.1869,0.0926,0.4271,0.4406,0.3064,0.5096,0.4533,0.3398,59.31
0807003,51522,0.1242,0.076,25,7,0.1455,0.0958,15,0.2004,0.3019,0.1035,0.1878,0.1323,7.0,8308,0.4457,0.4552,0.2525,0.1842,0.6144,0.116,0.2778,0.5636,0.5229,0.334,0.1878,0.3405,0.0354,59.29
1429006,14134,0.1023,0.0874,3,2,0.1295,0.2908,2,0.1698,0.3078,0.1155,0.3639,0.1661,30.3,2093,0.3225,0.5403,0.0303,0.0526,0.5213,0.3521,0.037,0.468,0.5342,0.3792,0.3639,0.4275,0.4478,59.29
0810004,5518,0.1308,0.0598,0,1,0.1432,0.3338,2,0.1356,0.2163,0.0774,0.9966,0.2073,24.2,845,0.4828,0.3343,0.0,0.0263,0.601,0.4041,0.037,0.3611,0.3583,0.2355,0.9966,0.5336,0.3398,59.26
0811003,4868,0.1812,0.0757,4,0,0.1095,0.4649,0,0.2147,0.1451,0.0755,0.5525,0.073,25.6,822,0.7665,0.453,0.0404,0.0,0.4048,0.5628,0.0,0.6082,0.2213,0.2283,0.5525,0.1879,0.3646,59.25
0808004,17216,0.1228,0.0671,13,8,0.1111,0.4968,5,0.1212,0.2639,0.1137,0.3453,0.083,35.4,2636,0.4378,0.3888,0.1313,0.2105,0.4141,0.6015,0.0926,0.3162,0.4498,0.3725,0.3453,0.2136,0.5381,59.22
0807001,9217,0.1385,0.071,2,5,0.1135,0.0244,1,0.1918,0.2389,0.1186,0.8509,0.1536,27.2,1512,0.5262,0.4179,0.0202,0.1316,0.4281,0.0295,0.0185,0.5367,0.4017,0.3909,0.8509,0.3954,0.3929,59.2
1020007,8546,0.1417,0.0805,10,1,0.1391,0.0494,4,0.1039,0.174,0.0676,1.0,0.1469,46.2,1324,0.5442,0.4888,0.101,0.0263,0.5772,0.0598,0.0741,0.2621,0.2769,0.1985,1.0,0.3781,0.7292,59.19
1819001,3297,0.1206,0.0816,2,2,0.1284,0.3333,1,0.2019,0.1348,0.1386,0.5804,0.1191,30.4,553,0.4254,0.497,0.0202,0.0526,0.5149,0.4035,0.0185,0.5683,0.2015,0.4664,0.5804,0.3066,0.4496,59.15
1017002,11988,0.114,0.0631,9,2,0.127,0.5873,3,0.1233,0.246,0.1475,0.3862,0.1628,23.4,2002,0.3883,0.359,0.0909,0.0526,0.5067,0.711,0.0556,0.3227,0.4154,0.5,0.3862,0.419,0.3257,59.15
0421005,4154,0.0999,0.0742,3,1,0.1711,0.0,1,0.1512,0.2139,0.1511,1.0,0.1247,33.9,732,0.3089,0.4418,0.0303,0.0263,0.7635,0.0,0.0185,0.4099,0.3537,0.5136,1.0,0.321,0.5115,59.15
2005005,31366,0.1302,0.0478,21,5,0.0942,0.2684,7,0.1664,0.3973,0.128,0.0544,0.228,19.5,4912,0.4795,0.2448,0.2121,0.1316,0.3157,0.3249,0.1296,0.4574,0.7063,0.4264,0.0544,0.5869,0.2566,59.14
0213001,21570,0.1741,0.0564,15,4,0.1156,0.4118,7,0.1205,0.2048,0.1653,0.5134,0.0863,14.7,4383,0.7265,0.309,0.1515,0.1053,0.4403,0.4985,0.1296,0.314,0.3362,0.5672,0.5134,0.2221,0.1717,59.13
3025003,8714,0.1075,0.0399,12,3,0.1428,0.0,2,0.1714,0.1899,0.091,0.955,0.2533,41.6,1282,0.3517,0.1858,0.1212,0.0789,0.5987,0.0,0.037,0.473,0.3075,0.2868,0.955,0.652,0.6478,59.13
1604003,14390,0.1439,0.0697,8,3,0.1382,0.3651,5,0.2061,0.1777,0.1008,0.288,0.1607,19.6,2426,0.5566,0.4082,0.0808,0.0789,0.5719,0.442,0.0926,0.5814,0.284,0.3238,0.288,0.4136,0.2584,59.09
2415001,4843,0.1283,0.0969,1,1,0.1165,0.0525,1,0.1334,0.2374,0.1085,0.9511,0.1261,39.5,751,0.4688,0.6112,0.0101,0.0263,0.4455,0.0636,0.0185,0.3543,0.3988,0.3528,0.9511,0.3246,0.6106,59.08
3221004,61736,0.1307,0.0735,42,16,0.1086,0.4059,12,0.12,0.171,0.053,0.2469,0.0475,25.9,8151,0.4823,0.4366,0.4242,0.4211,0.3995,0.4914,0.2222,0.3124,0.2712,0.1434,0.2469,0.1223,0.3699,59.03
0202002,11125,0.1747,0.1067,6,3,0.1427,0.0971,6,0.122,0.1655,0.1329,0.5008,0.0941,21.6,2224,0.7299,0.6843,0.0606,0.0789,0.5981,0.1176,0.1111,0.3187,0.2606,0.4449,0.5008,0.2422,0.2938,59.03
1023001,2971,0.158,0.0459,0,0,0.1084,0.07,1,0.1359,0.3506,0.14,0.8917,0.118,40.8,537,0.6359,0.2306,0.0,0.0,0.3984,0.0847,0.0185,0.3621,0.6165,0.4717,0.8917,0.3037,0.6336,58.98
1410003,16265,0.1203,0.0731,17,2,0.1093,0.1075,5,0.2235,0.3053,0.1402,0.2041,0.2181,14.1,2629,0.4237,0.4336,0.1717,0.0526,0.4036,0.1301,0.0926,0.6357,0.5294,0.4725,0.2041,0.5614,0.1611,58.98
1405004,15820,0.1014,0.0648,15,2,0.1401,0.2379,3,0.1785,0.2185,0.0849,0.5694,0.2552,23.2,2212,0.3174,0.3716,0.1515,0.0526,0.583,0.288,0.0556,0.4952,0.3625,0.2638,0.5694,0.6569,0.3221,58.97
1611006,13114,0.1321,0.0839,8,0,0.1223,0.4132,5,0.0866,0.1872,0.0637,0.8377,0.1089,46.6,1856,0.4902,0.5142,0.0808,0.0,0.4793,0.5002,0.0926,0.2081,0.3023,0.1838,0.8377,0.2803,0.7363,58.97
1406003,7851,0.1093,0.0802,5,4,0.1198,0.345,0,0.2281,0.2337,0.1101,0.2229,0.2122,19.0,1155,0.3618,0.4866,0.0505,0.1053,0.4648,0.4177,0.0,0.6501,0.3917,0.3589,0.2229,0.5462,0.2478,58.92
0419005,6900,0.121,0.0891,9,3,0.1014,0.2155,2,0.1456,0.158,0.1062,0.8067,0.1252,42.7,1009,0.4277,0.553,0.0909,0.0789,0.3576,0.2609,0.037,0.3924,0.2462,0.3442,0.8067,0.3223,0.6673,58.9
0218004,6275,0.1396,0.0639,0,0,0.0831,0.2805,0,0.1017,0.22,0.1191,1.0,0.201,45.3,963,0.5324,0.3649,0.0,0.0,0.251,0.3396,0.0,0.2552,0.3654,0.3928,1.0,0.5174,0.7133,58.89
2410004,5485,0.0997,0.0911,1,1,0.1206,0.6411,1,0.1256,0.2093,0.1016,0.4572,0.148,35.4,757,0.3078,0.5679,0.0101,0.0263,0.4694,0.7762,0.0185,0.3299,0.3448,0.3268,0.4572,0.381,0.5381,58.87
1406007,44543,0.1023,0.0518,21,8,0.1548,0.332,10,0.1625,0.2373,0.186,0.0,0.1506,17.8,8262,0.3225,0.2746,0.2121,0.2105,0.6686,0.4019,0.1852,0.4452,0.3987,0.6453,0.0,0.3876,0.2265,58.86
0616005,19738,0.1172,0.0573,18,1,0.0947,0.2266,5,0.2142,0.3443,0.1247,0.4721,0.1551,19.9,2930,0.4063,0.3157,0.1818,0.0263,0.3186,0.2743,0.0926,0.6067,0.6044,0.414,0.4721,0.3992,0.2637,58.86
2603005,6441,0.1696,0.0903,4,2,0.1575,0.2557,0,0.1237,0.2346,0.1013,0.3536,0.1557,16.8,1222,0.7012,0.5619,0.0404,0.0526,0.6843,0.3096,0.0,0.324,0.3935,0.3257,0.3536,0.4008,0.2088,58.85
1216006,4321,0.1443,0.083,5,0,0.1178,0.4247,0,0.1986,0.1367,0.1015,0.5317,0.1038,30.0,701,0.5588,0.5075,0.0505,0.0,0.4531,0.5142,0.0,0.558,0.2052,0.3264,0.5317,0.2672,0.4425,58.83
0407007,3019,0.1466,0.0689,1,0,0.1252,0.826,0,0.0834,0.1791,0.1596,0.2947,0.0919,32.5,569,0.5718,0.4022,0.0101,0.0,0.4962,1.0,0.0,0.1981,0.2867,0.5457,0.2947,0.2366,0.4867,58.82
3033004,4932,0.1461,0.0702,5,0,0.1055,0.0,1,0.1902,0.1692,0.0682,0.8911,0.164,52.6,717,0.5689,0.4119,0.0505,0.0,0.3815,0.0,0.0185,0.5317,0.2677,0.2008,0.8911,0.4221,0.8425,58.82
1418005,6747,0.1007,0.0433,6,1,0.0997,0.2626,0,0.1265,0.4277,0.1504,0.4716,0.1964,45.2,1022,0.3134,0.2112,0.0606,0.0263,0.3477,0.3179,0.0,0.3327,0.7648,0.5109,0.4716,0.5055,0.7115,58.82
1419002,4402,0.0962,0.0959,3,2,0.0998,0.1312,2,0.2326,0.2566,0.1613,0.4871,0.1633,22.2,675,0.2881,0.6037,0.0303,0.0526,0.3483,0.1588,0.037,0.6642,0.4358,0.5521,0.4871,0.4203,0.3044,58.82
0221006,43506,0.1441,0.083,20,13,0.1313,0.3102,7,0.0808,0.2452,0.0481,0.4839,0.1103,21.7,6317,0.5577,0.5075,0.202,0.3421,0.5317,0.3755,0.1296,0.1899,0.4138,0.1249,0.4839,0.2839,0.2956,58.77
2206002,4039,0.1573,0.0698,5,1,0.1314,0.5259,5,0.0409,0.2053,0.1553,0.5355,0.1648,24.5,792,0.632,0.409,0.0505,0.0263,0.5323,0.6367,0.0926,0.0653,0.3371,0.5294,0.5355,0.4242,0.3451,58.76
1209007,14050,0.1622,0.0822,5,1,0.16,0.2544,3,0.1103,0.3113,0.0847,0.3714,0.0667,33.7,2522,0.6595,0.5015,0.0505,0.0263,0.6989,0.308,0.0556,0.2821,0.541,0.263,0.3714,0.1717,0.508,58.73
3018005,9527,0.1425,0.0428,7,4,0.0875,0.183,3,0.2126,0.2514,0.0575,0.8651,0.2143,29.7,1268,0.5487,0.2075,0.0707,0.1053,0.2766,0.2215,0.0556,0.6017,0.4258,0.1604,0.8651,0.5516,0.4372,58.73
1419001,34806,0.1506,0.0733,13,14,0.094,0.1427,10,0.146,0.2239,0.1204,0.265,0.1751,21.7,5731,0.5943,0.4351,0.1313,0.3684,0.3145,0.1728,0.1852,0.3936,0.3729,0.3977,0.265,0.4507,0.2956,58.72
0420002,34525,0.1352,0.0651,21,9,0.0854,0.3857,8,0.1952,0.1173,0.0754,0.5533,0.1334,25.9,4670,0.5076,0.3739,0.2121,0.2368,0.2644,0.4669,0.1481,0.5473,0.1679,0.2279,0.5533,0.3434,0.3699,58.7
1814003,1800,0.0905,0.0827,0,0,0.098,0.1635,1,0.1367,0.3399,0.1406,0.7912,0.1936,37.7,252,0.256,0.5052,0.0,0.0,0.3378,0.1979,0.0185,0.3646,0.596,0.474,0.7912,0.4983,0.5788,58.67
1216004,9073,0.1496,0.073,5,1,0.1037,0.2714,3,0.1296,0.1922,0.1269,0.7091,0.0999,43.6,1542,0.5886,0.4328,0.0505,0.0263,0.371,0.3286,0.0556,0.3424,0.3119,0.4223,0.7091,0.2571,0.6832,58.66
1401007,16846,0.1102,0.0781,24,2,0.1287,0.0,3,0.1751,0.2865,0.1427,0.5446,0.0721,32.6,2767,0.3669,0.4709,0.2424,0.0526,0.5166,0.0,0.0556,0.4845,0.4933,0.4819,0.5446,0.1856,0.4885,58.65
0615005,4477,0.1068,0.0452,2,1,0.1161,0.4497,2,0.2242,0.2953,0.1405,0.5206,0.1085,28.4,699,0.3478,0.2254,0.0202,0.0263,0.4432,0.5444,0.037,0.6379,0.5102,0.4736,0.5206,0.2793,0.4142,58.65
3022005,3528,0.1233,0.0871,1,1,0.1216,0.2144,2,0.0862,0.1378,0.1586,0.9346,0.2035,33.0,615,0.4406,0.5381,0.0101,0.0263,0.4752,0.2596,0.037,0.2068,0.2073,0.5419,0.9346,0.5238,0.4956,58.65
2404002,5789,0.1155,0.0748,5,0,0.0924,0.1216,1,0.1779,0.1977,0.126,0.8831,0.2528,29.0,851,0.3967,0.4463,0.0505,0.0,0.3052,0.1472,0.0185,0.4933,0.3225,0.4189,0.8831,0.6507,0.4248,58.61
0604004,8539,0.119,0.0794,4,2,0.0914,0.2597,2,0.1798,0.2712,0.155,0.3497,0.1352,38.1,1367,0.4164,0.4806,0.0404,0.0526,0.2994,0.3144,0.037,0.4992,0.4638,0.5283,0.3497,0.348,0.5858,58.57
2007005,26722,0.1313,0.0588,12,4,0.0943,0.3174,16,0.2238,0.3046,0.1261,0.1735,0.1335,18.3,4175,0.4856,0.3269,0.1212,0.1053,0.3162,0.3843,0.2963,0.6367,0.5281,0.4192,0.1735,0.3436,0.2354,58.57
0224001,7140,0.1415,0.0922,1,1,0.1228,0.1228,2,0.0997,0.2255,0.1235,1.0,0.1359,28.5,1217,0.5431,0.5761,0.0101,0.0263,0.4822,0.1487,0.037,0.249,0.376,0.4094,1.0,0.3498,0.4159,58.56
0220001,9002,0.0908,0.0807,8,1,0.1171,0.0,3,0.1758,0.2059,0.098,1.0,0.2585,30.2,1180,0.2577,0.4903,0.0808,0.0263,0.449,0.0,0.0556,0.4867,0.3383,0.3132,1.0,0.6654,0.446,58.55
0222002,6927,0.0972,0.0966,2,4,0.1238,0.1377,5,0.1267,0.2891,0.1365,0.6166,0.2021,23.9,1054,0.2938,0.609,0.0202,0.1053,0.4881,0.1667,0.0926,0.3333,0.4983,0.4585,0.6166,0.5202,0.3345,58.55
0802001,1800,0.1338,0.0859,0,0,0.1235,0.044,0,0.1462,0.153,0.1104,1.0,0.1677,40.8,289,0.4997,0.5291,0.0,0.0,0.4863,0.0533,0.0,0.3943,0.2365,0.36,1.0,0.4317,0.6336,58.53
0623003,4667,0.1101,0.061,3,0,0.121,0.0849,0,0.1897,0.3183,0.138,0.6422,0.1986,31.3,740,0.3663,0.3433,0.0303,0.0,0.4718,0.1028,0.0,0.5301,0.5544,0.4642,0.6422,0.5112,0.4655,58.46
2810006,8471,0.1139,0.0291,5,1,0.0983,0.3454,1,0.2003,0.2523,0.1805,0.6939,0.2414,18.5,1439,0.3877,0.1052,0.0505,0.0263,0.3395,0.4182,0.0185,0.5633,0.4275,0.6245,0.6939,0.6214,0.2389,58.4
0614005,5318,0.1144,0.0517,6,0,0.1171,0.2972,1,0.1861,0.3635,0.1018,0.4669,0.1918,29.1,775,0.3905,0.2739,0.0606,0.0,0.449,0.3598,0.0185,0.5189,0.6413,0.3275,0.4669,0.4937,0.4265,58.4
1802006,17985,0.1358,0.0498,15,3,0.1244,0.4019,2,0.1272,0.1628,0.085,0.6052,0.2173,31.8,2755,0.511,0.2597,0.1515,0.0789,0.4916,0.4866,0.037,0.3349,0.2554,0.2642,0.6052,0.5593,0.4743,58.37
0614002,9199,0.0698,0.0583,4,0,0.1378,0.3074,1,0.2397,0.4105,0.1067,0.2589,0.1725,29.2,1193,0.1396,0.3231,0.0404,0.0,0.5696,0.3722,0.0185,0.6863,0.7317,0.346,0.2589,0.444,0.4283,58.36
0221004,2529,0.096,0.0455,2,0,0.1232,0.1251,1,0.198,0.2108,0.1199,1.0,0.1801,45.8,365,0.287,0.2276,0.0202,0.0,0.4846,0.1515,0.0185,0.5561,0.3477,0.3958,1.0,0.4636,0.7221,58.36
1412003,55892,0.0776,0.0695,30,7,0.1052,0.2885,16,0.136,0.2926,0.0961,0.0,0.2103,38.5,6628,0.1835,0.4067,0.303,0.1842,0.3797,0.3493,0.2963,0.3624,0.505,0.306,0.0,0.5413,0.5929,58.28
0614004,44833,0.1231,0.0543,24,14,0.1219,0.1998,8,0.1688,0.2658,0.1415,0.1123,0.0858,23.6,7523,0.4395,0.2933,0.2424,0.3684,0.477,0.2419,0.1481,0.4649,0.4535,0.4774,0.1123,0.2208,0.3292,58.25
1418002,15978,0.0736,0.0711,5,6,0.0865,0.1267,3,0.2498,0.3361,0.1262,0.4092,0.2023,29.5,1948,0.1609,0.4187,0.0505,0.1579,0.2708,0.1534,0.0556,0.7179,0.5887,0.4196,0.4092,0.5207,0.4336,58.24
1431002,18840,0.0956,0.0693,9,2,0.1135,0.2279,11,0.2139,0.3293,0.1205,0.3159,0.1017,35.0,2658,0.2847,0.4052,0.0909,0.0526,0.4281,0.2759,0.2037,0.6057,0.5756,0.3981,0.3159,0.2618,0.531,58.24
0615006,5893,0.1078,0.06,6,2,0.081,0.3909,2,0.0985,0.3548,0.2003,0.6655,0.1698,23.2,996,0.3534,0.3358,0.0606,0.0526,0.2388,0.4732,0.037,0.2452,0.6246,0.6992,0.6655,0.4371,0.3221,58.16
3029006,2150,0.1539,0.0917,0,0,0.115,0.2628,1,0.1973,0.222,0.1357,0.5293,0.1078,14.3,385,0.6128,0.5724,0.0,0.0,0.4368,0.3182,0.0185,0.5539,0.3692,0.4555,0.5293,0.2775,0.1646,58.12
1812006,20353,0.1221,0.0414,15,7,0.1146,0.1404,6,0.2021,0.2129,0.1197,0.5524,0.1801,28.4,3179,0.4339,0.197,0.1515,0.1842,0.4345,0.17,0.1111,0.5689,0.3517,0.3951,0.5524,0.4636,0.4142,58.12
0410006,12341,0.1665,0.0818,6,3,0.1215,0.1666,2,0.1361,0.2043,0.0953,0.4816,0.2144,21.3,2134,0.6837,0.4985,0.0606,0.0789,0.4747,0.2017,0.037,0.3627,0.3352,0.303,0.4816,0.5519,0.2885,58.12
2205005,12130,0.1367,0.0881,6,2,0.1635,0.4049,8,0.1709,0.1899,0.0732,0.4234,0.0979,14.8,1969,0.516,0.5455,0.0606,0.0526,0.7193,0.4902,0.1481,0.4714,0.3075,0.2196,0.4234,0.252,0.1735,58.11
0222003,26530,0.1304,0.0824,10,7,0.1458,0.6123,11,0.1516,0.1776,0.0689,0.3816,0.0945,6.9,4004,0.4806,0.503,0.101,0.1842,0.6162,0.7413,0.2037,0.4111,0.2838,0.2034,0.3816,0.2432,0.0336,58.1
1211007,13877,0.145,0.1076,8,3,0.115,0.3215,7,0.1559,0.1674,0.1388,0.2927,0.151,9.5,2446,0.5627,0.691,0.0808,0.0789,0.4368,0.3892,0.1296,0.4246,0.2642,0.4672,0.2927,0.3887,0.0796,58.09
0602006,33256,0.1092,0.0938,18,8,0.1171,0.3092,15,0.036,0.2625,0.1301,0.387,0.1297,31.1,5116,0.3613,0.5881,0.1818,0.2105,0.449,0.3743,0.2778,0.05,0.4471,0.4343,0.387,0.3338,0.4619,58.08
3010001,4198,0.1169,0.0822,2,2,0.1264,0.2103,0,0.1514,0.2062,0.1263,1.0,0.0159,40.8,671,0.4046,0.5015,0.0202,0.0526,0.5032,0.2546,0.0,0.4105,0.3388,0.42,1.0,0.0409,0.6336,58.05
1405003,24958,0.1148,0.0854,10,3,0.1162,0.2612,4,0.1275,0.3702,0.1579,0.1673,0.1172,27.0,4180,0.3928,0.5254,0.101,0.0789,0.4438,0.3162,0.0741,0.3358,0.6542,0.5392,0.1673,0.3017,0.3894,58.04
0406003,5012,0.1378,0.083,6,1,0.1501,0.1732,0,0.1341,0.2598,0.112,0.3382,0.1323,36.0,874,0.5222,0.5075,0.0606,0.0263,0.6412,0.2097,0.0,0.3565,0.4419,0.366,0.3382,0.3405,0.5487,57.99
2210003,6461,0.1298,0.0789,1,1,0.1288,0.1975,2,0.2176,0.2258,0.079,0.3923,0.1732,32.1,958,0.4772,0.4769,0.0101,0.0263,0.5172,0.2391,0.037,0.6173,0.3765,0.2415,0.3923,0.4458,0.4796,57.99
2203005,6552,0.153,0.0807,6,1,0.1082,0.2329,1,0.0916,0.2028,0.067,1.0,0.1566,35.3,982,0.6078,0.4903,0.0606,0.0263,0.3972,0.282,0.0185,0.2237,0.3323,0.1962,1.0,0.4031,0.5363,57.94
1407007,14569,0.1497,0.0709,11,0,0.1046,0.3486,5,0.1355,0.2844,0.1592,0.0961,0.2046,19.3,2671,0.5892,0.4172,0.1111,0.0,0.3762,0.422,0.0926,0.3608,0.4892,0.5442,0.0961,0.5266,0.2531,57.92
1603002,6682,0.1328,0.092,5,1,0.1654,0.1476,4,0.1287,0.168,0.1087,0.5393,0.0844,40.5,1171,0.4941,0.5746,0.0505,0.0263,0.7303,0.1787,0.0741,0.3396,0.2654,0.3536,0.5393,0.2172,0.6283,57.89
2216005,6353,0.1252,0.0733,1,2,0.1488,0.4481,0,0.1373,0.1728,0.1227,0.4004,0.147,32.1,1083,0.4513,0.4351,0.0101,0.0526,0.6337,0.5425,0.0,0.3664,0.2746,0.4064,0.4004,0.3784,0.4796,57.87
0620007,7575,0.1215,0.05,4,3,0.0879,0.412,1,0.1891,0.2959,0.1557,0.4699,0.1423,25.9,1218,0.4305,0.2612,0.0404,0.0789,0.279,0.4988,0.0185,0.5283,0.5113,0.5309,0.4699,0.3663,0.3699,57.87
2429006,4378,0.1451,0.0844,5,0,0.1253,0.0,0,0.0882,0.25,0.1318,1.0,0.1452,31.4,777,0.5633,0.5179,0.0505,0.0,0.4968,0.0,0.0,0.2131,0.4231,0.4408,1.0,0.3737,0.4673,57.75
3217002,59081,0.0865,0.0728,31,11,0.1226,0.7548,16,0.1431,0.1738,0.0431,0.2468,0.1012,11.8,6406,0.2335,0.4313,0.3131,0.2895,0.4811,0.9138,0.2963,0.3846,0.2765,0.106,0.2468,0.2605,0.1204,57.75
2212005,3397,0.1366,0.087,1,0,0.1609,0.0,0,0.1111,0.2323,0.105,0.9072,0.1436,31.6,590,0.5155,0.5373,0.0101,0.0,0.7041,0.0,0.0,0.2846,0.389,0.3396,0.9072,0.3696,0.4708,57.74
1814001,3009,0.1304,0.0865,2,0,0.1319,0.036,0,0.1361,0.2284,0.1486,0.9804,0.1665,17.4,535,0.4806,0.5336,0.0202,0.0,0.5352,0.0436,0.0,0.3627,0.3815,0.5042,0.9804,0.4286,0.2195,57.73
1421003,24031,0.1193,0.0658,13,5,0.1028,0.5518,8,0.228,0.1944,0.139,0.0,0.0651,26.3,3795,0.4181,0.3791,0.1313,0.1316,0.3658,0.668,0.1481,0.6498,0.3162,0.4679,0.0,0.1676,0.377,57.72
1434002,12688,0.1193,0.0689,7,4,0.1285,0.0,3,0.2027,0.3087,0.0447,0.5585,0.202,32.8,1641,0.4181,0.4022,0.0707,0.1053,0.5154,0.0,0.0556,0.5708,0.536,0.1121,0.5585,0.5199,0.492,57.7
0813005,14750,0.1228,0.0578,7,3,0.1293,0.1328,4,0.2122,0.3289,0.0947,0.3446,0.2212,18.0,2232,0.4378,0.3194,0.0707,0.0789,0.5201,0.1608,0.0741,0.6004,0.5748,0.3008,0.3446,0.5694,0.2301,57.69
2812001,8608,0.1827,0.0567,3,1,0.1175,0.0717,1,0.1987,0.2479,0.0739,0.7202,0.1508,23.8,1477,0.7749,0.3112,0.0303,0.0263,0.4514,0.0868,0.0185,0.5583,0.419,0.2223,0.7202,0.3882,0.3327,57.68
0810005,12418,0.1132,0.0594,6,1,0.074,0.4566,3,0.1206,0.167,0.1252,0.9357,0.1665,43.2,1723,0.3838,0.3313,0.0606,0.0263,0.198,0.5528,0.0556,0.3143,0.2635,0.4158,0.9357,0.4286,0.6761,57.66
1423002,32962,0.1414,0.0563,20,6,0.082,0.5005,5,0.1693,0.2034,0.1758,0.039,0.165,14.1,5853,0.5425,0.3082,0.202,0.1579,0.2446,0.6059,0.0926,0.4664,0.3335,0.6068,0.039,0.4247,0.1611,57.66
3009006,12455,0.1403,0.0629,12,3,0.1142,0.5354,6,0.0971,0.1829,0.0779,0.4783,0.2206,24.9,1862,0.5363,0.3575,0.1212,0.0789,0.4321,0.6482,0.1111,0.2409,0.294,0.2374,0.4783,0.5678,0.3522,57.64
1012004,5041,0.1382,0.065,7,2,0.0966,0.5962,1,0.2398,0.1762,0.0931,0.3666,0.0794,22.5,750,0.5245,0.3731,0.0707,0.0526,0.3296,0.7218,0.0185,0.6867,0.2812,0.2947,0.3666,0.2044,0.3097,57.59
0608003,11546,0.1377,0.0867,9,3,0.1229,0.1635,8,0.1469,0.2629,0.137,0.3909,0.1142,21.5,2015,0.5217,0.5351,0.0909,0.0789,0.4828,0.1979,0.1481,0.3964,0.4479,0.4604,0.3909,0.294,0.292,57.58
2819004,15206,0.1293,0.0824,7,4,0.1345,0.0058,4,0.2008,0.2831,0.1681,0.0,0.1435,26.8,2830,0.4744,0.503,0.0707,0.1053,0.5504,0.007,0.0741,0.5648,0.4867,0.5777,0.0,0.3694,0.3858,57.54
0213002,16328,0.1156,0.0831,9,1,0.1226,0.3324,4,0.181,0.2217,0.086,0.4717,0.1547,24.6,2310,0.3973,0.5082,0.0909,0.0263,0.4811,0.4024,0.0741,0.503,0.3687,0.2679,0.4717,0.3982,0.3469,57.52
1816004,2756,0.0971,0.1015,2,0,0.1521,0.4901,1,0.2078,0.1843,0.0513,0.3988,0.1458,20.3,352,0.2932,0.6455,0.0202,0.0,0.6529,0.5933,0.0185,0.5867,0.2967,0.137,0.3988,0.3753,0.2708,57.52
0405001,7319,0.1372,0.0761,4,3,0.0758,0.3794,5,0.0486,0.2319,0.103,0.8916,0.2067,35.0,1055,0.5189,0.456,0.0404,0.0789,0.2085,0.4593,0.0926,0.0893,0.3883,0.3321,0.8916,0.532,0.531,57.41
2002004,18616,0.0972,0.0573,9,2,0.1171,0.1579,6,0.2846,0.3757,0.1099,0.1674,0.1225,24.4,2587,0.2938,0.3157,0.0909,0.0526,0.449,0.1912,0.1111,0.8266,0.6648,0.3581,0.1674,0.3153,0.3434,57.39
2016006,17344,0.1222,0.0718,16,4,0.0885,0.063,2,0.1865,0.3171,0.0409,0.529,0.2531,26.9,2006,0.4344,0.4239,0.1616,0.1053,0.2825,0.0763,0.037,0.5201,0.5521,0.0977,0.529,0.6515,0.3876,57.33
2426002,12205,0.1159,0.1045,9,0,0.1252,0.2783,1,0.1376,0.2213,0.1043,0.2599,0.1641,33.8,1831,0.399,0.6679,0.0909,0.0,0.4962,0.3369,0.0185,0.3674,0.3679,0.337,0.2599,0.4224,0.5097,57.32
2012005,21981,0.1247,0.0495,10,7,0.1246,0.0,5,0.213,0.2466,0.087,0.5239,0.2382,22.5,3248,0.4485,0.2575,0.101,0.1842,0.4927,0.0,0.0926,0.6029,0.4165,0.2717,0.5239,0.6131,0.3097,57.26
2430001,10404,0.1341,0.0654,6,5,0.1059,0.4977,3,0.1674,0.195,0.1282,0.5277,0.0858,20.6,1697,0.5014,0.3761,0.0606,0.1316,0.3838,0.6025,0.0556,0.4605,0.3173,0.4272,0.5277,0.2208,0.2761,57.24
3004004,61611,0.1456,0.0545,36,14,0.1195,0.6174,16,0.05,0.1869,0.129,0.0,0.1286,5.0,10739,0.5661,0.2948,0.3636,0.3684,0.463,0.7475,0.2963,0.0937,0.3017,0.4302,0.0,0.331,0.0,57.23
0803007,9232,0.1046,0.0499,7,0,0.1502,0.5807,1,0.1448,0.2085,0.0845,0.5727,0.15,32.0,1335,0.3354,0.2604,0.0707,0.0,0.6418,0.703,0.0185,0.3899,0.3433,0.2623,0.5727,0.3861,0.4779,57.22
3220001,17875,0.1664,0.0651,5,7,0.1192,0.1861,2,0.1749,0.1837,0.1256,0.2909,0.1752,19.8,3291,0.6832,0.3739,0.0505,0.1842,0.4613,0.2253,0.037,0.4839,0.2956,0.4174,0.2909,0.451,0.2619,57.21
3027006,12967,0.1493,0.0622,9,1,0.111,0.1189,2,0.0534,0.1821,0.1569,0.8934,0.1836,40.5,2392,0.5869,0.3522,0.0909,0.0263,0.4135,0.1439,0.037,0.1043,0.2925,0.5355,0.8934,0.4726,0.6283,57.13
3219002,14323,0.149,0.064,14,3,0.1172,0.2293,3,0.1049,0.2844,0.1348,0.6057,0.1776,11.0,2550,0.5853,0.3657,0.1414,0.0789,0.4496,0.2776,0.0556,0.2652,0.4892,0.4521,0.6057,0.4571,0.1062,57.13
0608006,4850,0.165,0.0473,2,0,0.0755,0.3766,2,0.2258,0.2595,0.12,0.3248,0.1416,29.1,803,0.6753,0.241,0.0202,0.0,0.2068,0.4559,0.037,0.6429,0.4413,0.3962,0.3248,0.3645,0.4265,57.11
1415001,8760,0.1642,0.0623,6,1,0.1336,0.0,3,0.1497,0.3499,0.1306,0.2998,0.12,32.3,1665,0.6708,0.353,0.0606,0.0263,0.5451,0.0,0.0556,0.4052,0.6152,0.4362,0.2998,0.3089,0.4832,57.11
1013001,4563,0.1544,0.0359,1,1,0.158,0.4102,3,0.1505,0.2226,0.1024,0.7911,0.1262,15.9,828,0.6156,0.156,0.0101,0.0263,0.6872,0.4966,0.0556,0.4077,0.3704,0.3298,0.7911,0.3248,0.1929,57.11
0213006,54332,0.0901,0.0431,40,18,0.1476,0.2048,16,0.1405,0.1195,0.1561,0.0,0.1746,16.5,8949,0.2538,0.2097,0.404,0.4737,0.6267,0.2479,0.2963,0.3764,0.1721,0.5325,0.0,0.4494,0.2035,57.08
0808001,11691,0.172,0.077,9,1,0.1078,0.075,3,0.1307,0.1957,0.1524,0.5063,0.1278,30.8,2269,0.7147,0.4627,0.0909,0.0263,0.3949,0.0908,0.0556,0.3458,0.3187,0.5185,0.5063,0.329,0.4566,57.07
0603002,22252,0.1411,0.0854,10,5,0.1287,0.1669,9,0.2097,0.2751,0.0937,0.3329,0.0737,11.1,3578,0.5408,0.5254,0.101,0.1316,0.5166,0.2021,0.1667,0.5926,0.4713,0.297,0.3329,0.1897,0.108,57.05
1422004,6199,0.1039,0.0581,4,5,0.0528,0.1677,4,0.3325,0.2994,0.1738,0.2497,0.0939,25.2,908,0.3315,0.3216,0.0404,0.1316,0.0745,0.203,0.0741,0.9763,0.5181,0.5992,0.2497,0.2417,0.3575,57.0
0407004,9740,0.0974,0.077,10,1,0.1045,0.0,4,0.1569,0.1776,0.1169,1.0,0.2152,34.7,1344,0.2949,0.4627,0.101,0.0263,0.3757,0.0,0.0741,0.4277,0.2838,0.3845,1.0,0.5539,0.5257,56.88
2814004,16105,0.1373,0.0755,10,3,0.1061,0.1089,2,0.1919,0.295,0.123,0.0636,0.221,22.4,2619,0.5194,0.4515,0.101,0.0789,0.385,0.1318,0.037,0.537,0.5096,0.4075,0.0636,0.5689,0.308,56.86
2602002,2943,0.1409,0.0688,0,3,0.138,0.1561,2,0.0842,0.1639,0.1052,1.0,0.1349,40.3,497,0.5397,0.4015,0.0,0.0789,0.5708,0.189,0.037,0.2006,0.2575,0.3404,1.0,0.3472,0.6248,56.84
2807006,24010,0.1082,0.0677,8,2,0.1166,0.2881,2,0.1353,0.3764,0.0994,0.6421,0.1413,21.3,3373,0.3557,0.3933,0.0808,0.0526,0.4461,0.3488,0.037,0.3602,0.6662,0.3185,0.6421,0.3637,0.2885,56.82
1014006,27545,0.1013,0.0816,18,8,0.1051,0.3279,9,0.1472,0.2045,0.1465,0.2703,0.0895,27.7,4188,0.3168,0.497,0.1818,0.2105,0.3791,0.397,0.1667,0.3974,0.3356,0.4962,0.2703,0.2304,0.4018,56.82
2003002,25856,0.1534,0.0553,10,4,0.0988,0.511,7,0.1254,0.3011,0.0945,0.166,0.1631,22.6,4066,0.61,0.3007,0.101,0.1053,0.3425,0.6186,0.1296,0.3293,0.5213,0.3,0.166,0.4198,0.3115,56.81
2821005,16062,0.1171,0.0849,6,5,0.1059,0.1605,4,0.1537,0.2938,0.0814,0.3473,0.2472,23.2,2163,0.4057,0.5216,0.0606,0.1316,0.3838,0.1943,0.0741,0.4177,0.5073,0.2506,0.3473,0.6363,0.3221,56.77
2807003,21942,0.0825,0.0718,14,9,0.1223,0.2628,6,0.1542,0.3002,0.1631,0.0561,0.1686,22.2,3389,0.211,0.4239,0.1414,0.2368,0.4793,0.3182,0.1111,0.4192,0.5196,0.5589,0.0561,0.434,0.3044,56.77
1405007,10555,0.0733,0.059,6,4,0.1954,0.1902,3,0.2474,0.2007,0.0945,0.4337,0.1536,20.2,1556,0.1593,0.3284,0.0606,0.1053,0.9051,0.2303,0.0556,0.7104,0.3283,0.3,0.4337,0.3954,0.269,56.73
2214005,15817,0.1223,0.0654,8,6,0.1309,0.1782,6,0.1125,0.2212,0.1754,0.3865,0.1677,26.1,2912,0.435,0.3761,0.0808,0.1579,0.5294,0.2157,0.1111,0.289,0.3677,0.6053,0.3865,0.4317,0.3735,56.66
1006002,8622,0.133,0.0419,5,0,0.1847,0.6062,2,0.1039,0.2754,0.08,0.5087,0.0975,22.3,1468,0.4952,0.2007,0.0505,0.0,0.8427,0.7339,0.037,0.2621,0.4719,0.2453,0.5087,0.251,0.3062,56.65
1423001,8675,0.0627,0.0662,7,1,0.1149,0.2527,1,0.192,0.3769,0.0765,0.3722,0.2323,36.5,921,0.0996,0.3821,0.0707,0.0263,0.4362,0.3059,0.0185,0.5373,0.6671,0.2321,0.3722,0.5979,0.5575,56.62
1415006,34894,0.1472,0.0392,20,5,0.1238,0.2973,7,0.2025,0.3291,0.1145,0.0,0.1356,12.1,5960,0.5751,0.1806,0.202,0.1316,0.4881,0.3599,0.1296,0.5701,0.5752,0.3755,0.0,0.349,0.1257,56.61
2436002,8753,0.0851,0.08,2,2,0.1059,0.1649,2,0.124,0.1761,0.12,1.0,0.1986,41.9,1158,0.2257,0.4851,0.0202,0.0526,0.3838,0.1996,0.037,0.3249,0.281,0.3962,1.0,0.5112,0.6531,56.58
2811004,19640,0.1218,0.0539,10,6,0.1176,0.1355,3,0.1204,0.3539,0.1485,0.4926,0.1327,27.4,3306,0.4322,0.2903,0.101,0.1579,0.452,0.164,0.0556,0.3137,0.6229,0.5038,0.4926,0.3416,0.3965,56.55
2411002,29231,0.0789,0.0892,6,9,0.1399,0.1786,5,0.195,0.2029,0.1022,0.4872,0.1216,24.6,3909,0.1908,0.5537,0.0606,0.2368,0.5818,0.2162,0.0926,0.5467,0.3325,0.3291,0.4872,0.313,0.3469,56.54
0808005,12890,0.1028,0.0734,12,7,0.0899,0.136,2,0.1505,0.2283,0.1391,0.4802,0.1858,34.5,1870,0.3253,0.4358,0.1212,0.1842,0.2906,0.1646,0.037,0.4077,0.3813,0.4683,0.4802,0.4782,0.5221,56.52
0412007,4312,0.1618,0.0622,2,1,0.103,0.4191,1,0.1413,0.1739,0.0744,0.3987,0.2232,32.6,670,0.6573,0.3522,0.0202,0.0263,0.3669,0.5074,0.0185,0.3789,0.2767,0.2242,0.3987,0.5745,0.4885,56.47
1214006,7705,0.1319,0.0741,3,1,0.1282,0.3836,3,0.1783,0.2793,0.0608,0.3886,0.0501,37.7,1096,0.489,0.441,0.0303,0.0263,0.5137,0.4644,0.0556,0.4945,0.4794,0.1728,0.3886,0.129,0.5788,56.46
1428006,11076,0.1042,0.0421,7,1,0.0883,0.2656,3,0.2136,0.3218,0.1491,0.6776,0.136,24.3,1645,0.3331,0.2022,0.0707,0.0263,0.2813,0.3215,0.0556,0.6048,0.5612,0.506,0.6776,0.3501,0.3416,56.45
3204002,5627,0.1207,0.07,3,1,0.1346,0.2563,1,0.1731,0.2368,0.069,0.4866,0.1981,29.7,797,0.426,0.4104,0.0303,0.0263,0.551,0.3103,0.0185,0.4783,0.3977,0.2038,0.4866,0.5099,0.4372,56.4
1610001,30909,0.1433,0.0468,22,6,0.1408,0.3095,7,0.1294,0.2272,0.1014,0.3069,0.1008,25.4,5240,0.5532,0.2373,0.2222,0.1579,0.5871,0.3747,0.1296,0.3418,0.3792,0.326,0.3069,0.2595,0.3611,56.36
0202003,49877,0.1019,0.0841,19,11,0.1147,0.3665,13,0.2219,0.162,0.0795,0.0,0.1236,16.7,6413,0.3202,0.5157,0.1919,0.2895,0.4351,0.4437,0.2407,0.6307,0.2538,0.2434,0.0,0.3181,0.2071,56.35
2001006,5637,0.1228,0.0724,4,1,0.0888,0.1962,1,0.2548,0.2178,0.0741,0.5637,0.1628,28.7,728,0.4378,0.4284,0.0404,0.0263,0.2842,0.2375,0.0185,0.7335,0.3612,0.223,0.5637,0.419,0.4195,56.32
3032005,21048,0.1382,0.0762,17,4,0.1074,0.2304,5,0.1828,0.1525,0.1018,0.4787,0.0898,27.5,3269,0.5245,0.4567,0.1717,0.1053,0.3925,0.2789,0.0926,0.5086,0.2356,0.3275,0.4787,0.2311,0.3982,56.32
1430004,32148,0.1522,0.0647,7,6,0.121,0.2864,12,0.1522,0.3428,0.1165,0.0213,0.0733,23.5,5563,0.6033,0.3709,0.0707,0.1579,0.4718,0.3467,0.2222,0.413,0.6015,0.383,0.0213,0.1887,0.3274,56.31
2603001,6964,0.1369,0.0694,4,3,0.0897,0.2851,1,0.1708,0.1299,0.1156,0.7453,0.1328,34.6,1072,0.5172,0.406,0.0404,0.0789,0.2895,0.3452,0.0185,0.4711,0.1921,0.3796,0.7453,0.3418,0.5239,56.31
3011002,5927,0.1385,0.0962,3,1,0.1057,0.2388,4,0.1829,0.1439,0.0809,0.53,0.1158,34.7,866,0.5262,0.606,0.0303,0.0263,0.3826,0.2891,0.0741,0.5089,0.219,0.2487,0.53,0.2981,0.5257,56.3
0211006,7366,0.1043,0.0827,4,2,0.1196,0.6446,3,0.0774,0.2071,0.0915,0.4667,0.1906,27.5,1006,0.3337,0.5052,0.0404,0.0526,0.4636,0.7804,0.0556,0.1793,0.3406,0.2887,0.4667,0.4906,0.3982,56.28
1222006,1800,0.0901,0.0756,1,0,0.0854,0.4058,0,0.1406,0.1813,0.1702,1.0,0.1593,24.6,266,0.2538,0.4522,0.0101,0.0,0.2644,0.4913,0.0,0.3768,0.291,0.5857,1.0,0.41,0.3469,56.28
1418007,26543,0.1049,0.0465,9,7,0.1058,0.0695,14,0.2171,0.3216,0.1175,0.4562,0.1427,25.5,3777,0.3371,0.2351,0.0909,0.1842,0.3832,0.0841,0.2593,0.6157,0.5608,0.3868,0.4562,0.3673,0.3628,56.27
2401001,3886,0.1197,0.0677,2,0,0.1727,0.0,3,0.148,0.1547,0.0881,1.0,0.1562,34.1,629,0.4204,0.3933,0.0202,0.0,0.7729,0.0,0.0556,0.3999,0.2398,0.2758,1.0,0.4021,0.515,56.26
2411003,56321,0.1457,0.0534,27,9,0.0854,0.4862,17,0.1098,0.311,0.0937,0.1,0.1462,8.3,8343,0.5667,0.2866,0.2727,0.2368,0.2644,0.5886,0.3148,0.2805,0.5404,0.297,0.1,0.3763,0.0584,56.25
0402003,9657,0.1244,0.0949,4,1,0.1026,0.1537,5,0.1496,0.1766,0.1295,0.5768,0.1793,27.8,1512,0.4468,0.5963,0.0404,0.0263,0.3646,0.1861,0.0926,0.4049,0.2819,0.4321,0.5768,0.4615,0.4035,56.24
1437003,5710,0.0706,0.0673,3,3,0.0958,0.3821,0,0.177,0.2609,0.1198,0.6152,0.2218,27.4,692,0.1441,0.3903,0.0303,0.0789,0.325,0.4626,0.0,0.4905,0.444,0.3955,0.6152,0.5709,0.3965,56.17
1806001,14193,0.1438,0.086,18,4,0.0984,0.1403,5,0.1123,0.2252,0.0898,0.3961,0.1327,36.8,2143,0.556,0.5299,0.1818,0.1053,0.3401,0.1699,0.0926,0.2883,0.3754,0.2823,0.3961,0.3416,0.5628,56.15
3204004,4928,0.1433,0.0907,2,1,0.1283,0.3216,0,0.1623,0.2191,0.0779,0.3339,0.1326,26.1,766,0.5532,0.5649,0.0202,0.0263,0.5143,0.3893,0.0,0.4445,0.3637,0.2374,0.3339,0.3413,0.3735,56.15
1813001,7757,0.1462,0.0577,9,2,0.1442,0.1562,0,0.1743,0.1949,0.0876,0.3905,0.1857,28.9,1298,0.5695,0.3187,0.0909,0.0526,0.6069,0.1891,0.0,0.482,0.3171,0.274,0.3905,0.478,0.423,56.14
3221001,15946,0.1376,0.0699,9,2,0.1196,0.1435,4,0.1906,0.1751,0.1224,0.3483,0.101,39.1,2666,0.5211,0.4097,0.0909,0.0526,0.4636,0.1737,0.0741,0.533,0.279,0.4053,0.3483,0.26,0.6035,56.12
3031003,43356,0.1351,0.0705,22,6,0.1069,0.6066,9,0.0936,0.2484,0.0693,0.0384,0.1469,21.9,6073,0.507,0.4142,0.2222,0.1579,0.3896,0.7344,0.1667,0.2299,0.42,0.2049,0.0384,0.3781,0.2991,56.09
1440007,4376,0.0864,0.0772,3,2,0.1132,0.2077,0,0.1706,0.2961,0.1418,0.4558,0.1659,31.4,634,0.233,0.4642,0.0303,0.0526,0.4263,0.2515,0.0,0.4705,0.5117,0.4785,0.4558,0.427,0.4673,56.09
3211003,21752,0.1254,0.0801,10,3,0.1216,0.2833,8,0.1169,0.1814,0.1316,0.3424,0.131,33.4,3584,0.4524,0.4858,0.101,0.0789,0.4752,0.343,0.1481,0.3027,0.2912,0.44,0.3424,0.3372,0.5027,55.98
3035005,5173,0.129,0.0849,6,0,0.0748,0.4843,6,0.1602,0.142,0.1168,0.5543,0.1414,26.5,750,0.4727,0.5216,0.0606,0.0,0.2027,0.5863,0.1111,0.438,0.2154,0.3842,0.5543,0.364,0.3805,55.93
2005002,7507,0.1048,0.042,4,2,0.1359,0.0576,0,0.1912,0.3545,0.1234,0.3871,0.1451,42.9,1166,0.3365,0.2015,0.0404,0.0526,0.5585,0.0697,0.0,0.5348,0.624,0.4091,0.3871,0.3735,0.6708,55.91
2424002,11531,0.1161,0.0743,6,5,0.1211,0.3023,5,0.0369,0.1914,0.0719,1.0,0.1683,38.6,1567,0.4001,0.4425,0.0606,0.1316,0.4723,0.366,0.0926,0.0528,0.3104,0.2147,1.0,0.4332,0.5947,55.9
3001006,7778,0.1537,0.0697,4,2,0.117,0.0,5,0.1016,0.3119,0.1196,0.8288,0.0673,35.8,1354,0.6117,0.4082,0.0404,0.0526,0.4485,0.0,0.0926,0.2549,0.5421,0.3947,0.8288,0.1732,0.5451,55.89
1003006,29065,0.1339,0.0767,23,7,0.1442,0.1815,10,0.1764,0.1257,0.1728,0.0,0.0535,19.7,5646,0.5003,0.4604,0.2323,0.1842,0.6069,0.2197,0.1852,0.4886,0.184,0.5955,0.0,0.1377,0.2602,55.88
0423002,8173,0.1132,0.0743,7,2,0.104,0.1426,2,0.1639,0.2108,0.0627,0.8395,0.1616,38.4,1020,0.3838,0.4425,0.0707,0.0526,0.3727,0.1726,0.037,0.4495,0.3477,0.18,0.8395,0.416,0.5912,55.87
2819002,29672,0.0791,0.0473,17,4,0.1463,0.1059,11,0.1296,0.354,0.0974,0.5887,0.1437,34.2,3987,0.1919,0.241,0.1717,0.1053,0.6191,0.1282,0.2037,0.3424,0.6231,0.3109,0.5887,0.3699,0.5168,55.85
2418005,10415,0.0789,0.0933,6,6,0.0845,0.2354,4,0.1508,0.2631,0.0723,1.0,0.186,16.7,1073,0.1908,0.5843,0.0606,0.1579,0.2592,0.285,0.0741,0.4086,0.4483,0.2162,1.0,0.4788,0.2071,55.83
0209001,33932,0.1463,0.0297,36,4,0.139,0.5254,12,0.0778,0.2318,0.0922,0.3591,0.1047,15.2,5672,0.5701,0.1097,0.3636,0.1053,0.5766,0.6361,0.2222,0.1806,0.3881,0.2913,0.3591,0.2695,0.1805,55.82
1207006,92646,0.1592,0.0549,55,22,0.0823,0.1107,28,0.1265,0.1585,0.029,0.0,0.1257,11.3,11932,0.6427,0.2978,0.5556,0.5789,0.2464,0.134,0.5185,0.3327,0.2471,0.0528,0.0,0.3236,0.1115,55.8
3025005,5987,0.0948,0.0657,7,1,0.0886,0.189,3,0.1301,0.2059,0.1114,0.9768,0.2321,34.9,772,0.2802,0.3784,0.0707,0.0263,0.2831,0.2288,0.0556,0.344,0.3383,0.3638,0.9768,0.5974,0.5292,55.8
1023006,8166,0.1291,0.0677,4,1,0.0916,0.5305,0,0.1162,0.2735,0.1139,0.4216,0.1502,29.2,1218,0.4733,0.3933,0.0404,0.0263,0.3005,0.6423,0.0,0.3005,0.4683,0.3732,0.4216,0.3866,0.4283,55.78
1419004,3326,0.1112,0.049,1,1,0.1441,0.2787,1,0.1229,0.3048,0.1005,0.5962,0.1695,36.0,506,0.3725,0.2537,0.0101,0.0263,0.6063,0.3374,0.0185,0.3215,0.5285,0.3226,0.5962,0.4363,0.5487,55.73
0604005,13673,0.1235,0.0423,7,5,0.1241,0.1701,0,0.2223,0.2305,0.1033,0.2787,0.1913,31.4,2099,0.4418,0.2037,0.0707,0.1316,0.4898,0.2059,0.0,0.632,0.3856,0.3332,0.2787,0.4924,0.4673,55.73
0420007,12753,0.0882,0.0581,11,4,0.1376,0.5172,2,0.1567,0.2485,0.1214,0.5013,0.1269,13.6,1867,0.2431,0.3216,0.1111,0.1053,0.5684,0.6262,0.037,0.4271,0.4202,0.4015,0.5013,0.3266,0.1522,55.71
2801001,10633,0.1635,0.0465,8,2,0.1073,0.0788,2,0.157,0.2596,0.1345,0.3107,0.1642,37.0,1937,0.6669,0.2351,0.0808,0.0526,0.392,0.0954,0.037,0.428,0.4415,0.4509,0.3107,0.4227,0.5664,55.7
3002004,1833,0.1271,0.0417,2,1,0.1149,0.597,0,0.1852,0.1318,0.1436,0.5684,0.1448,20.4,310,0.462,0.1993,0.0202,0.0263,0.4362,0.7228,0.0,0.5161,0.1958,0.4853,0.5684,0.3727,0.2726,55.67
1008003,15822,0.1394,0.0568,10,5,0.1144,0.2172,4,0.1892,0.1146,0.0856,0.4729,0.1929,29.8,2403,0.5312,0.3119,0.101,0.1316,0.4333,0.263,0.0741,0.5286,0.1627,0.2664,0.4729,0.4965,0.4389,55.67
2603003,3301,0.1242,0.062,2,1,0.1197,0.3623,0,0.1727,0.2347,0.1157,0.5515,0.1108,28.4,519,0.4457,0.3507,0.0202,0.0263,0.4642,0.4386,0.0,0.477,0.3937,0.38,0.5515,0.2852,0.4142,55.67
0205004,4113,0.126,0.0651,3,1,0.1268,0.0,2,0.079,0.1654,0.1376,1.0,0.2001,42.9,697,0.4558,0.3739,0.0303,0.0263,0.5055,0.0,0.037,0.1843,0.2604,0.4626,1.0,0.5151,0.6708,55.66
0201005,4113,0.1531,0.0933,3,1,0.1097,0.1717,0,0.1545,0.1726,0.0905,0.7482,0.034,37.1,657,0.6083,0.5843,0.0303,0.0263,0.4059,0.2079,0.0,0.4202,0.2742,0.2849,0.7482,0.0875,0.5681,55.65
2201003,9141,0.1125,0.0644,4,3,0.1332,0.014,1,0.0819,0.2349,0.14,1.0,0.1599,37.1,1510,0.3799,0.3687,0.0404,0.0789,0.5428,0.0169,0.0185,0.1934,0.394,0.4717,1.0,0.4116,0.5681,55.61
1216003,6797,0.1513,0.0561,1,2,0.1118,0.4641,5,0.2415,0.1068,0.1223,0.3271,0.0925,21.3,1167,0.5982,0.3067,0.0101,0.0526,0.4182,0.5619,0.0926,0.692,0.1477,0.4049,0.3271,0.2381,0.2885,55.57
0226004,8672,0.1161,0.1008,8,2,0.1418,0.2391,0,0.1027,0.2107,0.1403,0.4899,0.103,22.8,1480,0.4001,0.6403,0.0808,0.0526,0.5929,0.2895,0.0,0.2584,0.3475,0.4728,0.4899,0.2651,0.315,55.57
3013003,61558,0.0842,0.0815,36,12,0.1436,0.1682,17,0.1405,0.1788,0.0419,0.0999,0.1971,18.1,7024,0.2206,0.4963,0.3636,0.3158,0.6034,0.2036,0.3148,0.3764,0.2862,0.1015,0.0999,0.5073,0.2319,55.53
0228007,4551,0.1072,0.0587,3,2,0.096,0.1861,0,0.1248,0.2605,0.0768,1.0,0.2083,38.4,566,0.35,0.3261,0.0303,0.0526,0.3262,0.2253,0.0,0.3274,0.4433,0.2332,1.0,0.5362,0.5912,55.53
3207002,11996,0.1619,0.0682,7,3,0.1269,0.0,4,0.1347,0.2808,0.1253,0.5822,0.1103,21.7,2212,0.6579,0.397,0.0707,0.0789,0.5061,0.0,0.0741,0.3583,0.4823,0.4162,0.5822,0.2839,0.2956,55.53
1438001,23528,0.098,0.0769,14,3,0.1199,0.4812,6,0.2343,0.276,0.0259,0.0,0.1679,18.1,2516,0.2983,0.4619,0.1414,0.0789,0.4653,0.5826,0.1111,0.6695,0.4731,0.0411,0.0,0.4322,0.2319,55.49
1205001,7336,0.1332,0.0812,3,2,0.1172,0.0296,2,0.1358,0.1902,0.0763,0.8359,0.1692,37.2,1067,0.4963,0.494,0.0303,0.0526,0.4496,0.0358,0.037,0.3618,0.3081,0.2313,0.8359,0.4355,0.5699,55.48
1013007,9500,0.1076,0.0991,3,2,0.1156,0.3432,0,0.1626,0.2057,0.1234,0.6798,0.1087,11.8,1420,0.3523,0.6276,0.0303,0.0526,0.4403,0.4155,0.0,0.4455,0.3379,0.4091,0.6798,0.2798,0.1204,55.47
3016004,12574,0.1409,0.0638,8,4,0.1179,0.3384,6,0.1338,0.1672,0.11,0.3751,0.1764,25.2,2058,0.5397,0.3642,0.0808,0.1053,0.4537,0.4097,0.1111,0.3555,0.2638,0.3585,0.3751,0.4541,0.3575,55.45
0411004,9170,0.1058,0.092,2,2,0.1026,0.4234,3,0.1345,0.1636,0.1189,0.4405,0.1822,28.7,1303,0.3421,0.5746,0.0202,0.0526,0.3646,0.5126,0.0556,0.3577,0.2569,0.3921,0.4405,0.469,0.4195,55.44
0602001,7095,0.1098,0.0851,2,3,0.074,0.0,2,0.1633,0.3974,0.1609,0.2986,0.1574,33.6,1073,0.3647,0.5231,0.0202,0.0789,0.198,0.0,0.037,0.4477,0.7065,0.5506,0.2986,0.4051,0.5062,55.42
2208002,4502,0.0875,0.1013,6,1,0.1639,0.6168,2,0.0438,0.2648,0.1411,0.3824,0.0199,27.1,736,0.2392,0.644,0.0606,0.0263,0.7216,0.7467,0.037,0.0744,0.4515,0.4758,0.3824,0.0512,0.3912,55.41
3021005,11919,0.126,0.0909,8,2,0.1001,0.352,4,0.1869,0.2448,0.0749,0.4337,0.0883,20.8,1610,0.4558,0.5664,0.0808,0.0526,0.35,0.4262,0.0741,0.5214,0.4131,0.226,0.4337,0.2273,0.2796,55.4
1431004,7254,0.0879,0.0537,2,2,0.1231,0.3752,0,0.2102,0.2128,0.1808,0.3963,0.1176,27.3,1191,0.2414,0.2888,0.0202,0.0526,0.484,0.4542,0.0,0.5942,0.3515,0.6257,0.3963,0.3027,0.3947,55.37
0609005,9239,0.1207,0.0605,4,1,0.1171,0.4225,6,0.1616,0.3235,0.0816,0.314,0.1204,28.8,1298,0.426,0.3396,0.0404,0.0263,0.449,0.5115,0.1111,0.4424,0.5644,0.2513,0.314,0.3099,0.4212,55.34
3012002,16460,0.1264,0.0611,10,3,0.069,0.0093,3,0.1966,0.2459,0.0792,0.8595,0.1155,44.4,2076,0.4581,0.344,0.101,0.0789,0.1689,0.0113,0.0556,0.5517,0.4152,0.2423,0.8595,0.2973,0.6973,55.33
2405006,8573,0.1172,0.0555,3,1,0.1553,0.0933,2,0.1121,0.186,0.1159,1.0,0.172,30.8,1420,0.4063,0.3022,0.0303,0.0263,0.6715,0.113,0.037,0.2877,0.3,0.3808,1.0,0.4427,0.4566,55.32
0412003,11115,0.1012,0.0722,7,2,0.1575,0.2056,0,0.1537,0.2404,0.1091,0.5704,0.1194,25.7,1725,0.3163,0.4269,0.0707,0.0526,0.6843,0.2489,0.0,0.4177,0.4046,0.3551,0.5704,0.3073,0.3664,55.29
2820003,43548,0.1227,0.0227,21,8,0.1011,0.3049,11,0.2377,0.3436,0.0851,0.0476,0.0613,30.5,5991,0.4373,0.0575,0.2121,0.2105,0.3559,0.3691,0.2037,0.6801,0.6031,0.2645,0.0476,0.1578,0.4513,55.28
1004004,5903,0.1123,0.0912,4,1,0.1393,0.3633,0,0.1452,0.2796,0.122,0.2727,0.0981,20.1,945,0.3787,0.5687,0.0404,0.0263,0.5783,0.4398,0.0,0.3911,0.48,0.4038,0.2727,0.2525,0.2673,55.26
1205003,16102,0.1445,0.0547,9,4,0.1476,0.0,3,0.1426,0.1764,0.109,0.5032,0.1874,32.5,2826,0.5599,0.2963,0.0909,0.1053,0.6267,0.0,0.0556,0.383,0.2815,0.3547,0.5032,0.4824,0.4867,55.23
0223002,9706,0.1285,0.058,6,0,0.1097,0.4338,4,0.1385,0.171,0.1474,0.6752,0.202,9.7,1636,0.4699,0.3209,0.0606,0.0,0.4059,0.5252,0.0741,0.3702,0.2712,0.4996,0.6752,0.5199,0.0832,55.2
2426004,8967,0.1559,0.0735,10,1,0.0947,0.1954,1,0.1692,0.3234,0.0905,0.4158,0.088,23.7,1401,0.6241,0.4366,0.101,0.0263,0.3186,0.2366,0.0185,0.4661,0.5642,0.2849,0.4158,0.2265,0.331,55.19
2011002,29274,0.1443,0.0519,17,7,0.0772,0.2793,9,0.1298,0.2692,0.1448,0.1467,0.1917,19.8,4833,0.5588,0.2754,0.1717,0.1842,0.2167,0.3381,0.1667,0.343,0.46,0.4898,0.1467,0.4934,0.2619,55.16
1434003,13681,0.0766,0.093,8,4,0.0752,0.2574,6,0.215,0.3396,0.1388,0.0,0.193,19.3,1708,0.1778,0.5821,0.0808,0.1053,0.205,0.3116,0.1111,0.6092,0.5954,0.4672,0.0,0.4968,0.2531,55.13
1605003,5559,0.0982,0.1043,4,0,0.1298,0.2909,2,0.2011,0.1958,0.0861,0.4158,0.1369,19.3,748,0.2994,0.6664,0.0404,0.0,0.523,0.3522,0.037,0.5658,0.3188,0.2683,0.4158,0.3524,0.2531,55.1
2421002,73957,0.1211,0.0565,43,18,0.0518,0.4057,13,0.1659,0.1196,0.1248,0.1127,0.047,19.2,10019,0.4282,0.3097,0.4343,0.4737,0.0687,0.4912,0.2407,0.4558,0.1723,0.4143,0.1127,0.121,0.2513,55.04
3007001,8059,0.1351,0.0785,4,2,0.1326,0.0145,1,0.1535,0.1698,0.0516,0.8356,0.1813,32.5,1145,0.507,0.4739,0.0404,0.0526,0.5393,0.0176,0.0185,0.4171,0.2688,0.1381,0.8356,0.4667,0.4867,55.01
2004004,2717,0.1692,0.0915,3,0,0.1011,0.2248,0,0.1605,0.2088,0.0463,0.8043,0.0961,19.2,402,0.6989,0.5709,0.0303,0.0,0.3559,0.2722,0.0,0.4389,0.3438,0.1181,0.8043,0.2474,0.2513,54.94
1602005,5159,0.1269,0.0686,2,1,0.142,0.6004,2,0.1054,0.1731,0.1082,0.3634,0.1598,21.2,842,0.4609,0.4,0.0202,0.0263,0.5941,0.7269,0.037,0.2668,0.2752,0.3517,0.3634,0.4113,0.2867,54.93
3215003,135142,0.0732,0.0439,70,26,0.1158,0.1461,40,0.0591,0.1048,0.0725,0.1115,0.0695,27.0,14933,0.1587,0.2157,0.7071,0.6842,0.4415,0.1769,0.7407,0.1221,0.1438,0.217,0.1115,0.1789,0.3894,54.91
3031001,14149,0.1425,0.0929,11,6,0.0984,0.2209,2,0.1412,0.1827,0.0938,0.3241,0.1345,25.4,2144,0.5487,0.5813,0.1111,0.1579,0.3401,0.2674,0.037,0.3786,0.2937,0.2974,0.3241,0.3462,0.3611,54.9
1432007,13916,0.1034,0.073,10,0,0.1105,0.1692,6,0.2601,0.2171,0.1553,0.2548,0.1125,18.9,2204,0.3286,0.4328,0.101,0.0,0.4106,0.2048,0.1111,0.7501,0.3598,0.5294,0.2548,0.2896,0.246,54.9
1818005,14328,0.0759,0.0993,8,2,0.1285,0.3113,3,0.1373,0.1798,0.1136,0.5929,0.161,22.5,1903,0.1739,0.6291,0.0808,0.0526,0.5154,0.3769,0.0556,0.3664,0.2881,0.3721,0.5929,0.4144,0.3097,54.88
0621003,4408,0.1059,0.0475,4,0,0.128,0.0586,2,0.2019,0.3555,0.0996,0.4253,0.237,24.8,633,0.3427,0.2425,0.0404,0.0,0.5125,0.0709,0.037,0.5683,0.626,0.3192,0.4253,0.61,0.3504,54.88
3014006,27070,0.1463,0.0757,26,8,0.094,0.0817,5,0.0754,0.1568,0.1807,0.3406,0.1707,20.0,5059,0.5701,0.453,0.2626,0.2105,0.3145,0.0989,0.0926,0.1731,0.2438,0.6253,0.3406,0.4394,0.2655,54.87
1007001,3375,0.1086,0.0808,3,3,0.1171,0.2348,1,0.209,0.2549,0.0827,0.4538,0.1016,26.9,457,0.3579,0.491,0.0303,0.0789,0.449,0.2843,0.0185,0.5904,0.4325,0.2555,0.4538,0.2615,0.3876,54.86
1213004,29638,0.1431,0.071,19,7,0.112,0.1434,14,0.1753,0.2359,0.0714,0.3847,0.1005,13.3,4366,0.5521,0.4179,0.1919,0.1842,0.4193,0.1736,0.2593,0.4852,0.396,0.2128,0.3847,0.2587,0.1469,54.84
0415004,31977,0.0975,0.0735,21,10,0.1574,0.2246,12,0.0858,0.1298,0.0931,0.4909,0.1204,28.3,4698,0.2954,0.4366,0.2121,0.2632,0.6838,0.2719,0.2222,0.2056,0.1919,0.2947,0.4909,0.3099,0.4124,54.8
3030004,63026,0.0709,0.0505,37,9,0.1264,0.5276,17,0.1725,0.2152,0.0741,0.0566,0.0395,28.6,7160,0.1458,0.2649,0.3737,0.2368,0.5032,0.6387,0.3148,0.4764,0.3562,0.223,0.0566,0.1017,0.4177,54.8
1002007,7015,0.1127,0.0479,2,3,0.152,0.3678,1,0.1564,0.2341,0.106,0.4933,0.1476,24.2,1110,0.381,0.2455,0.0202,0.0789,0.6523,0.4453,0.0185,0.4261,0.3925,0.3434,0.4933,0.3799,0.3398,54.79
2219005,7068,0.1436,0.0568,3,1,0.1233,0.3642,0,0.111,0.2454,0.1148,0.5041,0.1586,25.8,1191,0.5549,0.3119,0.0303,0.0263,0.4851,0.4409,0.0,0.2843,0.4142,0.3766,0.5041,0.4082,0.3681,54.78
2406005,6639,0.1427,0.0709,7,2,0.1306,0.2078,1,0.134,0.2529,0.135,0.471,0.074,24.1,1192,0.5498,0.4172,0.0707,0.0526,0.5277,0.2516,0.0185,0.3561,0.4287,0.4528,0.471,0.1905,0.3381,54.78
2817002,21333,0.1272,0.0511,12,4,0.1064,0.3338,7,0.1704,0.3304,0.105,0.1342,0.0976,28.6,3198,0.4626,0.2694,0.1212,0.1053,0.3867,0.4041,0.1296,0.4699,0.5777,0.3396,0.1342,0.2512,0.4177,54.75
2817004,9366,0.1622,0.0784,5,2,0.0744,0.145,2,0.105,0.2766,0.1169,0.526,0.1869,25.4,1524,0.6595,0.4731,0.0505,0.0526,0.2003,0.1755,0.037,0.2655,0.4742,0.3845,0.526,0.4811,0.3611,54.7
2012004,38081,0.1566,0.0597,14,4,0.1559,0.4499,17,0.1004,0.3346,0.0352,0.0198,0.0982,15.4,5911,0.628,0.3336,0.1414,0.1053,0.675,0.5447,0.3148,0.2512,0.5858,0.0762,0.0198,0.2528,0.1841,54.69
1824001,10533,0.1294,0.0872,9,2,0.123,0.1864,1,0.1302,0.1837,0.1311,0.6785,0.1433,12.2,1766,0.475,0.5388,0.0909,0.0526,0.4834,0.2257,0.0185,0.3443,0.2956,0.4381,0.6785,0.3689,0.1274,54.63
1402006,28052,0.065,0.0543,11,9,0.1429,0.2434,6,0.2507,0.2514,0.0855,0.0,0.1872,24.8,3385,0.1125,0.2933,0.1111,0.2368,0.5993,0.2947,0.1111,0.7207,0.4258,0.266,0.0,0.4819,0.3504,54.63
2434001,14332,0.1452,0.0746,9,2,0.0778,0.2551,2,0.1424,0.1932,0.1524,0.3678,0.1564,26.6,2419,0.5639,0.4448,0.0909,0.0526,0.2202,0.3088,0.037,0.3824,0.3138,0.5185,0.3678,0.4026,0.3823,54.63
3017001,9586,0.1161,0.065,3,6,0.1157,0.1372,5,0.1794,0.2506,0.0913,0.2308,0.1963,33.5,1359,0.4001,0.3731,0.0303,0.1579,0.4409,0.1661,0.0926,0.498,0.4242,0.2879,0.2308,0.5053,0.5044,54.61
0616006,33745,0.1164,0.0636,19,9,0.1204,0.5064,6,0.1279,0.2456,0.1159,0.0,0.0926,18.9,5174,0.4018,0.3627,0.1919,0.2368,0.4683,0.6131,0.1111,0.3371,0.4146,0.3808,0.0,0.2384,0.246,54.59
2003001,41420,0.1154,0.0522,21,7,0.098,0.5342,10,0.1325,0.2266,0.1392,0.0,0.138,20.1,6383,0.3962,0.2776,0.2121,0.1842,0.3378,0.6467,0.1852,0.3515,0.3781,0.4687,0.0,0.3552,0.2673,54.59
2201002,16704,0.1096,0.0774,9,0,0.1236,0.3124,1,0.1734,0.3056,0.1374,0.1153,0.0916,25.6,2656,0.3635,0.4657,0.0909,0.0,0.4869,0.3782,0.0185,0.4792,0.53,0.4619,0.1153,0.2358,0.3646,54.52
2215004,20153,0.1214,0.0559,8,7,0.0969,0.5199,7,0.1453,0.0798,0.0806,0.4693,0.19,30.7,2693,0.4299,0.3052,0.0808,0.1842,0.3314,0.6294,0.1296,0.3914,0.0958,0.2475,0.4693,0.4891,0.4549,54.52
1212007,3053,0.1262,0.0683,1,0,0.1012,0.0,2,0.1848,0.2895,0.1452,0.5649,0.1325,31.9,498,0.4569,0.3978,0.0101,0.0,0.3564,0.0,0.037,0.5148,0.499,0.4913,0.5649,0.3411,0.4761,54.46
3210002,45489,0.1331,0.0371,28,5,0.1075,0.5363,9,0.1073,0.1732,0.1413,0.092,0.1648,19.2,7645,0.4958,0.1649,0.2828,0.1316,0.3931,0.6493,0.1667,0.2727,0.2754,0.4766,0.092,0.4242,0.2513,54.43
1612004,22439,0.1032,0.0441,17,6,0.1116,0.086,3,0.1778,0.1821,0.175,0.4925,0.1874,22.5,3743,0.3275,0.2172,0.1717,0.1579,0.417,0.1041,0.0556,0.493,0.2925,0.6038,0.4925,0.4824,0.3097,54.43
1202004,9480,0.1032,0.0782,6,2,0.1393,0.4234,0,0.136,0.1523,0.0872,0.4764,0.1272,33.1,1338,0.3275,0.4716,0.0606,0.0526,0.5783,0.5126,0.0,0.3624,0.2352,0.2725,0.4764,0.3274,0.4973,54.39
1407006,9766,0.1151,0.0709,7,4,0.0608,0.1605,1,0.1914,0.3433,0.0952,0.4827,0.174,24.6,1208,0.3945,0.4172,0.0707,0.1053,0.1211,0.1943,0.0185,0.5355,0.6025,0.3026,0.4827,0.4479,0.3469,54.38
3015002,10856,0.1622,0.0734,11,1,0.1219,0.1065,3,0.2087,0.2249,0.0925,0.3514,0.1057,13.6,1845,0.6595,0.4358,0.1111,0.0263,0.477,0.1289,0.0556,0.5895,0.3748,0.2925,0.3514,0.2721,0.1522,54.36
1612006,13268,0.1497,0.043,8,3,0.1412,0.2693,3,0.1784,0.2241,0.1117,0.3715,0.1457,12.9,2351,0.5892,0.209,0.0808,0.0789,0.5894,0.326,0.0556,0.4948,0.3733,0.3649,0.3715,0.375,0.1398,54.36
2435004,12431,0.0994,0.0519,8,5,0.132,0.071,2,0.0878,0.2076,0.1466,1.0,0.1541,33.0,1995,0.3061,0.2754,0.0808,0.1316,0.5358,0.086,0.037,0.2118,0.3415,0.4966,1.0,0.3967,0.4956,54.31
1442001,26771,0.1367,0.0874,22,12,0.0945,0.0048,7,0.17,0.2804,0.1075,0.1647,0.036,20.5,4083,0.516,0.5403,0.2222,0.3158,0.3174,0.0058,0.1296,0.4686,0.4815,0.3491,0.1647,0.0927,0.2743,54.31
2821004,7176,0.1096,0.0674,6,1,0.0681,0.3619,1,0.1195,0.3226,0.137,0.4225,0.1352,39.0,1003,0.3635,0.391,0.0606,0.0263,0.1637,0.4381,0.0185,0.3108,0.5627,0.4604,0.4225,0.348,0.6018,54.29
2811003,41228,0.1322,0.0479,20,8,0.0862,0.4096,8,0.1768,0.2212,0.0808,0.2153,0.1572,17.0,5602,0.4907,0.2455,0.202,0.2105,0.2691,0.4959,0.1481,0.4898,0.3677,0.2483,0.2153,0.4046,0.2124,54.29
1416002,13147,0.1103,0.0735,9,2,0.1437,0.1267,4,0.1759,0.2289,0.1354,0.2199,0.1561,22.5,2181,0.3675,0.4366,0.0909,0.0526,0.604,0.1534,0.0741,0.487,0.3825,0.4543,0.2199,0.4018,0.3097,54.29
2016003,25513,0.1647,0.0307,12,7,0.112,0.3913,7,0.1581,0.2842,0.0672,0.2411,0.1237,18.7,4015,0.6736,0.1172,0.1212,0.1842,0.4193,0.4737,0.1296,0.4314,0.4888,0.197,0.2411,0.3184,0.2425,54.29
2434004,21392,0.1414,0.072,17,3,0.1367,0.4326,3,0.0877,0.1356,0.0796,0.2146,0.1785,26.3,3388,0.5425,0.4254,0.1717,0.0789,0.5632,0.5237,0.0556,0.2115,0.2031,0.2438,0.2146,0.4595,0.377,54.26
0607003,11007,0.097,0.0716,6,5,0.1109,0.1717,3,0.1812,0.2875,0.0957,0.1312,0.1546,40.7,1446,0.2926,0.4224,0.0606,0.1316,0.4129,0.2079,0.0556,0.5036,0.4952,0.3045,0.1312,0.3979,0.6319,54.26
2410002,3708,0.1686,0.0721,3,1,0.1162,0.0668,0,0.0983,0.2046,0.136,0.3382,0.2054,32.7,700,0.6956,0.4261,0.0303,0.0263,0.4438,0.0809,0.0,0.2446,0.3358,0.4566,0.3382,0.5287,0.4903,54.25
3206001,7147,0.1406,0.0558,3,0,0.1442,0.5305,4,0.1743,0.1042,0.037,0.4815,0.1813,22.0,1022,0.538,0.3045,0.0303,0.0,0.6069,0.6423,0.0741,0.482,0.1427,0.083,0.4815,0.4667,0.3009,54.23
1202002,6707,0.1049,0.0563,5,1,0.0859,0.0856,0,0.0969,0.3342,0.0507,1.0,0.2353,44.9,730,0.3371,0.3082,0.0505,0.0263,0.2673,0.1036,0.0,0.2402,0.585,0.1347,1.0,0.6057,0.7062,54.2
3209004,15870,0.1563,0.069,8,3,0.0978,0.2455,1,0.1136,0.2492,0.0926,0.4529,0.1695,24.0,2506,0.6263,0.403,0.0808,0.0789,0.3366,0.2972,0.0185,0.2924,0.4215,0.2928,0.4529,0.4363,0.3363,54.19
3020003,14172,0.1072,0.1063,12,1,0.1514,0.2014,5,0.0959,0.116,0.1336,0.5274,0.0776,29.8,2356,0.35,0.6813,0.1212,0.0263,0.6488,0.2438,0.0926,0.2371,0.1654,0.4475,0.5274,0.1997,0.4389,54.19
0230004,11397,0.1226,0.0757,4,2,0.1405,0.2501,1,0.1355,0.183,0.0834,0.4458,0.1004,41.8,1715,0.4367,0.453,0.0404,0.0526,0.5853,0.3028,0.0185,0.3608,0.2942,0.2581,0.4458,0.2584,0.6513,54.17
2402001,55914,0.1095,0.0554,38,13,0.0946,0.3712,16,0.0537,0.1434,0.1631,0.2475,0.1305,17.8,8917,0.363,0.3015,0.3838,0.3421,0.318,0.4494,0.2963,0.1053,0.2181,0.5589,0.2475,0.3359,0.2265,54.15
2408001,11222,0.1434,0.0534,11,2,0.1256,0.2536,5,0.14,0.1804,0.1314,0.3256,0.1358,29.0,1981,0.5537,0.2866,0.1111,0.0526,0.4985,0.307,0.0926,0.3749,0.2892,0.4392,0.3256,0.3495,0.4248,54.13
1431003,22915,0.1105,0.0656,12,5,0.0417,0.5607,5,0.1919,0.3063,0.0962,0.0849,0.0966,32.2,2625,0.3686,0.3776,0.1212,0.1316,0.0099,0.6788,0.0926,0.537,0.5313,0.3064,0.0849,0.2486,0.4814,54.13
1403006,4511,0.1133,0.0889,3,0,0.1094,0.0894,0,0.1226,0.3289,0.0217,0.5566,0.2103,42.0,495,0.3844,0.5515,0.0303,0.0,0.4042,0.1082,0.0,0.3205,0.5748,0.0253,0.5566,0.5413,0.6549,54.11
1803006,2893,0.1214,0.0443,2,0,0.1341,0.3167,1,0.2168,0.2154,0.0963,0.2497,0.2321,21.2,442,0.4299,0.2187,0.0202,0.0,0.548,0.3834,0.0185,0.6148,0.3565,0.3068,0.2497,0.5974,0.2867,54.09
0609001,11918,0.1264,0.087,7,1,0.1154,0.1869,6,0.1657,0.2287,0.149,0.2028,0.1668,13.0,2028,0.4581,0.5373,0.0707,0.0263,0.4391,0.2263,0.1111,0.4552,0.3821,0.5057,0.2028,0.4293,0.1416,54.05
0212003,18357,0.1341,0.0572,8,2,0.1105,0.2132,4,0.1858,0.2199,0.1681,0.3653,0.0376,29.8,3308,0.5014,0.3149,0.0808,0.0526,0.4106,0.2581,0.0741,0.518,0.3652,0.5777,0.3653,0.0968,0.4389,53.98
2418003,57171,0.1843,0.0665,31,18,0.04,0.0,12,0.1396,0.1876,0.0412,0.1363,0.1304,30.6,7586,0.7839,0.3843,0.3131,0.4737,0.0,0.0,0.2222,0.3736,0.3031,0.0989,0.1363,0.3356,0.4531,53.98
3015005,8087,0.0999,0.0727,9,1,0.1172,0.448,5,0.0927,0.2229,0.1246,0.5422,0.1549,23.2,1189,0.3089,0.4306,0.0909,0.0263,0.4496,0.5424,0.0926,0.2271,0.371,0.4136,0.5422,0.3987,0.3221,53.95
1004005,4233,0.1211,0.047,3,0,0.1277,0.1868,1,0.1384,0.1207,0.0848,0.8388,0.2038,44.5,617,0.4282,0.2388,0.0303,0.0,0.5108,0.2262,0.0185,0.3699,0.1744,0.2634,0.8388,0.5246,0.6991,53.95
1438006,34524,0.1261,0.0796,18,6,0.1082,0.5035,16,0.1088,0.2503,0.0937,0.1302,0.1254,5.0,5019,0.4564,0.4821,0.1818,0.1579,0.3972,0.6096,0.2963,0.2774,0.4237,0.297,0.1302,0.3228,0.0,53.88
2612002,5121,0.1497,0.0617,4,1,0.139,0.3529,1,0.1497,0.2405,0.1045,0.51,0.0874,12.5,889,0.5892,0.3485,0.0404,0.0263,0.5766,0.4272,0.0185,0.4052,0.4048,0.3377,0.51,0.225,0.1327,53.82
2214002,9210,0.1101,0.1076,4,2,0.1061,0.0924,5,0.1068,0.3251,0.1231,0.3485,0.1518,23.9,1359,0.3663,0.691,0.0404,0.0526,0.385,0.1119,0.0926,0.2712,0.5675,0.4079,0.3485,0.3907,0.3345,53.82
0621007,45377,0.0698,0.0557,28,10,0.1441,0.1143,9,0.1776,0.2534,0.1009,0.101,0.1539,23.7,5900,0.1396,0.3037,0.2828,0.2632,0.6063,0.1384,0.1667,0.4923,0.4296,0.3242,0.101,0.3961,0.331,53.81
1211002,5083,0.1173,0.0684,3,1,0.1133,0.1839,2,0.134,0.284,0.116,0.5999,0.1178,32.4,769,0.4069,0.3985,0.0303,0.0263,0.4269,0.2226,0.037,0.3561,0.4885,0.3811,0.5999,0.3032,0.485,53.8
3205005,15183,0.1202,0.066,8,2,0.1183,0.2799,4,0.1264,0.273,0.1052,0.6174,0.1406,16.7,2281,0.4232,0.3806,0.0808,0.0526,0.456,0.3389,0.0741,0.3324,0.4673,0.3404,0.6174,0.3619,0.2071,53.79
2804003,35805,0.139,0.0309,15,9,0.1136,0.2039,11,0.1281,0.277,0.1078,0.0,0.1645,36.8,5728,0.529,0.1187,0.1515,0.2368,0.4287,0.2469,0.2037,0.3377,0.475,0.3502,0.0,0.4234,0.5628,53.78
2428003,3902,0.1491,0.0647,1,1,0.1155,0.1721,0,0.165,0.2302,0.0793,0.3492,0.1539,37.1,603,0.5858,0.3709,0.0101,0.0263,0.4397,0.2084,0.0,0.453,0.385,0.2426,0.3492,0.3961,0.5681,53.74
2812002,34890,0.1307,0.0391,20,6,0.0857,0.2791,10,0.1528,0.1986,0.1497,0.1252,0.1441,32.7,5669,0.4823,0.1799,0.202,0.1579,0.2662,0.3379,0.1852,0.4149,0.3242,0.5083,0.1252,0.3709,0.4903,53.74
0423003,3225,0.146,0.0749,1,0,0.1117,0.3752,0,0.1258,0.1403,0.117,0.5074,0.1911,20.0,536,0.5684,0.447,0.0101,0.0,0.4176,0.4542,0.0,0.3305,0.2121,0.3849,0.5074,0.4919,0.2655,53.7
1206001,11501,0.0833,0.05,8,3,0.127,0.4615,8,0.1449,0.1717,0.0522,0.5651,0.1478,44.1,1289,0.2155,0.2612,0.0808,0.0789,0.5067,0.5587,0.1481,0.3902,0.2725,0.1404,0.5651,0.3804,0.692,53.69
0404004,5826,0.1525,0.0768,4,1,0.0833,0.1178,3,0.1554,0.182,0.0626,0.6226,0.168,37.4,809,0.605,0.4612,0.0404,0.0263,0.2522,0.1426,0.0556,0.423,0.2923,0.1796,0.6226,0.4324,0.5735,53.67
3201004,3985,0.1492,0.0845,6,0,0.1028,0.4262,1,0.1368,0.2211,0.0569,0.4007,0.113,24.7,567,0.5864,0.5187,0.0606,0.0,0.3658,0.516,0.0185,0.3649,0.3675,0.1581,0.4007,0.2909,0.3487,53.62
3006004,4354,0.1638,0.0703,3,1,0.1263,0.2132,3,0.1374,0.163,0.1182,0.3667,0.1334,25.4,794,0.6685,0.4127,0.0303,0.0263,0.5026,0.2581,0.0556,0.3668,0.2558,0.3894,0.3667,0.3434,0.3611,53.6
0618004,30072,0.1271,0.0464,17,5,0.0691,0.3936,8,0.1593,0.2293,0.1352,0.0534,0.1764,28.1,4477,0.462,0.2343,0.1717,0.1316,0.1695,0.4765,0.1481,0.4352,0.3833,0.4536,0.0534,0.4541,0.4088,53.6
1810003,7514,0.1359,0.0924,4,1,0.0893,0.2351,0,0.1002,0.2037,0.1705,0.2333,0.1838,27.5,1313,0.5115,0.5776,0.0404,0.0263,0.2871,0.2846,0.0,0.2505,0.334,0.5868,0.2333,0.4731,0.3982,53.55
1213006,7960,0.1288,0.0828,4,5,0.1037,0.0813,2,0.135,0.3312,0.1182,0.5207,0.0764,23.3,1238,0.4716,0.506,0.0404,0.1316,0.371,0.0984,0.037,0.3593,0.5792,0.3894,0.5207,0.1967,0.3239,53.51
1804005,8288,0.1062,0.0932,6,0,0.0742,0.1177,2,0.1693,0.1714,0.1027,1.0,0.127,28.1,1045,0.3444,0.5836,0.0606,0.0,0.1992,0.1425,0.037,0.4664,0.2719,0.3309,1.0,0.3269,0.4088,53.51
3020005,12085,0.1333,0.0269,7,1,0.153,0.3745,2,0.1356,0.2551,0.1473,0.3917,0.0685,28.8,2253,0.4969,0.0888,0.0707,0.0263,0.6581,0.4534,0.037,0.3611,0.4329,0.4992,0.3917,0.1763,0.4212,53.45
3204005,7322,0.1124,0.086,1,2,0.0877,0.097,3,0.1079,0.1192,0.1178,0.8407,0.2558,33.2,1025,0.3793,0.5299,0.0101,0.0526,0.2778,0.1174,0.0556,0.2746,0.1715,0.3879,0.8407,0.6584,0.4991,53.44
1428002,32478,0.1117,0.0236,23,6,0.0854,0.5349,9,0.1582,0.2383,0.1219,0.1795,0.1717,19.4,4578,0.3754,0.0642,0.2323,0.1579,0.2644,0.6476,0.1667,0.4317,0.4006,0.4034,0.1795,0.442,0.2549,53.44
1202001,17015,0.0779,0.0611,8,1,0.1195,0.311,6,0.1932,0.2012,0.1118,0.4951,0.1922,22.1,2210,0.1851,0.344,0.0808,0.0263,0.463,0.3765,0.1111,0.5411,0.3292,0.3653,0.4951,0.4947,0.3027,53.44
0204003,47255,0.1186,0.0519,23,12,0.1603,0.4035,13,0.1333,0.2681,0.07,0.0,0.0199,16.6,7091,0.4142,0.2754,0.2323,0.3158,0.7006,0.4885,0.2407,0.354,0.4579,0.2075,0.0,0.0512,0.2053,53.41
0416002,10888,0.133,0.0859,4,2,0.0914,0.2837,4,0.1687,0.1544,0.0624,0.5482,0.1575,26.4,1422,0.4952,0.5291,0.0404,0.0526,0.2994,0.3435,0.0741,0.4645,0.2392,0.1789,0.5482,0.4054,0.3788,53.4
2413003,8415,0.0951,0.0812,5,2,0.1182,0.3861,3,0.1084,0.1771,0.136,0.4267,0.1578,29.3,1253,0.2819,0.494,0.0505,0.0526,0.4554,0.4674,0.0556,0.2762,0.2829,0.4566,0.4267,0.4062,0.4301,53.37
0222006,4028,0.1043,0.0823,3,1,0.1222,0.4229,1,0.1113,0.1961,0.118,0.5081,0.1446,24.2,597,0.3337,0.5022,0.0303,0.0263,0.4787,0.512,0.0185,0.2852,0.3194,0.3887,0.5081,0.3722,0.3398,53.35
1440004,27378,0.0715,0.0718,20,8,0.1206,0.1506,2,0.1476,0.4127,0.1106,0.0992,0.1384,19.0,3471,0.1491,0.4239,0.202,0.2105,0.4694,0.1823,0.037,0.3986,0.736,0.3608,0.0992,0.3562,0.2478,53.35
3021004,11194,0.1431,0.07,4,3,0.1089,0.2012,2,0.0878,0.1958,0.0885,0.6662,0.158,34.7,1710,0.5521,0.4104,0.0404,0.0789,0.4013,0.2436,0.037,0.2118,0.3188,0.2774,0.6662,0.4067,0.5257,53.33
2410005,10825,0.0998,0.0687,4,1,0.133,0.606,3,0.144,0.1851,0.0963,0.3295,0.1602,17.5,1520,0.3084,0.4007,0.0404,0.0263,0.5416,0.7337,0.0556,0.3874,0.2983,0.3068,0.3295,0.4124,0.2212,53.31
2818004,13959,0.1269,0.0568,9,4,0.0712,0.3644,2,0.1706,0.2439,0.1548,0.0172,0.2065,21.6,2199,0.4609,0.3119,0.0909,0.1053,0.1817,0.4412,0.037,0.4705,0.4113,0.5275,0.0172,0.5315,0.2938,53.23
3026004,8499,0.086,0.1101,5,0,0.0912,0.1938,4,0.1251,0.2742,0.1125,0.4708,0.1684,27.3,1060,0.2307,0.7097,0.0505,0.0,0.2982,0.2346,0.0741,0.3283,0.4696,0.3679,0.4708,0.4335,0.3947,53.22
2430006,16146,0.0895,0.0776,14,3,0.1185,0.4089,2,0.137,0.1723,0.1095,0.4385,0.0904,31.0,2188,0.2504,0.4672,0.1414,0.0789,0.4572,0.495,0.037,0.3655,0.2737,0.3566,0.4385,0.2327,0.4602,53.21
0813001,42599,0.1246,0.0669,23,8,0.1197,0.4358,15,0.0538,0.2519,0.1176,0.1477,0.0543,22.8,6738,0.4479,0.3873,0.2323,0.2105,0.4642,0.5276,0.2778,0.1056,0.4267,0.3872,0.1477,0.1398,0.315,53.2
0811001,11501,0.1219,0.0676,6,2,0.1388,0.2855,0,0.1787,0.2466,0.0561,0.3199,0.118,27.3,1595,0.4328,0.3925,0.0606,0.0526,0.5754,0.3456,0.0,0.4958,0.4165,0.1551,0.3199,0.3037,0.3947,53.18
0210007,14934,0.0883,0.0709,11,3,0.0858,0.4884,3,0.1197,0.286,0.1268,0.4859,0.0784,28.2,1945,0.2437,0.4172,0.1111,0.0789,0.2667,0.5913,0.0556,0.3115,0.4923,0.4219,0.4859,0.2018,0.4106,53.18
2815005,16241,0.1102,0.0327,11,4,0.1216,0.2508,3,0.2578,0.247,0.0913,0.0522,0.1657,26.7,2283,0.3669,0.1321,0.1111,0.1053,0.4752,0.3036,0.0556,0.7429,0.4173,0.2879,0.0522,0.4265,0.3841,53.17
2423006,3630,0.1069,0.057,1,0,0.1373,0.4666,1,0.092,0.1458,0.1427,0.3602,0.2301,31.4,596,0.3483,0.3134,0.0101,0.0,0.5667,0.5649,0.0185,0.2249,0.2227,0.4819,0.3602,0.5923,0.4673,53.17
0623005,69436,0.111,0.0263,29,18,0.0856,0.3597,14,0.1397,0.1805,0.1325,0.252,0.1215,13.9,10046,0.3714,0.0843,0.2929,0.4737,0.2656,0.4355,0.2593,0.3739,0.2894,0.4434,0.252,0.3127,0.1575,53.16
0610002,16773,0.0799,0.0778,5,3,0.1179,0.3143,5,0.1708,0.3546,0.1871,0.0,0.0372,25.9,2692,0.1964,0.4687,0.0505,0.0789,0.4537,0.3805,0.0926,0.4711,0.6242,0.6494,0.0,0.0958,0.3699,53.16
3025006,2253,0.1301,0.0914,2,0,0.084,0.0516,0,0.1558,0.2229,0.0782,0.9746,0.1123,29.1,299,0.4789,0.5701,0.0202,0.0,0.2563,0.0625,0.0,0.4242,0.371,0.2385,0.9746,0.2891,0.4265,53.12
1404001,18305,0.1069,0.0527,14,5,0.0894,0.4368,5,0.1414,0.2451,0.1498,0.3002,0.142,17.5,2764,0.3483,0.2813,0.1414,0.1316,0.2877,0.5288,0.0926,0.3793,0.4137,0.5087,0.3002,0.3655,0.2212,53.09
3016001,11082,0.1534,0.0657,7,5,0.117,0.036,2,0.1494,0.178,0.1103,0.519,0.1326,25.8,1889,0.61,0.3784,0.0707,0.1316,0.4485,0.0436,0.037,0.4042,0.2846,0.3596,0.519,0.3413,0.3681,53.07
2008004,9341,0.1333,0.0302,1,0,0.14,0.4545,5,0.1309,0.3372,0.1396,0.0,0.1438,27.6,1665,0.4969,0.1134,0.0101,0.0,0.5824,0.5502,0.0926,0.3465,0.5908,0.4702,0.0,0.3701,0.4,53.07
1809003,6991,0.1194,0.104,4,0,0.1165,0.2115,4,0.0783,0.2083,0.109,0.581,0.2068,16.3,1052,0.4187,0.6642,0.0404,0.0,0.4455,0.2561,0.0741,0.1821,0.3429,0.3547,0.581,0.5323,0.2,53.05
0407006,4404,0.0945,0.0733,1,1,0.1155,0.6148,0,0.1442,0.2026,0.1157,0.5093,0.1088,18.9,612,0.2786,0.4351,0.0101,0.0263,0.4397,0.7443,0.0,0.388,0.3319,0.38,0.5093,0.2801,0.246,53.03
2407003,5590,0.1115,0.0973,7,0,0.1176,0.0,1,0.1464,0.1887,0.1838,0.6969,0.1065,15.4,990,0.3742,0.6142,0.0707,0.0,0.452,0.0,0.0185,0.3949,0.3052,0.637,0.6969,0.2741,0.1841,53.02
3023004,3571,0.1138,0.077,2,0,0.1427,0.2319,1,0.104,0.2935,0.1347,0.5632,0.0704,25.2,596,0.3872,0.4627,0.0202,0.0,0.5981,0.2808,0.0185,0.2624,0.5067,0.4517,0.5632,0.1812,0.3575,52.96
2426005,10180,0.0717,0.0883,7,1,0.1031,0.4715,6,0.1124,0.1875,0.124,0.3254,0.1774,32.7,1281,0.1503,0.547,0.0707,0.0263,0.3675,0.5708,0.1111,0.2887,0.3029,0.4113,0.3254,0.4566,0.4903,52.96
0418003,4594,0.1315,0.0773,4,2,0.1235,0.4275,1,0.2073,0.1311,0.0998,0.3477,0.0447,20.2,720,0.4868,0.4649,0.0404,0.0526,0.4863,0.5176,0.0185,0.5851,0.1944,0.32,0.3477,0.1151,0.269,52.93
3211004,3464,0.1501,0.0665,1,1,0.1487,0.246,1,0.0907,0.1741,0.1147,0.5366,0.1255,27.9,627,0.5914,0.3843,0.0101,0.0263,0.6331,0.2978,0.0185,0.2209,0.2771,0.3762,0.5366,0.323,0.4053,52.92
3011005,10409,0.0958,0.0712,6,2,0.1028,0.3353,1,0.2041,0.2032,0.0779,0.498,0.1812,18.9,1255,0.2859,0.4194,0.0606,0.0526,0.3658,0.4059,0.0185,0.5751,0.3331,0.2374,0.498,0.4664,0.246,52.85
0606001,25495,0.1168,0.0593,14,2,0.1026,0.0988,13,0.2138,0.2011,0.1621,0.0308,0.2238,12.6,4222,0.4041,0.3306,0.1414,0.0526,0.3646,0.1196,0.2407,0.6054,0.329,0.5551,0.0308,0.5761,0.1345,52.83
1222003,24446,0.0908,0.035,18,7,0.1369,0.3217,11,0.0833,0.1801,0.1029,0.6797,0.1804,25.6,3423,0.2577,0.1493,0.1818,0.1842,0.5644,0.3895,0.2037,0.1978,0.2887,0.3317,0.6797,0.4644,0.3646,52.79
0214005,23521,0.0817,0.1036,17,3,0.0936,0.2283,3,0.1642,0.1835,0.0938,0.3383,0.099,34.7,2729,0.2065,0.6612,0.1717,0.0789,0.3122,0.2764,0.0556,0.4505,0.2952,0.2974,0.3383,0.2548,0.5257,52.78
0224002,9496,0.1337,0.0409,7,1,0.1772,0.1798,0,0.1813,0.1698,0.0927,0.3495,0.1689,21.8,1647,0.4992,0.1933,0.0707,0.0263,0.7991,0.2177,0.0,0.5039,0.2688,0.2932,0.3495,0.4347,0.2973,52.76
1215002,4286,0.1267,0.0997,2,1,0.0758,0.2227,0,0.1773,0.0898,0.0783,0.5818,0.2046,27.8,549,0.4598,0.6321,0.0202,0.0263,0.2085,0.2696,0.0,0.4914,0.115,0.2389,0.5818,0.5266,0.4035,52.75
3010004,4206,0.0986,0.0779,3,0,0.0954,0.215,0,0.1473,0.2246,0.0792,1.0,0.1285,29.4,504,0.3016,0.4694,0.0303,0.0,0.3227,0.2603,0.0,0.3977,0.3742,0.2423,1.0,0.3308,0.4319,52.73
0411002,2956,0.114,0.0861,4,1,0.129,0.2343,0,0.0251,0.2874,0.1139,0.59,0.1759,29.0,458,0.3883,0.5306,0.0404,0.0263,0.5183,0.2837,0.0,0.0159,0.495,0.3732,0.59,0.4528,0.4248,52.72
0805005,11551,0.0831,0.0656,7,2,0.1435,0.2036,5,0.1903,0.1564,0.1688,0.4533,0.1237,18.9,1897,0.2144,0.3776,0.0707,0.0526,0.6028,0.2465,0.0926,0.532,0.2431,0.5804,0.4533,0.3184,0.246,52.72
2415004,52886,0.1192,0.0793,39,9,0.114,0.2361,10,0.1084,0.2561,0.0471,0.222,0.0608,15.1,6621,0.4176,0.4799,0.3939,0.2368,0.431,0.2858,0.1852,0.2762,0.4348,0.1211,0.222,0.1565,0.1788,52.69
1006007,4515,0.1136,0.0833,1,0,0.1079,0.2954,2,0.1614,0.165,0.0935,0.3607,0.1878,30.9,622,0.386,0.5097,0.0101,0.0,0.3955,0.3576,0.037,0.4417,0.2596,0.2962,0.3607,0.4834,0.4584,52.68
1016001,12262,0.1224,0.1062,9,3,0.0994,0.3043,5,0.0633,0.2111,0.1291,0.4415,0.0856,25.3,1897,0.4356,0.6806,0.0909,0.0789,0.346,0.3684,0.0926,0.1353,0.3483,0.4306,0.4415,0.2203,0.3593,52.66
1015004,4965,0.13,0.0688,4,1,0.1382,0.3099,1,0.1613,0.0685,0.1488,0.39,0.1252,24.3,895,0.4783,0.4015,0.0404,0.0263,0.5719,0.3752,0.0185,0.4414,0.074,0.5049,0.39,0.3223,0.3416,52.66
1406002,32150,0.1227,0.0672,19,5,0.142,0.2207,4,0.1331,0.363,0.0893,0.0,0.0575,21.3,4939,0.4373,0.3896,0.1919,0.1316,0.5941,0.2672,0.0741,0.3533,0.6404,0.2804,0.0,0.148,0.2885,52.65
2411005,7200,0.0971,0.076,4,2,0.1095,0.2597,1,0.2034,0.1543,0.1076,0.5898,0.1124,26.5,976,0.2932,0.4552,0.0404,0.0526,0.4048,0.3144,0.0185,0.5729,0.239,0.3494,0.5898,0.2893,0.3805,52.65
1432001,32872,0.1248,0.055,14,3,0.1097,0.3178,9,0.1776,0.3073,0.0639,0.2478,0.1327,14.8,4375,0.4491,0.2985,0.1414,0.0789,0.4059,0.3847,0.1667,0.4923,0.5333,0.1845,0.2478,0.3416,0.1735,52.6
2419005,45366,0.1302,0.0263,29,8,0.1278,0.3094,9,0.094,0.2216,0.1375,0.0572,0.1322,25.8,7810,0.4795,0.0843,0.2929,0.2105,0.5114,0.3746,0.1667,0.2312,0.3685,0.4623,0.0572,0.3403,0.3681,52.6
2405001,5102,0.0772,0.0482,2,1,0.1278,0.4079,6,0.2149,0.2966,0.1036,0.473,0.0198,33.2,659,0.1812,0.2478,0.0202,0.0263,0.5114,0.4938,0.1111,0.6089,0.5127,0.3343,0.473,0.051,0.4991,52.57
2417006,8836,0.1529,0.0598,9,2,0.0835,0.0804,5,0.0608,0.2568,0.1636,0.5658,0.1466,34.0,1590,0.6072,0.3343,0.0909,0.0526,0.2533,0.0973,0.0926,0.1275,0.4362,0.5608,0.5658,0.3773,0.5133,52.56
2209002,7881,0.1397,0.0418,4,0,0.13,0.3942,2,0.1135,0.1935,0.0981,0.7465,0.0875,30.6,1277,0.5329,0.2,0.0404,0.0,0.5242,0.4772,0.037,0.2921,0.3144,0.3136,0.7465,0.2252,0.4531,52.56
2611005,8149,0.1276,0.0616,3,1,0.1076,0.1016,0,0.2013,0.2902,0.0595,0.4248,0.1323,35.3,1076,0.4648,0.3478,0.0303,0.0263,0.3937,0.123,0.0,0.5664,0.5004,0.1679,0.4248,0.3405,0.5363,52.54
3014004,14917,0.15,0.0687,8,2,0.1341,0.1765,6,0.1424,0.1405,0.1558,0.395,0.0745,19.4,2870,0.5909,0.4007,0.0808,0.0526,0.548,0.2137,0.1111,0.3824,0.2125,0.5313,0.395,0.1918,0.2549,52.53
2423001,5885,0.1092,0.0637,4,1,0.1092,0.5494,1,0.1634,0.1405,0.1271,0.4805,0.1093,21.2,882,0.3613,0.3634,0.0404,0.0263,0.403,0.6651,0.0185,0.448,0.2125,0.423,0.4805,0.2813,0.2867,52.52
0404007,26365,0.0672,0.1189,9,4,0.1459,0.0,7,0.1328,0.2053,0.1135,0.4351,0.0944,29.3,3530,0.1249,0.7754,0.0909,0.1053,0.6168,0.0,0.1296,0.3524,0.3371,0.3717,0.4351,0.243,0.4301,52.51
3001003,9171,0.1099,0.0864,8,2,0.1107,0.3934,2,0.1474,0.1528,0.1306,0.364,0.0914,22.8,1398,0.3652,0.5328,0.0808,0.0526,0.4118,0.4763,0.037,0.398,0.2362,0.4362,0.364,0.2353,0.315,52.5
0801004,47360,0.1153,0.0798,32,8,0.0823,0.4086,9,0.1225,0.2178,0.0782,0.2432,0.0673,15.1,5888,0.3956,0.4836,0.3232,0.2105,0.2464,0.4947,0.1667,0.3202,0.3612,0.2385,0.2432,0.1732,0.1788,52.5
2204002,9196,0.1295,0.0562,4,1,0.1663,0.2647,2,0.1518,0.2037,0.0409,0.5724,0.2033,11.9,1345,0.4755,0.3075,0.0404,0.0263,0.7356,0.3205,0.037,0.4117,0.334,0.0977,0.5724,0.5233,0.1221,52.5
0401004,9688,0.1214,0.0523,7,5,0.0871,0.417,3,0.161,0.1559,0.1254,0.4031,0.1174,30.5,1440,0.4299,0.2784,0.0707,0.1316,0.2743,0.5048,0.0556,0.4405,0.2421,0.4166,0.4031,0.3022,0.4513,52.48
3203003,6058,0.1061,0.0798,6,2,0.1055,0.4196,0,0.1542,0.1684,0.0663,0.3565,0.1938,26.2,745,0.3438,0.4836,0.0606,0.0526,0.3815,0.508,0.0,0.4192,0.2662,0.1936,0.3565,0.4988,0.3752,52.45
1821001,8959,0.1086,0.0508,9,2,0.1375,0.1079,0,0.2075,0.2334,0.1386,0.3035,0.1079,27.1,1473,0.3579,0.2672,0.0909,0.0526,0.5679,0.1306,0.0,0.5858,0.3912,0.4664,0.3035,0.2777,0.3912,52.41
1810006,17649,0.1542,0.0645,11,0,0.1181,0.1004,10,0.0943,0.1675,0.1032,0.4339,0.2285,24.6,2965,0.6145,0.3694,0.1111,0.0,0.4549,0.1215,0.1852,0.2321,0.2644,0.3328,0.4339,0.5882,0.3469,52.38
1812002,11934,0.0726,0.1036,7,1,0.1068,0.1425,1,0.2123,0.2565,0.1135,0.3843,0.1019,22.2,1472,0.1553,0.6612,0.0707,0.0263,0.3891,0.1725,0.0185,0.6007,0.4356,0.3717,0.3843,0.2623,0.3044,52.37
1419007,15611,0.1065,0.0457,6,5,0.1441,0.1052,6,0.158,0.4262,0.1149,0.1156,0.0818,28.1,2430,0.3461,0.2291,0.0606,0.1316,0.6063,0.1274,0.1111,0.4311,0.7619,0.377,0.1156,0.2106,0.4088,52.34
3014005,12228,0.1374,0.0559,8,3,0.1573,0.3907,3,0.1051,0.2019,0.1404,0.3262,0.0675,16.3,2295,0.52,0.3052,0.0808,0.0789,0.6832,0.473,0.0556,0.2659,0.3306,0.4732,0.3262,0.1737,0.2,52.34
3207001,6858,0.125,0.0904,6,0,0.1255,0.211,1,0.079,0.2715,0.1666,0.2861,0.1568,14.1,1235,0.4502,0.5627,0.0606,0.0,0.498,0.2554,0.0185,0.1843,0.4644,0.5721,0.2861,0.4036,0.1611,52.31
0401001,21551,0.0915,0.0669,17,2,0.1265,0.3586,10,0.1239,0.1727,0.1014,0.4751,0.1033,28.3,2931,0.2617,0.3873,0.1717,0.0526,0.5038,0.4341,0.1852,0.3246,0.2744,0.326,0.4751,0.2659,0.4124,52.26
3024005,8019,0.0815,0.0701,6,0,0.088,0.5101,0,0.1709,0.2436,0.1192,0.4105,0.114,28.2,994,0.2054,0.4112,0.0606,0.0,0.2796,0.6176,0.0,0.4714,0.4108,0.3932,0.4105,0.2934,0.4106,52.26
1811003,34114,0.1291,0.0677,18,8,0.137,0.2649,5,0.1017,0.2072,0.062,0.2318,0.1358,22.0,4930,0.4733,0.3933,0.1818,0.2105,0.5649,0.3207,0.0926,0.2552,0.3408,0.1774,0.2318,0.3495,0.3009,52.26
0413003,4929,0.122,0.1109,1,0,0.1147,0.2993,0,0.1416,0.1608,0.088,0.452,0.0309,35.3,703,0.4333,0.7157,0.0101,0.0,0.4351,0.3623,0.0,0.3799,0.2515,0.2755,0.452,0.0795,0.5363,52.19
1825005,5949,0.1013,0.0551,6,2,0.1377,0.3301,1,0.1751,0.1366,0.1335,0.4323,0.1165,27.5,943,0.3168,0.2993,0.0606,0.0526,0.569,0.3996,0.0185,0.4845,0.205,0.4472,0.4323,0.2999,0.3982,52.16
2611002,4503,0.0993,0.0505,5,0,0.0986,0.2659,1,0.2126,0.1869,0.1352,0.4695,0.168,27.5,649,0.3056,0.2649,0.0505,0.0,0.3413,0.3219,0.0185,0.6017,0.3017,0.4536,0.4695,0.4324,0.3982,52.16
1401006,43019,0.1062,0.0412,20,8,0.109,0.1009,11,0.251,0.3019,0.0469,0.3244,0.1645,5.4,4988,0.3444,0.1955,0.202,0.2105,0.4019,0.1222,0.2037,0.7216,0.5229,0.1204,0.3244,0.4234,0.0071,52.16
0408004,6285,0.1239,0.0804,2,3,0.1352,0.4503,2,0.1097,0.1785,0.0816,0.3963,0.1319,19.0,935,0.444,0.4881,0.0202,0.0789,0.5545,0.5452,0.037,0.2802,0.2856,0.2513,0.3963,0.3395,0.2478,52.15
3220004,6617,0.1337,0.0846,3,0,0.0977,0.3467,1,0.1332,0.2206,0.1056,0.483,0.1255,18.2,995,0.4992,0.5194,0.0303,0.0,0.3361,0.4197,0.0185,0.3536,0.3665,0.3419,0.483,0.323,0.2336,52.15
1810004,19779,0.1524,0.0859,6,4,0.1449,0.2981,4,0.0842,0.1634,0.075,0.5976,0.0069,25.6,3264,0.6044,0.5291,0.0606,0.1053,0.6109,0.3609,0.0741,0.2006,0.2565,0.2264,0.5976,0.0178,0.3646,52.11
2217002,6851,0.1172,0.0798,4,1,0.1377,0.1218,1,0.1797,0.2141,0.1145,0.3082,0.1691,15.1,1090,0.4063,0.4836,0.0404,0.0263,0.569,0.1475,0.0185,0.4989,0.354,0.3755,0.3082,0.4353,0.1788,52.11
2013005,16783,0.0987,0.0667,5,1,0.1333,0.0891,7,0.2124,0.2945,0.134,0.0895,0.1491,19.8,2599,0.3022,0.3858,0.0505,0.0263,0.5434,0.1079,0.1296,0.6011,0.5087,0.4491,0.0895,0.3838,0.2619,52.09
2409002,4056,0.1162,0.072,7,1,0.1225,0.1475,2,0.1618,0.1552,0.0736,0.4669,0.1892,32.4,560,0.4007,0.4254,0.0707,0.0263,0.4805,0.1786,0.037,0.443,0.2408,0.2211,0.4669,0.487,0.485,52.08
2814002,22837,0.1292,0.0682,16,4,0.1134,0.2877,1,0.1263,0.2766,0.1235,0.1461,0.0534,26.1,3677,0.4738,0.397,0.1616,0.1053,0.4275,0.3483,0.0185,0.3321,0.4742,0.4094,0.1461,0.1375,0.3735,52.07
2209001,8969,0.1512,0.0468,8,1,0.0864,0.0087,6,0.1968,0.1653,0.1322,0.5274,0.1675,27.8,1500,0.5976,0.2373,0.0808,0.0263,0.2702,0.0105,0.1111,0.5523,0.2602,0.4423,0.5274,0.4311,0.4035,52.04
0216007,5413,0.1153,0.0752,7,1,0.1045,0.3011,1,0.1059,0.2799,0.0685,0.4149,0.1995,26.0,697,0.3956,0.4493,0.0707,0.0263,0.3757,0.3645,0.0185,0.2684,0.4806,0.2019,0.4149,0.5135,0.3717,52.01
0423001,14873,0.0772,0.1049,6,4,0.1574,0.0302,6,0.1858,0.1227,0.1401,0.5617,0.0965,10.9,2294,0.1812,0.6709,0.0606,0.1053,0.6838,0.0366,0.1111,0.518,0.1783,0.4721,0.5617,0.2484,0.1044,51.93
2413001,8067,0.1254,0.0768,6,2,0.05,0.5624,3,0.1264,0.2926,0.1305,0.296,0.0341,28.3,1126,0.4524,0.4612,0.0606,0.0526,0.0582,0.6809,0.0556,0.3324,0.505,0.4358,0.296,0.0878,0.4124,51.86
0211001,4482,0.0889,0.092,1,2,0.13,0.1723,1,0.1325,0.1986,0.1682,0.2346,0.1155,33.8,727,0.247,0.5746,0.0101,0.0526,0.5242,0.2086,0.0185,0.3515,0.3242,0.5781,0.2346,0.2973,0.5097,51.84
1611003,65694,0.0872,0.0395,36,16,0.1452,0.3011,14,0.1333,0.1694,0.0759,0.0,0.1651,11.0,8535,0.2375,0.1828,0.3636,0.4211,0.6127,0.3645,0.2593,0.354,0.2681,0.2298,0.0,0.425,0.1062,51.82
0226002,15845,0.1206,0.0535,7,3,0.0928,0.5868,6,0.1671,0.2042,0.109,0.0,0.133,25.7,2266,0.4254,0.2873,0.0707,0.0789,0.3075,0.7104,0.1111,0.4595,0.335,0.3547,0.0,0.3423,0.3664,51.8
1218002,3406,0.1038,0.0719,1,0,0.1417,0.263,1,0.185,0.2256,0.1154,0.4494,0.106,17.0,521,0.3309,0.4246,0.0101,0.0,0.5923,0.3184,0.0185,0.5155,0.3762,0.3789,0.4494,0.2728,0.2124,51.8
0601005,12924,0.0899,0.0601,7,4,0.1402,0.0,1,0.2546,0.1486,0.1421,0.2765,0.0957,33.0,2018,0.2527,0.3366,0.0707,0.1053,0.5836,0.0,0.0185,0.7329,0.2281,0.4796,0.2765,0.2463,0.4956,51.79
1806005,7353,0.0853,0.0686,5,3,0.159,0.1087,0,0.1531,0.1713,0.1005,0.4819,0.1475,35.3,1057,0.2268,0.4,0.0505,0.0789,0.6931,0.1316,0.0,0.4158,0.2717,0.3226,0.4819,0.3797,0.5363,51.77
0415005,9472,0.1195,0.0664,9,2,0.1067,0.0593,5,0.1621,0.1896,0.1194,0.5109,0.1469,28.7,1439,0.4192,0.3836,0.0909,0.0526,0.3885,0.0718,0.0926,0.4439,0.3069,0.394,0.5109,0.3781,0.4195,51.77
1011002,2498,0.103,0.0706,2,1,0.1408,0.2405,1,0.2038,0.1683,0.0931,0.394,0.1391,22.1,360,0.3264,0.4149,0.0202,0.0263,0.5871,0.2912,0.0185,0.5742,0.266,0.2947,0.394,0.358,0.3027,51.68
2406003,60469,0.0735,0.0895,37,8,0.1194,0.7059,18,0.1316,0.0419,0.0671,0.0,0.0708,12.3,6639,0.1604,0.556,0.3737,0.2105,0.4624,0.8546,0.3333,0.3486,0.0229,0.1966,0.0,0.1822,0.1292,51.65
0812007,13894,0.1183,0.0859,7,2,0.1063,0.1538,6,0.1929,0.1259,0.0422,0.4933,0.1713,26.8,1664,0.4125,0.5291,0.0707,0.0526,0.3861,0.1862,0.1111,0.5401,0.1844,0.1026,0.4933,0.4409,0.3858,51.62
0215007,5052,0.1472,0.058,3,1,0.1005,0.2447,2,0.1583,0.2315,0.1359,0.2636,0.1324,22.9,865,0.5751,0.3209,0.0303,0.0263,0.3524,0.2962,0.037,0.4321,0.3875,0.4562,0.2636,0.3408,0.3168,51.53
0422003,4549,0.085,0.0853,3,1,0.1476,0.5073,1,0.0862,0.228,0.0775,0.627,0.0443,28.8,592,0.2251,0.5246,0.0303,0.0263,0.6267,0.6142,0.0185,0.2068,0.3808,0.2358,0.627,0.114,0.4212,51.53
3019002,7654,0.0848,0.0892,4,2,0.1291,0.3538,0,0.0821,0.34,0.0622,0.36,0.1312,30.8,899,0.224,0.5537,0.0404,0.0526,0.5189,0.4283,0.0,0.194,0.5962,0.1781,0.36,0.3377,0.4566,51.51
0619003,20104,0.1296,0.0502,9,2,0.1154,0.074,9,0.1914,0.2013,0.0916,0.1246,0.2142,30.0,2992,0.4761,0.2627,0.0909,0.0526,0.4391,0.0896,0.1667,0.5355,0.3294,0.2891,0.1246,0.5514,0.4425,51.47
2610003,8520,0.11,0.0793,5,1,0.113,0.3801,0,0.1123,0.2128,0.1031,0.5415,0.1167,23.1,1209,0.3658,0.4799,0.0505,0.0263,0.4252,0.4602,0.0,0.2883,0.3515,0.3325,0.5415,0.3004,0.3204,51.47
1417003,8353,0.1092,0.0541,3,0,0.1289,0.0898,1,0.1707,0.3277,0.1148,0.3053,0.1766,24.8,1265,0.3613,0.2918,0.0303,0.0,0.5178,0.1087,0.0185,0.4708,0.5725,0.3766,0.3053,0.4546,0.3504,51.43
0806005,6662,0.065,0.0558,5,2,0.1369,0.3133,2,0.1511,0.2578,0.1341,0.4886,0.1411,24.5,921,0.1125,0.3045,0.0505,0.0526,0.5644,0.3793,0.037,0.4096,0.4381,0.4494,0.4886,0.3632,0.3451,51.43
1805001,3560,0.1168,0.0901,3,1,0.1076,0.203,1,0.1644,0.2908,0.095,0.3541,0.133,13.5,502,0.4041,0.5604,0.0303,0.0263,0.3937,0.2458,0.0185,0.4511,0.5015,0.3019,0.3541,0.3423,0.1504,51.42
0219001,44063,0.0749,0.0456,23,17,0.0994,0.6378,18,0.1544,0.1909,0.0277,0.1123,0.0993,18.5,3876,0.1683,0.2284,0.2323,0.4474,0.346,0.7722,0.3333,0.4199,0.3094,0.0479,0.1123,0.2556,0.2389,51.41
3219005,3925,0.1496,0.0766,2,2,0.1377,0.2936,3,0.1449,0.1627,0.0881,0.3702,0.046,24.6,654,0.5886,0.4597,0.0202,0.0526,0.569,0.3554,0.0556,0.3902,0.2552,0.2758,0.3702,0.1184,0.3469,51.37
0807005,4622,0.0993,0.0551,2,1,0.133,0.3092,2,0.2108,0.2217,0.0807,0.4911,0.0833,26.6,619,0.3056,0.2993,0.0202,0.0263,0.5416,0.3743,0.037,0.5961,0.3687,0.2479,0.4911,0.2144,0.3823,51.36
0609004,38645,0.1115,0.0602,24,8,0.1098,0.3103,11,0.2016,0.2545,0.0522,0.1349,0.0164,19.6,4693,0.3742,0.3373,0.2424,0.2105,0.4065,0.3757,0.2037,0.5673,0.4317,0.1404,0.1349,0.0422,0.2584,51.35
2607003,6793,0.1258,0.0835,5,3,0.1104,0.2211,2,0.0906,0.1424,0.1365,0.3917,0.1573,29.3,1111,0.4547,0.5112,0.0505,0.0789,0.41,0.2677,0.037,0.2206,0.2162,0.4585,0.3917,0.4049,0.4301,51.33
0220004,39373,0.1034,0.0486,23,9,0.1349,0.6638,9,0.132,0.1434,0.0212,0.2752,0.0363,25.6,4464,0.3286,0.2507,0.2323,0.2368,0.5527,0.8036,0.1667,0.3499,0.2181,0.0234,0.2752,0.0934,0.3646,51.33
2204006,13697,0.1331,0.0607,9,3,0.0899,0.2106,4,0.0959,0.1441,0.1191,0.4844,0.2146,31.3,2098,0.4958,0.341,0.0909,0.0789,0.2906,0.255,0.0741,0.2371,0.2194,0.3928,0.4844,0.5524,0.4655,51.27
3001002,4266,0.0978,0.0711,1,1,0.0911,0.1724,2,0.0632,0.3413,0.1014,0.9666,0.1912,22.8,540,0.2971,0.4187,0.0101,0.0263,0.2976,0.2087,0.037,0.135,0.5987,0.326,0.9666,0.4921,0.315,51.26
0201003,3664,0.0888,0.0812,2,2,0.1069,0.6075,0,0.1649,0.1636,0.1294,0.2753,0.1064,16.3,509,0.2465,0.494,0.0202,0.0526,0.3896,0.7355,0.0,0.4527,0.2569,0.4317,0.2753,0.2739,0.2,51.22
1411003,38912,0.0833,0.0317,15,10,0.1134,0.1547,12,0.1915,0.3054,0.0932,0.1216,0.1863,22.2,4802,0.2155,0.1246,0.1515,0.2632,0.4275,0.1873,0.2222,0.5358,0.5296,0.2951,0.1216,0.4795,0.3044,51.22
2605006,9243,0.1114,0.0715,4,2,0.1553,0.3975,2,0.0839,0.1372,0.1126,0.5383,0.1127,23.4,1491,0.3737,0.4216,0.0404,0.0526,0.6715,0.4812,0.037,0.1996,0.2062,0.3683,0.5383,0.2901,0.3257,51.22
0405003,5839,0.1186,0.0991,1,3,0.1315,0.1754,3,0.083,0.1897,0.0962,0.6617,0.0764,27.1,878,0.4142,0.6276,0.0101,0.0789,0.5329,0.2123,0.0556,0.1968,0.3071,0.3064,0.6617,0.1967,0.3912,51.2
2421006,15402,0.1138,0.08,9,2,0.0895,0.1132,2,0.1482,0.1672,0.0752,0.3664,0.1991,40.0,1920,0.3872,0.4851,0.0909,0.0526,0.2883,0.137,0.037,0.4005,0.2638,0.2272,0.3664,0.5125,0.6195,51.16
3214005,12636,0.1295,0.0841,5,3,0.0847,0.2987,1,0.1722,0.186,0.1248,0.4794,0.0606,16.5,1913,0.4755,0.5157,0.0505,0.0789,0.2603,0.3616,0.0185,0.4755,0.3,0.4143,0.4794,0.156,0.2035,51.16
0223007,38439,0.1196,0.04,28,6,0.1273,0.2174,17,0.0991,0.2418,0.1231,0.0842,0.1227,21.7,6167,0.4198,0.1866,0.2828,0.1579,0.5084,0.2632,0.3148,0.2471,0.4073,0.4079,0.0842,0.3158,0.2956,51.14
0803004,28965,0.0884,0.0589,21,8,0.124,0.3165,9,0.1358,0.2258,0.1048,0.0041,0.1529,21.1,3908,0.2442,0.3276,0.2121,0.2105,0.4892,0.3832,0.1667,0.3618,0.3765,0.3389,0.0041,0.3936,0.285,51.13
0804002,5997,0.1277,0.0505,2,0,0.1479,0.3693,3,0.1406,0.1444,0.102,0.536,0.1302,21.2,978,0.4654,0.2649,0.0202,0.0,0.6284,0.4471,0.0556,0.3768,0.22,0.3283,0.536,0.3351,0.2867,51.09
0225002,31160,0.045,0.1051,13,12,0.1219,0.1382,10,0.1451,0.1685,0.0865,0.3276,0.1488,21.8,3203,0.0,0.6724,0.1313,0.3158,0.477,0.1673,0.1852,0.3908,0.2663,0.2698,0.3276,0.383,0.2973,51.05
3215005,16576,0.0996,0.0807,11,4,0.1162,0.4244,5,0.1106,0.1853,0.0433,0.537,0.1156,24.5,1884,0.3073,0.4903,0.1111,0.1053,0.4438,0.5138,0.0926,0.283,0.2987,0.1068,0.537,0.2976,0.3451,50.99
1611004,6715,0.1032,0.0641,4,2,0.1665,0.2816,3,0.0999,0.2157,0.0958,0.3694,0.1466,25.9,1035,0.3275,0.3664,0.0404,0.0526,0.7368,0.3409,0.0556,0.2496,0.3571,0.3049,0.3694,0.3773,0.3699,50.99
1018004,7753,0.1162,0.0611,2,2,0.0748,0.1817,4,0.2042,0.2275,0.0683,0.7014,0.1428,26.0,914,0.4007,0.344,0.0202,0.0526,0.2027,0.22,0.0741,0.5754,0.3798,0.2011,0.7014,0.3676,0.3717,50.97
1608007,26442,0.1348,0.0243,16,3,0.0794,0.3841,6,0.0609,0.2199,0.1278,0.5746,0.1553,35.7,4065,0.5053,0.0694,0.1616,0.0789,0.2295,0.465,0.1111,0.1278,0.3652,0.4257,0.5746,0.3997,0.5434,50.96
1212005,20180,0.107,0.0825,7,5,0.0905,0.6022,9,0.1455,0.2036,0.1454,0.0274,0.0941,6.1,3012,0.3489,0.5037,0.0707,0.1316,0.2941,0.7291,0.1667,0.3921,0.3338,0.4921,0.0274,0.2422,0.0195,50.9
0218005,14760,0.1371,0.0513,10,5,0.0929,0.0234,5,0.1269,0.1712,0.07,0.8273,0.1419,36.3,2021,0.5183,0.2709,0.101,0.1316,0.3081,0.0283,0.0926,0.334,0.2715,0.2075,0.8273,0.3653,0.554,50.88
0811007,9884,0.1478,0.0824,8,1,0.0912,0.3987,2,0.0863,0.1634,0.1081,0.4839,0.0771,25.8,1555,0.5785,0.503,0.0808,0.0263,0.2982,0.4827,0.037,0.2071,0.2565,0.3513,0.4839,0.1985,0.3681,50.87
2605002,104031,0.0998,0.0495,57,19,0.1175,0.2334,10,0.1021,0.1479,0.0818,0.0,0.0,23.7,13468,0.3084,0.2575,0.5758,0.5,0.4514,0.2826,0.1852,0.2565,0.2267,0.2521,0.0,0.0,0.331,50.86
1802002,8870,0.0963,0.0627,11,2,0.1008,0.2825,3,0.1951,0.1872,0.029,0.473,0.1855,29.2,898,0.2887,0.356,0.1111,0.0526,0.3541,0.342,0.0556,0.547,0.3023,0.0528,0.473,0.4775,0.4283,50.83
1220002,9902,0.1348,0.0612,5,2,0.1166,0.32,5,0.1233,0.235,0.144,0.4103,0.1081,9.5,1715,0.5053,0.3448,0.0505,0.0526,0.4461,0.3874,0.0926,0.3227,0.3942,0.4868,0.4103,0.2782,0.0796,50.83
1413004,44950,0.1403,0.0489,30,14,0.0633,0.1565,19,0.1347,0.2506,0.0853,0.1409,0.1163,12.0,6042,0.5363,0.253,0.303,0.3684,0.1357,0.1895,0.3519,0.3583,0.4242,0.2653,0.1409,0.2994,0.1239,50.81
3032003,29566,0.1265,0.0867,17,8,0.1393,0.0,9,0.1118,0.0565,0.1337,0.4421,0.1046,18.2,5104,0.4586,0.5351,0.1717,0.2105,0.5783,0.0,0.1667,0.2868,0.051,0.4479,0.4421,0.2692,0.2336,50.78
0810007,34050,0.0724,0.0465,15,5,0.1061,0.4179,9,0.198,0.2606,0.0646,0.2731,0.1769,15.1,3520,0.1542,0.2351,0.1515,0.1316,0.385,0.5059,0.1667,0.5561,0.4435,0.1872,0.2731,0.4553,0.1788,50.78
1606007,12636,0.1471,0.0618,5,0,0.1031,0.2355,1,0.1451,0.1663,0.1011,0.4724,0.1549,24.3,1994,0.5746,0.3493,0.0505,0.0,0.3675,0.2851,0.0185,0.3908,0.2621,0.3249,0.4724,0.3987,0.3416,50.76
2801003,21658,0.1312,0.0529,21,2,0.0894,0.3395,7,0.1641,0.271,0.0635,0.0,0.1536,23.1,2813,0.4851,0.2828,0.2121,0.0526,0.2877,0.411,0.1296,0.4502,0.4635,0.183,0.0,0.3954,0.3204,50.74
1824004,6251,0.1459,0.0466,4,1,0.1145,0.0,4,0.1679,0.2181,0.117,0.4944,0.2094,17.6,1049,0.5678,0.2358,0.0404,0.0263,0.4339,0.0,0.0741,0.462,0.3617,0.3849,0.4944,0.539,0.223,50.71
0603001,14403,0.1056,0.0937,11,1,0.0876,0.0,2,0.2331,0.2244,0.1102,0.1865,0.1724,15.7,1925,0.341,0.5873,0.1111,0.0263,0.2772,0.0,0.037,0.6657,0.3738,0.3592,0.1865,0.4438,0.1894,50.7
1609002,7158,0.1276,0.0442,4,1,0.1109,0.1634,1,0.2134,0.2071,0.0854,0.4021,0.1304,31.8,1029,0.4648,0.2179,0.0404,0.0263,0.4129,0.1978,0.0185,0.6042,0.3406,0.2657,0.4021,0.3356,0.4743,50.68
2421004,39443,0.1103,0.0581,13,13,0.0936,0.6007,13,0.1848,0.0881,0.1007,0.2682,0.0,13.6,5299,0.3675,0.3216,0.1313,0.3421,0.3122,0.7272,0.2407,0.5148,0.1117,0.3234,0.2682,0.0,0.1522,50.67
2419003,48333,0.1278,0.0544,25,11,0.1172,0.3968,10,0.1214,0.1727,0.0198,0.0912,0.1396,19.5,5798,0.466,0.294,0.2525,0.2895,0.4496,0.4804,0.1852,0.3168,0.2744,0.0181,0.0912,0.3593,0.2566,50.64
2601003,9942,0.1025,0.0853,7,3,0.1533,0.3339,2,0.0627,0.1715,0.0976,0.3931,0.1134,28.6,1492,0.3236,0.5246,0.0707,0.0789,0.6599,0.4042,0.037,0.1334,0.2721,0.3117,0.3931,0.2919,0.4177,50.63
1825002,3435,0.1063,0.0957,2,2,0.1423,0.2678,0,0.1208,0.1733,0.1347,0.4013,0.0969,14.5,560,0.345,0.6022,0.0202,0.0526,0.5958,0.3242,0.0,0.3149,0.2756,0.4517,0.4013,0.2494,0.1681,50.56
0208002,22080,0.0868,0.0957,6,4,0.1225,0.5326,3,0.1456,0.1034,0.0484,0.4731,0.0738,24.8,2438,0.2352,0.6022,0.0606,0.1053,0.4805,0.6448,0.0556,0.3924,0.1412,0.126,0.4731,0.19,0.3504,50.55
1610007,25351,0.1258,0.046,26,6,0.1265,0.1698,8,0.164,0.197,0.1238,0.1903,0.0909,11.7,4163,0.4547,0.2313,0.2626,0.1579,0.5038,0.2056,0.1481,0.4499,0.3212,0.4106,0.1903,0.234,0.1186,50.53
0420001,5856,0.1107,0.0483,4,1,0.1224,0.3615,1,0.1069,0.1594,0.1416,0.4699,0.1172,37.7,944,0.3697,0.2485,0.0404,0.0263,0.4799,0.4377,0.0185,0.2715,0.2488,0.4777,0.4699,0.3017,0.5788,50.51
2217006,32422,0.1522,0.0456,22,3,0.0856,0.2687,6,0.1325,0.2382,0.1066,0.1501,0.1257,21.6,5092,0.6033,0.2284,0.2222,0.0789,0.2656,0.3253,0.1111,0.3515,0.4004,0.3457,0.1501,0.3236,0.2938,50.5
3006002,10173,0.1349,0.0761,6,1,0.1715,0.3079,4,0.0624,0.2121,0.1173,0.1331,0.1443,14.6,1849,0.5059,0.456,0.0606,0.0263,0.7659,0.3728,0.0741,0.1325,0.3502,0.386,0.1331,0.3714,0.1699,50.5
3034006,5931,0.1576,0.0727,3,2,0.1137,0.0051,1,0.1076,0.2016,0.1345,0.7043,0.1167,16.2,1074,0.6337,0.4306,0.0303,0.0526,0.4292,0.0062,0.0185,0.2737,0.33,0.4509,0.7043,0.3004,0.1982,50.49
2416006,7236,0.1462,0.1003,7,0,0.1054,0.0649,3,0.1253,0.238,0.1042,0.4062,0.0514,24.5,1157,0.5695,0.6366,0.0707,0.0,0.3809,0.0786,0.0556,0.329,0.4,0.3366,0.4062,0.1323,0.3451,50.48
2005004,10064,0.1218,0.0648,11,3,0.0827,0.0621,3,0.0799,0.2487,0.1797,0.3354,0.1665,32.9,1702,0.4322,0.3716,0.1111,0.0789,0.2487,0.0752,0.0556,0.1871,0.4206,0.6215,0.3354,0.4286,0.4938,50.44
0213007,35567,0.1216,0.0814,21,10,0.0801,0.4646,9,0.1401,0.2007,0.0806,0.1612,0.0398,9.3,4553,0.4311,0.4955,0.2121,0.2632,0.2335,0.5625,0.1667,0.3752,0.3283,0.2475,0.1612,0.1024,0.0761,50.42
2609001,5124,0.1458,0.0786,0,1,0.0718,0.0372,1,0.0735,0.278,0.1647,0.5945,0.1507,26.8,878,0.5672,0.4746,0.0,0.0263,0.1852,0.045,0.0185,0.1671,0.4769,0.5649,0.5945,0.3879,0.3858,50.42
0230003,2053,0.0922,0.0856,1,1,0.1004,0.4884,2,0.0737,0.1936,0.1058,0.6379,0.1409,24.9,265,0.2656,0.5269,0.0101,0.0263,0.3518,0.5913,0.037,0.1678,0.3146,0.3426,0.6379,0.3627,0.3522,50.41
2425006,9358,0.1196,0.0727,7,1,0.0902,0.4004,4,0.1188,0.228,0.0981,0.4543,0.1067,23.0,1286,0.4198,0.4306,0.0707,0.0263,0.2924,0.4847,0.0741,0.3087,0.3808,0.3136,0.4543,0.2746,0.3186,50.41
1426003,3146,0.0776,0.0592,0,1,0.1291,0.3311,1,0.1778,0.1422,0.1274,0.4788,0.1485,29.9,437,0.1835,0.3299,0.0,0.0263,0.5189,0.4008,0.0185,0.493,0.2158,0.4242,0.4788,0.3822,0.4407,50.39
2414003,38423,0.1889,0.055,14,5,0.0871,0.0,10,0.2128,0.1381,0.1322,0.2173,0.0765,10.8,7214,0.8098,0.2985,0.1414,0.1316,0.2743,0.0,0.1852,0.6023,0.2079,0.4423,0.2173,0.1969,0.1027,50.32
0226003,3649,0.1306,0.0761,2,1,0.1122,0.1743,1,0.1451,0.2562,0.1182,0.3463,0.1045,20.9,580,0.4817,0.456,0.0202,0.0263,0.4205,0.211,0.0185,0.3908,0.435,0.3894,0.3463,0.269,0.2814,50.29
1434004,19568,0.1153,0.0598,13,3,0.0786,0.4209,3,0.1507,0.2482,0.079,0.1075,0.1574,27.0,2413,0.3956,0.3343,0.1313,0.0789,0.2248,0.5096,0.0556,0.4083,0.4196,0.2415,0.1075,0.4051,0.3894,50.27
1804006,15153,0.1377,0.0494,4,2,0.1192,0.3486,2,0.1182,0.148,0.083,0.5281,0.1436,28.7,2288,0.5217,0.2567,0.0404,0.0526,0.4613,0.422,0.037,0.3068,0.2269,0.2566,0.5281,0.3696,0.4195,50.26
1210006,41642,0.089,0.0646,26,5,0.0959,0.5761,9,0.1943,0.1461,0.0652,0.0285,0.0878,18.2,4553,0.2476,0.3701,0.2626,0.1316,0.3256,0.6975,0.1667,0.5445,0.2233,0.1894,0.0285,0.226,0.2336,50.26
0224005,49124,0.1031,0.036,34,12,0.1372,0.355,19,0.0394,0.1584,0.0995,0.0,0.1858,21.5,7145,0.327,0.1567,0.3434,0.3158,0.5661,0.4298,0.3519,0.0606,0.2469,0.3189,0.0,0.4782,0.292,50.25
1812004,9902,0.045,0.0676,6,3,0.1315,0.4229,1,0.156,0.1683,0.1468,0.3263,0.1229,30.2,1291,0.0,0.3925,0.0606,0.0789,0.5329,0.512,0.0185,0.4249,0.266,0.4974,0.3263,0.3163,0.446,50.2
3201001,6455,0.1297,0.051,2,1,0.0909,0.5619,0,0.0684,0.2511,0.0694,0.5192,0.2032,23.3,848,0.4766,0.2687,0.0202,0.0263,0.2964,0.6803,0.0,0.1512,0.4252,0.2053,0.5192,0.523,0.3239,50.19
0405007,3314,0.1299,0.1049,0,1,0.1385,0.1491,0,0.0583,0.2289,0.0827,0.5377,0.1288,21.1,508,0.4778,0.6709,0.0,0.0263,0.5737,0.1805,0.0,0.1197,0.3825,0.2555,0.5377,0.3315,0.285,50.17
0419004,11022,0.1305,0.0488,2,1,0.0873,0.3908,2,0.093,0.2393,0.1012,0.411,0.1249,42.7,1577,0.4811,0.2522,0.0202,0.0263,0.2755,0.4731,0.037,0.2281,0.4025,0.3253,0.411,0.3215,0.6673,50.11
1420003,27080,0.1192,0.0417,14,9,0.1153,0.2158,6,0.1053,0.3997,0.1118,0.0252,0.1482,12.2,4102,0.4176,0.1993,0.1414,0.2368,0.4386,0.2613,0.1111,0.2665,0.711,0.3653,0.0252,0.3815,0.1274,50.1
1212001,33270,0.1232,0.0543,17,2,0.0836,0.6608,8,0.1694,0.1676,0.0969,0.2422,0.0,21.6,4536,0.4401,0.2933,0.1717,0.0526,0.2539,0.8,0.1481,0.4667,0.2646,0.3091,0.2422,0.0,0.2938,50.1
3024002,6394,0.1259,0.0615,4,3,0.1125,0.4089,4,0.1736,0.1805,0.1042,0.465,0.0511,13.9,968,0.4553,0.347,0.0404,0.0789,0.4222,0.495,0.0741,0.4799,0.2894,0.3366,0.465,0.1315,0.1575,50.08
2212002,4188,0.1147,0.0757,2,0,0.1033,0.4062,2,0.1105,0.3592,0.072,0.4053,0.0723,22.7,538,0.3922,0.453,0.0202,0.0,0.3687,0.4918,0.037,0.2827,0.6331,0.2151,0.4053,0.1861,0.3133,50.07
0605007,5929,0.1138,0.0374,2,1,0.1338,0.0,4,0.2428,0.2688,0.146,0.2946,0.0756,26.0,998,0.3872,0.1672,0.0202,0.0263,0.5463,0.0,0.0741,0.696,0.4592,0.4943,0.2946,0.1946,0.3717,50.06
0201004,9492,0.1056,0.091,11,2,0.0628,0.1285,1,0.1406,0.1646,0.1407,0.4912,0.1588,25.9,1307,0.341,0.5672,0.1111,0.0526,0.1328,0.1556,0.0185,0.3768,0.2588,0.4743,0.4912,0.4088,0.3699,50.04
0209004,13035,0.1092,0.0842,5,5,0.0958,0.346,6,0.1395,0.1602,0.057,0.6066,0.112,19.3,1527,0.3613,0.5164,0.0505,0.1316,0.325,0.4189,0.1111,0.3733,0.2504,0.1585,0.6066,0.2883,0.2531,49.98
1012003,66850,0.0975,0.0432,40,13,0.0727,0.2246,19,0.1488,0.1627,0.0988,0.0695,0.1318,19.6,7980,0.2954,0.2104,0.404,0.3421,0.1904,0.2719,0.3519,0.4024,0.2552,0.3162,0.0695,0.3393,0.2584,49.94
1016003,9644,0.1579,0.0854,3,4,0.1175,0.4134,3,0.0613,0.0713,0.0742,0.5475,0.1379,16.9,1527,0.6353,0.5254,0.0303,0.1053,0.4514,0.5005,0.0556,0.129,0.0794,0.2234,0.5475,0.355,0.2106,49.93
0207006,10274,0.1149,0.0832,6,2,0.1214,0.2419,1,0.0473,0.1611,0.0855,0.4844,0.2235,28.8,1445,0.3934,0.509,0.0606,0.0526,0.4741,0.2929,0.0185,0.0853,0.2521,0.266,0.4844,0.5753,0.4212,49.85
3008004,23836,0.0954,0.0306,6,3,0.1156,0.3284,10,0.09,0.1812,0.1263,0.4947,0.2577,26.3,3428,0.2836,0.1164,0.0606,0.0789,0.4403,0.3976,0.1852,0.2187,0.2908,0.42,0.4947,0.6633,0.377,49.78
1410005,14447,0.0813,0.0548,4,2,0.0935,0.2934,1,0.2373,0.2581,0.1379,0.0505,0.2011,14.9,1921,0.2043,0.297,0.0404,0.0526,0.3116,0.3552,0.0185,0.6789,0.4387,0.4638,0.0505,0.5176,0.1752,49.77
0422002,20122,0.1036,0.0746,13,4,0.0823,0.3869,12,0.1122,0.2121,0.1327,0.2389,0.1597,10.6,2811,0.3298,0.4448,0.1313,0.1053,0.2464,0.4684,0.2222,0.288,0.3502,0.4442,0.2389,0.4111,0.0991,49.76
2816006,17934,0.0949,0.0306,9,4,0.1081,0.0,7,0.1489,0.3513,0.1243,0.6519,0.0995,30.8,2519,0.2808,0.1164,0.0909,0.1053,0.3966,0.0,0.1296,0.4027,0.6179,0.4125,0.6519,0.2561,0.4566,49.73
3031006,10500,0.1235,0.0474,5,2,0.0788,0.4652,5,0.1003,0.345,0.0384,0.4634,0.2239,15.0,1171,0.4418,0.2418,0.0505,0.0526,0.226,0.5632,0.0926,0.2509,0.6058,0.0883,0.4634,0.5763,0.177,49.73
2604002,6162,0.1029,0.0664,1,0,0.1697,0.1847,6,0.1317,0.1936,0.0691,0.4697,0.1335,27.4,886,0.3258,0.3836,0.0101,0.0,0.7554,0.2236,0.1111,0.349,0.3146,0.2042,0.4697,0.3436,0.3965,49.71
1433002,22376,0.1093,0.0873,10,5,0.0871,0.081,7,0.1758,0.3145,0.1108,0.1084,0.0918,17.1,3033,0.3618,0.5396,0.101,0.1316,0.2743,0.0981,0.1296,0.4867,0.5471,0.3615,0.1084,0.2363,0.2142,49.68
0804004,27419,0.1398,0.0433,16,5,0.1262,0.1462,5,0.1204,0.1552,0.1045,0.463,0.0983,26.1,4486,0.5335,0.2112,0.1616,0.1316,0.502,0.177,0.0926,0.3137,0.2408,0.3377,0.463,0.253,0.3735,49.67
1611001,3538,0.099,0.0399,2,1,0.1404,0.2029,3,0.1916,0.2527,0.125,0.3168,0.067,33.2,546,0.3039,0.1858,0.0202,0.0263,0.5847,0.2456,0.0556,0.5361,0.4283,0.4151,0.3168,0.1725,0.4991,49.64
3016006,8792,0.1119,0.0816,6,3,0.1405,0.1286,1,0.1524,0.2434,0.0655,0.3548,0.0648,26.6,1212,0.3765,0.497,0.0606,0.0789,0.5853,0.1557,0.0185,0.4136,0.4104,0.1906,0.3548,0.1668,0.3823,49.63
1412004,16045,0.1064,0.0304,6,0,0.1351,0.1397,6,0.2024,0.331,0.129,0.0713,0.1104,28.4,2531,0.3455,0.1149,0.0606,0.0,0.5539,0.1691,0.1111,0.5698,0.5788,0.4302,0.0713,0.2842,0.4142,49.63
0220002,31562,0.1139,0.0231,19,10,0.1379,0.6295,14,0.1506,0.0878,0.0711,0.0246,0.149,11.7,4427,0.3877,0.0604,0.1919,0.2632,0.5702,0.7621,0.2593,0.408,0.1112,0.2117,0.0246,0.3835,0.1186,49.62
1824006,27875,0.1348,0.0748,11,6,0.0892,0.1675,5,0.1872,0.2202,0.0862,0.3437,0.0561,14.0,3915,0.5053,0.4463,0.1111,0.1579,0.2865,0.2028,0.0926,0.5223,0.3658,0.2687,0.3437,0.1444,0.1593,49.62
2203002,25441,0.0866,0.0701,12,5,0.1019,0.5562,5,0.1321,0.3065,0.1163,0.0982,0.0412,14.7,3319,0.2341,0.4112,0.1212,0.1316,0.3605,0.6734,0.0926,0.3502,0.5317,0.3823,0.0982,0.106,0.1717,49.61
1018003,15932,0.0776,0.0593,8,2,0.1265,0.5013,10,0.1171,0.03,0.1239,0.5295,0.1553,28.1,2184,0.1835,0.3306,0.0808,0.0526,0.5038,0.6069,0.1852,0.3033,0.0,0.4109,0.5295,0.3997,0.4088,49.61
3027002,6962,0.0992,0.0506,5,3,0.0689,0.3694,1,0.1501,0.2,0.1748,0.391,0.0574,39.5,1042,0.305,0.2657,0.0505,0.0789,0.1683,0.4472,0.0185,0.4064,0.3269,0.603,0.391,0.1477,0.6106,49.6
1414006,7204,0.1134,0.0446,4,3,0.127,0.3927,2,0.1973,0.166,0.1039,0.1326,0.0955,28.3,1075,0.3849,0.2209,0.0404,0.0789,0.5067,0.4754,0.037,0.5539,0.2615,0.3355,0.1326,0.2458,0.4124,49.56
0211004,8673,0.1058,0.093,7,2,0.125,0.0928,3,0.1158,0.228,0.1061,0.4529,0.1212,18.8,1261,0.3421,0.5821,0.0707,0.0526,0.495,0.1123,0.0556,0.2993,0.3808,0.3438,0.4529,0.312,0.2442,49.56
3035004,39136,0.057,0.0784,20,18,0.1178,0.4433,19,0.1402,0.2322,0.0628,0.0,0.0744,5.0,3861,0.0675,0.4731,0.202,0.4737,0.4531,0.5367,0.3519,0.3755,0.3888,0.1804,0.0,0.1915,0.0,49.54
0227006,2194,0.1254,0.0732,0,0,0.0783,0.4223,2,0.1891,0.2643,0.0855,0.2713,0.0636,22.6,286,0.4524,0.4343,0.0,0.0,0.2231,0.5113,0.037,0.5283,0.4506,0.266,0.2713,0.1637,0.3115,49.51
1218007,5670,0.1184,0.0836,3,2,0.1304,0.116,1,0.154,0.1466,0.054,0.5064,0.1511,25.6,755,0.4131,0.5119,0.0303,0.0526,0.5265,0.1404,0.0185,0.4186,0.2242,0.1472,0.5064,0.3889,0.3646,49.5
1435003,17225,0.1193,0.047,14,4,0.112,0.2641,4,0.1463,0.2392,0.1054,0.1205,0.1659,19.1,2549,0.4181,0.2388,0.1414,0.1053,0.4193,0.3197,0.0741,0.3946,0.4023,0.3411,0.1205,0.427,0.2496,49.5
0813004,9092,0.0764,0.0792,6,0,0.112,0.3027,5,0.1366,0.226,0.0411,0.479,0.2115,26.3,893,0.1767,0.4791,0.0606,0.0,0.4193,0.3665,0.0926,0.3643,0.3769,0.0985,0.479,0.5444,0.377,49.5
1440005,9697,0.1087,0.0501,5,4,0.1228,0.2624,1,0.1542,0.1722,0.1344,0.1693,0.1239,33.4,1526,0.3585,0.2619,0.0505,0.1053,0.4822,0.3177,0.0185,0.4192,0.2735,0.4506,0.1693,0.3189,0.5027,49.49
1001003,29094,0.1208,0.059,11,8,0.1163,0.4336,6,0.093,0.175,0.0714,0.511,0.0919,15.8,3967,0.4266,0.3284,0.1111,0.2105,0.4444,0.5249,0.1111,0.2281,0.2788,0.2128,0.511,0.2366,0.1912,49.49
0207001,7016,0.1572,0.0648,4,1,0.1167,0.1402,2,0.0794,0.1752,0.1252,0.4726,0.135,26.3,1249,0.6314,0.3716,0.0404,0.0263,0.4467,0.1697,0.037,0.1856,0.2792,0.4158,0.4726,0.3475,0.377,49.45
0224006,10322,0.0759,0.0366,6,2,0.1567,0.2273,2,0.1157,0.2384,0.1356,0.3903,0.1705,30.9,1564,0.1739,0.1612,0.0606,0.0526,0.6797,0.2752,0.037,0.299,0.4008,0.4551,0.3903,0.4389,0.4584,49.4
3014001,7697,0.1186,0.0849,5,1,0.1354,0.0681,1,0.1299,0.164,0.109,0.4406,0.1155,25.9,1208,0.4142,0.5216,0.0505,0.0263,0.5556,0.0824,0.0185,0.3433,0.2577,0.3547,0.4406,0.2973,0.3699,49.39
3215002,35759,0.0848,0.0915,28,12,0.1419,0.2156,4,0.1174,0.1119,0.0819,0.3515,0.0409,12.0,4655,0.224,0.5709,0.2828,0.3158,0.5935,0.261,0.0741,0.3043,0.1575,0.2525,0.3515,0.1053,0.1239,49.38
1603003,5717,0.1467,0.0621,0,3,0.0812,0.2359,3,0.1635,0.1553,0.064,0.6007,0.1559,22.3,773,0.5723,0.3515,0.0,0.0789,0.24,0.2856,0.0556,0.4483,0.241,0.1849,0.6007,0.4013,0.3062,49.37
0420005,10346,0.1346,0.0494,2,6,0.0726,0.3298,3,0.0949,0.216,0.1255,0.4694,0.1443,27.5,1556,0.5042,0.2567,0.0202,0.1579,0.1899,0.3993,0.0556,0.234,0.3577,0.417,0.4694,0.3714,0.3982,49.37
1409002,37663,0.1336,0.0481,21,10,0.0942,0.0,15,0.1385,0.2113,0.1358,0.0777,0.0858,27.5,6086,0.4986,0.247,0.2121,0.2632,0.3157,0.0,0.2778,0.3702,0.3487,0.4558,0.0777,0.2208,0.3982,49.32
1425007,42582,0.0997,0.0202,25,12,0.0571,0.5744,11,0.1957,0.2795,0.0799,0.2866,0.01,14.1,4583,0.3078,0.0388,0.2525,0.3158,0.0996,0.6954,0.2037,0.5489,0.4798,0.2449,0.2866,0.0257,0.1611,49.32
1201003,5523,0.1172,0.0713,3,1,0.1569,0.4391,3,0.0898,0.1439,0.131,0.2931,0.0906,17.7,952,0.4063,0.4201,0.0303,0.0263,0.6808,0.5316,0.0556,0.2181,0.219,0.4377,0.2931,0.2332,0.2248,49.28
1604001,6357,0.1401,0.0706,6,0,0.1124,0.1724,1,0.1389,0.1378,0.034,0.535,0.1928,27.6,832,0.5352,0.4149,0.0606,0.0,0.4217,0.2087,0.0185,0.3714,0.2073,0.0717,0.535,0.4963,0.4,49.27
1015005,3787,0.1198,0.0449,5,0,0.0992,0.3788,4,0.1665,0.222,0.0853,0.5808,0.0817,24.6,515,0.4209,0.2231,0.0505,0.0,0.3448,0.4586,0.0741,0.4577,0.3692,0.2653,0.5808,0.2103,0.3469,49.26
1203003,4674,0.0945,0.0626,5,1,0.1168,0.6001,5,0.1087,0.0867,0.1101,0.476,0.1202,26.5,645,0.2786,0.3552,0.0505,0.0263,0.4473,0.7265,0.0926,0.2771,0.109,0.3589,0.476,0.3094,0.3805,49.25
0619005,12803,0.1055,0.0723,5,4,0.0778,0.3403,5,0.1641,0.2829,0.1172,0.0879,0.1477,14.6,1700,0.3405,0.4276,0.0505,0.1053,0.2202,0.412,0.0926,0.4502,0.4863,0.3857,0.0879,0.3802,0.1699,49.25
1815005,7994,0.1141,0.0784,2,2,0.1031,0.2367,3,0.0727,0.2683,0.0989,0.4032,0.1859,23.7,1110,0.3889,0.4731,0.0202,0.0526,0.3675,0.2866,0.0556,0.1646,0.4583,0.3166,0.4032,0.4785,0.331,49.23
2607004,7810,0.0968,0.0542,6,3,0.0959,0.1771,3,0.1157,0.2298,0.1307,0.4814,0.1652,32.9,1095,0.2915,0.2925,0.0606,0.0789,0.3256,0.2144,0.0556,0.299,0.3842,0.4366,0.4814,0.4252,0.4938,49.2
2426001,24894,0.0796,0.076,13,2,0.1192,0.5255,6,0.191,0.0968,0.0671,0.1602,0.0889,26.0,2811,0.1947,0.4552,0.1313,0.0526,0.4613,0.6362,0.1111,0.5342,0.1285,0.1966,0.1602,0.2288,0.3717,49.15
3217001,40691,0.0875,0.0382,22,16,0.0854,0.5029,13,0.0587,0.2448,0.1207,0.1458,0.0862,24.0,5177,0.2392,0.1731,0.2222,0.4211,0.2644,0.6088,0.2407,0.1209,0.4131,0.3989,0.1458,0.2219,0.3363,49.15
0228004,17035,0.084,0.0946,8,2,0.114,0.0826,7,0.1781,0.2159,0.0838,0.395,0.1437,15.6,2047,0.2195,0.594,0.0808,0.0526,0.431,0.1,0.1296,0.4939,0.3575,0.2596,0.395,0.3699,0.1876,49.06
1007005,23431,0.1292,0.0663,12,8,0.1297,0.1868,5,0.1314,0.2188,0.1409,0.0,0.1148,6.4,4069,0.4738,0.3828,0.1212,0.2105,0.5224,0.2262,0.0926,0.348,0.3631,0.4751,0.0,0.2955,0.0248,49.05
0814007,14218,0.1504,0.0739,8,1,0.1011,0.3981,6,0.1454,0.2284,0.0638,0.1933,0.0627,16.0,2051,0.5931,0.4396,0.0808,0.0263,0.3559,0.482,0.1111,0.3918,0.3815,0.1842,0.1933,0.1614,0.1947,49.05
0809003,4034,0.1296,0.0662,1,1,0.1354,0.5368,1,0.0995,0.1627,0.0991,0.4437,0.0796,14.4,640,0.4761,0.3821,0.0101,0.0263,0.5556,0.6499,0.0185,0.2484,0.2552,0.3174,0.4437,0.2049,0.1664,49.02
1609001,8734,0.0751,0.0786,4,1,0.1116,0.0864,4,0.1143,0.269,0.1651,0.3525,0.1325,31.6,1283,0.1694,0.4746,0.0404,0.0263,0.417,0.1046,0.0741,0.2946,0.4596,0.5664,0.3525,0.3411,0.4708,49.0
3202001,5599,0.1201,0.0851,2,0,0.0926,0.284,2,0.1435,0.2511,0.1307,0.5396,0.0407,12.7,846,0.4226,0.5231,0.0202,0.0,0.3063,0.3438,0.037,0.3858,0.4252,0.4366,0.5396,0.1048,0.1363,48.95
1604002,9186,0.078,0.0714,5,2,0.1114,0.102,4,0.1537,0.1557,0.1035,0.485,0.2075,31.2,1139,0.1857,0.4209,0.0505,0.0526,0.4158,0.1235,0.0741,0.4177,0.2417,0.334,0.485,0.5341,0.4637,48.93
2211002,2171,0.1031,0.0439,1,0,0.0948,0.4959,1,0.142,0.2131,0.1087,0.5169,0.1483,23.6,290,0.327,0.2157,0.0101,0.0,0.3192,0.6004,0.0185,0.3811,0.3521,0.3536,0.5169,0.3817,0.3292,48.93
0802002,5087,0.1351,0.1117,3,1,0.103,0.026,1,0.1184,0.1248,0.1396,0.5067,0.0571,25.0,849,0.507,0.7216,0.0303,0.0263,0.3669,0.0315,0.0185,0.3074,0.1823,0.4702,0.5067,0.147,0.354,48.92
1008002,9411,0.1122,0.0728,10,1,0.1225,0.0415,1,0.1201,0.2767,0.1256,0.2781,0.1158,26.4,1468,0.3782,0.4313,0.101,0.0263,0.4805,0.0502,0.0185,0.3127,0.4744,0.4174,0.2781,0.2981,0.3788,48.91
1411001,9023,0.1101,0.0889,8,4,0.1187,0.0364,1,0.1358,0.2366,0.1614,0.0,0.1156,21.7,1515,0.3663,0.5515,0.0808,0.1053,0.4584,0.0441,0.0185,0.3618,0.3973,0.5525,0.0,0.2976,0.2956,48.9
0227007,8451,0.1573,0.0554,5,0,0.1782,0.0388,3,0.114,0.1723,0.073,0.3408,0.1295,24.9,1509,0.632,0.3015,0.0505,0.0,0.8049,0.047,0.0556,0.2937,0.2737,0.2189,0.3408,0.3333,0.3522,48.88
1441004,6817,0.09,0.0673,3,2,0.0717,0.315,3,0.1278,0.3109,0.1466,0.184,0.1753,23.7,913,0.2532,0.3903,0.0303,0.0526,0.1846,0.3814,0.0556,0.3368,0.5402,0.4966,0.184,0.4512,0.331,48.87
2207006,3275,0.1265,0.0295,0,1,0.133,0.0401,0,0.1958,0.1584,0.1617,0.4134,0.1253,30.7,593,0.4586,0.1082,0.0,0.0263,0.5416,0.0485,0.0,0.5492,0.2469,0.5536,0.4134,0.3225,0.4549,48.83
2219006,10473,0.1121,0.0574,5,0,0.1046,0.3708,1,0.1348,0.1892,0.129,0.4773,0.0696,28.4,1574,0.3776,0.3164,0.0505,0.0,0.3762,0.4489,0.0185,0.3586,0.3062,0.4302,0.4773,0.1792,0.4142,48.82
0223006,2539,0.0997,0.0339,4,1,0.1394,0.3349,1,0.1169,0.251,0.0935,0.5978,0.0771,34.8,363,0.3078,0.141,0.0404,0.0263,0.5789,0.4054,0.0185,0.3027,0.425,0.2962,0.5978,0.1985,0.5274,48.81
1207001,7096,0.1351,0.0721,5,1,0.1413,0.0846,4,0.1126,0.2326,0.1016,0.459,0.0542,24.1,1172,0.507,0.4261,0.0505,0.0263,0.59,0.1024,0.0741,0.2893,0.3896,0.3268,0.459,0.1395,0.3381,48.8
0418005,20127,0.1036,0.0783,11,6,0.0936,0.4992,3,0.0802,0.2225,0.124,0.0,0.1265,20.5,2821,0.3298,0.4724,0.1111,0.1579,0.3122,0.6044,0.0556,0.1881,0.3702,0.4113,0.0,0.3256,0.2743,48.8
1806007,6000,0.0833,0.0667,7,0,0.1023,0.2236,4,0.1897,0.2856,0.0642,0.4441,0.165,17.2,650,0.2155,0.3858,0.0707,0.0,0.3628,0.2707,0.0741,0.5301,0.4915,0.1857,0.4441,0.4247,0.2159,48.79
1802007,14086,0.045,0.0281,11,8,0.1504,0.384,1,0.1525,0.317,0.1102,0.4446,0.1077,13.6,1730,0.0,0.0978,0.1111,0.2105,0.643,0.4649,0.0185,0.4139,0.5519,0.3592,0.4446,0.2772,0.1522,48.71
2609003,37980,0.129,0.0682,20,9,0.0852,0.3234,9,0.1305,0.1117,0.151,0.0446,0.1013,10.3,6150,0.4727,0.397,0.202,0.2368,0.2632,0.3915,0.1667,0.3452,0.1571,0.5132,0.0446,0.2607,0.0938,48.71
2614001,17207,0.0845,0.051,15,4,0.1402,0.0,6,0.1739,0.3218,0.0948,0.304,0.1025,21.2,2315,0.2223,0.2687,0.1515,0.1053,0.5836,0.0,0.1111,0.4808,0.5612,0.3011,0.304,0.2638,0.2867,48.69
3034003,7072,0.1618,0.0404,3,1,0.1391,0.1357,1,0.158,0.0983,0.1191,0.5964,0.0848,21.1,1314,0.6573,0.1896,0.0303,0.0263,0.5772,0.1643,0.0185,0.4311,0.1313,0.3928,0.5964,0.2183,0.285,48.67
0804007,49617,0.1351,0.0558,24,4,0.0689,0.352,19,0.1172,0.2124,0.0893,0.0,0.1129,23.2,6683,0.507,0.3045,0.2424,0.1053,0.1683,0.4262,0.3519,0.3037,0.3508,0.2804,0.0,0.2906,0.3221,48.66
3213004,38952,0.1158,0.0453,22,10,0.0759,0.1796,6,0.1419,0.3183,0.091,0.1441,0.0726,25.0,4965,0.3984,0.2261,0.2222,0.2632,0.2091,0.2174,0.1111,0.3808,0.5544,0.2868,0.1441,0.1869,0.354,48.65
3210003,7244,0.1117,0.0449,2,3,0.1301,0.3141,5,0.1694,0.2419,0.0659,0.4703,0.0502,26.7,970,0.3754,0.2231,0.0202,0.0789,0.5248,0.3803,0.0926,0.4667,0.4075,0.1921,0.4703,0.1292,0.3841,48.62
2613001,7400,0.1366,0.0617,8,1,0.0869,0.5149,1,0.1483,0.1758,0.0456,0.4286,0.0592,26.5,925,0.5155,0.3485,0.0808,0.0263,0.2732,0.6234,0.0185,0.4008,0.2804,0.1155,0.4286,0.1524,0.3805,48.58
0227004,12599,0.1385,0.0747,7,0,0.1064,0.448,2,0.1049,0.0971,0.0728,0.3695,0.0921,31.7,1802,0.5262,0.4455,0.0707,0.0,0.3867,0.5424,0.037,0.2652,0.129,0.2181,0.3695,0.2371,0.4726,48.56
1612003,5867,0.139,0.0947,5,1,0.0586,0.1122,1,0.1067,0.2,0.1244,0.3805,0.1231,31.1,866,0.529,0.5948,0.0505,0.0263,0.1083,0.1358,0.0185,0.2709,0.3269,0.4128,0.3805,0.3169,0.4619,48.55
0409006,4635,0.1058,0.0559,4,1,0.1254,0.0,1,0.1444,0.1689,0.159,0.5055,0.117,34.5,772,0.3421,0.3052,0.0404,0.0263,0.4974,0.0,0.0185,0.3886,0.2671,0.5434,0.5055,0.3012,0.5221,48.53
2426003,11478,0.1596,0.0809,6,4,0.1122,0.2235,3,0.0921,0.1212,0.1362,0.3865,0.0802,11.8,2093,0.6449,0.4918,0.0606,0.1053,0.4205,0.2706,0.0556,0.2252,0.1754,0.4574,0.3865,0.2064,0.1204,48.45
2612006,12248,0.0869,0.0524,9,3,0.0893,0.126,4,0.1335,0.2644,0.1284,0.5562,0.177,22.5,1609,0.2358,0.2791,0.0909,0.0789,0.2871,0.1525,0.0741,0.3546,0.4508,0.4279,0.5562,0.4556,0.3097,48.41
0228003,7008,0.0974,0.0675,3,0,0.0704,0.4381,1,0.0902,0.2183,0.1945,0.4653,0.1065,23.2,1096,0.2949,0.3918,0.0303,0.0,0.1771,0.5304,0.0185,0.2193,0.3621,0.6774,0.4653,0.2741,0.3221,48.41
0210004,2193,0.1226,0.0585,2,0,0.1185,0.4225,1,0.1308,0.1173,0.1111,0.4538,0.1573,16.5,338,0.4367,0.3246,0.0202,0.0,0.4572,0.5115,0.0185,0.3461,0.1679,0.3626,0.4538,0.4049,0.2035,48.4
3022003,8885,0.0917,0.0639,6,3,0.1094,0.0874,2,0.2388,0.2646,0.0948,0.1491,0.1273,19.8,1134,0.2628,0.3649,0.0606,0.0789,0.4042,0.1058,0.037,0.6835,0.4512,0.3011,0.1491,0.3277,0.2619,48.39
3019005,34486,0.1216,0.0584,11,7,0.1114,0.1686,4,0.1157,0.2774,0.088,0.3431,0.0907,19.3,4882,0.4311,0.3239,0.1111,0.1842,0.4158,0.2041,0.0741,0.299,0.4758,0.2755,0.3431,0.2335,0.2531,48.37
2432006,32139,0.114,0.0674,19,8,0.0992,0.2652,1,0.1816,0.1514,0.0975,0.1777,0.0512,17.9,4411,0.3883,0.391,0.1919,0.2105,0.3448,0.3211,0.0185,0.5048,0.2335,0.3113,0.1777,0.1318,0.2283,48.35
1441002,22770,0.0864,0.0471,13,5,0.0981,0.3684,3,0.1744,0.2777,0.0818,0.2621,0.1233,17.4,2626,0.233,0.2396,0.1313,0.1316,0.3384,0.446,0.0556,0.4823,0.4763,0.2521,0.2621,0.3174,0.2195,48.33
2415005,11705,0.1314,0.0858,3,2,0.1057,0.1863,5,0.0818,0.2203,0.1167,0.3477,0.0977,24.5,1830,0.4862,0.5284,0.0303,0.0526,0.3826,0.2255,0.0926,0.1931,0.366,0.3838,0.3477,0.2515,0.3451,48.3
0227003,6507,0.1289,0.049,5,3,0.1051,0.157,2,0.1377,0.2658,0.1156,0.59,0.0556,21.8,1009,0.4721,0.2537,0.0505,0.0789,0.3791,0.1901,0.037,0.3677,0.4535,0.3796,0.59,0.1431,0.2973,48.27
1604007,40219,0.124,0.0502,19,11,0.0838,0.4984,9,0.0996,0.1961,0.09,0.1255,0.0594,19.8,5400,0.4446,0.2627,0.1919,0.2895,0.2551,0.6034,0.1667,0.2487,0.3194,0.283,0.1255,0.1529,0.2619,48.26
2613002,67752,0.1474,0.0459,29,15,0.1203,0.2853,16,0.0432,0.1111,0.1102,0.0336,0.0934,14.3,11375,0.5763,0.2306,0.2929,0.3947,0.4677,0.3454,0.2963,0.0725,0.156,0.3592,0.0336,0.2404,0.1646,48.23
1815003,73540,0.1319,0.0449,40,12,0.1279,0.3647,28,0.0246,0.1831,0.0695,0.0,0.0739,10.4,10723,0.489,0.2231,0.404,0.3158,0.5119,0.4415,0.5185,0.0144,0.2944,0.2057,0.0,0.1902,0.0956,48.2
0809004,91378,0.109,0.015,36,17,0.1332,0.5228,27,0.0399,0.25,0.077,0.14,0.0,9.4,12605,0.3602,0.0,0.3636,0.4474,0.5428,0.6329,0.5,0.0622,0.4231,0.234,0.14,0.0,0.0779,48.18
1022001,4038,0.1521,0.0543,1,0,0.0762,0.3274,2,0.0826,0.2114,0.0907,0.4628,0.1744,30.1,592,0.6027,0.2933,0.0101,0.0,0.2108,0.3964,0.037,0.1956,0.3488,0.2857,0.4628,0.4489,0.4442,48.17
2409001,9565,0.1163,0.0588,3,1,0.136,0.216,4,0.1205,0.18,0.1233,0.4138,0.1183,22.2,1542,0.4012,0.3269,0.0303,0.0263,0.5591,0.2615,0.0741,0.314,0.2885,0.4087,0.4138,0.3045,0.3044,48.13
2214003,7307,0.1304,0.0844,6,4,0.0941,0.1427,5,0.1869,0.0972,0.0886,0.3614,0.0857,22.1,1033,0.4806,0.5179,0.0606,0.1053,0.3151,0.1728,0.0926,0.5214,0.1292,0.2777,0.3614,0.2206,0.3027,48.12
2001004,14548,0.0813,0.0437,9,3,0.0403,0.4268,4,0.2087,0.2638,0.0917,0.0664,0.2047,30.9,1401,0.2043,0.2142,0.0909,0.0789,0.0017,0.5167,0.0741,0.5895,0.4496,0.2894,0.0664,0.5269,0.4584,48.11
2610004,7166,0.1371,0.0588,6,0,0.114,0.4487,2,0.0937,0.1023,0.1229,0.5176,0.0702,23.8,1184,0.5183,0.3269,0.0606,0.0,0.431,0.5432,0.037,0.2302,0.139,0.4072,0.5176,0.1807,0.3327,48.02
1606004,11581,0.1375,0.0389,3,5,0.1402,0.0851,2,0.1602,0.1641,0.0697,0.4935,0.1228,25.8,1774,0.5205,0.1784,0.0303,0.1316,0.5836,0.103,0.037,0.438,0.2579,0.2064,0.4935,0.3161,0.3681,48.01
2413005,8082,0.1641,0.0664,5,1,0.1331,0.2058,1,0.1313,0.1516,0.0934,0.3165,0.1477,5.1,1413,0.6702,0.3836,0.0505,0.0263,0.5422,0.2492,0.0185,0.3477,0.2338,0.2958,0.3165,0.3802,0.0018,48.01
2609006,41125,0.1753,0.0592,21,7,0.0706,0.0457,7,0.1977,0.124,0.0921,0.0507,0.0985,16.4,6524,0.7333,0.3299,0.2121,0.1842,0.1782,0.0553,0.1296,0.5551,0.1808,0.2909,0.0507,0.2535,0.2018,48.0
1420002,22896,0.1235,0.044,9,7,0.1444,0.1579,3,0.1311,0.3092,0.1231,0.2164,0.0519,11.3,3855,0.4418,0.2164,0.0909,0.1842,0.608,0.1912,0.0556,0.3471,0.5369,0.4079,0.2164,0.1336,0.1115,47.97
2208004,5564,0.0936,0.0602,4,2,0.1007,0.2056,2,0.1535,0.2858,0.0685,0.6133,0.1555,16.7,640,0.2735,0.3373,0.0404,0.0526,0.3535,0.2489,0.037,0.4171,0.4919,0.2019,0.6133,0.4003,0.2071,47.95
1430007,10068,0.0568,0.0513,6,4,0.1219,0.3754,2,0.111,0.2963,0.1706,0.1876,0.1084,25.5,1441,0.0664,0.2709,0.0606,0.1053,0.477,0.4545,0.037,0.2843,0.5121,0.5872,0.1876,0.279,0.3628,47.92
0217005,4635,0.1244,0.0667,4,1,0.1191,0.315,0,0.0874,0.1489,0.0861,0.3649,0.1959,24.7,674,0.4468,0.3858,0.0404,0.0263,0.4607,0.3814,0.0,0.2106,0.2287,0.2683,0.3649,0.5042,0.3487,47.91
1820001,6118,0.0964,0.0638,4,0,0.1472,0.0,1,0.1531,0.1969,0.0922,0.5193,0.1399,29.8,869,0.2893,0.3642,0.0404,0.0,0.6243,0.0,0.0185,0.4158,0.321,0.2913,0.5193,0.3601,0.4389,47.88
1409004,25827,0.0782,0.0343,11,4,0.0796,0.3173,6,0.2062,0.1913,0.2438,0.0,0.1118,17.9,4364,0.1868,0.144,0.1111,0.1053,0.2306,0.3841,0.1111,0.5817,0.3102,0.8634,0.0,0.2878,0.2283,47.88
3212006,6296,0.1501,0.0764,4,3,0.1478,0.0237,2,0.1181,0.1627,0.1333,0.2902,0.1088,10.1,1188,0.5914,0.4582,0.0404,0.0789,0.6278,0.0287,0.037,0.3065,0.2552,0.4464,0.2902,0.2801,0.0903,47.87
3013002,40827,0.1457,0.048,16,9,0.0774,0.0239,16,0.219,0.1705,0.1093,0.0,0.0992,16.5,6187,0.5667,0.2463,0.1616,0.2368,0.2178,0.0289,0.2963,0.6217,0.2702,0.3558,0.0,0.2553,0.2035,47.87
1415005,30375,0.1373,0.0362,14,5,0.0717,0.4126,10,0.2102,0.1593,0.0317,0.1632,0.1121,25.2,3460,0.5194,0.1582,0.1414,0.1316,0.1846,0.4995,0.1852,0.5942,0.2487,0.063,0.1632,0.2885,0.3575,47.86
0416004,5360,0.0965,0.0586,2,1,0.1412,0.5313,2,0.177,0.1202,0.1116,0.089,0.1812,6.2,791,0.2898,0.3254,0.0202,0.0263,0.5894,0.6432,0.037,0.4905,0.1735,0.3645,0.089,0.4664,0.0212,47.84
1441006,29833,0.0923,0.0315,19,6,0.1545,0.0,13,0.1347,0.2912,0.1175,0.0942,0.1779,14.8,4554,0.2662,0.1231,0.1919,0.1579,0.6669,0.0,0.2407,0.3583,0.5023,0.3868,0.0942,0.4579,0.1735,47.82
1210001,32415,0.1454,0.0641,15,4,0.149,0.2595,10,0.1104,0.1453,0.0881,0.1716,0.0528,13.5,5443,0.565,0.3664,0.1515,0.1053,0.6348,0.3142,0.1852,0.2824,0.2217,0.2758,0.1716,0.1359,0.1504,47.79
1436002,7279,0.1006,0.0402,7,3,0.1061,0.019,2,0.1799,0.2938,0.1589,0.4387,0.0832,22.4,1145,0.3129,0.1881,0.0707,0.0789,0.385,0.023,0.037,0.4995,0.5073,0.543,0.4387,0.2142,0.308,47.78
2010006,17154,0.0926,0.0494,10,6,0.133,0.136,6,0.2033,0.191,0.0681,0.2368,0.1674,15.9,2155,0.2679,0.2567,0.101,0.1579,0.5416,0.1646,0.1111,0.5726,0.3096,0.2004,0.2368,0.4309,0.1929,47.77
1804003,22151,0.1219,0.0531,15,6,0.1271,0.1756,5,0.2029,0.1523,0.0867,0.0072,0.1135,15.9,3259,0.4328,0.2843,0.1515,0.1579,0.5073,0.2126,0.0926,0.5714,0.2352,0.2706,0.0072,0.2921,0.1929,47.7
3033005,12421,0.1235,0.0802,11,1,0.102,0.0638,7,0.1016,0.1883,0.1292,0.3501,0.1164,24.8,1941,0.4418,0.4866,0.1111,0.0263,0.3611,0.0772,0.1296,0.2549,0.3044,0.4309,0.3501,0.2996,0.3504,47.68
3017002,53190,0.1109,0.0497,30,11,0.162,0.0546,19,0.1513,0.174,0.0422,0.1946,0.032,13.1,7199,0.3708,0.259,0.303,0.2895,0.7105,0.0661,0.3519,0.4102,0.2769,0.1026,0.1946,0.0824,0.1434,47.67
3208005,6490,0.0644,0.08,3,1,0.0546,0.3369,1,0.1443,0.2512,0.0746,0.6182,0.1868,27.4,551,0.1092,0.4851,0.0303,0.0263,0.085,0.4079,0.0185,0.3883,0.4254,0.2249,0.6182,0.4808,0.3965,47.63
3022006,3259,0.117,0.0626,1,2,0.0834,0.212,0,0.1644,0.1204,0.1286,0.2768,0.1669,32.9,475,0.4052,0.3552,0.0101,0.0526,0.2528,0.2567,0.0,0.4511,0.1738,0.4287,0.2768,0.4296,0.4938,47.62
0802007,30161,0.1325,0.0612,21,2,0.1065,0.7579,6,0.0219,0.2138,0.0443,0.1883,0.0866,16.8,3879,0.4924,0.3448,0.2121,0.0526,0.3873,0.9176,0.1111,0.0059,0.3535,0.1106,0.1883,0.2229,0.2088,47.62
2803003,20816,0.1065,0.0414,11,4,0.0942,0.2105,5,0.2384,0.2887,0.1117,0.0,0.1181,11.5,2850,0.3461,0.197,0.1111,0.1053,0.3157,0.2548,0.0926,0.6823,0.4975,0.3649,0.0,0.304,0.115,47.62
1402001,26016,0.12,0.0604,16,6,0.1139,0.0478,6,0.1548,0.2328,0.1253,0.0,0.1004,20.5,4080,0.4221,0.3388,0.1616,0.1579,0.4304,0.0579,0.1111,0.4211,0.39,0.4162,0.0,0.2584,0.2743,47.61
1812003,17861,0.1525,0.0626,9,3,0.0913,0.3507,6,0.1572,0.1289,0.0738,0.0,0.0902,29.8,2608,0.605,0.3552,0.0909,0.0789,0.2988,0.4246,0.1111,0.4286,0.1902,0.2219,0.0,0.2322,0.4389,47.59
2220004,7605,0.1293,0.0738,2,3,0.1156,0.256,2,0.1396,0.1081,0.0995,0.4422,0.1069,17.9,1156,0.4744,0.4388,0.0202,0.0789,0.4403,0.3099,0.037,0.3736,0.1502,0.3189,0.4422,0.2752,0.2283,47.49
0210006,5941,0.1235,0.079,5,3,0.1207,0.1769,3,0.0489,0.2723,0.0967,0.3622,0.0731,30.2,892,0.4418,0.4776,0.0505,0.0789,0.47,0.2142,0.0556,0.0903,0.466,0.3083,0.3622,0.1882,0.446,47.43
0230001,27325,0.1353,0.0373,14,5,0.1397,0.1626,9,0.1543,0.1817,0.0734,0.1081,0.106,23.5,4190,0.5082,0.1664,0.1414,0.1316,0.5807,0.1969,0.1667,0.4196,0.2917,0.2204,0.1081,0.2728,0.3274,47.4
0230006,3430,0.1136,0.0622,1,1,0.0874,0.4577,0,0.143,0.1812,0.127,0.4247,0.0267,28.7,495,0.386,0.3522,0.0101,0.0263,0.2761,0.5541,0.0,0.3843,0.2908,0.4226,0.4247,0.0687,0.4195,47.4
3207004,5125,0.1449,0.0562,2,0,0.1123,0.1968,1,0.1084,0.2272,0.114,0.4737,0.1771,8.4,845,0.5622,0.3075,0.0202,0.0,0.4211,0.2383,0.0185,0.2762,0.3792,0.3736,0.4737,0.4559,0.0602,47.39
2602004,16428,0.0817,0.0372,10,7,0.1594,0.1176,6,0.1479,0.219,0.0479,0.5984,0.0947,26.7,1986,0.2065,0.1657,0.101,0.1842,0.6954,0.1424,0.1111,0.3996,0.3635,0.1242,0.5984,0.2438,0.3841,47.38
2607002,7271,0.0747,0.0756,4,1,0.1257,0.3804,2,0.0974,0.1683,0.1249,0.3573,0.183,17.9,986,0.1671,0.4522,0.0404,0.0263,0.4991,0.4605,0.037,0.2418,0.266,0.4147,0.3573,0.471,0.2283,47.37
0814003,6413,0.1104,0.0673,5,2,0.1314,0.1857,2,0.1529,0.0893,0.0761,0.5247,0.1065,28.9,886,0.368,0.3903,0.0505,0.0526,0.5323,0.2248,0.037,0.4152,0.114,0.2306,0.5247,0.2741,0.423,47.35
0208004,14372,0.0923,0.078,10,3,0.1084,0.1631,4,0.1521,0.1948,0.0674,0.3717,0.1147,26.5,1675,0.2662,0.4701,0.101,0.0789,0.3984,0.1975,0.0741,0.4127,0.3169,0.1977,0.3717,0.2952,0.3805,47.3
1019006,23104,0.1431,0.0658,11,4,0.1202,0.0,5,0.1766,0.2029,0.0958,0.1874,0.0568,19.2,3690,0.5521,0.3791,0.1111,0.1053,0.4671,0.0,0.0926,0.4892,0.3325,0.3049,0.1874,0.1462,0.2513,47.28
2608006,30936,0.1117,0.0549,20,6,0.128,0.4711,7,0.1589,0.1411,0.0597,0.0,0.0819,13.5,4051,0.3754,0.2978,0.202,0.1579,0.5125,0.5703,0.1296,0.4339,0.2137,0.1687,0.0,0.2108,0.1504,47.25
1814004,14736,0.1506,0.0657,15,3,0.0532,0.0,5,0.114,0.2697,0.1244,0.4506,0.1176,17.0,2246,0.5943,0.3784,0.1515,0.0789,0.0769,0.0,0.0926,0.2937,0.461,0.4128,0.4506,0.3027,0.2124,47.23
3014003,28770,0.1542,0.0622,14,5,0.1486,0.164,7,0.1607,0.223,0.0202,0.0,0.0819,11.3,4187,0.6145,0.3522,0.1414,0.1316,0.6325,0.1985,0.1296,0.4396,0.3712,0.0196,0.0,0.2108,0.1115,47.2
3007003,4986,0.1289,0.0933,2,0,0.1027,0.2568,5,0.0546,0.162,0.0791,0.4804,0.1253,29.6,692,0.4721,0.5843,0.0202,0.0,0.3652,0.3109,0.0926,0.1081,0.2538,0.2419,0.4804,0.3225,0.4354,47.19
1211006,6444,0.1819,0.061,5,1,0.1296,0.088,1,0.127,0.0853,0.0881,0.4155,0.0995,21.3,1170,0.7704,0.3433,0.0505,0.0263,0.5218,0.1065,0.0185,0.3343,0.1063,0.2758,0.4155,0.2561,0.2885,47.16
1424006,15565,0.1227,0.0642,11,4,0.1311,0.0,3,0.2069,0.1907,0.0939,0.0,0.1306,16.4,2364,0.4373,0.3672,0.1111,0.1053,0.5306,0.0,0.0556,0.5839,0.309,0.2977,0.0,0.3362,0.2018,47.15
1201007,4916,0.1429,0.0688,3,2,0.095,0.2459,1,0.1076,0.1442,0.1046,0.6191,0.0613,24.5,760,0.5509,0.4015,0.0303,0.0526,0.3203,0.2977,0.0185,0.2737,0.2196,0.3381,0.6191,0.1578,0.3451,47.13
1822001,7403,0.0984,0.0651,5,2,0.118,0.3124,3,0.1368,0.2417,0.0784,0.3337,0.1511,13.3,945,0.3005,0.3739,0.0505,0.0526,0.4543,0.3782,0.0556,0.3649,0.4071,0.2392,0.3337,0.3889,0.1469,47.09
0223003,6655,0.1098,0.0686,4,4,0.0918,0.0,1,0.1175,0.1647,0.1565,0.521,0.1868,20.7,1040,0.3647,0.4,0.0404,0.1053,0.3017,0.0,0.0185,0.3046,0.259,0.534,0.521,0.4808,0.2779,47.09
0623006,17675,0.0971,0.0645,13,4,0.0847,0.5089,6,0.1349,0.1086,0.2014,0.0888,0.0,24.0,2908,0.2932,0.3694,0.1313,0.1053,0.2603,0.6161,0.1111,0.359,0.1512,0.7034,0.0888,0.0,0.3363,47.07
2009003,13885,0.1523,0.0288,8,2,0.0592,0.1331,6,0.1415,0.3189,0.0995,0.1845,0.2188,20.5,2013,0.6038,0.103,0.0808,0.0526,0.1118,0.1611,0.1111,0.3796,0.5556,0.3189,0.1845,0.5632,0.2743,47.03
1807004,4060,0.0452,0.0692,2,1,0.1152,0.2517,0,0.1882,0.0995,0.1043,0.8785,0.0641,34.5,437,0.0011,0.4045,0.0202,0.0263,0.438,0.3047,0.0,0.5255,0.1337,0.337,0.8785,0.165,0.5221,47.03
2410001,7401,0.0989,0.0515,3,1,0.1013,0.4191,1,0.0726,0.1295,0.1042,0.5914,0.2019,30.1,977,0.3033,0.2724,0.0303,0.0263,0.357,0.5074,0.0185,0.1643,0.1913,0.3366,0.5914,0.5197,0.4442,47.0
1824002,52282,0.0688,0.0586,35,8,0.1311,0.441,16,0.0446,0.1933,0.0787,0.0993,0.105,17.9,6066,0.1339,0.3254,0.3535,0.2105,0.5306,0.5339,0.2963,0.0769,0.314,0.2404,0.0993,0.2703,0.2283,47.0
0221005,10461,0.0978,0.048,11,5,0.169,0.1806,2,0.1084,0.2883,0.1117,0.1994,0.064,17.7,1664,0.2971,0.2463,0.1111,0.1316,0.7513,0.2186,0.037,0.2762,0.4967,0.3649,0.1994,0.1647,0.2248,46.99
2220006,16192,0.0778,0.0532,8,4,0.127,0.0358,6,0.1351,0.2542,0.1176,0.3465,0.1876,21.5,2186,0.1846,0.2851,0.0808,0.1053,0.5067,0.0433,0.1111,0.3596,0.4312,0.3872,0.3465,0.4829,0.292,46.99
2211003,29479,0.0786,0.0569,24,3,0.1156,0.1466,11,0.2266,0.1667,0.09,0.0,0.1748,10.2,3555,0.1891,0.3127,0.2424,0.0789,0.4403,0.1775,0.2037,0.6454,0.2629,0.283,0.0,0.4499,0.092,46.98
1222005,32776,0.083,0.0532,22,8,0.1243,0.5778,5,0.1638,0.1359,0.1016,0.0385,0.0,15.3,4284,0.2138,0.2851,0.2222,0.2105,0.491,0.6995,0.0926,0.4492,0.2037,0.3268,0.0385,0.0,0.1823,46.94
0812002,10819,0.1186,0.0749,10,2,0.1297,0.0198,2,0.0961,0.2033,0.1126,0.3648,0.1036,26.3,1696,0.4142,0.447,0.101,0.0526,0.5224,0.024,0.037,0.2377,0.3333,0.3683,0.3648,0.2667,0.377,46.93
1004001,22626,0.1633,0.0659,10,4,0.112,0.3864,5,0.1514,0.2085,0.065,0.0619,0.0301,6.2,3521,0.6657,0.3799,0.101,0.1053,0.4193,0.4678,0.0926,0.4105,0.3433,0.1887,0.0619,0.0775,0.0212,46.93
1004002,32906,0.1098,0.0818,15,11,0.1304,0.423,9,0.0953,0.2262,0.0203,0.1374,0.065,5.0,3782,0.3647,0.4985,0.1515,0.2895,0.5265,0.5121,0.1667,0.2352,0.3773,0.02,0.1374,0.1673,0.0,46.93
3204006,10147,0.1496,0.063,8,0,0.1061,0.3237,3,0.1914,0.1077,0.1053,0.3523,0.0672,5.0,1647,0.5886,0.3582,0.0808,0.0,0.385,0.3919,0.0556,0.5355,0.1494,0.3408,0.3523,0.173,0.0,46.92
1218006,38781,0.1196,0.0328,20,9,0.1405,0.6466,11,0.0663,0.1415,0.099,0.0449,0.0378,16.0,6022,0.4198,0.1328,0.202,0.2368,0.5853,0.7828,0.2037,0.1446,0.2144,0.317,0.0449,0.0973,0.1947,46.89
2206006,14214,0.1189,0.0804,16,1,0.1083,0.0,4,0.1044,0.2224,0.0991,0.3024,0.1129,26.8,2048,0.4159,0.4881,0.1616,0.0263,0.3978,0.0,0.0741,0.2637,0.37,0.3174,0.3024,0.2906,0.3858,46.88
1413007,37515,0.0921,0.0811,15,10,0.0747,0.0382,9,0.1536,0.3691,0.0902,0.0,0.0836,16.5,4259,0.2651,0.4933,0.1515,0.2632,0.2021,0.0462,0.1667,0.4174,0.6521,0.2838,0.0,0.2152,0.2035,46.87
1805003,16912,0.0944,0.0936,14,2,0.1022,0.1001,2,0.1177,0.275,0.0834,0.0,0.1622,24.7,2063,0.278,0.5866,0.1414,0.0526,0.3623,0.1212,0.037,0.3052,0.4712,0.2581,0.0,0.4175,0.3487,46.83
1433003,31789,0.0764,0.0682,15,8,0.111,0.1423,6,0.166,0.2113,0.0584,0.0834,0.1264,30.2,3336,0.1767,0.397,0.1515,0.2105,0.4135,0.1723,0.1111,0.4561,0.3487,0.1638,0.0834,0.3254,0.446,46.83
1603004,11555,0.1438,0.0729,5,4,0.1215,0.0758,7,0.0387,0.2213,0.1066,0.4181,0.1291,20.2,1906,0.556,0.4321,0.0505,0.1053,0.4747,0.0918,0.1296,0.0584,0.3679,0.3457,0.4181,0.3323,0.269,46.8
2210001,18357,0.1542,0.0618,7,3,0.0888,0.0366,4,0.1108,0.2081,0.114,0.4688,0.08,25.0,2974,0.6145,0.3493,0.0707,0.0789,0.2842,0.0443,0.0741,0.2837,0.3425,0.3736,0.4688,0.2059,0.354,46.8
0404001,5805,0.1145,0.0387,2,0,0.0974,0.0949,2,0.104,0.2192,0.154,0.512,0.1808,32.6,923,0.3911,0.1769,0.0202,0.0,0.3343,0.1149,0.037,0.2624,0.3638,0.5245,0.512,0.4654,0.4885,46.77
1219003,32361,0.0823,0.0721,11,3,0.09,0.4492,4,0.2008,0.1221,0.0904,0.0,0.1629,16.2,3668,0.2099,0.4261,0.1111,0.0789,0.2912,0.5438,0.0741,0.5648,0.1771,0.2845,0.0,0.4193,0.1982,46.73
0228002,6664,0.1288,0.0657,4,4,0.0685,0.3992,0,0.0882,0.2159,0.0835,0.359,0.1053,29.9,862,0.4716,0.3784,0.0404,0.1053,0.166,0.4833,0.0,0.2131,0.3575,0.2585,0.359,0.271,0.4407,46.66
0203006,21976,0.1048,0.0574,13,1,0.1347,0.2989,4,0.1939,0.1742,0.1153,0.0,0.1103,8.4,3330,0.3365,0.3164,0.1313,0.0263,0.5515,0.3619,0.0741,0.5433,0.2773,0.3785,0.0,0.2839,0.0602,46.62
0808007,11368,0.0937,0.0384,6,6,0.1067,0.1153,6,0.1765,0.1612,0.0996,0.6472,0.081,29.8,1475,0.2741,0.1746,0.0606,0.1579,0.3885,0.1396,0.1111,0.4889,0.2523,0.3192,0.6472,0.2085,0.4389,46.61
2404005,23693,0.0927,0.0682,21,1,0.0868,0.3352,10,0.0931,0.1288,0.1714,0.1236,0.1699,15.7,3574,0.2684,0.397,0.2121,0.0263,0.2726,0.4058,0.1852,0.2284,0.19,0.5902,0.1236,0.4373,0.1894,46.58
1410007,27315,0.1119,0.0538,16,7,0.0884,0.016,10,0.1627,0.2662,0.1091,0.2679,0.1284,9.9,3741,0.3765,0.2896,0.1616,0.1842,0.2819,0.0194,0.1852,0.4458,0.4542,0.3551,0.2679,0.3305,0.0867,46.56
3010005,1800,0.1183,0.056,1,0,0.1191,0.4253,0,0.0573,0.1474,0.1451,0.4918,0.111,25.2,297,0.4125,0.306,0.0101,0.0,0.4607,0.5149,0.0,0.1165,0.2258,0.4909,0.4918,0.2857,0.3575,46.55
2608003,13440,0.0981,0.0949,4,2,0.1162,0.0,4,0.0609,0.0992,0.1232,0.602,0.1946,27.9,1940,0.2988,0.5963,0.0404,0.0526,0.4438,0.0,0.0741,0.1278,0.1331,0.4083,0.602,0.5009,0.4053,46.54
0208003,7926,0.1242,0.0718,6,2,0.0915,0.1318,3,0.1284,0.1828,0.1422,0.3766,0.1007,18.9,1254,0.4457,0.4239,0.0606,0.0526,0.2999,0.1596,0.0556,0.3386,0.2938,0.48,0.3766,0.2592,0.246,46.5
2212001,3443,0.1132,0.0535,3,0,0.1146,0.2416,0,0.1158,0.2352,0.1748,0.4317,0.0279,23.8,596,0.3838,0.2873,0.0303,0.0,0.4345,0.2925,0.0,0.2993,0.3946,0.603,0.4317,0.0718,0.3327,46.49
0410002,31051,0.1164,0.0864,16,6,0.0845,0.2921,8,0.02,0.2917,0.1442,0.1061,0.0181,24.4,4719,0.4018,0.5328,0.1616,0.1579,0.2592,0.3536,0.1481,0.0,0.5033,0.4875,0.1061,0.0466,0.3434,46.48
2436004,13730,0.1514,0.0748,11,6,0.0765,0.0,4,0.0801,0.2698,0.0802,0.5301,0.1281,11.4,1968,0.5988,0.4463,0.1111,0.1579,0.2126,0.0,0.0741,0.1878,0.4612,0.246,0.5301,0.3297,0.1133,46.4
0403005,25453,0.1017,0.08,8,7,0.1114,0.329,5,0.1154,0.1533,0.1304,0.0,0.055,24.5,3758,0.3191,0.4851,0.0808,0.1842,0.4158,0.3983,0.0926,0.298,0.2371,0.4355,0.0,0.1416,0.3451,46.4
1023004,6659,0.1177,0.0745,5,3,0.1198,0.3695,4,0.0322,0.1892,0.1188,0.5073,0.0508,22.1,1034,0.4091,0.444,0.0505,0.0789,0.4648,0.4473,0.0741,0.0381,0.3062,0.3917,0.5073,0.1308,0.3027,46.34
0204002,5226,0.1413,0.0797,3,0,0.0954,0.0956,0,0.1441,0.2272,0.0557,0.3895,0.1417,18.5,700,0.5419,0.4828,0.0303,0.0,0.3227,0.1157,0.0,0.3877,0.3792,0.1536,0.3895,0.3647,0.2389,46.33
3204003,15410,0.0791,0.0801,14,5,0.1029,0.4837,5,0.1161,0.1047,0.1152,0.2152,0.1126,13.7,1954,0.1919,0.4858,0.1414,0.1316,0.3663,0.5856,0.0926,0.3002,0.1437,0.3781,0.2152,0.2898,0.154,46.33
1429005,32545,0.0968,0.053,22,3,0.1015,0.0884,9,0.1614,0.2125,0.1668,0.0,0.0829,22.1,5085,0.2915,0.2836,0.2222,0.0789,0.3582,0.107,0.1667,0.4417,0.351,0.5728,0.0,0.2134,0.3027,46.32
1017004,5476,0.129,0.0731,4,1,0.113,0.1122,1,0.1266,0.1193,0.0998,0.3805,0.1187,29.9,828,0.4727,0.4336,0.0404,0.0263,0.4252,0.1358,0.0185,0.333,0.1717,0.32,0.3805,0.3055,0.4407,46.3
3019001,7080,0.0892,0.0543,4,1,0.1212,0.391,4,0.1388,0.2841,0.0962,0.339,0.0564,19.4,925,0.2487,0.2933,0.0404,0.0263,0.4729,0.4734,0.0741,0.3711,0.4887,0.3064,0.339,0.1452,0.2549,46.28
1803005,12944,0.0705,0.1035,9,2,0.0808,0.4389,2,0.1066,0.1628,0.1046,0.1771,0.1137,26.1,1420,0.1435,0.6604,0.0909,0.0526,0.2376,0.5314,0.037,0.2705,0.2554,0.3381,0.1771,0.2927,0.3735,46.26
3215006,3568,0.1064,0.0816,1,0,0.0904,0.2537,0,0.1412,0.2221,0.1422,0.3518,0.1076,12.2,525,0.3455,0.497,0.0101,0.0,0.2935,0.3071,0.0,0.3786,0.3694,0.48,0.3518,0.277,0.1274,46.25
3023001,2921,0.0925,0.0619,1,0,0.1257,0.3677,1,0.1079,0.1711,0.0822,0.4795,0.1161,30.9,374,0.2673,0.35,0.0101,0.0,0.4991,0.4452,0.0185,0.2746,0.2713,0.2536,0.4795,0.2988,0.4584,46.24
0209003,81839,0.1093,0.0412,45,16,0.1035,0.2797,12,0.1449,0.1252,0.0687,0.0154,0.0396,5.0,10194,0.3618,0.1955,0.4545,0.4211,0.3698,0.3386,0.2222,0.3902,0.1831,0.2026,0.0154,0.1019,0.0,46.17
1605001,43624,0.0978,0.1032,28,9,0.0983,0.2522,12,0.075,0.2237,0.1036,0.0,0.0386,5.0,5692,0.2971,0.6582,0.2828,0.2368,0.3395,0.3053,0.2222,0.1718,0.3725,0.3343,0.0,0.0994,0.0,46.16
2431006,5707,0.1155,0.0846,5,0,0.0975,0.0971,3,0.1724,0.2176,0.0355,0.5147,0.0805,24.1,643,0.3967,0.5194,0.0505,0.0,0.3349,0.1176,0.0556,0.4761,0.3608,0.0774,0.5147,0.2072,0.3381,46.14
0422005,4893,0.0989,0.0567,3,0,0.1463,0.2042,0,0.0818,0.2003,0.1133,0.4237,0.1493,27.0,741,0.3033,0.3112,0.0303,0.0,0.6191,0.2472,0.0,0.1931,0.3275,0.3709,0.4237,0.3843,0.3894,46.13
3018002,36112,0.1239,0.0799,20,9,0.0735,0.0264,8,0.1127,0.2066,0.0667,0.2765,0.0451,30.7,4382,0.444,0.4843,0.202,0.2368,0.1951,0.032,0.1481,0.2896,0.3396,0.1951,0.2765,0.1161,0.4549,46.13
0417005,4115,0.0944,0.0692,4,1,0.0729,0.2026,1,0.1138,0.1858,0.076,0.526,0.2059,33.6,448,0.278,0.4045,0.0404,0.0263,0.1916,0.2453,0.0185,0.293,0.2996,0.2302,0.526,0.53,0.5062,46.12
2427002,11694,0.1588,0.0839,8,2,0.1225,0.2344,1,0.0745,0.2139,0.0544,0.4624,0.0498,9.7,1787,0.6404,0.5142,0.0808,0.0526,0.4805,0.2838,0.0185,0.1703,0.3537,0.1487,0.4624,0.1282,0.0832,46.11
3002003,30184,0.0735,0.0959,10,7,0.1344,0.4308,10,0.0605,0.2316,0.0739,0.0,0.1501,6.8,3549,0.1604,0.6037,0.101,0.1842,0.5498,0.5215,0.1852,0.1265,0.3877,0.2223,0.0,0.3864,0.0319,46.09
0419006,13081,0.0846,0.0741,11,2,0.1074,0.3401,6,0.0647,0.1756,0.0845,0.6906,0.1026,21.4,1555,0.2228,0.441,0.1111,0.0526,0.3925,0.4117,0.1111,0.1396,0.28,0.2623,0.6906,0.2641,0.2903,46.05
3028003,43813,0.1069,0.052,19,6,0.1316,0.4234,10,0.143,0.1689,0.0455,0.0,0.1182,10.6,5416,0.3483,0.2761,0.1919,0.1579,0.5335,0.5126,0.1852,0.3843,0.2671,0.1151,0.0,0.3042,0.0991,46.03
1007003,48077,0.1264,0.0671,27,9,0.0766,0.3006,12,0.099,0.1587,0.0776,0.0,0.1664,5.9,6159,0.4581,0.3888,0.2727,0.2368,0.2132,0.3639,0.2222,0.2468,0.2475,0.2362,0.0,0.4283,0.0159,46.02
1012002,66440,0.0914,0.0485,31,13,0.0921,0.2883,16,0.0724,0.2086,0.0791,0.1453,0.088,20.0,7627,0.2611,0.25,0.3131,0.3421,0.3034,0.349,0.2963,0.1637,0.3435,0.2419,0.1453,0.2265,0.2655,45.98
3019006,8314,0.1062,0.0531,3,1,0.1254,0.6117,3,0.0871,0.1276,0.0655,0.3597,0.1317,23.0,1072,0.3444,0.2843,0.0303,0.0263,0.4974,0.7406,0.0556,0.2096,0.1877,0.1906,0.3597,0.339,0.3186,45.84
3218001,28629,0.1091,0.0724,15,4,0.1209,0.1615,7,0.135,0.1651,0.1208,0.1226,0.0802,15.0,4331,0.3607,0.4284,0.1515,0.1053,0.4712,0.1955,0.1296,0.3593,0.2598,0.3992,0.1226,0.2064,0.177,45.82
1206007,12875,0.1552,0.0497,7,3,0.1089,0.1454,4,0.1351,0.1486,0.1145,0.3831,0.0,29.5,2189,0.6201,0.259,0.0707,0.0789,0.4013,0.176,0.0741,0.3596,0.2281,0.3755,0.3831,0.0,0.4336,45.81
2407006,2298,0.1191,0.0677,3,1,0.0826,0.3229,2,0.1069,0.0766,0.0878,0.6485,0.1427,27.8,301,0.417,0.3933,0.0303,0.0263,0.2481,0.3909,0.037,0.2715,0.0896,0.2747,0.6485,0.3673,0.4035,45.8
1823003,42777,0.1065,0.0769,20,10,0.082,0.5629,5,0.1293,0.183,0.015,0.0,0.0947,9.5,4020,0.3461,0.4619,0.202,0.2632,0.2446,0.6815,0.0926,0.3415,0.2942,0.0,0.0,0.2438,0.0796,45.73
1012007,51652,0.0677,0.0316,23,9,0.1687,0.1971,13,0.0939,0.2903,0.0638,0.2036,0.1615,6.4,6323,0.1277,0.1239,0.2323,0.2368,0.7496,0.2386,0.2407,0.2309,0.5006,0.1842,0.2036,0.4157,0.0248,45.7
0403001,23234,0.0977,0.0911,11,2,0.0894,0.1801,9,0.1616,0.1928,0.1064,0.0644,0.072,21.5,2977,0.2966,0.5679,0.1111,0.0526,0.2877,0.218,0.1667,0.4424,0.3131,0.3449,0.0644,0.1853,0.292,45.67
2206004,16014,0.1483,0.0512,9,5,0.1254,0.0,1,0.152,0.2092,0.0819,0.3201,0.0945,14.3,2547,0.5813,0.2701,0.0909,0.1316,0.4974,0.0,0.0185,0.4124,0.3446,0.2525,0.3201,0.2432,0.1646,45.66
2416003,21058,0.1386,0.0819,16,2,0.1011,0.0,7,0.1551,0.1344,0.0621,0.1954,0.1298,19.2,2891,0.5267,0.4993,0.1616,0.0526,0.3559,0.0,0.1296,0.4221,0.2008,0.1777,0.1954,0.3341,0.2513,45.66
2429002,3091,0.1138,0.0404,0,0,0.125,0.3544,0,0.1189,0.154,0.0874,0.439,0.104,36.1,436,0.3872,0.1896,0.0,0.0,0.495,0.4291,0.0,0.309,0.2385,0.2732,0.439,0.2677,0.5504,45.66
1601006,6532,0.111,0.0631,6,3,0.1272,0.2042,3,0.0744,0.2091,0.1031,0.6349,0.0862,15.5,967,0.3714,0.359,0.0606,0.0789,0.5079,0.2472,0.0556,0.1699,0.3444,0.3325,0.6349,0.2219,0.1858,45.66
1808004,39573,0.0889,0.0552,27,10,0.1554,0.0241,5,0.15,0.1988,0.046,0.1997,0.0539,18.6,4852,0.247,0.3,0.2727,0.2632,0.6721,0.0292,0.0926,0.4061,0.3246,0.117,0.1997,0.1387,0.2407,45.5
0410004,11314,0.126,0.0592,4,3,0.1318,0.083,1,0.1318,0.1132,0.1104,0.194,0.1445,28.1,1812,0.4558,0.3299,0.0404,0.0789,0.5347,0.1005,0.0185,0.3493,0.16,0.36,0.194,0.3719,0.4088,45.43
0227002,18359,0.1415,0.0577,5,5,0.1006,0.1749,7,0.1895,0.1185,0.1653,0.0701,0.0774,5.0,3299,0.5431,0.3187,0.0505,0.1316,0.3529,0.2117,0.1296,0.5295,0.1702,0.5672,0.0701,0.1992,0.0,45.41
3205003,10609,0.1406,0.0614,4,6,0.0578,0.3863,2,0.0728,0.1893,0.0669,0.2953,0.1186,33.4,1328,0.538,0.3463,0.0404,0.1579,0.1037,0.4677,0.037,0.1649,0.3063,0.1958,0.2953,0.3053,0.5027,45.38
3021001,1800,0.1263,0.0483,0,1,0.0769,0.3441,2,0.0723,0.1932,0.1711,0.3854,0.1598,20.3,297,0.4575,0.2485,0.0,0.0263,0.2149,0.4166,0.037,0.1634,0.3138,0.5891,0.3854,0.4113,0.2708,45.37
2428004,8906,0.1463,0.0901,2,1,0.0946,0.1159,2,0.0722,0.072,0.0726,0.6385,0.1291,28.7,1273,0.5701,0.5604,0.0202,0.0263,0.318,0.1403,0.037,0.1631,0.0808,0.2174,0.6385,0.3323,0.4195,45.3
1215004,6443,0.1025,0.0674,3,1,0.0893,0.0646,3,0.0688,0.1544,0.1391,1.0,0.089,29.0,927,0.3236,0.391,0.0303,0.0263,0.2871,0.0782,0.0556,0.1525,0.2392,0.4683,1.0,0.2291,0.4248,45.29
2403003,35686,0.107,0.0487,14,7,0.0941,0.4369,7,0.1147,0.2198,0.053,0.2729,0.0412,24.7,4052,0.3489,0.2515,0.1414,0.1842,0.3151,0.5289,0.1296,0.2958,0.365,0.1434,0.2729,0.106,0.3487,45.24
2412004,4294,0.0805,0.0598,0,0,0.0939,0.0,3,0.1549,0.2104,0.1087,0.5416,0.1784,34.5,517,0.1998,0.3343,0.0,0.0,0.3139,0.0,0.0556,0.4214,0.3469,0.3536,0.5416,0.4592,0.5221,45.23
0217002,23973,0.1215,0.0867,13,7,0.1325,0.0,5,0.15,0.1753,0.0937,0.0362,0.0359,15.8,3632,0.4305,0.5351,0.1313,0.1842,0.5387,0.0,0.0926,0.4061,0.2794,0.297,0.0362,0.0924,0.1912,45.2
0408005,26893,0.1149,0.0625,18,7,0.0882,0.4556,6,0.082,0.1202,0.0725,0.1352,0.1219,21.5,3334,0.3934,0.3545,0.1818,0.1842,0.2807,0.5516,0.1111,0.1937,0.1735,0.217,0.1352,0.3138,0.292,45.19
3009005,26666,0.0837,0.0651,18,5,0.1109,0.1545,4,0.1894,0.1699,0.0995,0.0,0.0781,24.2,3346,0.2178,0.3739,0.1818,0.1316,0.4129,0.187,0.0741,0.5292,0.269,0.3189,0.0,0.201,0.3398,45.11
0210005,26826,0.108,0.0823,13,10,0.1124,0.3228,6,0.1042,0.1403,0.0959,0.0193,0.0815,10.4,3700,0.3545,0.5022,0.1313,0.2632,0.4217,0.3908,0.1111,0.263,0.2121,0.3053,0.0193,0.2098,0.0956,45.11
3004005,7204,0.0853,0.0668,4,3,0.1432,0.2056,1,0.1521,0.1578,0.0334,0.579,0.1353,15.9,802,0.2268,0.3866,0.0404,0.0789,0.601,0.2489,0.0185,0.4127,0.2458,0.0694,0.579,0.3483,0.1929,45.05
1024004,17447,0.1345,0.0443,7,0,0.1063,0.0383,2,0.0256,0.2742,0.1055,0.5828,0.1605,32.5,2683,0.5037,0.2187,0.0707,0.0,0.3861,0.0464,0.037,0.0175,0.4696,0.3415,0.5828,0.4131,0.4867,44.92
3020004,35450,0.0795,0.0444,15,3,0.1166,0.502,16,0.2106,0.1355,0.0579,0.2463,0.003,17.3,3835,0.1941,0.2194,0.1515,0.0789,0.4461,0.6077,0.2963,0.5954,0.2029,0.1619,0.2463,0.0077,0.2177,44.88
0206007,24269,0.0857,0.0678,15,5,0.0948,0.2697,13,0.1391,0.1861,0.1075,0.1683,0.0517,21.0,3012,0.229,0.394,0.1515,0.1316,0.3192,0.3265,0.2407,0.3721,0.3002,0.3491,0.1683,0.1331,0.2832,44.87
1010004,23001,0.1021,0.0578,12,5,0.0931,0.3074,4,0.1055,0.0465,0.1176,0.216,0.1629,31.1,3140,0.3213,0.3194,0.1212,0.1316,0.3093,0.3722,0.0741,0.2671,0.0317,0.3872,0.216,0.4193,0.4619,44.86
2427004,12365,0.1151,0.0627,5,1,0.0648,0.7015,7,0.0836,0.2972,0.1097,0.0069,0.0184,20.8,1611,0.3945,0.356,0.0505,0.0263,0.1444,0.8493,0.1296,0.1987,0.5138,0.3574,0.0069,0.0474,0.2796,44.65
1007006,46695,0.0734,0.047,34,5,0.1089,0.3102,12,0.1086,0.1421,0.0489,0.1835,0.1146,29.1,4617,0.1598,0.2388,0.3434,0.1316,0.4013,0.3755,0.2222,0.2768,0.2156,0.1279,0.1835,0.295,0.4265,44.63
3202003,43293,0.1125,0.0639,18,11,0.1046,0.2184,9,0.0313,0.2313,0.1137,0.0,0.1213,16.2,6261,0.3799,0.3649,0.1818,0.2895,0.3762,0.2644,0.1667,0.0353,0.3871,0.3725,0.0,0.3122,0.1982,44.5
1020003,31128,0.1166,0.0674,19,10,0.1338,0.1036,7,0.0534,0.1465,0.0684,0.2766,0.1009,19.0,4334,0.4029,0.391,0.1919,0.2632,0.5463,0.1254,0.1296,0.1043,0.224,0.2015,0.2766,0.2597,0.2478,44.48
3010002,25133,0.0572,0.095,16,6,0.0988,0.0,5,0.066,0.162,0.1281,0.5549,0.1417,21.9,2969,0.0687,0.597,0.1616,0.1579,0.3425,0.0,0.0926,0.1437,0.2538,0.4268,0.5549,0.3647,0.2991,44.47
0219005,10152,0.1402,0.0772,4,1,0.1082,0.0273,5,0.0762,0.0614,0.1213,0.1964,0.1722,35.7,1664,0.5357,0.4642,0.0404,0.0263,0.3972,0.0331,0.0926,0.1756,0.0604,0.4011,0.1964,0.4432,0.5434,44.47
3024003,6930,0.1303,0.0611,6,3,0.071,0.0181,4,0.1619,0.1921,0.1139,0.4134,0.0953,21.2,993,0.48,0.344,0.0606,0.0789,0.1805,0.0219,0.0741,0.4433,0.3117,0.3732,0.4134,0.2453,0.2867,44.42
0423005,38528,0.0935,0.09,25,6,0.1624,0.0,3,0.1044,0.1754,0.0793,0.1026,0.0876,6.7,5424,0.2729,0.5597,0.2525,0.1579,0.7129,0.0,0.0556,0.2637,0.2796,0.2426,0.1026,0.2255,0.0301,44.38
0421006,27779,0.1078,0.0707,15,7,0.1043,0.5138,6,0.0903,0.1478,0.0752,0.0,0.097,11.7,3518,0.3534,0.4157,0.1515,0.1842,0.3745,0.622,0.1111,0.2196,0.2265,0.2272,0.0,0.2497,0.1186,44.37
0220007,38199,0.09,0.0628,20,8,0.1536,0.3578,7,0.1178,0.0764,0.015,0.2302,0.0927,17.4,4201,0.2532,0.3567,0.202,0.2105,0.6616,0.4332,0.1296,0.3055,0.0892,0.0,0.2302,0.2386,0.2195,44.37
3218005,23544,0.0912,0.0728,14,5,0.0944,0.2002,9,0.1695,0.1207,0.0576,0.1558,0.1289,22.5,2520,0.26,0.4313,0.1414,0.1316,0.3168,0.2424,0.1667,0.467,0.1744,0.1608,0.1558,0.3318,0.3097,44.37
1805004,8866,0.1566,0.0677,8,0,0.1265,0.1094,1,0.0288,0.2287,0.0895,0.2983,0.0932,26.2,1481,0.628,0.3933,0.0808,0.0,0.5038,0.1324,0.0185,0.0275,0.3821,0.2811,0.2983,0.2399,0.3752,44.35
3018001,56154,0.1003,0.0397,39,12,0.1438,0.0,12,0.0966,0.0547,0.1195,0.1541,0.0578,21.8,8659,0.3112,0.1843,0.3939,0.3158,0.6045,0.0,0.2222,0.2393,0.0475,0.3943,0.1541,0.1488,0.2973,44.34
1220007,8574,0.0851,0.0495,8,5,0.0957,0.0,1,0.1608,0.2473,0.0643,0.6036,0.1118,29.1,922,0.2257,0.2575,0.0808,0.1316,0.3244,0.0,0.0185,0.4399,0.4179,0.186,0.6036,0.2878,0.4265,44.32
3016005,13712,0.0758,0.0817,9,2,0.153,0.2834,4,0.1045,0.1138,0.0867,0.2512,0.1445,13.6,1792,0.1733,0.4978,0.0909,0.0526,0.6581,0.3431,0.0741,0.264,0.1612,0.2706,0.2512,0.3719,0.1522,44.32
0812005,7793,0.1408,0.0692,3,0,0.1457,0.0,3,0.0541,0.1953,0.108,0.4597,0.0611,27.9,1340,0.5391,0.4045,0.0303,0.0,0.6156,0.0,0.0556,0.1065,0.3179,0.3509,0.4597,0.1573,0.4053,44.3
0219006,7717,0.1037,0.0808,4,1,0.0941,0.3092,3,0.1591,0.2121,0.0641,0.0291,0.1397,16.9,897,0.3303,0.491,0.0404,0.0263,0.3151,0.3743,0.0556,0.4346,0.3502,0.1853,0.0291,0.3596,0.2106,44.26
0413004,6961,0.1618,0.0605,5,2,0.1619,0.1578,2,0.1243,0.1264,0.015,0.2089,0.0644,24.1,1062,0.6573,0.3396,0.0505,0.0526,0.71,0.191,0.037,0.3258,0.1854,0.0,0.2089,0.1658,0.3381,44.25
0414006,10970,0.0719,0.0941,5,1,0.101,0.1971,2,0.1226,0.233,0.1153,0.5158,0.0272,18.7,1333,0.1514,0.5903,0.0505,0.0263,0.3553,0.2386,0.037,0.3205,0.3904,0.3785,0.5158,0.07,0.2425,44.21
1608006,6287,0.0912,0.0655,3,3,0.1257,0.3768,1,0.0781,0.2284,0.1438,0.486,0.0132,12.3,959,0.26,0.3769,0.0303,0.0789,0.4991,0.4562,0.0185,0.1815,0.3815,0.486,0.486,0.034,0.1292,44.2
1005003,6489,0.1099,0.0627,4,0,0.1182,0.0001,0,0.1368,0.1532,0.0904,0.402,0.1173,37.1,899,0.3652,0.356,0.0404,0.0,0.4554,0.0001,0.0,0.3649,0.2369,0.2845,0.402,0.3019,0.5681,44.19
1821002,45416,0.1068,0.0353,20,11,0.0595,0.5211,15,0.1181,0.1913,0.0608,0.0656,0.0723,21.5,4749,0.3478,0.1515,0.202,0.2895,0.1136,0.6309,0.2778,0.3065,0.3102,0.1728,0.0656,0.1861,0.292,44.18
3211001,2503,0.1266,0.0478,2,1,0.1375,0.2353,0,0.0614,0.1726,0.0177,0.5471,0.2409,21.1,315,0.4592,0.2448,0.0202,0.0263,0.5679,0.2849,0.0,0.1293,0.2742,0.0102,0.5471,0.6201,0.285,44.17
0814005,13049,0.103,0.0717,5,1,0.0905,0.3412,4,0.2056,0.1578,0.0259,0.227,0.0487,29.0,1293,0.3264,0.4231,0.0505,0.0263,0.2941,0.4131,0.0741,0.5798,0.2458,0.0411,0.227,0.1254,0.4248,44.16
2409004,7335,0.119,0.0863,3,0,0.0735,0.1374,0,0.0961,0.2119,0.0826,0.2397,0.1721,29.3,914,0.4164,0.5321,0.0303,0.0,0.1951,0.1663,0.0,0.2377,0.3498,0.2551,0.2397,0.443,0.4301,44.15
1213003,5604,0.1247,0.0555,6,0,0.1186,0.0,1,0.1596,0.0307,0.1051,0.5572,0.1485,26.2,858,0.4485,0.3022,0.0606,0.0,0.4578,0.0,0.0185,0.4361,0.0013,0.34,0.5572,0.3822,0.3752,44.13
1431006,10565,0.113,0.0689,6,0,0.1026,0.0,1,0.2115,0.3624,0.0509,0.0764,0.1306,8.0,1257,0.3827,0.4022,0.0606,0.0,0.3646,0.0,0.0185,0.5983,0.6392,0.1355,0.0764,0.3362,0.0531,44.09
0802004,34958,0.0611,0.0814,17,4,0.1168,0.0573,7,0.2104,0.2108,0.0865,0.0,0.058,20.7,3834,0.0906,0.4955,0.1717,0.1053,0.4473,0.0694,0.1296,0.5948,0.3477,0.2698,0.0,0.1493,0.2779,44.07
1405005,8744,0.1095,0.0291,3,1,0.0794,0.273,1,0.1687,0.2953,0.1466,0.0,0.1041,27.8,1286,0.363,0.1052,0.0303,0.0263,0.2295,0.3305,0.0185,0.4645,0.5102,0.4966,0.0,0.268,0.4035,44.06
0218001,32949,0.1215,0.0432,23,3,0.0938,0.536,8,0.0667,0.2113,0.0574,0.2365,0.1153,8.0,4066,0.4305,0.2104,0.2323,0.0789,0.3133,0.6489,0.1481,0.1459,0.3487,0.16,0.2365,0.2968,0.0531,43.91
1606003,92868,0.1027,0.0346,56,23,0.0873,0.0918,30,0.0646,0.0913,0.0172,0.1579,0.0823,11.6,8801,0.3247,0.1463,0.5657,0.6053,0.2755,0.1111,0.5556,0.1393,0.1179,0.0083,0.1579,0.2118,0.1168,43.9
3011001,39984,0.0838,0.0615,27,8,0.1212,0.326,12,0.02,0.1111,0.1636,0.1587,0.0587,18.5,6190,0.2183,0.347,0.2727,0.2105,0.4729,0.3947,0.2222,0.0,0.156,0.5608,0.1587,0.1511,0.2389,43.89
2209004,8198,0.1429,0.0376,6,0,0.1406,0.0303,1,0.0752,0.2453,0.1235,0.1952,0.1263,26.9,1458,0.5509,0.1687,0.0606,0.0,0.5859,0.0367,0.0185,0.1724,0.414,0.4094,0.1952,0.3251,0.3876,43.87
1209004,15950,0.1133,0.0608,11,2,0.0761,0.6025,3,0.0576,0.2282,0.1184,0.0,0.1001,18.3,2187,0.3844,0.3418,0.1111,0.0526,0.2103,0.7294,0.0556,0.1175,0.3812,0.3902,0.0,0.2577,0.2354,43.87
3034004,9045,0.09,0.0366,6,2,0.1296,0.4738,3,0.1937,0.1611,0.0825,0.0,0.1598,8.5,1164,0.2532,0.1612,0.0606,0.0526,0.5218,0.5736,0.0556,0.5426,0.2521,0.2547,0.0,0.4113,0.0619,43.83
2405004,5557,0.1352,0.0272,7,0,0.1054,0.0007,1,0.1511,0.1592,0.1154,0.664,0.0578,32.6,881,0.5076,0.091,0.0707,0.0,0.3809,0.0008,0.0185,0.4096,0.2485,0.3789,0.664,0.1488,0.4885,43.82
1208004,4293,0.1045,0.065,6,1,0.1,0.306,1,0.1257,0.3538,0.0623,0.1299,0.0976,12.8,510,0.3348,0.3731,0.0606,0.0263,0.3494,0.3705,0.0185,0.3302,0.6227,0.1785,0.1299,0.2512,0.1381,43.77
3012001,2918,0.1059,0.0703,1,0,0.1237,0.1793,1,0.1771,0.1395,0.0168,0.5987,0.0966,20.8,316,0.3427,0.4127,0.0101,0.0,0.4875,0.2171,0.0185,0.4908,0.2106,0.0068,0.5987,0.2486,0.2796,43.74
1213007,4502,0.1226,0.057,2,1,0.1301,0.1438,1,0.02,0.1961,0.1625,0.1384,0.1706,28.6,804,0.4367,0.3134,0.0202,0.0263,0.5248,0.1741,0.0185,0.0,0.3194,0.5566,0.1384,0.4391,0.4177,43.69
1602002,28922,0.1502,0.0532,16,8,0.1466,0.4554,5,0.02,0.182,0.0909,0.0088,0.0442,5.0,4948,0.592,0.2851,0.1616,0.2105,0.6209,0.5513,0.0926,0.0,0.2923,0.2864,0.0088,0.1138,0.0,43.68
2431005,12482,0.1213,0.0393,7,4,0.1093,0.2008,4,0.1094,0.2246,0.0847,0.3388,0.1439,15.6,1744,0.4294,0.1813,0.0707,0.1053,0.4036,0.2431,0.0741,0.2793,0.3742,0.263,0.3388,0.3704,0.1876,43.66
1009006,3539,0.1097,0.0641,2,0,0.1003,0.3383,2,0.1279,0.1186,0.1114,0.2384,0.0959,28.2,497,0.3641,0.3664,0.0202,0.0,0.3512,0.4096,0.037,0.3371,0.1704,0.3638,0.2384,0.2468,0.4106,43.64
0407001,24601,0.0946,0.0647,14,5,0.1059,0.5366,4,0.0486,0.2637,0.0704,0.269,0.0672,9.4,2903,0.2791,0.3709,0.1414,0.1316,0.3838,0.6496,0.0741,0.0893,0.4494,0.2091,0.269,0.173,0.0779,43.61
2428001,31375,0.0857,0.0631,17,8,0.1103,0.2849,3,0.0623,0.1993,0.1124,0.0754,0.1376,16.8,4125,0.229,0.359,0.1717,0.2105,0.4094,0.3449,0.0556,0.1321,0.3256,0.3675,0.0754,0.3542,0.2088,43.57
2601004,34173,0.1138,0.0789,20,5,0.1215,0.0,12,0.1396,0.1466,0.0906,0.085,0.0464,15.7,4855,0.3872,0.4769,0.202,0.1316,0.4747,0.0,0.2222,0.3736,0.2242,0.2853,0.085,0.1194,0.1894,43.53
0814004,7272,0.0788,0.0729,2,1,0.1551,0.0776,2,0.1496,0.2362,0.117,0.0,0.1271,16.6,1053,0.1902,0.4321,0.0202,0.0263,0.6704,0.0939,0.037,0.4049,0.3965,0.3849,0.0,0.3272,0.2053,43.5
0804001,12055,0.1023,0.0436,9,2,0.1509,0.1938,3,0.097,0.066,0.0913,0.5778,0.1219,24.1,1766,0.3225,0.2134,0.0909,0.0526,0.6459,0.2346,0.0556,0.2405,0.0692,0.2879,0.5778,0.3138,0.3381,43.48
2608001,21946,0.1806,0.0335,13,4,0.0797,0.2237,9,0.0619,0.2643,0.083,0.0,0.0564,30.4,3537,0.7631,0.1381,0.1313,0.1053,0.2312,0.2708,0.1667,0.1309,0.4506,0.2566,0.0,0.1452,0.4496,43.43
1603007,2509,0.1018,0.0923,0,1,0.1614,0.0,0,0.0893,0.073,0.0694,0.5906,0.128,23.3,352,0.3196,0.5769,0.0,0.0263,0.707,0.0,0.0,0.2165,0.0827,0.2053,0.5906,0.3295,0.3239,43.43
1819002,23265,0.1014,0.08,8,5,0.135,0.3818,5,0.1362,0.0495,0.0772,0.0442,0.1379,5.6,3128,0.3174,0.4851,0.0808,0.1316,0.5533,0.4622,0.0926,0.363,0.0375,0.2347,0.0442,0.355,0.0106,43.41
1021003,13194,0.0727,0.0723,8,1,0.1666,0.2126,4,0.197,0.1641,0.0904,0.0,0.0983,5.4,1782,0.1559,0.4276,0.0808,0.0263,0.7373,0.2574,0.0741,0.553,0.2579,0.2845,0.0,0.253,0.0071,43.39
2820005,18948,0.1394,0.0168,9,4,0.0893,0.0,5,0.189,0.226,0.1591,0.0553,0.0981,20.8,3263,0.5312,0.0134,0.0909,0.1053,0.2871,0.0,0.0926,0.528,0.3769,0.5438,0.0553,0.2525,0.2796,43.33
1018002,6170,0.1171,0.037,3,0,0.1016,0.2391,2,0.1238,0.1818,0.1071,0.6325,0.1037,18.4,884,0.4057,0.1642,0.0303,0.0,0.3588,0.2895,0.037,0.3243,0.2919,0.3475,0.6325,0.2669,0.2372,43.26
2609002,8622,0.1072,0.0603,2,0,0.1358,0.2859,7,0.086,0.172,0.1144,0.0279,0.1277,25.4,1314,0.35,0.3381,0.0202,0.0,0.5579,0.3461,0.1296,0.2062,0.2731,0.3751,0.0279,0.3287,0.3611,43.2
0212005,8677,0.1252,0.0302,5,1,0.1106,0.0938,0,0.171,0.1224,0.1255,0.3686,0.1416,20.8,1374,0.4513,0.1134,0.0505,0.0263,0.4112,0.1136,0.0,0.4717,0.1777,0.417,0.3686,0.3645,0.2796,43.16
3203005,19885,0.0603,0.0287,8,8,0.1563,0.3474,4,0.0775,0.2531,0.1422,0.0525,0.0778,24.8,2894,0.0861,0.1022,0.0808,0.2105,0.6773,0.4206,0.0741,0.1796,0.429,0.48,0.0525,0.2003,0.3504,43.12
0806007,10613,0.1244,0.0251,1,3,0.1241,0.4934,3,0.0792,0.1953,0.0922,0.1542,0.0969,27.2,1582,0.4468,0.0754,0.0101,0.0789,0.4898,0.5973,0.0556,0.1849,0.3179,0.2913,0.1542,0.2494,0.3929,43.11
2201001,38601,0.0765,0.0564,15,9,0.1139,0.3638,9,0.0722,0.2483,0.0974,0.1316,0.0855,11.5,4690,0.1773,0.309,0.1515,0.2368,0.4304,0.4404,0.1667,0.1631,0.4198,0.3109,0.1316,0.2201,0.115,43.1
1205005,20463,0.0492,0.0681,15,6,0.0973,0.242,3,0.1824,0.2139,0.0743,0.1843,0.0892,18.3,1879,0.0236,0.3963,0.1515,0.1579,0.3337,0.293,0.0556,0.5073,0.3537,0.2238,0.1843,0.2296,0.2354,43.03
3007004,30737,0.074,0.0637,23,7,0.0488,0.3283,10,0.2006,0.1469,0.1034,0.0669,0.0887,10.2,3077,0.1632,0.3634,0.2323,0.1842,0.0513,0.3975,0.1852,0.5642,0.2248,0.3336,0.0669,0.2283,0.092,43.02
3217005,8905,0.0959,0.0725,8,1,0.0638,0.3967,0,0.1232,0.1124,0.1116,0.4585,0.0658,25.0,1075,0.2864,0.4291,0.0808,0.0263,0.1386,0.4803,0.0,0.3224,0.1585,0.3645,0.4585,0.1694,0.354,42.98
1805006,5498,0.102,0.0712,3,1,0.0784,0.091,0,0.1729,0.044,0.0847,0.603,0.1488,27.7,649,0.3208,0.4194,0.0303,0.0263,0.2236,0.1102,0.0,0.4777,0.0269,0.263,0.603,0.383,0.4018,42.96
0422001,4352,0.1308,0.0671,5,2,0.1038,0.0265,1,0.0937,0.15,0.124,0.3176,0.0788,31.1,694,0.4828,0.3888,0.0505,0.0526,0.3716,0.0321,0.0185,0.2302,0.2308,0.4113,0.3176,0.2028,0.4619,42.95
1007004,37845,0.0873,0.0347,24,6,0.1191,0.2231,10,0.1298,0.1688,0.1006,0.2111,0.144,5.0,4947,0.238,0.147,0.2424,0.1579,0.4607,0.2701,0.1852,0.343,0.2669,0.323,0.2111,0.3707,0.0,42.94
3212005,10161,0.0984,0.082,11,2,0.1104,0.3471,5,0.0663,0.1789,0.0506,0.202,0.1032,23.8,1161,0.3005,0.5,0.1111,0.0526,0.41,0.4202,0.0926,0.1446,0.2863,0.1343,0.202,0.2656,0.3327,42.9
3008002,12286,0.0865,0.0865,6,1,0.1073,0.1007,4,0.1347,0.2014,0.0848,0.3074,0.0574,26.2,1469,0.2335,0.5336,0.0606,0.0263,0.392,0.1219,0.0741,0.3583,0.3296,0.2634,0.3074,0.1477,0.3752,42.87
0412001,24819,0.1166,0.0646,9,7,0.0894,0.3321,2,0.0785,0.1501,0.1426,0.1361,0.0244,23.6,3799,0.4029,0.3701,0.0909,0.1842,0.2877,0.4021,0.037,0.1828,0.231,0.4815,0.1361,0.0628,0.3292,42.87
3209006,22963,0.1623,0.072,10,3,0.1443,0.182,7,0.02,0.1139,0.0998,0.1098,0.058,20.5,4139,0.6601,0.4254,0.101,0.0789,0.6075,0.2203,0.1296,0.0,0.1613,0.32,0.1098,0.1493,0.2743,42.86
0204007,18720,0.1624,0.052,14,3,0.0989,0.4704,4,0.1048,0.1943,0.0356,0.0,0.0941,5.0,2603,0.6607,0.2761,0.1414,0.0789,0.343,0.5695,0.0741,0.2649,0.316,0.0777,0.0,0.2422,0.0,42.83
0403007,17152,0.0895,0.0478,11,3,0.085,0.4528,2,0.1143,0.3005,0.1147,0.0,0.0923,14.9,2155,0.2504,0.2448,0.1111,0.0789,0.2621,0.5482,0.037,0.2946,0.5202,0.3762,0.0,0.2376,0.1752,42.83
0414004,22244,0.1532,0.0908,11,6,0.1021,0.1207,9,0.0421,0.1185,0.0895,0.0,0.069,24.9,3482,0.6089,0.5657,0.1111,0.1579,0.3617,0.1461,0.1667,0.069,0.1702,0.2811,0.0,0.1776,0.3522,42.78
2420002,1800,0.1205,0.0475,1,1,0.1499,0.2279,0,0.1028,0.0781,0.0668,0.4157,0.1271,28.7,263,0.4249,0.2425,0.0101,0.0263,0.6401,0.2759,0.0,0.2587,0.0925,0.1955,0.4157,0.3272,0.4195,42.77
0202006,22073,0.1351,0.0466,8,6,0.1029,0.0,8,0.1574,0.2104,0.0982,0.0406,0.0395,28.3,3316,0.507,0.2358,0.0808,0.1579,0.3663,0.0,0.1481,0.4292,0.3469,0.314,0.0406,0.1017,0.4124,42.76
2216003,4297,0.1456,0.0689,4,0,0.0759,0.3405,2,0.0633,0.0598,0.0694,0.3978,0.1826,25.2,581,0.5661,0.4022,0.0404,0.0,0.2091,0.4122,0.037,0.1353,0.0573,0.2053,0.3978,0.47,0.3575,42.67
0218007,23827,0.1257,0.029,18,6,0.1292,0.1844,5,0.0878,0.0897,0.0476,0.5012,0.1184,23.0,3202,0.4541,0.1045,0.1818,0.1579,0.5195,0.2232,0.0926,0.2118,0.1148,0.123,0.5012,0.3048,0.3186,42.58
2216001,29506,0.1525,0.0511,20,8,0.1082,0.0,6,0.1088,0.129,0.0636,0.108,0.1573,10.8,4370,0.605,0.2694,0.202,0.2105,0.3972,0.0,0.1111,0.2774,0.1904,0.1834,0.108,0.4049,0.1027,42.58
1211004,20563,0.1119,0.0385,8,1,0.1689,0.0173,8,0.1066,0.1392,0.1368,0.1453,0.0942,26.2,3615,0.3765,0.1754,0.0808,0.0263,0.7507,0.0209,0.1481,0.2705,0.21,0.4596,0.1453,0.2425,0.3752,42.5
0204005,4407,0.1413,0.0418,3,0,0.1083,0.0929,0,0.1191,0.1796,0.102,0.5162,0.1013,19.4,692,0.5419,0.2,0.0303,0.0,0.3978,0.1125,0.0,0.3096,0.2877,0.3283,0.5162,0.2607,0.2549,42.47
0806001,5971,0.1345,0.0659,5,2,0.0597,0.2801,3,0.0837,0.1919,0.0762,0.4723,0.0779,24.1,755,0.5037,0.3799,0.0505,0.0526,0.1147,0.3391,0.0556,0.199,0.3113,0.2309,0.4723,0.2005,0.3381,42.4
0201002,33232,0.1119,0.0626,12,4,0.0976,0.2829,11,0.0785,0.1393,0.153,0.2125,0.0545,12.6,5230,0.3765,0.3552,0.1212,0.1053,0.3355,0.3425,0.2037,0.1828,0.2102,0.5208,0.2125,0.1403,0.1345,42.33
2606002,35672,0.1256,0.0343,20,10,0.04,0.3147,4,0.0429,0.1253,0.1495,0.0287,0.1532,32.4,5126,0.4536,0.144,0.202,0.2632,0.0,0.381,0.0741,0.0715,0.1833,0.5075,0.0287,0.3943,0.485,42.28
3028006,6125,0.0645,0.0479,5,0,0.1001,0.1515,4,0.1552,0.2834,0.0864,0.6019,0.0421,28.7,648,0.1097,0.2455,0.0505,0.0,0.35,0.1834,0.0741,0.4224,0.4873,0.2694,0.6019,0.1084,0.4195,42.27
1204001,14811,0.1396,0.055,10,3,0.065,0.4068,4,0.0939,0.2094,0.1127,0.1131,0.0,24.3,2154,0.5324,0.2985,0.101,0.0789,0.1456,0.4925,0.0741,0.2309,0.345,0.3687,0.1131,0.0,0.3416,42.23
0410003,17518,0.0905,0.067,6,3,0.1,0.2029,5,0.1315,0.2629,0.0298,0.1387,0.1226,26.1,1702,0.256,0.3881,0.0606,0.0789,0.3494,0.2456,0.0926,0.3483,0.4479,0.0558,0.1387,0.3156,0.3735,42.22
1606001,13162,0.1343,0.0667,10,3,0.0609,0.1059,3,0.1105,0.1714,0.057,0.4244,0.0543,35.0,1565,0.5025,0.3858,0.101,0.0789,0.1217,0.1282,0.0556,0.2827,0.2719,0.1585,0.4244,0.1398,0.531,42.13
1807006,35096,0.0909,0.0799,16,4,0.1116,0.3364,10,0.1593,0.2246,0.0446,0.0,0.0202,5.8,3771,0.2583,0.4843,0.1616,0.1053,0.417,0.4073,0.1852,0.4352,0.3742,0.1117,0.0,0.052,0.0142,42.09
3008006,14132,0.1074,0.074,8,3,0.1301,0.2154,3,0.1021,0.1396,0.1103,0.0,0.1161,14.0,2112,0.3512,0.4403,0.0808,0.0789,0.5248,0.2608,0.0556,0.2565,0.2108,0.3596,0.0,0.2988,0.1593,42.08
2432003,25529,0.1383,0.0769,16,4,0.1495,0.2814,7,0.0483,0.1277,0.0195,0.1545,0.0989,7.7,3496,0.525,0.4619,0.1616,0.1053,0.6377,0.3407,0.1296,0.0884,0.1879,0.017,0.1545,0.2546,0.0478,42.08
1015003,25512,0.0722,0.0839,22,4,0.1004,0.2191,7,0.1643,0.0402,0.0906,0.0,0.0906,22.5,2860,0.1531,0.5142,0.2222,0.1053,0.3518,0.2653,0.1296,0.4508,0.0196,0.2853,0.0,0.2332,0.3097,42.07
1022006,3469,0.1339,0.056,1,0,0.1105,0.1874,0,0.0499,0.1505,0.061,0.4514,0.1839,28.1,475,0.5003,0.306,0.0101,0.0,0.4106,0.2269,0.0,0.0934,0.2317,0.1736,0.4514,0.4734,0.4088,41.99
1404003,60396,0.045,0.0456,26,10,0.0773,0.1963,14,0.1769,0.2373,0.0783,0.0,0.1106,16.7,5056,0.0,0.2284,0.2626,0.2632,0.2172,0.2377,0.2593,0.4902,0.3987,0.2389,0.0,0.2847,0.2071,41.92
1019001,3242,0.1047,0.0762,3,0,0.0893,0.1566,0,0.0363,0.2028,0.0635,0.6469,0.1874,22.9,373,0.336,0.4567,0.0303,0.0,0.2871,0.1896,0.0,0.0509,0.3323,0.183,0.6469,0.4824,0.3168,41.89
2424005,17049,0.1153,0.058,14,3,0.0764,0.5449,3,0.0799,0.2165,0.0735,0.1777,0.082,8.9,2055,0.3956,0.3209,0.1414,0.0789,0.212,0.6597,0.0556,0.1871,0.3587,0.2208,0.1777,0.2111,0.069,41.86
0207004,9239,0.0884,0.0632,3,1,0.1055,0.262,3,0.1805,0.1333,0.0947,0.423,0.0717,11.7,1144,0.2442,0.3597,0.0303,0.0263,0.3815,0.3172,0.0556,0.5014,0.1987,0.3008,0.423,0.1846,0.1186,41.78
3201006,13573,0.0633,0.0854,10,5,0.1166,0.1134,2,0.02,0.2617,0.0898,0.4951,0.083,25.5,1529,0.103,0.5254,0.101,0.1316,0.4461,0.1373,0.037,0.0,0.4456,0.2823,0.4951,0.2136,0.3628,41.74
3003004,5379,0.0863,0.0625,4,1,0.1183,0.0031,2,0.1534,0.2035,0.059,0.4382,0.1188,25.7,609,0.2324,0.3545,0.0404,0.0263,0.456,0.0038,0.037,0.4167,0.3337,0.166,0.4382,0.3058,0.3664,41.72
1419005,11720,0.0957,0.0452,3,4,0.0815,0.0,3,0.267,0.1609,0.1002,0.0,0.1719,17.2,1427,0.2853,0.2254,0.0303,0.1053,0.2417,0.0,0.0556,0.7716,0.2517,0.3215,0.0,0.4425,0.2159,41.69
2212003,25769,0.1041,0.0442,11,8,0.1105,0.1774,12,0.0808,0.1812,0.1324,0.091,0.0609,22.7,3855,0.3326,0.2179,0.1111,0.2105,0.4106,0.2148,0.2222,0.1899,0.2908,0.443,0.091,0.1568,0.3133,41.56
2429003,27504,0.0986,0.0556,13,9,0.0838,0.019,9,0.1187,0.2331,0.0665,0.4,0.1026,14.7,3051,0.3016,0.303,0.1313,0.2368,0.2551,0.023,0.1667,0.3083,0.3906,0.1943,0.4,0.2641,0.1717,41.49
2606003,10506,0.1103,0.0565,3,4,0.1146,0.1112,3,0.114,0.1743,0.0423,0.0699,0.1715,32.7,1243,0.3675,0.3097,0.0303,0.1053,0.4345,0.1346,0.0556,0.2937,0.2775,0.103,0.0699,0.4414,0.4903,41.45
1808001,10214,0.1589,0.0508,3,0,0.1274,0.1095,1,0.1002,0.1525,0.0492,0.4663,0.1127,14.0,1552,0.641,0.2672,0.0303,0.0,0.509,0.1326,0.0185,0.2505,0.2356,0.1291,0.4663,0.2901,0.1593,41.45
3024006,38154,0.121,0.0702,20,8,0.099,0.281,11,0.0984,0.0752,0.015,0.3172,0.0635,13.8,4118,0.4277,0.4119,0.202,0.2105,0.3436,0.3402,0.2037,0.2449,0.0869,0.0,0.3172,0.1634,0.1558,41.42
2406004,11966,0.045,0.0606,4,3,0.1093,0.3284,6,0.1124,0.1372,0.1377,0.2278,0.1096,28.3,1420,0.0,0.3403,0.0404,0.0789,0.4036,0.3976,0.1111,0.2887,0.2062,0.463,0.2278,0.2821,0.4124,41.3
1024003,8702,0.0785,0.0642,2,4,0.1431,0.0212,2,0.13,0.2451,0.1024,0.3881,0.0192,20.1,1173,0.1885,0.3672,0.0202,0.1053,0.6005,0.0257,0.037,0.3436,0.4137,0.3298,0.3881,0.0494,0.2673,41.21
1817002,50338,0.0894,0.0513,29,5,0.1015,0.4703,17,0.021,0.2304,0.097,0.1758,0.0103,11.3,6250,0.2499,0.2709,0.2929,0.1316,0.3582,0.5694,0.3148,0.0031,0.3854,0.3094,0.1758,0.0265,0.1115,41.17
2414006,11634,0.1042,0.0751,10,3,0.0771,0.035,3,0.1324,0.1703,0.0795,0.2818,0.1315,20.6,1363,0.3331,0.4485,0.101,0.0789,0.2161,0.0424,0.0556,0.3511,0.2698,0.2434,0.2818,0.3385,0.2761,41.15
2205006,16514,0.1393,0.0547,13,2,0.0874,0.3851,8,0.0549,0.27,0.0664,0.0,0.0386,21.5,2223,0.5307,0.2963,0.1313,0.0526,0.2761,0.4662,0.1481,0.109,0.4615,0.194,0.0,0.0994,0.292,41.14
1004006,22894,0.1444,0.028,11,4,0.0969,0.1421,4,0.0472,0.1811,0.1316,0.2335,0.1577,18.8,3814,0.5594,0.097,0.1111,0.1053,0.3314,0.172,0.0741,0.085,0.2906,0.44,0.2335,0.4059,0.2442,41.14
3032004,17391,0.0971,0.0665,12,6,0.1029,0.0402,7,0.2237,0.1048,0.0675,0.0,0.1333,8.8,2042,0.2932,0.3843,0.1212,0.1579,0.3663,0.0487,0.1296,0.6364,0.1438,0.1981,0.0,0.3431,0.0673,41.12
2213004,1800,0.0748,0.0364,0,0,0.1454,0.3873,1,0.1,0.1755,0.0555,0.4086,0.0864,35.6,205,0.1677,0.1597,0.0,0.0,0.6139,0.4689,0.0185,0.2499,0.2798,0.1528,0.4086,0.2224,0.5416,41.03
0205007,5328,0.1339,0.0491,2,1,0.1037,0.0357,3,0.1163,0.0639,0.0834,0.5598,0.0914,35.3,766,0.5003,0.2545,0.0202,0.0263,0.371,0.0432,0.0556,0.3008,0.0652,0.2581,0.5598,0.2353,0.5363,41.02
2404003,47771,0.1,0.034,27,13,0.166,0.1969,11,0.0322,0.1136,0.0585,0.005,0.1194,15.8,6560,0.3095,0.1418,0.2727,0.3421,0.7338,0.2384,0.2037,0.0381,0.1608,0.1642,0.005,0.3073,0.1912,40.94
1011003,11739,0.12,0.0487,11,4,0.1167,0.1782,1,0.1081,0.2337,0.0869,0.0,0.1509,6.8,1677,0.4221,0.2515,0.1111,0.1053,0.4467,0.2157,0.0185,0.2752,0.3917,0.2713,0.0,0.3884,0.0319,40.91
2405002,31541,0.1264,0.0636,17,8,0.1499,0.2702,8,0.0488,0.0955,0.0569,0.1164,0.0905,5.0,4590,0.4581,0.3627,0.1717,0.2105,0.6401,0.3271,0.1481,0.09,0.126,0.1581,0.1164,0.2329,0.0,40.91
1221001,22491,0.1013,0.074,9,7,0.1097,0.2785,7,0.0716,0.1591,0.0779,0.076,0.1481,6.7,2833,0.3168,0.4403,0.0909,0.1842,0.4059,0.3372,0.1296,0.1612,0.2483,0.2374,0.076,0.3812,0.0301,40.85
2209006,5501,0.1492,0.0489,3,3,0.1342,0.2766,0,0.1288,0.2206,0.0267,0.0,0.0867,10.5,774,0.5864,0.253,0.0303,0.0789,0.5486,0.3349,0.0,0.3399,0.3665,0.0442,0.0,0.2232,0.0973,40.83
2206001,15047,0.1106,0.0691,9,3,0.1443,0.0,2,0.1446,0.2477,0.0298,0.0283,0.0616,20.3,1866,0.3692,0.4037,0.0909,0.0789,0.6075,0.0,0.037,0.3893,0.4187,0.0558,0.0283,0.1586,0.2708,40.79
1607003,6971,0.136,0.0853,3,4,0.0908,0.0527,2,0.092,0.1205,0.1169,0.4684,0.0183,15.7,1075,0.5121,0.5246,0.0303,0.1053,0.2959,0.0638,0.037,0.2249,0.174,0.3845,0.4684,0.0471,0.1894,40.74
1022004,6887,0.1095,0.0666,6,1,0.1276,0.1304,1,0.0966,0.1664,0.0888,0.2714,0.0633,23.4,973,0.363,0.3851,0.0606,0.0263,0.5102,0.1579,0.0185,0.2393,0.2623,0.2785,0.2714,0.1629,0.3257,40.68
1607004,3711,0.1271,0.0672,0,1,0.1014,0.3432,1,0.0809,0.1466,0.0429,0.2031,0.1057,28.0,455,0.462,0.3896,0.0,0.0263,0.3576,0.4155,0.0185,0.1903,0.2242,0.1053,0.2031,0.2721,0.4071,40.54
1208005,39197,0.0896,0.034,23,6,0.1188,0.1896,10,0.1049,0.1722,0.1149,0.0,0.0713,20.7,5391,0.251,0.1418,0.2323,0.1579,0.4589,0.2295,0.1852,0.2652,0.2735,0.377,0.0,0.1835,0.2779,40.52
3213003,2793,0.0852,0.0686,1,0,0.1041,0.3731,1,0.1051,0.064,0.0686,0.6176,0.0714,27.4,310,0.2262,0.4,0.0101,0.0,0.3733,0.4517,0.0185,0.2659,0.0654,0.2023,0.6176,0.1838,0.3965,40.44
1019004,1800,0.0983,0.0734,1,0,0.1241,0.0208,0,0.0761,0.2157,0.0727,0.2871,0.1776,23.0,228,0.2999,0.4358,0.0101,0.0,0.4898,0.0252,0.0,0.1753,0.3571,0.2177,0.2871,0.4571,0.3186,40.36
0801001,27239,0.0815,0.0433,18,8,0.0999,0.111,7,0.16,0.2422,0.0231,0.2916,0.0538,20.1,2451,0.2054,0.2112,0.1818,0.2105,0.3489,0.1344,0.1296,0.4374,0.4081,0.0306,0.2916,0.1385,0.2673,40.35
1020006,11415,0.1454,0.0617,4,4,0.0962,0.1757,2,0.1093,0.1209,0.1038,0.0868,0.0973,14.0,1779,0.565,0.3485,0.0404,0.1053,0.3273,0.2127,0.037,0.279,0.1748,0.3351,0.0868,0.2505,0.1593,40.22
1809001,13226,0.1086,0.078,6,5,0.1185,0.2127,5,0.0894,0.1561,0.055,0.0,0.0843,22.8,1640,0.3579,0.4701,0.0606,0.1316,0.4572,0.2575,0.0926,0.2168,0.2425,0.1509,0.0,0.217,0.315,40.21
1207005,21247,0.1294,0.0399,9,8,0.1022,0.2438,4,0.0902,0.0853,0.0706,0.1478,0.0994,28.0,2889,0.475,0.1858,0.0909,0.2105,0.3623,0.2952,0.0741,0.2193,0.1063,0.2098,0.1478,0.2559,0.4071,40.19
2203003,27260,0.0937,0.0313,18,10,0.1703,0.1717,11,0.1331,0.0907,0.0937,0.0076,0.0496,9.3,4079,0.2741,0.1216,0.1818,0.2632,0.7589,0.2079,0.2037,0.3533,0.1167,0.297,0.0076,0.1277,0.0761,40.17
2215001,25137,0.0946,0.0423,16,8,0.1377,0.3432,8,0.0717,0.1474,0.1271,0.0,0.0563,8.9,3821,0.2791,0.2037,0.1616,0.2105,0.569,0.4155,0.1481,0.1615,0.2258,0.423,0.0,0.1449,0.069,40.17
1818006,22469,0.1092,0.0874,11,5,0.1049,0.1643,3,0.1393,0.0402,0.0415,0.0663,0.1125,19.5,2563,0.3613,0.5403,0.1111,0.1316,0.378,0.1989,0.0556,0.3727,0.0196,0.1,0.0663,0.2896,0.2566,40.16
2201005,25976,0.0887,0.0488,17,1,0.0843,0.2301,3,0.2149,0.1543,0.0405,0.0,0.0716,29.5,2472,0.2459,0.2522,0.1717,0.0263,0.258,0.2786,0.0556,0.6089,0.239,0.0962,0.0,0.1843,0.4336,40.1
3216002,14757,0.0949,0.0335,6,4,0.1199,0.2695,3,0.1574,0.03,0.1413,0.0,0.1386,21.8,2233,0.2808,0.1381,0.0606,0.1053,0.4653,0.3263,0.0556,0.4292,0.0,0.4766,0.0,0.3568,0.2973,40.05
1010005,16117,0.1271,0.0667,20,2,0.0861,0.0291,5,0.1631,0.0999,0.0595,0.1719,0.0571,20.8,2017,0.462,0.3858,0.202,0.0526,0.2685,0.0352,0.0926,0.447,0.1344,0.1679,0.1719,0.147,0.2796,39.93
0218006,17158,0.0776,0.0607,6,1,0.1416,0.0,3,0.1695,0.0514,0.1164,0.2077,0.0559,34.3,2388,0.1835,0.341,0.0606,0.0263,0.5917,0.0,0.0556,0.467,0.0412,0.3826,0.2077,0.1439,0.5186,39.85
3210001,17344,0.0909,0.0712,8,5,0.0959,0.2,3,0.1333,0.03,0.1265,0.0,0.1408,20.3,2339,0.2583,0.4194,0.0808,0.1316,0.3256,0.2421,0.0556,0.354,0.0,0.4208,0.0,0.3624,0.2708,39.83
1825003,44711,0.0929,0.0553,22,10,0.0749,0.3049,14,0.1071,0.2503,0.0357,0.0836,0.0262,12.0,4127,0.2696,0.3007,0.2222,0.2632,0.2033,0.3691,0.2593,0.2721,0.4237,0.0781,0.0836,0.0674,0.1239,39.75
1012005,13825,0.1069,0.046,15,1,0.0902,0.0419,4,0.2022,0.1448,0.1367,0.0343,0.0894,11.4,2021,0.3483,0.2313,0.1515,0.0263,0.2924,0.0507,0.0741,0.5692,0.2208,0.4592,0.0343,0.2301,0.1133,39.69
1221003,23238,0.1102,0.0355,16,3,0.0992,0.3336,10,0.1415,0.2485,0.0155,0.0,0.122,9.8,2378,0.3669,0.153,0.1616,0.0789,0.3448,0.4039,0.1852,0.3796,0.4202,0.0019,0.0,0.314,0.085,39.69
3015001,32565,0.0827,0.0476,16,6,0.1032,0.3495,10,0.0854,0.1774,0.0937,0.0916,0.0787,15.6,3900,0.2122,0.2433,0.1616,0.1579,0.3681,0.4231,0.1852,0.2043,0.2835,0.297,0.0916,0.2026,0.1876,39.67
1801001,4896,0.1095,0.0649,4,2,0.104,0.2967,4,0.0885,0.0915,0.0915,0.4528,0.0395,20.5,658,0.363,0.3724,0.0404,0.0526,0.3727,0.3592,0.0741,0.214,0.1183,0.2887,0.4528,0.1017,0.2743,39.67
1219002,26703,0.1562,0.0421,15,8,0.073,0.1495,4,0.1102,0.1353,0.0521,0.0228,0.0765,26.1,3555,0.6258,0.2022,0.1515,0.2105,0.1922,0.181,0.0741,0.2818,0.2025,0.14,0.0228,0.1969,0.3735,39.67
2217005,16911,0.1094,0.0519,10,5,0.0933,0.0969,11,0.1085,0.1069,0.0656,0.2709,0.1203,25.9,2028,0.3624,0.2754,0.101,0.1316,0.3104,0.1173,0.2037,0.2765,0.1479,0.1909,0.2709,0.3097,0.3699,39.61
1806002,27247,0.07,0.0664,15,2,0.0753,0.4329,5,0.1462,0.1475,0.1093,0.0815,0.0221,18.6,2975,0.1407,0.3836,0.1515,0.0526,0.2056,0.5241,0.0926,0.3943,0.226,0.3558,0.0815,0.0569,0.2407,39.58
3003002,8100,0.0615,0.0698,2,1,0.1069,0.2765,1,0.0753,0.2605,0.1322,0.1314,0.0963,21.2,1008,0.0929,0.409,0.0202,0.0263,0.3896,0.3347,0.0185,0.1728,0.4433,0.4423,0.1314,0.2479,0.2867,39.56
0202004,4798,0.137,0.048,5,1,0.0443,0.3703,0,0.1089,0.1172,0.0977,0.5507,0.0366,22.3,629,0.5177,0.2463,0.0505,0.0263,0.025,0.4483,0.0,0.2777,0.1677,0.3121,0.5507,0.0942,0.3062,39.5
1001001,37928,0.1246,0.0726,15,5,0.1147,0.1511,10,0.02,0.1529,0.0955,0.0981,0.0971,12.4,5590,0.4479,0.4299,0.1515,0.1316,0.4351,0.1829,0.1852,0.0,0.2363,0.3038,0.0981,0.2499,0.131,39.49
2605001,14583,0.1374,0.0466,6,4,0.0715,0.0999,4,0.0965,0.1613,0.0942,0.548,0.0957,13.0,2026,0.52,0.2358,0.0606,0.1053,0.1835,0.1209,0.0741,0.239,0.2525,0.2989,0.548,0.2463,0.1416,39.46
1603006,21221,0.1211,0.0462,6,4,0.0444,0.4991,5,0.1311,0.2142,0.0799,0.1312,0.0234,17.7,2431,0.4282,0.2328,0.0606,0.1053,0.0256,0.6042,0.0926,0.3471,0.3542,0.2449,0.1312,0.0602,0.2248,39.45
2202001,23902,0.1191,0.0622,12,3,0.0946,0.1674,6,0.093,0.1173,0.0884,0.1323,0.1048,19.7,3217,0.417,0.3522,0.1212,0.0789,0.318,0.2027,0.1111,0.2281,0.1679,0.277,0.1323,0.2698,0.2602,39.41
1017001,6039,0.1008,0.0587,2,0,0.1245,0.2441,2,0.0852,0.1358,0.0576,0.3317,0.1337,22.7,739,0.314,0.3261,0.0202,0.0,0.4921,0.2955,0.037,0.2037,0.2035,0.1608,0.3317,0.3441,0.3133,39.27
1821003,10275,0.1132,0.0379,4,1,0.1137,0.0118,3,0.0974,0.2002,0.1501,0.1983,0.1458,16.6,1670,0.3838,0.1709,0.0404,0.0263,0.4292,0.0143,0.0556,0.2418,0.3273,0.5098,0.1983,0.3753,0.2053,39.22
0207005,32189,0.091,0.051,19,14,0.0981,0.1057,14,0.0533,0.1413,0.092,0.0436,0.1425,13.8,3933,0.2589,0.2687,0.1919,0.3684,0.3384,0.128,0.2593,0.104,0.214,0.2906,0.0436,0.3668,0.1558,39.2
2602003,27403,0.0562,0.0578,12,6,0.1026,0.2508,9,0.1136,0.281,0.0856,0.0484,0.0907,11.2,2787,0.063,0.3194,0.1212,0.1579,0.3646,0.3036,0.1667,0.2924,0.4827,0.2664,0.0484,0.2335,0.1097,39.18
3019004,9042,0.0772,0.0615,7,2,0.1023,0.5476,3,0.0943,0.0655,0.0884,0.1499,0.1263,16.0,1036,0.1812,0.347,0.0707,0.0526,0.3628,0.663,0.0556,0.2321,0.0683,0.277,0.1499,0.3251,0.1947,39.11
2435006,34977,0.1066,0.0643,18,6,0.1115,0.1823,9,0.1231,0.1245,0.0194,0.0,0.0763,19.9,3711,0.3467,0.3679,0.1818,0.1579,0.4164,0.2207,0.1667,0.3221,0.1817,0.0166,0.0,0.1964,0.2637,39.05
3034005,15168,0.1568,0.0559,4,3,0.1355,0.0851,3,0.075,0.1178,0.1053,0.1069,0.1172,5.0,2673,0.6292,0.3052,0.0404,0.0789,0.5562,0.103,0.0556,0.1718,0.1688,0.3408,0.1069,0.3017,0.0,39.02
3003001,16214,0.1193,0.0998,8,4,0.098,0.1865,4,0.141,0.0393,0.0708,0.0711,0.0035,17.0,2091,0.4181,0.6328,0.0808,0.1053,0.3378,0.2258,0.0741,0.378,0.0179,0.2106,0.0711,0.009,0.2124,39.01
0609006,15578,0.1123,0.064,10,1,0.0617,0.1255,5,0.1399,0.2434,0.0916,0.0199,0.1211,12.7,1880,0.3787,0.3657,0.101,0.0263,0.1264,0.1519,0.0926,0.3746,0.4104,0.2891,0.0199,0.3117,0.1363,38.96
2219002,11340,0.0886,0.0509,5,2,0.0833,0.6329,3,0.082,0.1918,0.0933,0.2059,0.0,21.6,1313,0.2454,0.2679,0.0505,0.0526,0.2522,0.7662,0.0556,0.1937,0.3112,0.2955,0.2059,0.0,0.2938,38.93
3018006,21856,0.0832,0.0403,13,2,0.1154,0.1376,8,0.0599,0.2817,0.0902,0.1601,0.084,28.8,2686,0.215,0.1888,0.1313,0.0526,0.4391,0.1666,0.1481,0.1246,0.484,0.2838,0.1601,0.2162,0.4212,38.92
3206004,50321,0.0687,0.0254,27,11,0.0711,0.5763,10,0.1115,0.1111,0.0909,0.1023,0.0,20.2,5021,0.1334,0.0776,0.2727,0.2895,0.1811,0.6977,0.1852,0.2858,0.156,0.2864,0.1023,0.0,0.269,38.82
0414005,43360,0.1041,0.0245,24,10,0.1238,0.3502,12,0.02,0.13,0.1148,0.0896,0.082,10.0,6386,0.3326,0.0709,0.2424,0.2632,0.4881,0.424,0.2222,0.0,0.1923,0.3766,0.0896,0.2111,0.0885,38.81
3221006,5653,0.1472,0.0553,1,0,0.1051,0.0409,1,0.0999,0.213,0.0308,0.5067,0.1135,12.5,736,0.5751,0.3007,0.0101,0.0,0.3791,0.0495,0.0185,0.2496,0.3519,0.0596,0.5067,0.2921,0.1327,38.8
1003005,3660,0.0659,0.0641,2,2,0.0799,0.2926,0,0.1572,0.1688,0.0634,0.3342,0.1721,10.6,331,0.1176,0.3664,0.0202,0.0526,0.2324,0.3542,0.0,0.4286,0.2669,0.1826,0.3342,0.443,0.0991,38.78
0216002,26726,0.1033,0.0547,14,9,0.131,0.0381,3,0.1306,0.1452,0.0568,0.0,0.0988,13.5,3374,0.3281,0.2963,0.1414,0.2368,0.53,0.0461,0.0556,0.3455,0.2215,0.1577,0.0,0.2543,0.1504,38.75
3203001,21740,0.1086,0.0503,11,1,0.0696,0.292,4,0.109,0.2072,0.0961,0.2399,0.12,7.1,2675,0.3579,0.2634,0.1111,0.0263,0.1724,0.3535,0.0741,0.278,0.3408,0.306,0.2399,0.3089,0.0372,38.72
0407005,66613,0.045,0.0453,30,12,0.0693,0.2751,16,0.0669,0.2433,0.1029,0.2018,0.0673,8.8,6048,0.0,0.2261,0.303,0.3158,0.1706,0.3331,0.2963,0.1465,0.4102,0.3317,0.2018,0.1732,0.0673,38.64
0412004,4066,0.1172,0.0626,2,0,0.1322,0.3894,0,0.0466,0.03,0.1332,0.1327,0.0877,20.8,668,0.4063,0.3552,0.0202,0.0,0.537,0.4714,0.0,0.0831,0.0,0.446,0.1327,0.2257,0.2796,38.62
1602001,26011,0.071,0.0412,20,2,0.0961,0.5585,7,0.1377,0.0604,0.0976,0.0012,0.0615,19.1,2928,0.1463,0.1955,0.202,0.0526,0.3267,0.6762,0.1296,0.3677,0.0585,0.3117,0.0012,0.1583,0.2496,38.58
2416001,39006,0.045,0.0583,16,10,0.0517,0.3355,9,0.1319,0.1083,0.0946,0.1412,0.1097,22.6,3173,0.0,0.3231,0.1616,0.2632,0.0681,0.4062,0.1667,0.3496,0.1506,0.3004,0.1412,0.2824,0.3115,38.5
1811006,22916,0.0839,0.0588,9,3,0.0773,0.3064,2,0.0632,0.1509,0.1402,0.3357,0.0782,18.9,2974,0.2189,0.3269,0.0909,0.0789,0.2172,0.3709,0.037,0.135,0.2325,0.4725,0.3357,0.2013,0.246,38.39
0421004,9323,0.1118,0.0681,6,4,0.1127,0.1382,1,0.0736,0.2144,0.1093,0.0,0.0995,10.5,1358,0.3759,0.3963,0.0606,0.1053,0.4234,0.1673,0.0185,0.1674,0.3546,0.3558,0.0,0.2561,0.0973,38.37
0223001,26500,0.0954,0.0309,14,5,0.0811,0.2523,10,0.1675,0.1849,0.0757,0.0,0.0,30.5,2964,0.2836,0.1187,0.1414,0.1316,0.2394,0.3054,0.1852,0.4608,0.2979,0.2291,0.0,0.0,0.4513,38.28
0212002,7029,0.1284,0.0602,3,1,0.1222,0.0,2,0.0746,0.1771,0.067,0.5394,0.0592,18.3,989,0.4693,0.3373,0.0303,0.0263,0.4787,0.0,0.037,0.1706,0.2829,0.1962,0.5394,0.1524,0.2354,38.27
3205001,8612,0.0997,0.0529,2,3,0.0753,0.1623,1,0.1072,0.2644,0.1199,0.2268,0.0849,15.1,1117,0.3078,0.2828,0.0202,0.0789,0.2056,0.1965,0.0185,0.2724,0.4508,0.3958,0.2268,0.2185,0.1788,38.26
1411006,12792,0.0975,0.0416,8,3,0.0696,0.0204,3,0.1752,0.236,0.0803,0.0215,0.1674,19.9,1419,0.2954,0.1985,0.0808,0.0789,0.1724,0.0247,0.0556,0.4848,0.3962,0.2464,0.0215,0.4309,0.2637,38.23
2601002,19615,0.1403,0.0299,14,5,0.1293,0.0,2,0.0876,0.0956,0.1024,0.4126,0.0838,10.8,3223,0.5363,0.1112,0.1414,0.1316,0.5201,0.0,0.037,0.2112,0.1262,0.3298,0.4126,0.2157,0.1027,38.18
1818002,8143,0.1022,0.0454,3,0,0.0726,0.0774,3,0.1032,0.3031,0.0978,0.1479,0.1307,26.3,986,0.3219,0.2269,0.0303,0.0,0.1899,0.0937,0.0556,0.2599,0.5252,0.3125,0.1479,0.3364,0.377,38.12
3016002,48620,0.0551,0.0481,26,13,0.1215,0.0566,10,0.0816,0.1386,0.1396,0.0621,0.0443,15.0,6294,0.0568,0.247,0.2626,0.3421,0.4747,0.0685,0.1852,0.1924,0.2088,0.4702,0.0621,0.114,0.177,38.11
1020002,6607,0.0912,0.0542,3,0,0.0978,0.1482,3,0.1646,0.0951,0.0734,0.4398,0.1278,15.2,754,0.26,0.2925,0.0303,0.0,0.3366,0.1794,0.0556,0.4517,0.1252,0.2204,0.4398,0.329,0.1805,38.1
2434006,21178,0.0837,0.0736,9,8,0.0981,0.4479,5,0.1329,0.087,0.0556,0.121,0.0116,9.7,2190,0.2178,0.4373,0.0909,0.2105,0.3384,0.5423,0.0926,0.3527,0.1096,0.1532,0.121,0.0299,0.0832,38.04
0409004,27878,0.0839,0.0594,16,2,0.1019,0.2665,5,0.0839,0.2224,0.1143,0.1303,0.0374,10.7,3573,0.2189,0.3313,0.1616,0.0526,0.3605,0.3226,0.0926,0.1996,0.37,0.3747,0.1303,0.0963,0.1009,37.95
0213005,13168,0.1029,0.0781,9,3,0.1025,0.1031,6,0.122,0.183,0.0415,0.0,0.0974,16.6,1448,0.3258,0.4709,0.0909,0.0789,0.364,0.1248,0.1111,0.3187,0.2942,0.1,0.0,0.2507,0.2053,37.93
2208006,23401,0.0834,0.095,10,3,0.067,0.2507,3,0.0978,0.192,0.0817,0.0309,0.0639,17.6,2399,0.2161,0.597,0.101,0.0789,0.1573,0.3035,0.0556,0.243,0.3115,0.2517,0.0309,0.1645,0.223,37.92
0207003,13180,0.1337,0.0668,4,1,0.1095,0.2472,1,0.0861,0.0821,0.071,0.0,0.1177,20.5,1853,0.4992,0.3866,0.0404,0.0263,0.4048,0.2993,0.0185,0.2065,0.1002,0.2113,0.0,0.303,0.2743,37.89
3005003,17498,0.0997,0.0454,8,6,0.0719,0.2711,6,0.0904,0.1812,0.1145,0.1374,0.0993,15.2,2215,0.3078,0.2269,0.0808,0.1579,0.1858,0.3282,0.1111,0.2199,0.2908,0.3755,0.1374,0.2556,0.1805,37.85
2423002,37649,0.086,0.076,13,1,0.1152,0.4222,5,0.0357,0.2036,0.0998,0.0102,0.043,11.1,4815,0.2307,0.4552,0.1313,0.0263,0.438,0.5111,0.0926,0.049,0.3338,0.32,0.0102,0.1107,0.108,37.81
2433002,6122,0.1467,0.0735,2,0,0.1068,0.3498,0,0.0954,0.0781,0.1041,0.0209,0.0246,11.8,979,0.5723,0.4366,0.0202,0.0,0.3891,0.4235,0.0,0.2356,0.0925,0.3362,0.0209,0.0633,0.1204,37.78
2606001,27432,0.105,0.0409,12,3,0.1005,0.0076,5,0.0616,0.1265,0.1709,0.1184,0.1977,13.3,4439,0.3376,0.1933,0.1212,0.0789,0.3524,0.0092,0.0926,0.13,0.1856,0.5883,0.1184,0.5089,0.1469,37.67
2208005,7188,0.1032,0.055,5,0,0.1034,0.2185,1,0.077,0.0627,0.1013,0.3474,0.1328,24.2,964,0.3275,0.2985,0.0505,0.0,0.3692,0.2645,0.0185,0.1781,0.0629,0.3257,0.3474,0.3418,0.3398,37.65
1810002,28671,0.1131,0.0559,12,10,0.1017,0.0354,3,0.1085,0.2196,0.0584,0.0,0.0147,23.1,3495,0.3832,0.3052,0.1212,0.2632,0.3593,0.0429,0.0556,0.2765,0.3646,0.1638,0.0,0.0378,0.3204,37.63
2412005,7312,0.1,0.073,4,1,0.1018,0.1056,1,0.0233,0.2341,0.0727,0.4732,0.073,24.9,880,0.3095,0.4328,0.0404,0.0263,0.3599,0.1278,0.0185,0.0103,0.3925,0.2177,0.4732,0.1879,0.3522,37.62
0202001,13751,0.1538,0.0515,8,2,0.0931,0.1568,3,0.0978,0.1209,0.094,0.1088,0.061,14.9,2138,0.6123,0.2724,0.0808,0.0526,0.3093,0.1898,0.0556,0.243,0.1748,0.2981,0.1088,0.157,0.1752,37.55
0208001,6002,0.1186,0.0423,3,2,0.1232,0.0319,0,0.1038,0.1368,0.1065,0.1418,0.1137,24.2,911,0.4142,0.2037,0.0303,0.0526,0.4846,0.0386,0.0,0.2618,0.2054,0.3453,0.1418,0.2927,0.3398,37.53
0214004,27952,0.0957,0.0236,15,1,0.1537,0.6025,1,0.0878,0.1493,0.0366,0.0,0.0027,23.5,3400,0.2853,0.0642,0.1515,0.0263,0.6622,0.7294,0.0185,0.2118,0.2294,0.0815,0.0,0.0069,0.3274,37.36
2423003,31462,0.0747,0.0513,8,4,0.0684,0.3697,2,0.1376,0.2236,0.0772,0.0325,0.1267,10.6,3029,0.1671,0.2709,0.0808,0.1053,0.1654,0.4476,0.037,0.3674,0.3723,0.2347,0.0325,0.3261,0.0991,37.31
1202006,16001,0.1128,0.0351,4,5,0.1142,0.326,3,0.0306,0.098,0.0679,0.2605,0.1648,22.6,2075,0.3815,0.15,0.0404,0.1316,0.4321,0.3947,0.0556,0.0331,0.1308,0.1996,0.2605,0.4242,0.3115,37.28
1602003,22639,0.0987,0.0416,9,3,0.1231,0.1963,4,0.0656,0.1772,0.0673,0.0276,0.12,27.7,2825,0.3022,0.1985,0.0909,0.0789,0.484,0.2377,0.0741,0.1425,0.2831,0.1974,0.0276,0.3089,0.4018,37.16
2430003,17971,0.0745,0.1041,6,1,0.0862,0.2722,6,0.0751,0.156,0.0697,0.3523,0.0517,9.7,1786,0.166,0.6649,0.0606,0.0263,0.2691,0.3295,0.1111,0.1721,0.2423,0.2064,0.3523,0.1331,0.0832,37.12
3203004,25248,0.1053,0.0603,14,6,0.1121,0.0618,7,0.0206,0.1703,0.0883,0.206,0.1368,12.3,3364,0.3393,0.3381,0.1414,0.1579,0.4199,0.0748,0.1296,0.0019,0.2698,0.2766,0.206,0.3521,0.1292,37.11
3007005,12177,0.1191,0.0813,7,3,0.0844,0.1815,4,0.0237,0.1749,0.1151,0.0,0.0257,29.1,1727,0.417,0.4948,0.0707,0.0789,0.2586,0.2197,0.0741,0.0116,0.2787,0.3777,0.0,0.0662,0.4265,37.08
2404001,16493,0.1184,0.0835,13,1,0.0649,0.1097,7,0.1402,0.1124,0.1137,0.0,0.0,18.1,2212,0.4131,0.5112,0.1313,0.0263,0.145,0.1328,0.1296,0.3755,0.1585,0.3725,0.0,0.0,0.2319,37.06
1610003,4225,0.09,0.0681,2,2,0.1441,0.0124,1,0.099,0.2769,0.056,0.0,0.1274,11.4,520,0.2532,0.3963,0.0202,0.0526,0.6063,0.015,0.0185,0.2468,0.4748,0.1547,0.0,0.3279,0.1133,36.97
1609007,31278,0.1057,0.0675,18,4,0.0963,0.0351,5,0.0887,0.0794,0.0575,0.0,0.1457,25.0,3613,0.3416,0.3918,0.1818,0.1053,0.3279,0.0425,0.0926,0.2146,0.095,0.1604,0.0,0.375,0.354,36.78
0415006,13510,0.0865,0.0409,14,3,0.1333,0.1456,2,0.1051,0.2595,0.0364,0.1939,0.0947,8.8,1486,0.2335,0.1933,0.1414,0.0789,0.5434,0.1763,0.037,0.2659,0.4413,0.0808,0.1939,0.2438,0.0673,36.67
1416001,17677,0.12,0.0195,11,3,0.0926,0.3709,6,0.1346,0.151,0.0589,0.1059,0.0934,10.4,2170,0.4221,0.0336,0.1111,0.0789,0.3063,0.449,0.1111,0.358,0.2327,0.1657,0.1059,0.2404,0.0956,36.62
2425004,21975,0.0956,0.0367,7,3,0.1323,0.2998,4,0.0831,0.03,0.127,0.0797,0.045,30.7,3299,0.2847,0.1619,0.0707,0.0789,0.5376,0.363,0.0741,0.1971,0.0,0.4226,0.0797,0.1158,0.4549,36.61
3035002,14238,0.1071,0.0418,5,2,0.1224,0.2189,2,0.0937,0.1959,0.102,0.082,0.0582,15.0,2036,0.3495,0.2,0.0505,0.0526,0.4799,0.265,0.037,0.2302,0.319,0.3283,0.082,0.1498,0.177,36.57
2430002,42157,0.1079,0.0226,22,12,0.1163,0.2321,17,0.0471,0.1776,0.0599,0.0,0.0847,7.8,5261,0.354,0.0567,0.2222,0.3158,0.4444,0.281,0.3148,0.0847,0.2838,0.1694,0.0,0.218,0.0496,36.52
2406006,12117,0.0697,0.0765,6,4,0.1355,0.0,3,0.0651,0.03,0.069,0.4647,0.1839,17.3,1383,0.139,0.459,0.0606,0.1053,0.5562,0.0,0.0556,0.1409,0.0,0.2038,0.4647,0.4734,0.2177,36.52
2612003,19345,0.1243,0.055,11,2,0.0894,0.0402,7,0.0694,0.1137,0.0372,0.4015,0.1326,22.2,2228,0.4463,0.2985,0.1111,0.0526,0.2877,0.0487,0.1296,0.1543,0.161,0.0838,0.4015,0.3413,0.3044,36.43
3012004,5295,0.093,0.0446,6,0,0.1344,0.0583,2,0.1442,0.1127,0.1667,0.0822,0.0,20.9,878,0.2701,0.2209,0.0606,0.0,0.5498,0.0706,0.037,0.388,0.159,0.5725,0.0822,0.0,0.2814,36.34
1816005,19197,0.1115,0.0671,7,4,0.1048,0.1533,7,0.0766,0.1127,0.0916,0.0834,0.1161,8.2,2595,0.3742,0.3888,0.0707,0.1053,0.3774,0.1856,0.1296,0.1768,0.159,0.2891,0.0834,0.2988,0.0566,36.24
0223005,5342,0.1287,0.0688,3,0,0.1259,0.0,2,0.1397,0.0874,0.015,0.3329,0.1436,5.0,648,0.471,0.4015,0.0303,0.0,0.5003,0.0,0.037,0.3739,0.1104,0.0,0.3329,0.3696,0.0,36.04
3004002,19663,0.077,0.0673,15,5,0.0993,0.4027,4,0.1545,0.1309,0.0187,0.0271,0.046,5.0,1683,0.1801,0.3903,0.1515,0.1316,0.3454,0.4875,0.0741,0.4202,0.194,0.014,0.0271,0.1184,0.0,35.97
3213002,42287,0.0948,0.0481,20,8,0.0853,0.1092,11,0.1124,0.1767,0.0482,0.0,0.0821,15.2,4310,0.2802,0.247,0.202,0.2105,0.2638,0.1322,0.2037,0.2887,0.2821,0.1253,0.0,0.2113,0.1805,35.96
3015006,37331,0.062,0.0368,25,1,0.0724,0.3898,5,0.1137,0.14,0.1238,0.0486,0.0674,16.9,4093,0.0957,0.1627,0.2525,0.0263,0.1887,0.4719,0.0926,0.2927,0.2115,0.4106,0.0486,0.1735,0.2106,35.68
2602001,19583,0.0804,0.0845,15,1,0.0919,0.3063,7,0.0768,0.1353,0.0742,0.0328,0.0741,9.4,2093,0.1992,0.5187,0.1515,0.0263,0.3023,0.3708,0.1296,0.1774,0.2025,0.2234,0.0328,0.1907,0.0779,35.53
1806003,26407,0.1003,0.015,13,6,0.1081,0.4669,4,0.0741,0.104,0.1182,0.0992,0.0,20.6,3723,0.3112,0.0,0.1313,0.1579,0.3966,0.5653,0.0741,0.169,0.1423,0.3894,0.0992,0.0,0.2761,35.4
0809006,25068,0.1091,0.0394,13,5,0.123,0.2454,9,0.0348,0.1237,0.0572,0.1798,0.1348,8.7,3174,0.3607,0.1821,0.1313,0.1316,0.4834,0.2971,0.1667,0.0462,0.1802,0.1592,0.1798,0.347,0.0655,35.29
3014002,9333,0.0907,0.0419,4,1,0.1553,0.2798,4,0.0783,0.1643,0.101,0.0882,0.0706,6.1,1354,0.2572,0.2007,0.0404,0.0263,0.6715,0.3387,0.0741,0.1821,0.2583,0.3245,0.0882,0.1817,0.0195,35.15
1813003,14223,0.0751,0.0601,12,2,0.058,0.0,4,0.1127,0.2086,0.1247,0.192,0.1174,16.6,1599,0.1694,0.3366,0.1212,0.0526,0.1048,0.0,0.0741,0.2896,0.3435,0.414,0.192,0.3022,0.2053,35.14
0417003,12590,0.1182,0.0891,6,0,0.0659,0.0,5,0.123,0.2154,0.0656,0.0,0.0627,11.8,1445,0.4119,0.553,0.0606,0.0,0.1508,0.0,0.0926,0.3218,0.3565,0.1909,0.0,0.1614,0.1204,34.59
2428002,20655,0.0999,0.0206,10,2,0.0991,0.2333,6,0.0613,0.1711,0.1023,0.31,0.0971,15.1,2708,0.3089,0.0418,0.101,0.0526,0.3442,0.2824,0.1111,0.129,0.2713,0.3294,0.31,0.2499,0.1788,34.43
0215003,12887,0.1122,0.0283,9,0,0.138,0.3799,2,0.0798,0.1033,0.015,0.0,0.1881,11.3,1504,0.3782,0.0993,0.0909,0.0,0.5708,0.4599,0.037,0.1868,0.141,0.0,0.0,0.4842,0.1115,34.4
3211002,12628,0.1135,0.0649,4,4,0.0532,0.0314,4,0.1712,0.1109,0.1204,0.3182,0.0153,5.0,1639,0.3855,0.3724,0.0404,0.1053,0.0769,0.038,0.0741,0.4724,0.1556,0.3977,0.3182,0.0394,0.0,34.39
1810005,9855,0.121,0.0401,5,4,0.0961,0.3052,7,0.1167,0.0879,0.0372,0.1353,0.0325,20.7,1142,0.4277,0.1873,0.0505,0.1053,0.3267,0.3695,0.1296,0.3021,0.1113,0.0838,0.1353,0.0837,0.2779,34.36
1014001,33380,0.0804,0.039,18,1,0.1129,0.1985,8,0.0784,0.2096,0.0842,0.0924,0.0822,9.9,3938,0.1992,0.1791,0.1818,0.0263,0.4246,0.2403,0.1481,0.1824,0.3454,0.2611,0.0924,0.2116,0.0867,34.3
0812006,10930,0.1343,0.0647,4,3,0.0805,0.0936,2,0.1047,0.2487,0.0192,0.0,0.0,24.4,1206,0.5025,0.3709,0.0404,0.0789,0.2359,0.1133,0.037,0.2646,0.4206,0.0158,0.0,0.0,0.3434,34.18
0204006,17501,0.1186,0.015,4,1,0.0921,0.1775,8,0.0497,0.212,0.1153,0.197,0.1038,20.4,2517,0.4142,0.0,0.0404,0.0263,0.3034,0.2149,0.1481,0.0928,0.35,0.3785,0.197,0.2672,0.2726,34.08
1612002,19286,0.0859,0.05,11,4,0.0955,0.1607,5,0.1696,0.0578,0.1093,0.0356,0.026,13.7,2413,0.2302,0.2612,0.1111,0.1053,0.3232,0.1946,0.0926,0.4674,0.0535,0.3558,0.0356,0.0669,0.154,34.04
0413005,15311,0.1166,0.079,7,3,0.0704,0.0,4,0.0997,0.1171,0.0864,0.0,0.1239,12.0,1898,0.4029,0.4776,0.0707,0.0789,0.1771,0.0,0.0741,0.249,0.1675,0.2694,0.0,0.3189,0.1239,33.87
0406005,5706,0.0844,0.054,4,0,0.1313,0.2233,1,0.0276,0.0836,0.1186,0.4182,0.0577,17.4,801,0.2217,0.291,0.0404,0.0,0.5317,0.2703,0.0185,0.0237,0.1031,0.3909,0.4182,0.1485,0.2195,33.5
1215006,10260,0.1109,0.0555,7,2,0.04,0.0113,1,0.0393,0.2059,0.1103,0.2474,0.1363,25.4,1231,0.3708,0.3022,0.0707,0.0526,0.0,0.0137,0.0185,0.0603,0.3383,0.3596,0.2474,0.3508,0.3611,33.48
1807001,15852,0.0751,0.0569,9,3,0.129,0.0,5,0.1028,0.0981,0.1011,0.2688,0.0177,19.4,2023,0.1694,0.3127,0.0909,0.0789,0.5183,0.0,0.0926,0.2587,0.131,0.3249,0.2688,0.0456,0.2549,33.3
1003001,15236,0.0927,0.0708,13,4,0.1117,0.145,4,0.1222,0.0517,0.0635,0.0,0.0588,8.4,1776,0.2684,0.4164,0.1313,0.1053,0.4176,0.1755,0.0741,0.3193,0.0417,0.183,0.0,0.1514,0.0602,33.1
2207005,85369,0.0629,0.0486,44,9,0.0643,0.0507,23,0.0771,0.175,0.0291,0.0542,0.0786,5.8,5921,0.1007,0.2507,0.4444,0.2368,0.1415,0.0614,0.4259,0.1784,0.2788,0.0532,0.0542,0.2023,0.0142,32.87
1813005,20544,0.1021,0.0526,8,1,0.1177,0.1989,5,0.0202,0.1813,0.0936,0.015,0.0418,19.9,2778,0.3213,0.2806,0.0808,0.0263,0.4525,0.2408,0.0926,0.0006,0.291,0.2966,0.015,0.1076,0.2637,32.39
0229002,8919,0.0821,0.0773,5,3,0.1199,0.2111,2,0.0651,0.1429,0.0958,0.0,0.0498,5.0,1126,0.2088,0.4649,0.0505,0.0789,0.4653,0.2556,0.037,0.1409,0.2171,0.3049,0.0,0.1282,0.0,32.39
3213005,13487,0.082,0.0544,6,2,0.1112,0.1462,2,0.0265,0.1597,0.0783,0.0375,0.126,25.0,1563,0.2082,0.294,0.0606,0.0526,0.4147,0.177,0.037,0.0203,0.2494,0.2389,0.0375,0.3243,0.354,32.15
2404006,22516,0.1054,0.015,10,7,0.0953,0.152,3,0.0611,0.2138,0.0838,0.1722,0.0778,11.9,2828,0.3399,0.0,0.101,0.1842,0.3221,0.184,0.0556,0.1284,0.3535,0.2596,0.1722,0.2003,0.1221,32.02
2434003,16535,0.0997,0.0553,9,3,0.0886,0.2222,7,0.0804,0.0997,0.0311,0.0015,0.0799,24.7,1637,0.3078,0.3007,0.0909,0.0789,0.2831,0.269,0.1296,0.1887,0.134,0.0608,0.0015,0.2057,0.3487,32.0
1603001,20102,0.1233,0.0522,10,3,0.1178,0.1428,3,0.1095,0.03,0.0598,0.1001,0.0506,6.6,2685,0.4406,0.2776,0.101,0.0789,0.4531,0.1729,0.0556,0.2796,0.0,0.1691,0.1001,0.1302,0.0283,31.87
0419007,28055,0.082,0.0576,13,7,0.1072,0.1675,7,0.0724,0.0844,0.0898,0.0,0.064,7.6,3345,0.2082,0.3179,0.1313,0.1842,0.3914,0.2028,0.1296,0.1637,0.1046,0.2823,0.0,0.1647,0.046,31.57
3026003,5092,0.081,0.0606,5,1,0.1035,0.0923,1,0.02,0.0976,0.0307,0.3391,0.1278,35.6,479,0.2026,0.3403,0.0505,0.0263,0.3698,0.1117,0.0185,0.0,0.13,0.0592,0.3391,0.329,0.5416,31.4
3002006,33558,0.1051,0.0332,11,11,0.0764,0.4035,12,0.02,0.2037,0.0585,0.0,0.0277,5.0,3644,0.3382,0.1358,0.1111,0.2895,0.212,0.4885,0.2222,0.0,0.334,0.1642,0.0,0.0713,0.0,31.03
3221005,12430,0.0742,0.0305,8,3,0.1287,0.1285,6,0.0451,0.1642,0.0475,0.1205,0.0287,36.6,1314,0.1643,0.1157,0.0808,0.0789,0.5166,0.1556,0.1111,0.0784,0.2581,0.1226,0.1205,0.0739,0.5593,30.47
1001007,17758,0.0882,0.0348,17,1,0.1271,0.0,2,0.1242,0.1199,0.0949,0.0,0.0675,7.1,2343,0.2431,0.1478,0.1717,0.0263,0.5073,0.0,0.037,0.3255,0.1729,0.3015,0.0,0.1737,0.0372,30.34
2612004,34204,0.063,0.0222,13,2,0.1149,0.3262,10,0.0702,0.1504,0.0243,0.1101,0.1551,9.4,2908,0.1013,0.0537,0.1313,0.0526,0.4362,0.3949,0.1852,0.1568,0.2315,0.0351,0.1101,0.3992,0.0779,30.13
2433006,20082,0.099,0.0233,11,6,0.0838,0.1547,4,0.0514,0.1933,0.0849,0.0,0.0647,19.7,2381,0.3039,0.0619,0.1111,0.1579,0.2551,0.1873,0.0741,0.0981,0.314,0.2638,0.0,0.1665,0.2602,30.04
1809002,49401,0.056,0.0504,25,9,0.0898,0.0,13,0.0823,0.0961,0.0665,0.4,0.0095,6.6,4422,0.0619,0.2642,0.2525,0.2368,0.29,0.0,0.2407,0.1946,0.1271,0.1943,0.4,0.0245,0.0283,29.92
0801005,18041,0.083,0.0597,12,5,0.0979,0.0,3,0.0659,0.1843,0.1064,0.0,0.0512,7.0,2226,0.2138,0.3336,0.1212,0.1316,0.3372,0.0,0.0556,0.1434,0.2967,0.3449,0.0,0.1318,0.0354,29.92
0230005,6288,0.1018,0.0507,1,2,0.0714,0.1026,0,0.0751,0.182,0.1491,0.1005,0.0161,10.0,887,0.3196,0.2664,0.0101,0.0526,0.1829,0.1242,0.0,0.1721,0.2923,0.506,0.1005,0.0414,0.0885,29.45
2407004,5822,0.0761,0.0623,2,1,0.0949,0.1858,1,0.1267,0.0675,0.0944,0.0366,0.0381,13.3,659,0.175,0.353,0.0202,0.0263,0.3197,0.2249,0.0185,0.3333,0.0721,0.2996,0.0366,0.0981,0.1469,29.29
0402002,12628,0.1049,0.0567,8,3,0.1027,0.0249,4,0.0402,0.0927,0.0298,0.089,0.108,9.2,1344,0.3371,0.3112,0.0808,0.0789,0.3652,0.0301,0.0741,0.0631,0.1206,0.0558,0.089,0.278,0.0743,26.49
