gmina_code,powiat_code,voivodeship_code,gmina_name,population,iwl_score,vulnerable_population_est,rescue_travel_time_min,event_time,customers_without_power,outage_start,hours_without_power,coverage_pct,feels_like_c,temp_component,outage_component,telecom_component,rescue_component,izz_score,life_threat_level,vulnerable_without_power,whatif_izz
2005003,2005,20,gmina podlaskie-miejski-05-03,15946,96.87,3293,50.8,2026-01-16 15:08:00+00:00,4609.0,2026-01-14 05:08:00+00:00,58.86666666666667,0.03,-22.8,0.52,0.8175925925925926,0.97,0.6773333333333333,82.82,critical,952,96.41999999999999
2014002,2014,20,gmina podlaskie-wschodni-14-02,20257,80.76,4131,48.7,2026-01-16 15:04:00+00:00,16455.0,2026-01-14 13:04:00+00:00,50.93333333333333,0.03,-28.2,0.88,0.7074074074074074,0.97,0.6493333333333333,79.73,critical,3356,95.13000000000001
2001003,2001,20,gmina podlaskie-południowy-01-03,16951,85.94,3308,47.3,2026-01-16 14:42:00+00:00,4821.0,2026-01-14 04:42:00+00:00,59.3,0.03,-24.7,0.6466666666666666,0.8236111111111111,0.97,0.6306666666666666,80.89,critical,941,95.12333333333333
2818005,2818,28,gmina warmińsko-mazurskie-północny-18-05,24788,91.13,5018,40.2,2026-01-16 14:49:00+00:00,19877.0,2026-01-14 12:49:00+00:00,51.18333333333333,0.03,-25.4,0.6933333333333332,0.7108796296296296,0.97,0.536,79.85,critical,4024,94.31666666666666
1425001,1425,14,gmina mazowieckie-południowy-25-01,15585,83.56,2960,50.8,2026-01-16 15:02:00+00:00,3990.0,2026-01-14 07:02:00+00:00,56.96666666666667,0.03,-24.9,0.6599999999999999,0.7912037037037037,0.97,0.6773333333333333,79.49,critical,758,93.78999999999999
2808003,2808,28,gmina warmińsko-mazurskie-wschodni-08-03,15422,94.16,3064,31.9,2026-01-16 14:45:00+00:00,10679.0,2026-01-14 16:45:00+00:00,47.25,0.03,-25.7,0.7133333333333333,0.65625,0.97,0.4253333333333333,79.16,critical,2122,93.72666666666666
2006001,2006,20,gmina podlaskie-północny-06-01,34695,89.37,7119,46.2,2026-01-16 14:16:00+00:00,26189.0,2026-01-14 12:16:00+00:00,51.73333333333333,0.03,-24.7,0.6466666666666666,0.7185185185185186,0.97,0.616,78.97,critical,5374,93.20333333333333
623002,623,6,gmina lubelskie-miejski-23-02,21519,83.21,3551,38.6,2026-01-16 14:28:00+00:00,15242.0,2026-01-14 12:28:00+00:00,51.53333333333333,0.03,-26.3,0.7533333333333334,0.7157407407407407,0.97,0.5146666666666667,77.96,critical,2515,92.72666666666666
2810003,2810,28,gmina warmińsko-mazurskie-centralny-10-03,43969,92.05,8878,50.2,2026-01-16 14:28:00+00:00,14903.0,2026-01-14 06:28:00+00:00,57.53333333333333,0.03,-21.7,0.4466666666666666,0.799074074074074,0.97,0.6693333333333333,79.07,critical,3009,92.30333333333333
1422003,1422,14,gmina mazowieckie-centralny-22-03,15216,84.92,3164,54.9,2026-01-16 14:27:00+00:00,2884.0,2026-01-14 10:27:00+00:00,53.55,0.03,-24.0,0.6,0.7437499999999999,0.97,0.732,77.77,critical,600,91.77
2803002,2803,28,gmina warmińsko-mazurskie-zachodni-03-02,19680,89.51,3674,37.9,2026-01-16 15:04:00+00:00,4545.0,2026-01-14 07:04:00+00:00,56.93333333333333,0.03,-22.6,0.5066666666666667,0.7907407407407407,0.97,0.5053333333333333,78.11,critical,848,91.64333333333333
2808001,2808,28,gmina warmińsko-mazurskie-wschodni-08-01,16555,88.18,3431,42.0,2026-01-16 15:39:00+00:00,11124.0,2026-01-14 19:39:00+00:00,44.35,0.03,-25.7,0.7133333333333333,0.6159722222222223,0.97,0.56,76.36,critical,2305,90.92666666666666
615003,615,6,gmina lubelskie-zachodni-15-03,17130,86.29,3198,47.2,2026-01-16 15:11:00+00:00,2866.0,2026-01-14 21:11:00+00:00,42.81666666666667,0.03,-25.9,0.7266666666666666,0.594675925925926,0.97,0.6293333333333334,75.59,critical,535,90.22333333333333
1401001,1401,14,gmina mazowieckie-południowy-01-01,15484,83.95,3166,50.9,2026-01-16 15:15:00+00:00,5504.0,2026-01-14 21:15:00+00:00,42.75,0.03,-26.1,0.7400000000000001,0.59375,0.97,0.6786666666666666,75.16,critical,1125,89.86
619007,619,6,gmina lubelskie-południowy-19-07,14062,78.85,2802,46.0,2026-01-16 15:43:00+00:00,7767.0,2026-01-14 17:43:00+00:00,46.28333333333333,0.03,-26.3,0.7533333333333334,0.642824074074074,0.97,0.6133333333333333,74.6,high,1548,89.36666666666666
601002,601,6,gmina lubelskie-południowy-01-02,14536,77.67,3160,46.0,2026-01-16 14:23:00+00:00,4108.0,2026-01-14 18:23:00+00:00,45.61666666666667,0.03,-26.2,0.7466666666666666,0.6335648148148149,0.97,0.6133333333333333,73.76,high,893,88.49333333333334
617003,617,6,gmina lubelskie-miejski-17-03,4273,81.23,756,43.9,2026-01-16 14:35:00+00:00,817.0,2026-01-14 16:35:00+00:00,47.41666666666666,0.03,-24.5,0.6333333333333333,0.6585648148148148,0.97,0.5853333333333333,73.68,high,145,87.84666666666668
2817005,2817,28,gmina warmińsko-mazurskie-miejski-17-05,15132,100.0,3286,55.8,2026-01-16 15:51:00+00:00,10884.0,2026-01-15 09:51:00+00:00,30.15,0.03,-23.8,0.5866666666666667,0.4187499999999999,0.97,0.744,73.57,high,2364,87.50333333333333
2816003,2816,28,gmina warmińsko-mazurskie-centralny-16-03,4514,89.09,923,56.1,2026-01-16 15:43:00+00:00,3120.0,2026-01-15 03:43:00+00:00,36.28333333333333,0.03,-24.8,0.6533333333333334,0.5039351851851852,0.97,0.748,73.2,high,638,87.46666666666667
2807004,2807,28,gmina warmińsko-mazurskie-południowy-07-04,18729,79.47,3564,40.2,2026-01-16 14:38:00+00:00,3782.0,2026-01-14 06:38:00+00:00,57.36666666666667,0.03,-22.0,0.4666666666666667,0.7967592592592593,0.97,0.536,73.91,high,720,87.24333333333333
2809004,2809,28,gmina warmińsko-mazurskie-zachodni-09-04,17960,86.87,3908,60.0,2026-01-16 14:33:00+00:00,14281.0,2026-01-15 14:33:00+00:00,25.45,0.03,-27.3,0.8200000000000001,0.3534722222222222,0.97,0.8,71.1,high,3107,86.19999999999999
2805003,2805,28,gmina warmińsko-mazurskie-miejski-05-03,24652,78.0,3847,42.0,2026-01-16 15:59:00+00:00,3961.0,2026-01-14 15:59:00+00:00,48.016666666666666,0.03,-23.9,0.5933333333333333,0.6668981481481482,0.97,0.56,71.86,high,618,85.82666666666667
1416007,1416,14,gmina mazowieckie-centralny-16-07,5904,77.45,1046,41.0,2026-01-16 14:51:00+00:00,1347.0,2026-01-15 00:51:00+00:00,39.15,0.03,-26.0,0.7333333333333333,0.54375,0.97,0.5466666666666666,70.41,high,239,85.07666666666667
1437002,1437,14,gmina mazowieckie-południowy-37-02,20564,97.7,4607,55.3,2026-01-16 14:46:00+00:00,8650.0,2026-01-15 08:46:00+00:00,31.23333333333333,0.03,-22.3,0.4866666666666667,0.4337962962962963,0.97,0.7373333333333333,71.32,high,1938,84.75333333333333
2819001,2819,28,gmina warmińsko-mazurskie-południowy-19-01,5378,82.87,1022,35.9,2026-01-16 15:35:00+00:00,3367.0,2026-01-15 07:35:00+00:00,32.416666666666664,0.03,-26.5,0.7666666666666667,0.4502314814814814,0.97,0.4786666666666666,69.92,high,640,84.75333333333333
2818002,2818,28,gmina warmińsko-mazurskie-północny-18-02,2395,76.29,362,57.4,2026-01-16 15:10:00+00:00,1674.0,2026-01-15 01:10:00+00:00,38.833333333333336,0.03,-25.4,0.6933333333333332,0.5393518518518519,0.97,0.7653333333333333,70.21,high,253,84.67666666666666
623001,623,6,gmina lubelskie-miejski-23-01,19676,84.42,3771,43.8,2026-01-16 15:58:00+00:00,14125.0,2026-01-15 09:58:00+00:00,30.03333333333333,0.03,-26.3,0.7533333333333334,0.4171296296296296,0.97,0.584,69.8,high,2707,84.56666666666666
2806006,2806,28,gmina warmińsko-mazurskie-północny-06-06,39344,64.99,6465,29.2,2026-01-16 14:40:00+00:00,6253.0,2026-01-14 08:40:00+00:00,55.333333333333336,0.03,-24.6,0.6400000000000001,0.7685185185185186,0.97,0.3893333333333333,69.95,high,1027,84.15
1408006,1408,14,gmina mazowieckie-wschodni-08-06,38528,61.55,6526,18.1,2026-01-16 15:36:00+00:00,11034.0,2026-01-14 13:36:00+00:00,50.4,0.03,-27.2,0.8133333333333332,0.7,0.97,0.2413333333333333,68.97,high,1869,84.03666666666666
2819006,2819,28,gmina warmińsko-mazurskie-południowy-19-06,8732,85.2,1698,59.9,2026-01-16 15:26:00+00:00,2057.0,2026-01-15 15:26:00+00:00,24.566666666666663,0.03,-26.5,0.7666666666666667,0.3412037037037037,0.97,0.7986666666666666,69.14,high,400,83.97333333333333
1425003,1425,14,gmina mazowieckie-południowy-25-03,23386,62.88,3508,34.9,2026-01-16 15:31:00+00:00,6411.0,2026-01-14 09:31:00+00:00,54.48333333333333,0.03,-24.9,0.6599999999999999,0.756712962962963,0.97,0.4653333333333333,69.53,high,962,83.83
1428007,1428,14,gmina mazowieckie-centralny-28-07,14983,82.92,2946,30.9,2026-01-16 15:45:00+00:00,2691.0,2026-01-14 19:45:00+00:00,44.25,0.03,-22.8,0.52,0.6145833333333334,0.97,0.412,70.1,high,529,83.69999999999999
2809006,2809,28,gmina warmińsko-mazurskie-zachodni-09-06,65120,80.59,14714,18.3,2026-01-16 15:43:00+00:00,38444.0,2026-01-15 09:43:00+00:00,30.28333333333333,0.03,-27.3,0.8200000000000001,0.4206018518518519,0.97,0.244,67.95,high,8687,83.05
2808005,2808,28,gmina warmińsko-mazurskie-wschodni-08-05,15102,85.82,2876,39.3,2026-01-16 14:08:00+00:00,9496.0,2026-01-15 12:08:00+00:00,27.866666666666667,0.03,-25.7,0.7133333333333333,0.387037037037037,0.97,0.5239999999999999,68.41,high,1808,82.97666666666666
1432004,1432,14,gmina mazowieckie-wschodni-32-04,7159,80.89,1411,50.1,2026-01-16 15:32:00+00:00,5275.0,2026-01-15 09:32:00+00:00,30.466666666666665,0.03,-25.7,0.7133333333333333,0.4231481481481481,0.97,0.668,68.34,high,1040,82.90666666666667
1403002,1403,14,gmina mazowieckie-zachodni-03-02,9839,74.62,1755,33.7,2026-01-16 15:55:00+00:00,7169.0,2026-01-15 01:55:00+00:00,38.083333333333336,0.03,-25.8,0.7200000000000001,0.5289351851851852,0.97,0.4493333333333333,68.16,high,1279,82.75999999999999
622002,622,6,gmina lubelskie-centralny-22-02,26720,78.59,5426,48.2,2026-01-16 15:19:00+00:00,18299.0,2026-01-15 07:19:00+00:00,32.68333333333333,0.03,-25.6,0.7066666666666668,0.4539351851851851,0.97,0.6426666666666667,68.15,high,3716,82.68333333333334
2815003,2815,28,gmina warmińsko-mazurskie-zachodni-15-03,10846,91.63,2296,43.5,2026-01-16 15:24:00+00:00,8344.0,2026-01-15 13:24:00+00:00,26.6,0.03,-24.1,0.6066666666666668,0.3694444444444444,0.97,0.58,68.45,high,1766,82.48333333333333
2808004,2808,28,gmina warmińsko-mazurskie-wschodni-08-04,10154,85.4,2582,34.9,2026-01-16 14:25:00+00:00,2526.0,2026-01-15 12:25:00+00:00,27.58333333333333,0.03,-25.7,0.7133333333333333,0.3831018518518518,0.97,0.4653333333333333,67.84,high,642,82.40666666666667
2014001,2014,20,gmina podlaskie-wschodni-14-01,6319,81.19,1206,37.4,2026-01-16 14:26:00+00:00,4491.0,2026-01-15 18:26:00+00:00,21.566666666666663,0.03,-28.2,0.88,0.299537037037037,0.97,0.4986666666666666,66.9,high,857,82.30000000000001
2806003,2806,28,gmina warmińsko-mazurskie-północny-06-03,2535,84.42,521,53.8,2026-01-16 14:56:00+00:00,2033.0,2026-01-15 10:56:00+00:00,29.066666666666663,0.03,-24.6,0.6400000000000001,0.4037037037037037,0.97,0.7173333333333333,68.03,high,418,82.23
2009006,2009,20,gmina podlaskie-zachodni-09-06,12391,73.63,2425,47.8,2026-01-16 15:00:00+00:00,10073.0,2026-01-15 05:00:00+00:00,35.0,0.03,-25.8,0.7200000000000001,0.4861111111111111,0.97,0.6373333333333333,67.44,high,1971,82.03999999999999
612002,612,6,gmina lubelskie-północny-12-02,28361,81.64,4671,52.2,2026-01-16 15:38:00+00:00,18412.0,2026-01-15 07:38:00+00:00,32.36666666666667,0.03,-24.2,0.6133333333333333,0.449537037037037,0.97,0.6960000000000001,67.76,high,3032,81.82666666666667
615001,615,6,gmina lubelskie-zachodni-15-01,66772,61.74,10736,21.7,2026-01-16 15:48:00+00:00,19229.0,2026-01-14 15:48:00+00:00,48.2,0.03,-25.9,0.7266666666666666,0.6694444444444445,0.97,0.2893333333333333,66.8,high,3092,81.43333333333334
2820004,2820,28,gmina warmińsko-mazurskie-wschodni-20-04,24374,63.94,4940,34.8,2026-01-16 14:45:00+00:00,6503.0,2026-01-14 16:45:00+00:00,47.25,0.03,-24.9,0.6599999999999999,0.65625,0.97,0.4639999999999999,66.91,high,1318,81.21
2816005,2816,28,gmina warmińsko-mazurskie-centralny-16-05,9177,77.51,1715,44.4,2026-01-16 14:22:00+00:00,6196.0,2026-01-15 06:22:00+00:00,33.63333333333333,0.03,-24.8,0.6533333333333334,0.4671296296296296,0.97,0.592,66.92,high,1158,81.18666666666667
2804003,2804,28,gmina warmińsko-mazurskie-centralny-04-03,35805,53.78,5728,36.8,2026-01-16 15:25:00+00:00,8972.0,2026-01-14 07:25:00+00:00,56.583333333333336,0.036,-24.7,0.6466666666666666,0.7858796296296297,0.964,0.4906666666666666,66.78,high,1435,81.01333333333334
603007,603,6,gmina lubelskie-zachodni-03-07,6852,92.99,1565,40.6,2026-01-16 14:40:00+00:00,4197.0,2026-01-15 16:40:00+00:00,23.33333333333333,0.03,-23.8,0.5866666666666667,0.324074074074074,0.97,0.5413333333333333,67.06,high,959,80.99333333333334
2007005,2007,20,gmina podlaskie-południowy-07-05,26722,58.57,4175,18.3,2026-01-16 14:26:00+00:00,8815.0,2026-01-14 14:26:00+00:00,49.56666666666667,0.03,-26.1,0.7400000000000001,0.688425925925926,0.97,0.244,66.18,high,1377,80.88000000000001
1412005,1412,14,gmina mazowieckie-północny-12-05,17644,79.03,2665,56.3,2026-01-16 15:31:00+00:00,14491.0,2026-01-15 07:31:00+00:00,32.483333333333334,0.03,-24.0,0.6,0.4511574074074074,0.97,0.7506666666666666,66.85,high,2189,80.85
2811001,2811,28,gmina warmińsko-mazurskie-miejski-11-01,9089,89.86,2011,45.2,2026-01-16 14:45:00+00:00,7069.0,2026-01-15 12:45:00+00:00,27.25,0.03,-23.1,0.5400000000000001,0.3784722222222222,0.97,0.6026666666666667,66.96,high,1564,80.66
1438005,1438,14,gmina mazowieckie-wschodni-38-05,12219,77.37,2580,35.9,2026-01-16 14:01:00+00:00,9745.0,2026-01-15 10:01:00+00:00,29.98333333333333,0.03,-25.8,0.7200000000000001,0.4164351851851852,0.97,0.4786666666666666,65.98,high,2058,80.58
2017004,2017,20,gmina podlaskie-miejski-17-04,3599,76.32,705,43.4,2026-01-16 15:46:00+00:00,2440.0,2026-01-15 07:46:00+00:00,32.233333333333334,0.03,-25.1,0.6733333333333335,0.4476851851851852,0.97,0.5786666666666667,66.18,high,478,80.54666666666668
1436006,1436,14,gmina mazowieckie-północny-36-06,13849,79.55,2577,44.2,2026-01-16 15:26:00+00:00,6291.0,2026-01-15 09:26:00+00:00,30.566666666666663,0.03,-24.5,0.6333333333333333,0.424537037037037,0.97,0.5893333333333334,66.04,high,1171,80.20666666666668
2016001,2016,20,gmina podlaskie-centralny-16-01,51941,70.46,8865,29.3,2026-01-16 15:19:00+00:00,13768.0,2026-01-14 21:19:00+00:00,42.68333333333333,0.03,-24.1,0.6066666666666668,0.592824074074074,0.97,0.3906666666666666,66.16,high,2350,80.19333333333333
2801006,2801,28,gmina warmińsko-mazurskie-południowy-01-06,13439,76.7,1906,45.5,2026-01-16 15:40:00+00:00,8936.0,2026-01-15 09:40:00+00:00,30.33333333333333,0.03,-25.2,0.6799999999999999,0.4212962962962963,0.97,0.6066666666666667,65.79,high,1267,80.19000000000001
1440001,1440,14,gmina mazowieckie-centralny-40-01,10248,78.28,2190,47.0,2026-01-16 14:40:00+00:00,7774.0,2026-01-15 14:40:00+00:00,25.33333333333333,0.03,-26.1,0.7400000000000001,0.3518518518518518,0.97,0.6266666666666667,65.49,high,1661,80.19
604006,604,6,gmina lubelskie-centralny-04-06,7208,80.59,1385,42.1,2026-01-16 14:41:00+00:00,4893.0,2026-01-15 18:41:00+00:00,21.316666666666663,0.03,-26.8,0.7866666666666667,0.2960648148148148,0.97,0.5613333333333334,65.2,high,940,80.13333333333334
606007,606,6,gmina lubelskie-północny-06-07,5258,74.04,964,47.7,2026-01-16 15:23:00+00:00,1835.0,2026-01-15 07:23:00+00:00,32.61666666666667,0.03,-25.1,0.6733333333333335,0.4530092592592593,0.97,0.636,65.76,high,336,80.12666666666667
2812004,2812,28,gmina warmińsko-mazurskie-północny-12-04,27741,62.02,5195,38.0,2026-01-16 15:05:00+00:00,19220.0,2026-01-14 15:05:00+00:00,48.91666666666666,0.03,-23.8,0.5866666666666667,0.6793981481481481,0.97,0.5066666666666667,65.77,high,3599,79.70333333333333
2815004,2815,28,gmina warmińsko-mazurskie-zachodni-15-04,26361,60.53,4937,20.0,2026-01-16 15:55:00+00:00,8276.0,2026-01-14 11:55:00+00:00,52.083333333333336,0.043,-24.1,0.6066666666666668,0.7233796296296297,0.957,0.2666666666666666,65.57,high,1550,79.60333333333332
1410002,1410,14,gmina mazowieckie-centralny-10-02,2510,61.67,375,40.3,2026-01-16 15:39:00+00:00,1697.0,2026-01-15 03:39:00+00:00,36.35,0.048,-27.2,0.8133333333333332,0.5048611111111111,0.952,0.5373333333333333,64.48,high,254,79.54666666666667
2817006,2817,28,gmina warmińsko-mazurskie-miejski-17-06,21450,85.28,4457,38.6,2026-01-16 15:02:00+00:00,14637.0,2026-01-15 13:02:00+00:00,26.966666666666665,0.03,-23.8,0.5866666666666667,0.374537037037037,0.97,0.5146666666666667,65.51,high,3041,79.44333333333334
602006,602,6,gmina lubelskie-wschodni-02-06,33256,58.08,5116,31.1,2026-01-16 15:48:00+00:00,9623.0,2026-01-14 13:48:00+00:00,50.2,0.03,-24.5,0.6333333333333333,0.6972222222222223,0.97,0.4146666666666667,65.19,high,1480,79.35666666666667
2819004,2819,28,gmina warmińsko-mazurskie-południowy-19-04,15206,57.54,2830,26.8,2026-01-16 14:19:00+00:00,8942.0,2026-01-14 20:19:00+00:00,43.68333333333333,0.03,-26.5,0.7666666666666667,0.606712962962963,0.97,0.3573333333333333,64.38,high,1664,79.21333333333332
1413003,1413,14,gmina mazowieckie-południowy-13-03,7849,84.52,1606,47.4,2026-01-16 14:36:00+00:00,5441.0,2026-01-15 14:36:00+00:00,25.4,0.03,-23.8,0.5866666666666667,0.3527777777777777,0.97,0.632,65.15,high,1113,79.08333333333334
1421002,1421,14,gmina mazowieckie-zachodni-21-02,10470,59.35,1513,25.8,2026-01-16 15:53:00+00:00,1485.0,2026-01-14 21:53:00+00:00,42.11666666666667,0.03,-26.2,0.7466666666666666,0.5849537037037037,0.97,0.344,63.99,high,215,78.72333333333334
617005,617,6,gmina lubelskie-miejski-17-05,4748,74.41,954,39.2,2026-01-16 15:37:00+00:00,1014.0,2026-01-15 07:37:00+00:00,32.38333333333333,0.03,-24.5,0.6333333333333333,0.4497685185185185,0.97,0.5226666666666667,64.51,high,204,78.67666666666668
609004,609,6,gmina lubelskie-zachodni-09-04,38645,51.35,4693,19.6,2026-01-16 14:27:00+00:00,9631.0,2026-01-14 10:27:00+00:00,53.55,0.157,-25.9,0.7266666666666666,0.7437499999999999,0.843,0.2613333333333333,63.8,high,1170,78.43333333333334
1404006,1404,14,gmina mazowieckie-centralny-04-06,4525,83.27,847,46.5,2026-01-16 15:37:00+00:00,3187.0,2026-01-15 15:37:00+00:00,24.383333333333333,0.03,-24.0,0.6,0.3386574074074074,0.97,0.62,64.43,high,597,78.43
2015003,2015,20,gmina podlaskie-zachodni-15-03,6224,80.04,1317,39.2,2026-01-16 15:04:00+00:00,4331.0,2026-01-15 17:04:00+00:00,22.933333333333334,0.03,-25.5,0.7,0.3185185185185185,0.97,0.5226666666666667,63.91,high,916,78.41
1424004,1424,14,gmina mazowieckie-północny-24-04,10174,89.44,2162,41.9,2026-01-16 15:41:00+00:00,6871.0,2026-01-15 17:41:00+00:00,22.316666666666663,0.03,-23.2,0.5466666666666666,0.3099537037037037,0.97,0.5586666666666666,64.65,high,1460,78.38333333333334
2005005,2005,20,gmina podlaskie-miejski-05-05,31366,59.14,4912,19.5,2026-01-16 15:09:00+00:00,5968.0,2026-01-14 09:09:00+00:00,54.85,0.03,-22.8,0.52,0.7618055555555556,0.97,0.26,64.72,high,935,78.32
602002,602,6,gmina lubelskie-wschodni-02-02,4121,77.17,832,51.4,2026-01-16 15:08:00+00:00,2808.0,2026-01-15 13:08:00+00:00,26.866666666666667,0.03,-24.5,0.6333333333333333,0.3731481481481482,0.97,0.6853333333333333,64.08,high,567,78.24666666666667
611001,611,6,gmina lubelskie-miejski-11-01,19738,87.02,4141,49.0,2026-01-16 14:38:00+00:00,12748.0,2026-01-15 20:38:00+00:00,19.366666666666667,0.03,-24.2,0.6133333333333333,0.2689814814814815,0.97,0.6533333333333333,64.17,high,2675,78.23666666666666
2814002,2814,28,gmina warmińsko-mazurskie-wschodni-14-02,22837,52.07,3677,26.1,2026-01-16 14:31:00+00:00,6075.0,2026-01-14 14:31:00+00:00,49.48333333333333,0.138,-26.3,0.7533333333333334,0.6872685185185186,0.862,0.348,63.46,high,978,78.22666666666667
1402004,1402,14,gmina mazowieckie-wschodni-02-04,5758,70.03,811,43.5,2026-01-16 15:12:00+00:00,1203.0,2026-01-15 03:12:00+00:00,36.8,0.03,-23.9,0.5933333333333333,0.5111111111111111,0.97,0.58,64.25,high,169,78.21666666666667
2014004,2014,20,gmina podlaskie-wschodni-14-04,8316,65.62,1647,35.3,2026-01-16 14:54:00+00:00,5217.0,2026-01-15 12:54:00+00:00,27.1,0.069,-28.2,0.88,0.3763888888888889,0.931,0.4706666666666666,62.8,high,1033,78.2
2818003,2818,28,gmina warmińsko-mazurskie-północny-18-03,6739,72.55,1184,42.2,2026-01-16 15:13:00+00:00,3799.0,2026-01-15 11:13:00+00:00,28.78333333333333,0.03,-25.4,0.6933333333333332,0.3997685185185185,0.97,0.5626666666666668,63.59,high,667,78.05666666666667
2801004,2801,28,gmina warmińsko-mazurskie-południowy-01-04,10070,62.57,1761,23.5,2026-01-16 14:36:00+00:00,7932.0,2026-01-14 22:36:00+00:00,41.4,0.03,-25.2,0.6799999999999999,0.575,0.97,0.3133333333333333,63.56,high,1387,77.96000000000001
2802003,2802,28,gmina warmińsko-mazurskie-wschodni-02-03,11265,84.41,2181,46.0,2026-01-16 14:30:00+00:00,7344.0,2026-01-15 18:30:00+00:00,21.5,0.03,-24.1,0.6066666666666668,0.2986111111111111,0.97,0.6133333333333333,63.75,high,1422,77.78333333333333
603002,603,6,gmina lubelskie-zachodni-03-02,22252,57.05,3578,11.1,2026-01-16 15:03:00+00:00,6939.0,2026-01-14 11:03:00+00:00,52.95,0.052,-23.8,0.5866666666666667,0.7354166666666667,0.948,0.148,63.57,high,1116,77.50333333333333
1417001,1417,14,gmina mazowieckie-miejski-17-01,15962,80.02,3536,39.9,2026-01-16 15:21:00+00:00,12743.0,2026-01-15 11:21:00+00:00,28.65,0.03,-23.3,0.5533333333333333,0.3979166666666666,0.97,0.532,63.7,high,2823,77.46666666666667
2002001,2002,20,gmina podlaskie-wschodni-02-01,16127,85.1,3136,40.6,2026-01-16 14:19:00+00:00,15097.0,2026-01-15 22:19:00+00:00,17.683333333333334,0.03,-24.9,0.6599999999999999,0.2456018518518518,0.97,0.5413333333333333,63.02,high,2936,77.32000000000001
2805005,2805,28,gmina warmińsko-mazurskie-miejski-05-05,12594,80.74,2679,49.3,2026-01-16 14:08:00+00:00,9905.0,2026-01-15 16:08:00+00:00,23.866666666666667,0.03,-23.9,0.5933333333333333,0.3314814814814815,0.97,0.6573333333333333,63.32,high,2107,77.28666666666666
2005006,2005,20,gmina podlaskie-miejski-05-06,8805,84.58,1559,44.8,2026-01-16 15:17:00+00:00,6776.0,2026-01-15 15:17:00+00:00,24.716666666666665,0.03,-22.8,0.52,0.343287037037037,0.97,0.5973333333333333,63.52,high,1200,77.12
619001,619,6,gmina lubelskie-południowy-19-01,63772,66.11,10600,14.8,2026-01-16 14:36:00+00:00,43430.0,2026-01-15 06:36:00+00:00,33.4,0.03,-26.3,0.7533333333333334,0.4638888888888888,0.97,0.1973333333333333,62.32,high,7219,77.08666666666666
1414003,1414,14,gmina mazowieckie-wschodni-14-03,26145,77.23,4586,48.7,2026-01-16 15:20:00+00:00,16980.0,2026-01-15 15:20:00+00:00,24.666666666666668,0.03,-24.4,0.6266666666666666,0.3425925925925926,0.97,0.6493333333333333,62.88,high,2978,77.01333333333332
1403003,1403,14,gmina mazowieckie-zachodni-03-03,6047,61.47,1025,22.0,2026-01-16 14:56:00+00:00,2131.0,2026-01-15 02:56:00+00:00,37.06666666666667,0.03,-25.8,0.7200000000000001,0.5148148148148148,0.97,0.2933333333333333,61.96,high,361,76.56
2017005,2017,20,gmina podlaskie-miejski-17-05,17470,78.84,3191,45.5,2026-01-16 14:06:00+00:00,11004.0,2026-01-15 20:06:00+00:00,19.9,0.03,-25.1,0.6733333333333335,0.2763888888888888,0.97,0.6066666666666667,62.13,high,2010,76.49666666666667
2002005,2002,20,gmina podlaskie-wschodni-02-05,5001,79.35,908,38.1,2026-01-16 15:07:00+00:00,3606.0,2026-01-15 19:07:00+00:00,20.883333333333333,0.03,-24.9,0.6599999999999999,0.2900462962962963,0.97,0.508,62.0,high,655,76.3
2011003,2011,20,gmina podlaskie-miejski-11-03,19094,75.65,4171,44.5,2026-01-16 15:18:00+00:00,13345.0,2026-01-15 19:18:00+00:00,20.7,0.068,-25.8,0.7200000000000001,0.2875,0.932,0.5933333333333334,61.69,high,2915,76.28999999999999
1413002,1413,14,gmina mazowieckie-południowy-13-02,4126,72.61,725,40.3,2026-01-16 15:28:00+00:00,1857.0,2026-01-15 09:28:00+00:00,30.53333333333333,0.03,-23.8,0.5866666666666667,0.4240740740740741,0.97,0.5373333333333333,62.29,high,326,76.22333333333333
617006,617,6,gmina lubelskie-miejski-17-06,16905,81.39,3607,49.3,2026-01-16 15:52:00+00:00,12623.0,2026-01-15 21:52:00+00:00,18.133333333333333,0.03,-24.5,0.6333333333333333,0.2518518518518518,0.97,0.6573333333333333,61.9,high,2693,76.06666666666668
2002003,2002,20,gmina podlaskie-wschodni-02-03,11723,80.64,2257,45.8,2026-01-16 14:17:00+00:00,9769.0,2026-01-15 22:17:00+00:00,17.716666666666665,0.03,-24.9,0.6599999999999999,0.2460648148148148,0.97,0.6106666666666666,61.69,high,1881,75.99
2003001,2003,20,gmina podlaskie-zachodni-03-01,41420,54.59,6383,20.1,2026-01-16 15:16:00+00:00,32618.0,2026-01-15 03:16:00+00:00,36.73333333333333,0.04,-27.3,0.8200000000000001,0.5101851851851852,0.96,0.268,60.79,high,5027,75.88999999999999
1409001,1409,14,gmina mazowieckie-zachodni-09-01,13692,68.26,2863,25.2,2026-01-16 15:50:00+00:00,10271.0,2026-01-15 07:50:00+00:00,32.166666666666664,0.03,-24.8,0.6533333333333334,0.4467592592592592,0.97,0.3359999999999999,61.51,high,2148,75.77666666666666
615002,615,6,gmina lubelskie-zachodni-15-02,4396,64.13,730,31.2,2026-01-16 15:08:00+00:00,1778.0,2026-01-15 09:08:00+00:00,30.866666666666667,0.03,-25.9,0.7266666666666666,0.4287037037037037,0.97,0.416,61.12,high,295,75.75333333333333
2804001,2804,28,gmina warmińsko-mazurskie-centralny-04-01,5850,73.21,1274,49.0,2026-01-16 14:30:00+00:00,4757.0,2026-01-15 16:30:00+00:00,23.5,0.03,-24.7,0.6466666666666666,0.3263888888888889,0.97,0.6533333333333333,61.25,high,1036,75.48333333333333
2012004,2012,20,gmina podlaskie-północny-12-04,38081,54.69,5911,15.4,2026-01-16 15:50:00+00:00,9557.0,2026-01-14 15:50:00+00:00,48.16666666666666,0.031,-24.0,0.6,0.6689814814814814,0.969,0.2053333333333333,61.4,high,1483,75.4
1442006,1442,14,gmina mazowieckie-północny-42-06,10725,69.07,1573,42.8,2026-01-16 15:06:00+00:00,2751.0,2026-01-15 09:06:00+00:00,30.9,0.03,-23.8,0.5866666666666667,0.4291666666666666,0.97,0.5706666666666667,61.26,high,403,75.19333333333333
2006005,2006,20,gmina podlaskie-północny-06-05,19101,71.75,2935,31.7,2026-01-16 15:13:00+00:00,16028.0,2026-01-15 13:13:00+00:00,26.78333333333333,0.03,-24.7,0.6466666666666666,0.3719907407407408,0.97,0.4226666666666666,60.91,high,2463,75.14333333333333
2006002,2006,20,gmina podlaskie-północny-06-02,2375,60.52,331,41.3,2026-01-16 14:36:00+00:00,1668.0,2026-01-15 04:36:00+00:00,35.4,0.03,-24.7,0.6466666666666666,0.4916666666666666,0.97,0.5506666666666666,60.87,high,232,75.10333333333334
1405002,1405,14,gmina mazowieckie-miejski-05-02,16097,82.69,2893,43.5,2026-01-16 14:04:00+00:00,11071.0,2026-01-15 22:04:00+00:00,17.933333333333334,0.03,-23.8,0.5866666666666667,0.2490740740740741,0.97,0.58,61.08,high,1990,75.01333333333334
2016003,2016,20,gmina podlaskie-centralny-16-03,25513,54.29,4015,18.7,2026-01-16 15:42:00+00:00,5834.0,2026-01-14 17:42:00+00:00,46.3,0.03,-24.1,0.6066666666666668,0.6430555555555555,0.97,0.2493333333333333,60.82,high,918,74.85333333333332
1427003,1427,14,gmina mazowieckie-zachodni-27-03,18724,67.53,2910,20.7,2026-01-16 14:49:00+00:00,13164.0,2026-01-15 04:49:00+00:00,35.18333333333333,0.03,-23.7,0.58,0.4886574074074074,0.97,0.2759999999999999,60.87,high,2046,74.77000000000001
1424002,1424,14,gmina mazowieckie-północny-24-02,14384,87.15,2547,39.4,2026-01-16 14:11:00+00:00,11733.0,2026-01-16 00:11:00+00:00,15.816666666666666,0.03,-23.2,0.5466666666666666,0.2196759259259259,0.97,0.5253333333333333,60.9,high,2078,74.63333333333334
620001,620,6,gmina lubelskie-wschodni-20-01,79749,69.03,13561,23.1,2026-01-16 14:43:00+00:00,58424.0,2026-01-15 14:43:00+00:00,25.28333333333333,0.03,-25.6,0.7066666666666668,0.3511574074074074,0.97,0.308,59.76,elevated,9935,74.29333333333332
623006,623,6,gmina lubelskie-miejski-23-06,17675,47.07,2908,24.0,2026-01-16 14:44:00+00:00,5339.0,2026-01-14 18:44:00+00:00,45.266666666666666,0.154,-26.3,0.7533333333333334,0.6287037037037037,0.846,0.32,59.52,elevated,878,74.28666666666668
1409005,1409,14,gmina mazowieckie-zachodni-09-05,7905,72.83,1674,34.8,2026-01-16 15:08:00+00:00,5614.0,2026-01-15 17:08:00+00:00,22.866666666666667,0.03,-24.8,0.6533333333333334,0.3175925925925926,0.97,0.4639999999999999,60.01,high,1189,74.27666666666666
1430005,1430,14,gmina mazowieckie-północny-30-05,2715,63.03,547,21.3,2026-01-16 15:11:00+00:00,1574.0,2026-01-15 07:11:00+00:00,32.81666666666667,0.03,-25.1,0.6733333333333335,0.4557870370370371,0.97,0.284,59.9,elevated,317,74.26666666666668
2006004,2006,20,gmina podlaskie-północny-06-04,10381,67.92,1683,33.5,2026-01-16 14:15:00+00:00,8569.0,2026-01-15 12:15:00+00:00,27.75,0.03,-24.7,0.6466666666666666,0.3854166666666667,0.97,0.4466666666666666,59.98,elevated,1389,74.21333333333332
604003,604,6,gmina lubelskie-centralny-04-03,10274,61.45,1636,28.4,2026-01-16 15:38:00+00:00,3485.0,2026-01-15 11:38:00+00:00,28.366666666666667,0.108,-26.8,0.7866666666666667,0.3939814814814815,0.892,0.3786666666666666,59.25,elevated,555,74.18333333333334
1413004,1413,14,gmina mazowieckie-południowy-13-04,44950,50.81,6042,12.0,2026-01-16 15:24:00+00:00,8055.0,2026-01-14 13:24:00+00:00,50.6,0.059,-23.8,0.5866666666666667,0.7027777777777778,0.941,0.16,60.22,high,1083,74.15333333333334
1432002,1432,14,gmina mazowieckie-wschodni-32-02,12723,61.92,1571,35.4,2026-01-16 15:01:00+00:00,3286.0,2026-01-15 11:01:00+00:00,28.98333333333333,0.03,-25.7,0.7133333333333333,0.4025462962962963,0.97,0.472,59.54,elevated,406,74.10666666666665
2810004,2810,28,gmina warmińsko-mazurskie-centralny-10-04,2851,66.1,542,38.2,2026-01-16 14:37:00+00:00,2036.0,2026-01-15 00:37:00+00:00,39.38333333333333,0.03,-21.7,0.4466666666666666,0.5469907407407407,0.97,0.5093333333333334,60.84,high,387,74.07333333333334
2817002,2817,28,gmina warmińsko-mazurskie-miejski-17-02,21333,54.75,3198,28.6,2026-01-16 15:23:00+00:00,5348.0,2026-01-14 21:23:00+00:00,42.61666666666667,0.035,-23.8,0.5866666666666667,0.5918981481481481,0.965,0.3813333333333333,59.71,elevated,802,73.64333333333335
1437004,1437,14,gmina mazowieckie-południowy-37-04,8440,71.95,1410,33.9,2026-01-16 14:54:00+00:00,2718.0,2026-01-15 08:54:00+00:00,31.1,0.03,-22.3,0.4866666666666667,0.4319444444444444,0.97,0.4519999999999999,60.05,high,454,73.48333333333333
1431005,1431,14,gmina mazowieckie-południowy-31-05,5300,66.89,773,31.9,2026-01-16 15:45:00+00:00,3129.0,2026-01-15 15:45:00+00:00,24.25,0.03,-25.5,0.7,0.3368055555555556,0.97,0.4253333333333333,58.98,elevated,456,73.47999999999999
610003,610,6,gmina lubelskie-centralny-10-03,2081,73.32,388,36.4,2026-01-16 14:35:00+00:00,1193.0,2026-01-15 20:35:00+00:00,19.416666666666668,0.07,-25.1,0.6733333333333335,0.2696759259259259,0.93,0.4853333333333333,58.87,elevated,222,73.23666666666668
1427004,1427,14,gmina mazowieckie-zachodni-27-04,10992,73.65,1997,39.2,2026-01-16 15:30:00+00:00,7795.0,2026-01-15 17:30:00+00:00,22.5,0.03,-23.7,0.58,0.3125,0.97,0.5226666666666667,59.15,elevated,1416,73.05000000000001
606006,606,6,gmina lubelskie-północny-06-06,11672,76.74,2000,29.7,2026-01-16 14:15:00+00:00,9153.0,2026-01-16 00:15:00+00:00,15.75,0.03,-25.1,0.6733333333333335,0.21875,0.97,0.3959999999999999,58.55,elevated,1568,72.91666666666666
619006,619,6,gmina lubelskie-południowy-19-06,13913,59.98,2012,30.0,2026-01-16 15:33:00+00:00,11206.0,2026-01-15 13:33:00+00:00,26.45,0.03,-26.3,0.7533333333333334,0.3673611111111111,0.97,0.4,58.1,elevated,1621,72.86666666666666
2805002,2805,28,gmina warmińsko-mazurskie-miejski-05-02,7751,69.98,1398,43.8,2026-01-16 14:04:00+00:00,5913.0,2026-01-15 16:04:00+00:00,23.933333333333334,0.03,-23.9,0.5933333333333333,0.3324074074074074,0.97,0.584,58.89,elevated,1066,72.85666666666667
1419007,1419,14,gmina mazowieckie-południowy-19-07,15611,52.34,2430,28.1,2026-01-16 15:02:00+00:00,4835.0,2026-01-15 05:02:00+00:00,34.96666666666667,0.072,-26.1,0.7400000000000001,0.4856481481481481,0.928,0.3746666666666667,58.0,elevated,753,72.7
2007002,2007,20,gmina podlaskie-południowy-07-02,17374,61.27,2189,30.7,2026-01-16 14:41:00+00:00,12144.0,2026-01-15 14:41:00+00:00,25.316666666666663,0.03,-26.1,0.7400000000000001,0.3516203703703703,0.97,0.4093333333333333,57.93,elevated,1530,72.63000000000001
2016002,2016,20,gmina podlaskie-centralny-16-02,71609,64.77,13161,21.7,2026-01-16 15:47:00+00:00,48897.0,2026-01-15 09:47:00+00:00,30.216666666666665,0.03,-24.1,0.6066666666666668,0.4196759259259259,0.97,0.2893333333333333,58.3,elevated,8987,72.33333333333333
2004003,2004,20,gmina podlaskie-centralny-04-03,3961,70.92,661,41.0,2026-01-16 15:36:00+00:00,2877.0,2026-01-15 09:36:00+00:00,30.4,0.03,-21.6,0.4400000000000001,0.4222222222222222,0.97,0.5466666666666666,59.0,elevated,480,72.2
2002004,2002,20,gmina podlaskie-wschodni-02-04,18616,57.39,2587,24.4,2026-01-16 14:53:00+00:00,13038.0,2026-01-15 06:53:00+00:00,33.11666666666667,0.03,-24.9,0.6599999999999999,0.4599537037037037,0.97,0.3253333333333333,57.84,elevated,1812,72.14
2004005,2004,20,gmina podlaskie-centralny-04-05,12855,72.88,2486,49.7,2026-01-16 15:29:00+00:00,9853.0,2026-01-15 13:29:00+00:00,26.516666666666666,0.03,-21.6,0.4400000000000001,0.368287037037037,0.97,0.6626666666666667,58.71,elevated,1905,71.91000000000001
1409007,1409,14,gmina mazowieckie-zachodni-09-07,5340,61.16,933,34.6,2026-01-16 14:26:00+00:00,4095.0,2026-01-15 12:26:00+00:00,27.566666666666663,0.03,-24.8,0.6533333333333334,0.3828703703703703,0.97,0.4613333333333334,57.52,elevated,715,71.78666666666668
2013005,2013,20,gmina podlaskie-południowy-13-05,16783,52.09,2599,19.8,2026-01-16 14:55:00+00:00,5088.0,2026-01-15 00:55:00+00:00,39.083333333333336,0.03,-24.5,0.6333333333333333,0.5428240740740741,0.97,0.264,57.53,elevated,788,71.69666666666667
621004,621,6,gmina lubelskie-zachodni-21-04,2470,80.67,501,51.5,2026-01-16 15:30:00+00:00,1558.0,2026-01-16 07:30:00+00:00,8.5,0.03,-24.3,0.62,0.1180555555555555,0.97,0.6866666666666666,57.52,elevated,316,71.62
1418007,1418,14,gmina mazowieckie-północny-18-07,26543,56.27,3777,25.5,2026-01-16 15:04:00+00:00,18052.0,2026-01-15 09:04:00+00:00,30.933333333333334,0.03,-25.3,0.6866666666666668,0.4296296296296296,0.97,0.34,57.06,elevated,2569,71.49333333333334
2812002,2812,28,gmina warmińsko-mazurskie-północny-12-02,34890,53.74,5669,32.7,2026-01-16 15:02:00+00:00,24682.0,2026-01-15 03:02:00+00:00,36.96666666666667,0.03,-23.8,0.5866666666666667,0.513425925925926,0.97,0.436,57.29,elevated,4010,71.22333333333333
607001,607,6,gmina lubelskie-południowy-07-01,2917,68.36,527,27.6,2026-01-16 15:03:00+00:00,1015.0,2026-01-15 15:03:00+00:00,24.95,0.03,-23.6,0.5733333333333335,0.3465277777777777,0.97,0.368,57.26,elevated,183,71.12666666666667
1428003,1428,14,gmina mazowieckie-centralny-28-03,44061,63.03,5552,15.5,2026-01-16 15:33:00+00:00,29545.0,2026-01-15 05:33:00+00:00,34.45,0.03,-22.8,0.52,0.4784722222222222,0.97,0.2066666666666666,57.43,elevated,3723,71.03
2810001,2810,28,gmina warmińsko-mazurskie-centralny-10-01,3001,75.42,520,46.3,2026-01-16 15:53:00+00:00,2362.0,2026-01-15 17:53:00+00:00,22.116666666666667,0.03,-21.7,0.4466666666666666,0.3071759259259259,0.97,0.6173333333333333,57.73,elevated,409,70.96333333333332
2807001,2807,28,gmina warmińsko-mazurskie-południowy-07-01,12431,71.0,2292,39.1,2026-01-16 15:55:00+00:00,2230.0,2026-01-15 13:55:00+00:00,26.08333333333333,0.03,-22.0,0.4666666666666667,0.3622685185185185,0.97,0.5213333333333333,57.58,elevated,411,70.91333333333333
1431003,1431,14,gmina mazowieckie-południowy-31-03,22915,54.13,2625,32.2,2026-01-16 15:02:00+00:00,15369.0,2026-01-15 11:02:00+00:00,28.966666666666665,0.03,-25.5,0.7,0.4023148148148148,0.97,0.4293333333333333,56.12,elevated,1761,70.62
2804002,2804,28,gmina warmińsko-mazurskie-centralny-04-02,14535,69.63,2720,42.6,2026-01-16 14:11:00+00:00,9081.0,2026-01-16 00:11:00+00:00,15.816666666666666,0.03,-24.7,0.6466666666666666,0.2196759259259259,0.97,0.5680000000000001,56.26,elevated,1699,70.49333333333333
1428006,1428,14,gmina mazowieckie-centralny-28-06,11076,56.45,1645,24.3,2026-01-16 14:20:00+00:00,8690.0,2026-01-15 02:20:00+00:00,37.66666666666666,0.03,-22.8,0.52,0.5231481481481481,0.97,0.324,56.86,elevated,1291,70.46
2008005,2008,20,gmina podlaskie-wschodni-08-05,7049,82.98,1047,45.1,2026-01-16 15:01:00+00:00,5295.0,2026-01-16 07:01:00+00:00,8.983333333333333,0.03,-23.1,0.5400000000000001,0.1247685185185185,0.97,0.6013333333333334,56.73,elevated,786,70.42999999999999
2801002,2801,28,gmina warmińsko-mazurskie-południowy-01-02,10546,64.82,1776,34.4,2026-01-16 14:42:00+00:00,6782.0,2026-01-15 20:42:00+00:00,19.3,0.03,-25.2,0.6799999999999999,0.2680555555555555,0.97,0.4586666666666666,55.94,elevated,1142,70.34
1439004,1439,14,gmina mazowieckie-zachodni-39-04,16323,65.95,2318,40.2,2026-01-16 15:57:00+00:00,9431.0,2026-01-15 15:57:00+00:00,24.05,0.03,-23.3,0.5533333333333333,0.3340277777777778,0.97,0.536,56.45,elevated,1339,70.21666666666667
1440007,1440,14,gmina mazowieckie-centralny-40-07,4376,56.09,634,31.4,2026-01-16 15:58:00+00:00,2978.0,2026-01-15 15:58:00+00:00,24.03333333333333,0.03,-26.1,0.7400000000000001,0.3337962962962963,0.97,0.4186666666666666,55.47,elevated,431,70.17
2811004,2811,28,gmina warmińsko-mazurskie-miejski-11-04,19640,56.55,3306,27.4,2026-01-16 14:51:00+00:00,14007.0,2026-01-15 04:51:00+00:00,35.15,0.043,-23.1,0.5400000000000001,0.4881944444444444,0.957,0.3653333333333333,56.29,elevated,2358,69.99
1422001,1422,14,gmina mazowieckie-centralny-22-01,7839,79.41,1432,41.1,2026-01-16 15:59:00+00:00,6361.0,2026-01-16 07:59:00+00:00,8.016666666666667,0.03,-24.0,0.6,0.1113425925925926,0.97,0.548,55.79,elevated,1162,69.78999999999999
2011002,2011,20,gmina podlaskie-miejski-11-02,29274,55.16,4833,19.8,2026-01-16 14:58:00+00:00,16307.0,2026-01-15 14:58:00+00:00,25.03333333333333,0.03,-25.8,0.7200000000000001,0.3476851851851852,0.97,0.264,54.4,elevated,2692,69.0
2003002,2003,20,gmina podlaskie-zachodni-03-02,25856,56.81,4066,22.6,2026-01-16 14:36:00+00:00,16189.0,2026-01-15 22:36:00+00:00,17.4,0.03,-27.3,0.8200000000000001,0.2416666666666666,0.97,0.3013333333333333,53.83,elevated,2546,68.92999999999999
2012005,2012,20,gmina podlaskie-północny-12-05,21981,57.26,3248,22.5,2026-01-16 14:57:00+00:00,3352.0,2026-01-15 10:57:00+00:00,29.05,0.03,-24.0,0.6,0.4034722222222222,0.97,0.3,54.89,elevated,495,68.89
1437003,1437,14,gmina mazowieckie-południowy-37-03,5710,56.17,692,27.4,2026-01-16 15:32:00+00:00,1559.0,2026-01-15 05:32:00+00:00,34.46666666666667,0.03,-22.3,0.4866666666666667,0.4787037037037037,0.97,0.3653333333333333,55.02,elevated,189,68.45333333333333
2803004,2803,28,gmina warmińsko-mazurskie-zachodni-03-04,4262,61.45,743,30.1,2026-01-16 14:09:00+00:00,2672.0,2026-01-15 12:09:00+00:00,27.85,0.03,-22.6,0.5066666666666667,0.3868055555555555,0.97,0.4013333333333334,54.81,elevated,466,68.34333333333333
605003,605,6,gmina lubelskie-miejski-05-03,21466,60.24,3658,34.2,2026-01-16 14:59:00+00:00,14183.0,2026-01-15 20:59:00+00:00,19.016666666666666,0.03,-25.1,0.6733333333333335,0.2641203703703703,0.97,0.456,53.94,elevated,2417,68.30666666666667
607003,607,6,gmina lubelskie-południowy-07-03,11007,54.26,1446,40.7,2026-01-16 15:42:00+00:00,4322.0,2026-01-15 11:42:00+00:00,28.3,0.03,-23.6,0.5733333333333335,0.3930555555555555,0.97,0.5426666666666667,54.17,elevated,568,68.03666666666666
2803005,2803,28,gmina warmińsko-mazurskie-zachodni-03-05,16054,61.26,2545,39.3,2026-01-16 14:45:00+00:00,12911.0,2026-01-15 14:45:00+00:00,25.25,0.03,-22.6,0.5066666666666667,0.3506944444444444,0.97,0.5239999999999999,54.27,elevated,2047,67.80333333333334
2807006,2807,28,gmina warmińsko-mazurskie-południowy-07-06,24010,56.82,3373,21.3,2026-01-16 15:42:00+00:00,17370.0,2026-01-15 05:42:00+00:00,34.3,0.03,-22.0,0.4666666666666667,0.4763888888888888,0.97,0.284,54.43,elevated,2440,67.76333333333334
602007,602,6,gmina lubelskie-wschodni-02-07,16444,60.57,2857,24.5,2026-01-16 15:05:00+00:00,9923.0,2026-01-15 19:05:00+00:00,20.916666666666668,0.034,-24.5,0.6333333333333333,0.2905092592592593,0.966,0.3266666666666666,53.46,elevated,1724,67.62666666666667
2818006,2818,28,gmina warmińsko-mazurskie-północny-18-06,54755,65.19,8264,24.6,2026-01-16 15:25:00+00:00,44873.0,2026-01-16 03:25:00+00:00,12.583333333333334,0.03,-25.4,0.6933333333333332,0.1747685185185185,0.97,0.328,52.87,elevated,6773,67.33666666666667
2820003,2820,28,gmina warmińsko-mazurskie-wschodni-20-03,43548,55.28,5991,30.5,2026-01-16 14:25:00+00:00,32435.0,2026-01-15 16:25:00+00:00,23.58333333333333,0.088,-24.9,0.6599999999999999,0.3275462962962963,0.912,0.4066666666666667,52.95,elevated,4462,67.25
616005,616,6,gmina lubelskie-centralny-16-05,19738,58.86,2930,19.9,2026-01-16 15:22:00+00:00,16100.0,2026-01-15 23:22:00+00:00,16.633333333333333,0.03,-25.9,0.7266666666666666,0.2310185185185185,0.97,0.2653333333333333,52.43,elevated,2390,67.06333333333333
602001,602,6,gmina lubelskie-wschodni-02-01,7095,55.42,1073,33.6,2026-01-16 15:47:00+00:00,5064.0,2026-01-15 17:47:00+00:00,22.216666666666665,0.03,-24.5,0.6333333333333333,0.3085648148148148,0.97,0.448,52.69,elevated,766,66.85666666666665
2801003,2801,28,gmina warmińsko-mazurskie-południowy-01-03,21658,50.74,2813,23.1,2026-01-16 15:55:00+00:00,17265.0,2026-01-15 15:55:00+00:00,24.08333333333333,0.03,-25.2,0.6799999999999999,0.3344907407407407,0.97,0.308,51.83,elevated,2242,66.22999999999999
1410007,1410,14,gmina mazowieckie-centralny-10-07,27315,46.56,3741,9.9,2026-01-16 14:29:00+00:00,16437.0,2026-01-15 18:29:00+00:00,21.516666666666666,0.036,-27.2,0.8133333333333332,0.2988425925925926,0.964,0.132,50.63,elevated,2251,65.69666666666667
607007,607,6,gmina lubelskie-południowy-07-07,83255,68.26,9946,16.2,2026-01-16 14:02:00+00:00,57009.0,2026-01-16 04:02:00+00:00,11.966666666666669,0.03,-23.6,0.5733333333333335,0.1662037037037037,0.97,0.216,51.05,elevated,6811,64.91666666666666
2813003,2813,28,gmina warmińsko-mazurskie-południowy-13-03,4163,60.01,742,11.3,2026-01-16 15:07:00+00:00,837.0,2026-01-15 17:07:00+00:00,22.883333333333333,0.03,-22.3,0.4866666666666667,0.3178240740740741,0.97,0.1506666666666666,50.58,elevated,149,64.01333333333334
1401006,1401,14,gmina mazowieckie-południowy-01-06,43019,52.16,4988,5.4,2026-01-16 15:17:00+00:00,35320.0,2026-01-15 23:17:00+00:00,16.716666666666665,0.03,-26.1,0.7400000000000001,0.2321759259259259,0.97,0.072,49.2,elevated,4095,63.900000000000006
624002,624,6,gmina lubelskie-północny-24-02,16437,59.89,2762,45.7,2026-01-16 15:35:00+00:00,4324.0,2026-01-15 21:35:00+00:00,18.416666666666668,0.055,-22.1,0.4733333333333334,0.255787037037037,0.945,0.6093333333333334,50.5,elevated,727,63.86666666666667
1416002,1416,14,gmina mazowieckie-centralny-16-02,13147,54.29,2181,22.5,2026-01-16 15:21:00+00:00,7920.0,2026-01-16 03:21:00+00:00,12.65,0.047,-26.0,0.7333333333333333,0.1756944444444444,0.953,0.3,49.18,elevated,1314,63.846666666666664
1428001,1428,14,gmina mazowieckie-centralny-28-01,37289,60.32,4761,28.0,2026-01-16 15:05:00+00:00,28186.0,2026-01-15 23:05:00+00:00,16.916666666666668,0.03,-22.8,0.52,0.2349537037037037,0.97,0.3733333333333333,49.93,elevated,3599,63.53
1441002,1441,14,gmina mazowieckie-miejski-41-02,22770,48.33,2626,17.4,2026-01-16 14:50:00+00:00,14636.0,2026-01-15 14:50:00+00:00,25.166666666666668,0.03,-23.4,0.5599999999999999,0.349537037037037,0.97,0.2319999999999999,48.82,elevated,1688,62.62
2010002,2010,20,gmina podlaskie-centralny-10-02,19350,91.11,3964,58.1,,0.0,,0.0,0.03,-25.0,0.6666666666666666,0.0,0.97,0.7746666666666667,59.23,elevated,0,62.56333333333333
1405005,1405,14,gmina mazowieckie-miejski-05-05,8744,44.06,1286,27.8,2026-01-16 16:00:00+00:00,1897.0,2026-01-15 14:00:00+00:00,26.0,0.045,-23.8,0.5866666666666667,0.3611111111111111,0.955,0.3706666666666667,48.58,elevated,279,62.513333333333335
1434007,1434,14,gmina mazowieckie-centralny-34-07,13406,88.81,2850,41.9,,0.0,,0.0,0.03,-26.0,0.7333333333333333,0.0,0.97,0.5586666666666666,58.47,elevated,0,62.13666666666666
2811003,2811,28,gmina warmińsko-mazurskie-miejski-11-03,41228,54.29,5602,17.0,2026-01-16 14:31:00+00:00,29991.0,2026-01-15 20:31:00+00:00,19.48333333333333,0.03,-23.1,0.5400000000000001,0.2706018518518518,0.97,0.2266666666666666,48.33,elevated,4075,62.03
2820005,2820,28,gmina warmińsko-mazurskie-wschodni-20-05,18948,43.33,3263,20.8,2026-01-16 14:16:00+00:00,14161.0,2026-01-15 18:16:00+00:00,21.73333333333333,0.03,-24.9,0.6599999999999999,0.3018518518518518,0.97,0.2773333333333333,47.52,elevated,2439,61.82
1409002,1409,14,gmina mazowieckie-zachodni-09-02,37663,49.32,6086,27.5,2026-01-16 14:57:00+00:00,28854.0,2026-01-16 00:57:00+00:00,15.05,0.03,-24.8,0.6533333333333334,0.2090277777777777,0.97,0.3666666666666666,47.34,elevated,4663,61.60666666666667
607006,607,6,gmina lubelskie-południowy-07-06,16365,93.13,3310,61.5,,0.0,,0.0,0.03,-23.6,0.5733333333333335,0.0,0.97,0.82,58.54,elevated,0,61.406666666666666
608005,608,6,gmina lubelskie-wschodni-08-05,13464,94.5,3064,51.2,,0.0,,0.0,0.03,-23.7,0.58,0.0,0.97,0.6826666666666668,58.49,elevated,0,61.39
1433006,1433,14,gmina mazowieckie-zachodni-33-06,26461,81.39,4557,47.9,,0.0,,0.0,0.03,-27.0,0.8,0.0,0.97,0.6386666666666666,57.25,elevated,0,61.25
1428002,1428,14,gmina mazowieckie-centralny-28-02,32478,53.44,4578,19.4,2026-01-16 14:55:00+00:00,24011.0,2026-01-15 20:55:00+00:00,19.08333333333333,0.03,-22.8,0.52,0.2650462962962963,0.97,0.2586666666666666,47.64,elevated,3385,61.24
1433004,1433,14,gmina mazowieckie-zachodni-33-04,14041,92.78,2757,50.7,,0.0,,0.0,0.604,-27.0,0.8,0.0,0.396,0.676,56.6,elevated,0,60.6
1411006,1411,14,gmina mazowieckie-miejski-11-06,12792,38.23,1419,19.9,2026-01-16 14:31:00+00:00,8214.0,2026-01-15 10:31:00+00:00,29.48333333333333,0.03,-23.2,0.5466666666666666,0.4094907407407407,0.97,0.2653333333333333,46.71,elevated,911,60.443333333333335
2012002,2012,20,gmina podlaskie-północny-12-02,35824,91.08,8011,43.9,,0.0,,0.0,0.03,-24.0,0.6,0.0,0.97,0.5853333333333333,57.07,elevated,0,60.07
1425007,1425,14,gmina mazowieckie-południowy-25-07,42582,49.32,4583,14.1,2026-01-16 14:09:00+00:00,30651.0,2026-01-16 02:09:00+00:00,13.85,0.11,-24.9,0.6599999999999999,0.1923611111111111,0.89,0.188,45.34,elevated,3299,59.64
2805006,2805,28,gmina warmińsko-mazurskie-miejski-05-06,18142,90.47,3768,41.5,,0.0,,0.0,0.03,-23.9,0.5933333333333333,0.0,0.97,0.5533333333333333,56.56,elevated,0,59.52666666666667
1441006,1441,14,gmina mazowieckie-miejski-41-06,29833,47.82,4554,14.8,2026-01-16 15:31:00+00:00,5275.0,2026-01-15 21:31:00+00:00,18.48333333333333,0.03,-23.4,0.5599999999999999,0.256712962962963,0.97,0.1973333333333333,45.67,elevated,805,59.47
620003,620,6,gmina lubelskie-wschodni-20-03,137797,86.75,18692,21.2,,0.0,,0.0,0.03,-25.6,0.7066666666666668,0.0,0.97,0.2826666666666667,55.83,elevated,0,59.36333333333333
1422005,1422,14,gmina mazowieckie-centralny-22-05,30082,87.78,5942,49.7,,0.0,,0.0,0.03,-24.0,0.6,0.0,0.97,0.6626666666666667,56.2,elevated,0,59.2
605006,605,6,gmina lubelskie-miejski-05-06,6989,84.08,1600,43.3,,0.0,,0.0,0.03,-25.1,0.6733333333333335,0.0,0.97,0.5773333333333333,55.69,elevated,0,59.056666666666665
1429004,1429,14,gmina mazowieckie-miejski-29-04,24961,74.28,3868,49.0,,0.0,,0.0,0.03,-27.2,0.8133333333333332,0.0,0.97,0.6533333333333333,54.86,elevated,0,58.92666666666666
2814005,2814,28,gmina warmińsko-mazurskie-wschodni-14-05,9032,90.78,1645,56.2,,0.0,,0.0,0.633,-26.3,0.7533333333333334,0.0,0.367,0.7493333333333334,55.11,elevated,0,58.876666666666665
603006,603,6,gmina lubelskie-zachodni-03-06,10169,88.5,2000,45.1,,0.0,,0.0,0.03,-23.8,0.5866666666666667,0.0,0.97,0.6013333333333334,55.93,elevated,0,58.86333333333333
610005,610,6,gmina lubelskie-centralny-10-05,14329,82.94,3034,45.8,,0.0,,0.0,0.03,-25.1,0.6733333333333335,0.0,0.97,0.6106666666666666,55.42,elevated,0,58.78666666666667
1401005,1401,14,gmina mazowieckie-południowy-01-05,13712,78.99,2145,44.0,,0.0,,0.0,0.03,-26.1,0.7400000000000001,0.0,0.97,0.5866666666666667,55.0,elevated,0,58.7
1426005,1426,14,gmina mazowieckie-wschodni-26-05,14398,87.99,2589,44.4,,0.0,,0.0,0.6900000000000001,-27.7,0.8466666666666666,0.0,0.3099999999999999,0.592,54.43,elevated,0,58.663333333333334
1407003,1407,14,gmina mazowieckie-południowy-07-03,13865,88.68,3288,32.0,,0.0,,0.0,0.03,-23.9,0.5933333333333333,0.0,0.97,0.4266666666666667,55.24,elevated,0,58.20666666666667
622003,622,6,gmina lubelskie-centralny-22-03,14883,82.45,2947,28.0,,0.0,,0.0,0.03,-25.6,0.7066666666666668,0.0,0.97,0.3733333333333333,54.65,elevated,0,58.18333333333333
1416006,1416,14,gmina mazowieckie-centralny-16-06,22882,78.38,4690,40.3,,0.0,,0.0,0.03,-26.0,0.7333333333333333,0.0,0.97,0.5373333333333333,54.4,elevated,0,58.06666666666666
2007003,2007,20,gmina podlaskie-południowy-07-03,8015,88.85,1479,45.8,,0.0,,0.0,0.536,-26.1,0.7400000000000001,0.0,0.4639999999999999,0.6106666666666666,54.31,elevated,0,58.010000000000005
2801005,2801,28,gmina warmińsko-mazurskie-południowy-01-05,16613,79.56,3257,50.9,,0.0,,0.0,0.03,-25.2,0.6799999999999999,0.0,0.97,0.6786666666666666,54.6,elevated,0,58.0
622006,622,6,gmina lubelskie-centralny-22-06,12755,80.7,2796,35.0,,0.0,,0.0,0.03,-25.6,0.7066666666666668,0.0,0.97,0.4666666666666667,54.45,elevated,0,57.983333333333334
1435007,1435,14,gmina mazowieckie-miejski-35-07,23455,74.68,4445,43.9,,0.0,,0.0,0.03,-26.7,0.7799999999999999,0.0,0.97,0.5853333333333333,54.08,elevated,0,57.98
2014003,2014,20,gmina podlaskie-wschodni-14-03,8750,84.06,1942,38.2,,0.0,,0.0,0.687,-28.2,0.88,0.0,0.3129999999999999,0.5093333333333334,53.15,elevated,0,57.55
614006,614,6,gmina lubelskie-wschodni-14-06,22642,82.77,3836,39.7,,0.0,,0.0,0.03,-24.5,0.6333333333333333,0.0,0.97,0.5293333333333333,54.23,elevated,0,57.39666666666666
2819003,2819,28,gmina warmińsko-mazurskie-południowy-19-03,5929,87.96,1130,45.2,,0.0,,0.0,0.636,-26.5,0.7666666666666667,0.0,0.364,0.6026666666666667,53.51,elevated,0,57.343333333333334
608002,608,6,gmina lubelskie-wschodni-08-02,9617,99.43,1938,43.6,,0.0,,0.0,0.647,-23.7,0.58,0.0,0.353,0.5813333333333334,54.31,elevated,0,57.21
605004,605,6,gmina lubelskie-miejski-05-04,10914,92.46,2198,48.9,,0.0,,0.0,0.635,-25.1,0.6733333333333335,0.0,0.365,0.652,53.8,elevated,0,57.166666666666664
1435002,1435,14,gmina mazowieckie-miejski-35-02,10745,85.95,2093,48.0,,0.0,,0.0,0.628,-26.7,0.7799999999999999,0.0,0.372,0.64,53.25,elevated,0,57.15
2814001,2814,28,gmina warmińsko-mazurskie-wschodni-14-01,15791,89.23,3529,48.5,,0.0,,0.0,0.72,-26.3,0.7533333333333334,0.0,0.28,0.6466666666666666,53.22,elevated,0,56.986666666666665
1408002,1408,14,gmina mazowieckie-wschodni-08-02,12154,86.05,2240,40.0,,0.0,,0.0,0.687,-27.2,0.8133333333333332,0.0,0.3129999999999999,0.5333333333333333,52.82,elevated,0,56.88666666666667
2015006,2015,20,gmina podlaskie-zachodni-15-06,135792,80.05,18533,23.2,,0.0,,0.0,0.03,-25.5,0.7,0.0,0.97,0.3093333333333333,53.3,elevated,0,56.8
1411003,1411,14,gmina mazowieckie-miejski-11-03,38912,51.22,4802,22.2,2026-01-16 15:32:00+00:00,25047.0,2026-01-16 07:32:00+00:00,8.466666666666667,0.03,-23.2,0.5466666666666666,0.1175925925925926,0.97,0.296,43.04,elevated,3091,56.77333333333333
1434001,1434,14,gmina mazowieckie-centralny-34-01,13173,87.71,2505,53.1,,0.0,,0.0,0.664,-26.0,0.7333333333333333,0.0,0.3359999999999999,0.7080000000000001,53.09,elevated,0,56.75666666666667
1408004,1408,14,gmina mazowieckie-wschodni-08-04,17342,83.18,3318,49.8,,0.0,,0.0,0.656,-27.2,0.8133333333333332,0.0,0.344,0.6639999999999999,52.66,elevated,0,56.72666666666666
1427005,1427,14,gmina mazowieckie-zachodni-27-05,12972,82.1,2668,50.8,,0.0,,0.0,0.03,-23.7,0.58,0.0,0.97,0.6773333333333333,53.75,elevated,0,56.65
2809001,2809,28,gmina warmińsko-mazurskie-zachodni-09-01,3926,83.79,805,43.4,,0.0,,0.0,0.669,-27.3,0.8200000000000001,0.0,0.3309999999999999,0.5786666666666667,52.47,elevated,0,56.57
1438003,1438,14,gmina mazowieckie-wschodni-38-03,13069,75.38,2058,38.5,,0.0,,0.0,0.03,-25.8,0.7200000000000001,0.0,0.97,0.5133333333333333,52.9,elevated,0,56.5
1442004,1442,14,gmina mazowieckie-północny-42-04,16504,82.39,2581,44.3,,0.0,,0.0,0.03,-23.8,0.5866666666666667,0.0,0.97,0.5906666666666667,53.55,elevated,0,56.483333333333334
623007,623,6,gmina lubelskie-miejski-23-07,2017,86.11,420,47.7,,0.0,,0.0,0.639,-26.3,0.7533333333333334,0.0,0.361,0.636,52.71,elevated,0,56.47666666666667
604002,604,6,gmina lubelskie-centralny-04-02,20158,82.13,3539,51.3,,0.0,,0.0,0.588,-26.8,0.7866666666666667,0.0,0.412,0.6839999999999999,52.5,elevated,0,56.43333333333334
611006,611,6,gmina lubelskie-miejski-11-06,15495,79.4,3176,48.3,,0.0,,0.0,0.03,-24.2,0.6133333333333333,0.0,0.97,0.644,53.16,elevated,0,56.22666666666666
2002002,2002,20,gmina podlaskie-wschodni-02-02,14317,90.02,2883,44.0,,0.0,,0.0,0.5750000000000001,-24.9,0.6599999999999999,0.0,0.4249999999999999,0.5866666666666667,52.85,elevated,0,56.15
1420001,1420,14,gmina mazowieckie-wschodni-20-01,8288,84.65,1439,50.5,,0.0,,0.0,0.614,-26.1,0.7400000000000001,0.0,0.386,0.6733333333333333,52.33,elevated,0,56.03
617002,617,6,gmina lubelskie-miejski-17-02,6983,90.81,1378,60.7,,0.0,,0.0,0.679,-24.5,0.6333333333333333,0.0,0.3209999999999999,0.8093333333333333,52.84,elevated,0,56.00666666666667
2014005,2014,20,gmina podlaskie-wschodni-14-05,6886,77.85,1092,43.2,,0.0,,0.0,0.636,-28.2,0.88,0.0,0.364,0.5760000000000001,51.58,elevated,0,55.98
2814003,2814,28,gmina warmińsko-mazurskie-wschodni-14-03,19975,71.83,3471,39.3,,0.0,,0.0,0.03,-26.3,0.7533333333333334,0.0,0.97,0.5239999999999999,52.21,elevated,0,55.97666666666667
1421006,1421,14,gmina mazowieckie-zachodni-21-06,8340,87.08,1628,32.6,,0.0,,0.0,0.615,-26.2,0.7466666666666666,0.0,0.385,0.4346666666666667,52.17,elevated,0,55.903333333333336
2007004,2007,20,gmina podlaskie-południowy-07-04,4340,85.99,872,43.2,,0.0,,0.0,0.637,-26.1,0.7400000000000001,0.0,0.363,0.5760000000000001,52.14,elevated,0,55.84
1410004,1410,14,gmina mazowieckie-centralny-10-04,4310,83.51,744,34.7,,0.0,,0.0,0.666,-27.2,0.8133333333333332,0.0,0.3339999999999999,0.4626666666666667,51.69,elevated,0,55.75666666666666
2009005,2009,20,gmina podlaskie-zachodni-09-05,8373,88.85,1701,52.2,,0.0,,0.0,0.785,-25.8,0.7200000000000001,0.0,0.2149999999999999,0.6960000000000001,52.14,elevated,0,55.74
1415003,1415,14,gmina mazowieckie-zachodni-15-03,1800,79.86,368,39.8,,0.0,,0.0,0.03,-24.1,0.6066666666666668,0.0,0.97,0.5306666666666666,52.65,elevated,0,55.68333333333333
1435004,1435,14,gmina mazowieckie-miejski-35-04,10111,80.49,2039,55.2,,0.0,,0.0,0.616,-26.7,0.7799999999999999,0.0,0.384,0.736,51.76,elevated,0,55.66
1420005,1420,14,gmina mazowieckie-wschodni-20-05,9010,87.03,1739,48.1,,0.0,,0.0,0.741,-26.1,0.7400000000000001,0.0,0.259,0.6413333333333333,51.93,elevated,0,55.63
606003,606,6,gmina lubelskie-północny-06-03,12264,90.38,2391,49.0,,0.0,,0.0,0.725,-25.1,0.6733333333333335,0.0,0.275,0.6533333333333333,52.21,elevated,0,55.57666666666667
1438004,1438,14,gmina mazowieckie-wschodni-38-04,8263,84.23,1546,60.0,,0.0,,0.0,0.666,-25.8,0.7200000000000001,0.0,0.3339999999999999,0.8,51.97,elevated,0,55.57
1429002,1429,14,gmina mazowieckie-miejski-29-02,7457,83.41,1697,33.7,,0.0,,0.0,0.676,-27.2,0.8133333333333332,0.0,0.3239999999999999,0.4493333333333333,51.5,elevated,0,55.56666666666666
1416001,1416,14,gmina mazowieckie-centralny-16-01,17677,36.62,2170,10.4,2026-01-16 15:18:00+00:00,12641.0,2026-01-16 05:18:00+00:00,10.7,0.044,-26.0,0.7333333333333333,0.1486111111111111,0.956,0.1386666666666666,40.87,elevated,1552,55.53666666666666
1424003,1424,14,gmina mazowieckie-północny-24-03,15164,81.39,2993,49.5,,0.0,,0.0,0.03,-23.2,0.5466666666666666,0.0,0.97,0.66,52.8,elevated,0,55.53333333333333
1426007,1426,14,gmina mazowieckie-wschodni-26-07,5120,80.74,862,44.4,,0.0,,0.0,0.732,-27.7,0.8466666666666666,0.0,0.268,0.592,51.29,elevated,0,55.52333333333333
2012001,2012,20,gmina podlaskie-północny-12-01,20006,95.03,3891,43.1,,0.0,,0.0,0.7020000000000001,-24.0,0.6,0.0,0.2979999999999999,0.5746666666666667,52.47,elevated,0,55.47
601001,601,6,gmina lubelskie-południowy-01-01,6707,82.82,1135,52.4,,0.0,,0.0,0.631,-26.2,0.7466666666666666,0.0,0.369,0.6986666666666667,51.73,elevated,0,55.46333333333333
612005,612,6,gmina lubelskie-północny-12-05,20411,79.32,3944,36.2,,0.0,,0.0,0.03,-24.2,0.6133333333333333,0.0,0.97,0.4826666666666667,52.32,elevated,0,55.38666666666667
610004,610,6,gmina lubelskie-centralny-10-04,9455,74.25,1575,44.3,,0.0,,0.0,0.03,-25.1,0.6733333333333335,0.0,0.97,0.5906666666666667,52.02,elevated,0,55.38666666666667
1426001,1426,14,gmina mazowieckie-wschodni-26-01,5519,75.93,1038,52.0,,0.0,,0.0,0.614,-27.7,0.8466666666666666,0.0,0.386,0.6933333333333334,51.03,elevated,0,55.263333333333335
1403007,1403,14,gmina mazowieckie-zachodni-03-07,8868,86.25,1985,45.9,,0.0,,0.0,0.684,-25.8,0.7200000000000001,0.0,0.3159999999999999,0.612,51.64,elevated,0,55.24
1430006,1430,14,gmina mazowieckie-północny-30-06,3566,73.35,749,44.8,,0.0,,0.0,0.03,-25.1,0.6733333333333335,0.0,0.97,0.5973333333333333,51.71,elevated,0,55.07666666666667
1442005,1442,14,gmina mazowieckie-północny-42-05,18955,93.34,4003,42.8,,0.0,,0.0,0.643,-23.8,0.5866666666666667,0.0,0.357,0.5706666666666667,52.1,elevated,0,55.03333333333333
1426002,1426,14,gmina mazowieckie-wschodni-26-02,8746,80.01,1796,45.3,,0.0,,0.0,0.769,-27.7,0.8466666666666666,0.0,0.2309999999999999,0.604,50.74,elevated,0,54.973333333333336
2003005,2003,20,gmina podlaskie-zachodni-03-05,25868,66.79,4912,27.8,,0.0,,0.0,0.03,-27.3,0.8200000000000001,0.0,0.97,0.3706666666666667,50.72,elevated,0,54.82
1423005,1423,14,gmina mazowieckie-miejski-23-05,2911,84.8,558,46.7,,0.0,,0.0,0.71,-26.0,0.7333333333333333,0.0,0.29,0.6226666666666667,51.15,elevated,0,54.81666666666666
1423003,1423,14,gmina mazowieckie-miejski-23-03,8469,85.34,1522,41.3,,0.0,,0.0,0.6930000000000001,-26.0,0.7333333333333333,0.0,0.3069999999999999,0.5506666666666666,51.15,elevated,0,54.81666666666666
618006,618,6,gmina lubelskie-północny-18-06,3614,89.72,804,46.2,,0.0,,0.0,0.625,-24.3,0.62,0.0,0.375,0.616,51.71,elevated,0,54.81
1403004,1403,14,gmina mazowieckie-zachodni-03-04,46451,74.56,8888,16.8,,0.0,,0.0,0.032,-25.8,0.7200000000000001,0.0,0.968,0.224,51.12,elevated,0,54.72
2809005,2809,28,gmina warmińsko-mazurskie-zachodni-09-05,4104,78.72,791,43.6,,0.0,,0.0,0.665,-27.3,0.8200000000000001,0.0,0.3349999999999999,0.5813333333333334,50.6,elevated,0,54.7
1420006,1420,14,gmina mazowieckie-wschodni-20-06,5904,84.01,1182,41.6,,0.0,,0.0,0.67,-26.1,0.7400000000000001,0.0,0.3299999999999999,0.5546666666666666,50.99,elevated,0,54.690000000000005
608004,608,6,gmina lubelskie-wschodni-08-04,40710,90.15,6586,40.0,,0.0,,0.0,0.517,-23.7,0.58,0.0,0.483,0.5333333333333333,51.71,elevated,0,54.61
1430001,1430,14,gmina mazowieckie-północny-30-01,10251,86.97,2315,55.4,,0.0,,0.0,0.736,-25.1,0.6733333333333335,0.0,0.264,0.7386666666666667,51.24,elevated,0,54.60666666666667
1401004,1401,14,gmina mazowieckie-południowy-01-04,11088,82.19,1773,42.4,,0.0,,0.0,0.61,-26.1,0.7400000000000001,0.0,0.39,0.5653333333333334,50.89,elevated,0,54.59
2818001,2818,28,gmina warmińsko-mazurskie-północny-18-01,5506,86.69,1120,24.4,,0.0,,0.0,0.551,-25.4,0.6933333333333332,0.0,0.4489999999999999,0.3253333333333333,51.09,elevated,0,54.55666666666667
2002006,2002,20,gmina podlaskie-wschodni-02-06,6699,88.78,1538,41.9,,0.0,,0.0,0.6910000000000001,-24.9,0.6599999999999999,0.0,0.3089999999999999,0.5586666666666666,51.19,elevated,0,54.489999999999995
2011005,2011,20,gmina podlaskie-miejski-11-05,6571,83.77,1387,59.2,,0.0,,0.0,0.767,-25.8,0.7200000000000001,0.0,0.2329999999999999,0.7893333333333333,50.84,elevated,0,54.440000000000005
1421005,1421,14,gmina mazowieckie-zachodni-21-05,8113,81.87,1560,44.3,,0.0,,0.0,0.651,-26.2,0.7466666666666666,0.0,0.349,0.5906666666666667,50.64,elevated,0,54.373333333333335
1432006,1432,14,gmina mazowieckie-wschodni-32-06,11932,82.76,2244,54.9,,0.0,,0.0,0.686,-25.7,0.7133333333333333,0.0,0.3139999999999999,0.732,50.77,elevated,0,54.33666666666667
1401003,1401,14,gmina mazowieckie-południowy-01-03,8885,80.53,1776,51.9,,0.0,,0.0,0.641,-26.1,0.7400000000000001,0.0,0.359,0.692,50.61,elevated,0,54.31
2017001,2017,20,gmina podlaskie-miejski-17-01,13879,85.04,2226,45.4,,0.0,,0.0,0.613,-25.1,0.6733333333333335,0.0,0.387,0.6053333333333333,50.94,elevated,0,54.306666666666665
622005,622,6,gmina lubelskie-centralny-22-05,8490,86.1,1941,44.6,,0.0,,0.0,0.745,-25.6,0.7066666666666668,0.0,0.255,0.5946666666666667,50.71,elevated,0,54.24333333333333
1419003,1419,14,gmina mazowieckie-południowy-19-03,12586,84.78,2419,49.6,,0.0,,0.0,0.8150000000000001,-26.1,0.7400000000000001,0.0,0.1849999999999999,0.6613333333333333,50.51,elevated,0,54.21
1419006,1419,14,gmina mazowieckie-południowy-19-06,15786,81.98,2960,47.7,,0.0,,0.0,0.683,-26.1,0.7400000000000001,0.0,0.3169999999999999,0.636,50.51,elevated,0,54.21
1414005,1414,14,gmina mazowieckie-wschodni-14-05,2618,88.93,538,48.1,,0.0,,0.0,0.6940000000000001,-24.4,0.6266666666666666,0.0,0.3059999999999999,0.6413333333333333,51.03,elevated,0,54.163333333333334
2013003,2013,20,gmina podlaskie-południowy-13-03,6685,89.47,1491,37.0,,0.0,,0.0,0.653,-24.5,0.6333333333333333,0.0,0.347,0.4933333333333333,50.99,elevated,0,54.156666666666666
623004,623,6,gmina lubelskie-miejski-23-04,179316,87.64,19344,26.0,,0.0,,0.0,0.803,-26.3,0.7533333333333334,0.0,0.1969999999999999,0.3466666666666667,50.37,elevated,0,54.13666666666666
1433001,1433,14,gmina mazowieckie-zachodni-33-01,13362,79.33,2714,42.5,,0.0,,0.0,0.7020000000000001,-27.0,0.8,0.0,0.2979999999999999,0.5666666666666667,50.06,elevated,0,54.06
605005,605,6,gmina lubelskie-miejski-05-05,6371,84.27,1285,48.6,,0.0,,0.0,0.634,-25.1,0.6733333333333335,0.0,0.366,0.648,50.68,elevated,0,54.04666666666667
1425004,1425,14,gmina mazowieckie-południowy-25-04,10960,87.25,1962,45.7,,0.0,,0.0,0.71,-24.9,0.6599999999999999,0.0,0.29,0.6093333333333334,50.69,elevated,0,53.989999999999995
1423006,1423,14,gmina mazowieckie-miejski-23-06,6347,82.06,1046,52.3,,0.0,,0.0,0.732,-26.0,0.7333333333333333,0.0,0.268,0.6973333333333332,50.28,elevated,0,53.946666666666665
1410006,1410,14,gmina mazowieckie-centralny-10-06,13880,79.77,2662,37.1,,0.0,,0.0,0.729,-27.2,0.8133333333333332,0.0,0.271,0.4946666666666667,49.86,elevated,0,53.92666666666666
1403001,1403,14,gmina mazowieckie-zachodni-03-01,2721,84.88,552,31.2,,0.0,,0.0,0.666,-25.8,0.7200000000000001,0.0,0.3339999999999999,0.416,50.3,elevated,0,53.9
609003,609,6,gmina lubelskie-zachodni-09-03,8184,80.82,1504,37.0,,0.0,,0.0,0.559,-25.9,0.7266666666666666,0.0,0.4409999999999999,0.4933333333333333,50.23,elevated,0,53.86333333333333
1417007,1417,14,gmina mazowieckie-miejski-17-07,18975,78.24,3569,39.7,,0.0,,0.0,0.03,-23.3,0.5533333333333333,0.0,0.97,0.5293333333333333,51.07,elevated,0,53.836666666666666
2013002,2013,20,gmina podlaskie-południowy-13-02,6822,87.65,1372,50.9,,0.0,,0.0,0.717,-24.5,0.6333333333333333,0.0,0.283,0.6786666666666666,50.65,elevated,0,53.81666666666666
611002,611,6,gmina lubelskie-miejski-11-02,24465,75.31,3877,35.3,,0.0,,0.0,0.03,-24.2,0.6133333333333333,0.0,0.97,0.4706666666666666,50.74,elevated,0,53.80666666666667
605002,605,6,gmina lubelskie-miejski-05-02,2088,84.82,462,46.7,,0.0,,0.0,0.669,-25.1,0.6733333333333335,0.0,0.3309999999999999,0.6226666666666667,50.44,elevated,0,53.806666666666665
2003003,2003,20,gmina podlaskie-zachodni-03-03,23759,75.49,4066,46.1,,0.0,,0.0,0.647,-27.3,0.8200000000000001,0.0,0.353,0.6146666666666667,49.7,elevated,0,53.800000000000004
2017003,2017,20,gmina podlaskie-miejski-17-03,13571,84.6,2284,57.6,,0.0,,0.0,0.749,-25.1,0.6733333333333335,0.0,0.251,0.768,50.37,elevated,0,53.736666666666665
2001005,2001,20,gmina podlaskie-południowy-01-05,2476,84.95,581,50.2,,0.0,,0.0,0.641,-24.7,0.6466666666666666,0.0,0.359,0.6693333333333333,50.5,elevated,0,53.733333333333334
2819005,2819,28,gmina warmińsko-mazurskie-południowy-19-05,4881,80.34,829,48.8,,0.0,,0.0,0.753,-26.5,0.7666666666666667,0.0,0.247,0.6506666666666666,49.81,elevated,0,53.64333333333334
1440002,1440,14,gmina mazowieckie-centralny-40-02,15082,81.51,2741,42.2,,0.0,,0.0,0.7020000000000001,-26.1,0.7400000000000001,0.0,0.2979999999999999,0.5626666666666668,49.79,elevated,0,53.49
1402005,1402,14,gmina mazowieckie-wschodni-02-05,44064,75.16,7079,37.7,,0.0,,0.0,0.03,-23.9,0.5933333333333333,0.0,0.97,0.5026666666666667,50.48,elevated,0,53.446666666666665
609007,609,6,gmina lubelskie-zachodni-09-07,7548,82.79,1396,46.3,,0.0,,0.0,0.757,-25.9,0.7266666666666666,0.0,0.243,0.6173333333333333,49.81,elevated,0,53.443333333333335
1408005,1408,14,gmina mazowieckie-wschodni-08-05,3086,78.11,603,34.8,,0.0,,0.0,0.6980000000000001,-27.2,0.8133333333333332,0.0,0.3019999999999999,0.4639999999999999,49.36,elevated,0,53.42666666666666
616002,616,6,gmina lubelskie-centralny-16-02,10709,81.51,2035,32.5,,0.0,,0.0,0.608,-25.9,0.7266666666666666,0.0,0.392,0.4333333333333333,49.75,elevated,0,53.38333333333333
2012006,2012,20,gmina podlaskie-północny-12-06,4127,87.57,855,51.4,,0.0,,0.0,0.685,-24.0,0.6,0.0,0.3149999999999999,0.6853333333333333,50.34,elevated,0,53.34
1420004,1420,14,gmina mazowieckie-wschodni-20-04,13333,80.73,2716,35.3,,0.0,,0.0,0.641,-26.1,0.7400000000000001,0.0,0.359,0.4706666666666666,49.58,elevated,0,53.28
1439005,1439,14,gmina mazowieckie-zachodni-39-05,3018,73.41,580,58.7,,0.0,,0.0,0.03,-23.3,0.5533333333333333,0.0,0.97,0.7826666666666667,50.5,elevated,0,53.266666666666666
1440003,1440,14,gmina mazowieckie-centralny-40-03,5426,79.29,972,47.6,,0.0,,0.0,0.676,-26.1,0.7400000000000001,0.0,0.3239999999999999,0.6346666666666667,49.54,elevated,0,53.24
1421007,1421,14,gmina mazowieckie-zachodni-21-07,5424,80.6,1048,39.0,,0.0,,0.0,0.6890000000000001,-26.2,0.7466666666666666,0.0,0.3109999999999999,0.52,49.47,elevated,0,53.20333333333333
2017002,2017,20,gmina podlaskie-miejski-17-02,13622,81.85,2757,54.2,,0.0,,0.0,0.678,-25.1,0.6733333333333335,0.0,0.3219999999999999,0.7226666666666667,49.73,elevated,0,53.096666666666664
1421001,1421,14,gmina mazowieckie-zachodni-21-01,8168,76.91,1260,43.9,,0.0,,0.0,0.585,-26.2,0.7466666666666666,0.0,0.415,0.5853333333333333,49.33,elevated,0,53.06333333333333
1432005,1432,14,gmina mazowieckie-wschodni-32-05,5168,82.39,1058,36.2,,0.0,,0.0,0.675,-25.7,0.7133333333333333,0.0,0.3249999999999999,0.4826666666666667,49.49,elevated,0,53.05666666666667
2010003,2010,20,gmina podlaskie-centralny-10-03,7952,80.55,1450,51.7,,0.0,,0.0,0.602,-25.0,0.6666666666666666,0.0,0.398,0.6893333333333334,49.64,elevated,0,52.973333333333336
1404002,1404,14,gmina mazowieckie-centralny-04-02,11516,85.63,2513,57.0,,0.0,,0.0,0.687,-24.0,0.6,0.0,0.3129999999999999,0.76,49.96,elevated,0,52.96
1435001,1435,14,gmina mazowieckie-miejski-35-01,4915,78.15,964,42.6,,0.0,,0.0,0.725,-26.7,0.7799999999999999,0.0,0.275,0.5680000000000001,49.05,elevated,0,52.949999999999996
1408001,1408,14,gmina mazowieckie-wschodni-08-01,9172,78.16,1993,38.5,,0.0,,0.0,0.783,-27.2,0.8133333333333332,0.0,0.2169999999999999,0.5133333333333333,48.86,elevated,0,52.92666666666666
601003,601,6,gmina lubelskie-południowy-01-03,5106,81.54,1103,33.1,,0.0,,0.0,0.718,-26.2,0.7466666666666666,0.0,0.282,0.4413333333333333,49.17,elevated,0,52.903333333333336
2013004,2013,20,gmina podlaskie-południowy-13-04,3275,85.33,705,46.5,,0.0,,0.0,0.6920000000000001,-24.5,0.6333333333333333,0.0,0.3079999999999999,0.62,49.7,elevated,0,52.86666666666667
1424001,1424,14,gmina mazowieckie-północny-24-01,4987,89.21,909,53.4,,0.0,,0.0,0.6980000000000001,-23.2,0.5466666666666666,0.0,0.3019999999999999,0.712,50.02,elevated,0,52.75333333333334
2817003,2817,28,gmina warmińsko-mazurskie-miejski-17-03,7432,86.28,1302,47.8,,0.0,,0.0,0.635,-23.8,0.5866666666666667,0.0,0.365,0.6373333333333333,49.82,elevated,0,52.75333333333333
622007,622,6,gmina lubelskie-centralny-22-07,5514,80.96,1194,50.7,,0.0,,0.0,0.741,-25.6,0.7066666666666668,0.0,0.259,0.676,49.2,elevated,0,52.733333333333334
1417002,1417,14,gmina mazowieckie-miejski-17-02,1800,88.44,360,45.8,,0.0,,0.0,0.629,-23.3,0.5533333333333333,0.0,0.371,0.6106666666666666,49.96,elevated,0,52.72666666666667
606004,606,6,gmina lubelskie-północny-06-04,12552,70.96,2485,22.9,,0.0,,0.0,0.03,-25.1,0.6733333333333335,0.0,0.97,0.3053333333333333,49.34,elevated,0,52.70666666666667
619002,619,6,gmina lubelskie-południowy-19-02,2693,78.32,597,45.3,,0.0,,0.0,0.712,-26.3,0.7533333333333334,0.0,0.288,0.604,48.93,elevated,0,52.696666666666665
613003,613,6,gmina lubelskie-południowy-13-03,18974,75.05,3419,36.4,,0.0,,0.0,0.03,-23.4,0.5599999999999999,0.0,0.97,0.4853333333333333,49.76,elevated,0,52.559999999999995
615007,615,6,gmina lubelskie-zachodni-15-07,2498,76.84,468,55.8,,0.0,,0.0,0.676,-25.9,0.7266666666666666,0.0,0.3239999999999999,0.744,48.92,elevated,0,52.553333333333335
2003004,2003,20,gmina podlaskie-zachodni-03-04,6726,74.81,1328,38.3,,0.0,,0.0,0.707,-27.3,0.8200000000000001,0.0,0.293,0.5106666666666666,48.38,elevated,0,52.480000000000004
2007006,2007,20,gmina podlaskie-południowy-07-06,6773,79.6,1333,41.7,,0.0,,0.0,0.733,-26.1,0.7400000000000001,0.0,0.267,0.556,48.75,elevated,0,52.45
1439001,1439,14,gmina mazowieckie-zachodni-39-01,1800,89.57,403,38.8,,0.0,,0.0,0.662,-23.3,0.5533333333333333,0.0,0.3379999999999999,0.5173333333333333,49.63,elevated,0,52.39666666666667
2013001,2013,20,gmina podlaskie-południowy-13-01,5372,84.68,972,37.4,,0.0,,0.0,0.655,-24.5,0.6333333333333333,0.0,0.345,0.4986666666666666,49.18,elevated,0,52.346666666666664
1418003,1418,14,gmina mazowieckie-północny-18-03,6842,82.5,1269,44.1,,0.0,,0.0,0.753,-25.3,0.6866666666666668,0.0,0.247,0.588,48.87,elevated,0,52.30333333333333
1435006,1435,14,gmina mazowieckie-miejski-35-06,11771,72.69,1921,42.2,,0.0,,0.0,0.5720000000000001,-26.7,0.7799999999999999,0.0,0.4279999999999999,0.5626666666666668,48.33,elevated,0,52.23
2015001,2015,20,gmina podlaskie-zachodni-15-01,11442,77.52,2161,43.5,,0.0,,0.0,0.586,-25.5,0.7,0.0,0.414,0.58,48.68,elevated,0,52.18
2806002,2806,28,gmina warmińsko-mazurskie-północny-06-02,9113,83.07,2019,39.9,,0.0,,0.0,0.642,-24.6,0.6400000000000001,0.0,0.358,0.532,48.97,elevated,0,52.17
607005,607,6,gmina lubelskie-południowy-07-05,6808,85.56,1269,53.8,,0.0,,0.0,0.682,-23.6,0.5733333333333335,0.0,0.3179999999999999,0.7173333333333333,49.28,elevated,0,52.14666666666667
2014006,2014,20,gmina podlaskie-wschodni-14-06,8507,70.71,1522,36.8,,0.0,,0.0,0.715,-28.2,0.88,0.0,0.285,0.4906666666666666,47.73,elevated,0,52.129999999999995
1413006,1413,14,gmina mazowieckie-południowy-13-06,15601,84.59,3298,55.2,,0.0,,0.0,0.6930000000000001,-23.8,0.5866666666666667,0.0,0.3069999999999999,0.736,49.15,elevated,0,52.08333333333333
1433005,1433,14,gmina mazowieckie-zachodni-33-05,8186,73.45,1459,40.5,,0.0,,0.0,0.661,-27.0,0.8,0.0,0.3389999999999999,0.54,48.06,elevated,0,52.06
1432003,1432,14,gmina mazowieckie-wschodni-32-03,3000,80.85,695,42.9,,0.0,,0.0,0.777,-25.7,0.7133333333333333,0.0,0.2229999999999999,0.572,48.43,elevated,0,51.99666666666667
2806001,2806,28,gmina warmińsko-mazurskie-północny-06-01,3144,81.78,616,52.0,,0.0,,0.0,0.7000000000000001,-24.6,0.6400000000000001,0.0,0.2999999999999999,0.6933333333333334,48.76,elevated,0,51.96
616003,616,6,gmina lubelskie-centralny-16-03,3341,77.51,573,50.0,,0.0,,0.0,0.733,-25.9,0.7266666666666666,0.0,0.267,0.6666666666666666,48.27,elevated,0,51.903333333333336
1427006,1427,14,gmina mazowieckie-zachodni-27-06,12465,82.89,2203,52.9,,0.0,,0.0,0.611,-23.7,0.58,0.0,0.389,0.7053333333333334,48.97,elevated,0,51.87
2006003,2006,20,gmina podlaskie-północny-06-03,6997,82.13,1398,41.8,,0.0,,0.0,0.669,-24.7,0.6466666666666666,0.0,0.3309999999999999,0.5573333333333333,48.62,elevated,0,51.85333333333333
617007,617,6,gmina lubelskie-miejski-17-07,1800,84.47,339,40.4,,0.0,,0.0,0.724,-24.5,0.6333333333333333,0.0,0.276,0.5386666666666666,48.68,elevated,0,51.846666666666664
2802004,2802,28,gmina warmińsko-mazurskie-wschodni-02-04,3725,84.36,772,50.7,,0.0,,0.0,0.734,-24.1,0.6066666666666668,0.0,0.266,0.676,48.75,elevated,0,51.78333333333333
1424005,1424,14,gmina mazowieckie-północny-24-05,5791,84.59,1081,51.5,,0.0,,0.0,0.6000000000000001,-23.2,0.5466666666666666,0.0,0.3999999999999999,0.6866666666666666,49.02,elevated,0,51.75333333333334
619004,619,6,gmina lubelskie-południowy-19-04,6348,76.71,1168,46.1,,0.0,,0.0,0.756,-26.3,0.7533333333333334,0.0,0.244,0.6146666666666667,47.98,elevated,0,51.74666666666666
1431007,1431,14,gmina mazowieckie-południowy-31-07,4528,82.03,752,39.7,,0.0,,0.0,0.807,-25.5,0.7,0.0,0.1929999999999999,0.5293333333333333,48.16,elevated,0,51.66
612003,612,6,gmina lubelskie-północny-12-03,7577,81.05,1270,54.0,,0.0,,0.0,0.65,-24.2,0.6133333333333333,0.0,0.35,0.72,48.59,elevated,0,51.656666666666666
1404004,1404,14,gmina mazowieckie-centralny-04-04,1800,85.2,386,39.3,,0.0,,0.0,0.6890000000000001,-24.0,0.6,0.0,0.3109999999999999,0.5239999999999999,48.6,elevated,0,51.6
613001,613,6,gmina lubelskie-południowy-13-01,12049,85.89,2329,51.5,,0.0,,0.0,0.708,-23.4,0.5599999999999999,0.0,0.292,0.6866666666666666,48.78,elevated,0,51.58
622004,622,6,gmina lubelskie-centralny-22-04,7580,63.73,1196,35.6,,0.0,,0.0,0.03,-25.6,0.7066666666666668,0.0,0.97,0.4746666666666667,48.04,elevated,0,51.57333333333333
2017006,2017,20,gmina podlaskie-miejski-17-06,7218,79.46,1367,40.4,,0.0,,0.0,0.647,-25.1,0.6733333333333335,0.0,0.353,0.5386666666666666,48.19,elevated,0,51.556666666666665
611005,611,6,gmina lubelskie-miejski-11-05,11340,81.89,2334,44.2,,0.0,,0.0,0.627,-24.2,0.6133333333333333,0.0,0.373,0.5893333333333334,48.46,elevated,0,51.52666666666667
612004,612,6,gmina lubelskie-północny-12-04,6402,85.91,1169,38.4,,0.0,,0.0,0.754,-24.2,0.6133333333333333,0.0,0.246,0.512,48.46,elevated,0,51.52666666666667
1426004,1426,14,gmina mazowieckie-wschodni-26-04,32371,59.8,5398,12.0,,0.0,,0.0,0.059,-27.7,0.8466666666666666,0.0,0.941,0.16,47.23,elevated,0,51.46333333333333
2010001,2010,20,gmina podlaskie-centralny-10-01,6996,82.07,1468,39.4,,0.0,,0.0,0.744,-25.0,0.6666666666666666,0.0,0.256,0.5253333333333333,48.12,elevated,0,51.45333333333333
2016005,2016,20,gmina podlaskie-centralny-16-05,11677,82.91,2107,51.0,,0.0,,0.0,0.714,-24.1,0.6066666666666668,0.0,0.286,0.68,48.4,elevated,0,51.43333333333333
606002,606,6,gmina lubelskie-północny-06-02,5880,79.39,1175,43.7,,0.0,,0.0,0.686,-25.1,0.6733333333333335,0.0,0.3139999999999999,0.5826666666666667,48.03,elevated,0,51.39666666666667
610006,610,6,gmina lubelskie-centralny-10-06,6698,80.23,1334,35.7,,0.0,,0.0,0.663,-25.1,0.6733333333333335,0.0,0.3369999999999999,0.476,48.02,elevated,0,51.38666666666667
2815001,2815,28,gmina warmińsko-mazurskie-zachodni-15-01,3573,84.83,852,42.5,,0.0,,0.0,0.744,-24.1,0.6066666666666668,0.0,0.256,0.5666666666666667,48.29,elevated,0,51.32333333333333
1408003,1408,14,gmina mazowieckie-wschodni-08-03,3605,74.25,655,35.8,,0.0,,0.0,0.778,-27.2,0.8133333333333332,0.0,0.2219999999999999,0.4773333333333333,47.24,elevated,0,51.30666666666667
2802001,2802,28,gmina warmińsko-mazurskie-wschodni-02-01,22737,82.9,4752,50.4,,0.0,,0.0,0.725,-24.1,0.6066666666666668,0.0,0.275,0.6719999999999999,48.26,elevated,0,51.29333333333333
2015005,2015,20,gmina podlaskie-zachodni-15-05,11201,76.62,2029,52.3,,0.0,,0.0,0.713,-25.5,0.7,0.0,0.287,0.6973333333333332,47.79,elevated,0,51.29
1439003,1439,14,gmina mazowieckie-zachodni-39-03,6277,84.51,1430,54.3,,0.0,,0.0,0.686,-23.3,0.5533333333333333,0.0,0.3139999999999999,0.724,48.52,elevated,0,51.28666666666667
2821002,2821,28,gmina warmińsko-mazurskie-zachodni-21-02,3377,82.91,661,31.7,,0.0,,0.0,0.655,-24.5,0.6333333333333333,0.0,0.345,0.4226666666666666,48.12,elevated,0,51.28666666666666
2820002,2820,28,gmina warmińsko-mazurskie-wschodni-20-02,9018,80.27,2138,53.5,,0.0,,0.0,0.774,-24.9,0.6599999999999999,0.0,0.2259999999999999,0.7133333333333334,47.98,elevated,0,51.279999999999994
2821001,2821,28,gmina warmińsko-mazurskie-zachodni-21-01,5182,81.37,1082,50.3,,0.0,,0.0,0.729,-24.5,0.6333333333333333,0.0,0.271,0.6706666666666666,48.11,elevated,0,51.276666666666664
2816002,2816,28,gmina warmińsko-mazurskie-centralny-16-02,10185,81.89,1948,42.1,,0.0,,0.0,0.745,-24.8,0.6533333333333334,0.0,0.255,0.5613333333333334,47.98,elevated,0,51.24666666666666
612001,612,6,gmina lubelskie-północny-12-01,13203,84.4,2570,41.1,,0.0,,0.0,0.755,-24.2,0.6133333333333333,0.0,0.245,0.548,48.06,elevated,0,51.126666666666665
2009004,2009,20,gmina podlaskie-zachodni-09-04,4824,75.42,1014,45.7,,0.0,,0.0,0.684,-25.8,0.7200000000000001,0.0,0.3159999999999999,0.6093333333333334,47.51,elevated,0,51.11
617001,617,6,gmina lubelskie-miejski-17-01,5282,79.29,1133,36.4,,0.0,,0.0,0.557,-24.5,0.6333333333333333,0.0,0.4429999999999999,0.4853333333333333,47.94,elevated,0,51.10666666666666
1442007,1442,14,gmina mazowieckie-północny-42-07,13026,83.26,2311,48.8,,0.0,,0.0,0.704,-23.8,0.5866666666666667,0.0,0.296,0.6506666666666666,48.12,elevated,0,51.05333333333333
604007,604,6,gmina lubelskie-centralny-04-07,5276,75.03,1070,22.3,,0.0,,0.0,0.672,-26.8,0.7866666666666667,0.0,0.3279999999999999,0.2973333333333333,47.11,elevated,0,51.04333333333334
602003,602,6,gmina lubelskie-wschodni-02-03,1800,75.45,376,57.8,,0.0,,0.0,0.5630000000000001,-24.5,0.6333333333333333,0.0,0.4369999999999999,0.7706666666666666,47.86,elevated,0,51.026666666666664
1417005,1417,14,gmina mazowieckie-miejski-17-05,5023,83.65,945,44.0,,0.0,,0.0,0.615,-23.3,0.5533333333333333,0.0,0.385,0.5866666666666667,48.15,elevated,0,50.916666666666664
1411007,1411,14,gmina mazowieckie-miejski-11-07,11598,83.47,2158,50.3,,0.0,,0.0,0.638,-23.2,0.5466666666666666,0.0,0.362,0.6706666666666666,48.17,elevated,0,50.903333333333336
1416004,1416,14,gmina mazowieckie-centralny-16-04,3022,74.88,538,36.8,,0.0,,0.0,0.658,-26.0,0.7333333333333333,0.0,0.3419999999999999,0.4906666666666666,47.19,elevated,0,50.85666666666666
1407002,1407,14,gmina mazowieckie-południowy-07-02,12925,83.03,2967,39.3,,0.0,,0.0,0.663,-23.9,0.5933333333333333,0.0,0.3369999999999999,0.5239999999999999,47.88,elevated,0,50.84666666666667
2003006,2003,20,gmina podlaskie-zachodni-03-06,11173,68.79,1695,43.6,,0.0,,0.0,0.68,-27.3,0.8200000000000001,0.0,0.3199999999999999,0.5813333333333334,46.69,elevated,0,50.79
1410003,1410,14,gmina mazowieckie-centralny-10-03,16265,58.98,2629,14.1,,0.0,,0.0,0.03,-27.2,0.8133333333333332,0.0,0.97,0.188,46.72,elevated,0,50.78666666666666
1434006,1434,14,gmina mazowieckie-centralny-34-06,6294,76.33,1028,24.6,,0.0,,0.0,0.644,-26.0,0.7333333333333333,0.0,0.356,0.328,47.05,elevated,0,50.71666666666666
1431001,1431,14,gmina mazowieckie-południowy-31-01,13119,63.3,2318,26.9,,0.0,,0.0,0.03,-25.5,0.7,0.0,0.97,0.3586666666666666,47.18,elevated,0,50.68
603004,603,6,gmina lubelskie-zachodni-03-04,8170,82.64,1804,50.2,,0.0,,0.0,0.73,-23.8,0.5866666666666667,0.0,0.27,0.6693333333333333,47.74,elevated,0,50.67333333333333
2008006,2008,20,gmina podlaskie-wschodni-08-06,7922,86.69,1914,43.7,,0.0,,0.0,0.736,-23.1,0.5400000000000001,0.0,0.264,0.5826666666666667,47.95,elevated,0,50.650000000000006
620005,620,6,gmina lubelskie-wschodni-20-05,52099,63.22,7435,26.7,,0.0,,0.0,0.054,-25.6,0.7066666666666668,0.0,0.946,0.356,47.04,elevated,0,50.57333333333333
1401002,1401,14,gmina mazowieckie-południowy-01-02,6028,72.99,1035,51.1,,0.0,,0.0,0.742,-26.1,0.7400000000000001,0.0,0.258,0.6813333333333333,46.78,elevated,0,50.480000000000004
2011004,2011,20,gmina podlaskie-miejski-11-04,48519,63.18,6384,17.5,,0.0,,0.0,0.03,-25.8,0.7200000000000001,0.0,0.97,0.2333333333333333,46.87,elevated,0,50.47
1435005,1435,14,gmina mazowieckie-miejski-35-05,11500,72.51,2052,37.3,,0.0,,0.0,0.727,-26.7,0.7799999999999999,0.0,0.273,0.4973333333333333,46.54,elevated,0,50.44
1429001,1429,14,gmina mazowieckie-miejski-29-01,13879,70.35,2013,34.5,,0.0,,0.0,0.7030000000000001,-27.2,0.8133333333333332,0.0,0.2969999999999999,0.46,46.35,elevated,0,50.41666666666667
1422002,1422,14,gmina mazowieckie-centralny-22-02,4622,80.72,844,47.0,,0.0,,0.0,0.6900000000000001,-24.0,0.6,0.0,0.3099999999999999,0.6266666666666667,47.4,elevated,0,50.4
613002,613,6,gmina lubelskie-południowy-13-02,10263,83.82,2261,44.9,,0.0,,0.0,0.715,-23.4,0.5599999999999999,0.0,0.285,0.5986666666666667,47.49,elevated,0,50.29
1439006,1439,14,gmina mazowieckie-zachodni-39-06,13119,83.13,2287,46.2,,0.0,,0.0,0.68,-23.3,0.5533333333333333,0.0,0.3199999999999999,0.616,47.51,elevated,0,50.276666666666664
1418006,1418,14,gmina mazowieckie-północny-18-06,5325,78.39,1076,31.3,,0.0,,0.0,0.715,-25.3,0.6866666666666668,0.0,0.285,0.4173333333333333,46.8,elevated,0,50.233333333333334
613006,613,6,gmina lubelskie-południowy-13-06,102576,70.18,16518,33.4,,0.0,,0.0,0.068,-23.4,0.5599999999999999,0.0,0.932,0.4453333333333333,47.36,elevated,0,50.16
609002,609,6,gmina lubelskie-zachodni-09-02,5014,73.65,935,41.0,,0.0,,0.0,0.7000000000000001,-25.9,0.7266666666666666,0.0,0.2999999999999999,0.5466666666666666,46.5,elevated,0,50.13333333333333
2008002,2008,20,gmina podlaskie-wschodni-08-02,7153,84.36,1545,46.4,,0.0,,0.0,0.719,-23.1,0.5400000000000001,0.0,0.281,0.6186666666666667,47.4,elevated,0,50.1
2811006,2811,28,gmina warmińsko-mazurskie-miejski-11-06,11476,82.92,1870,45.2,,0.0,,0.0,0.65,-23.1,0.5400000000000001,0.0,0.35,0.6026666666666667,47.39,elevated,0,50.09
1403005,1403,14,gmina mazowieckie-zachodni-03-05,7813,74.68,1479,39.5,,0.0,,0.0,0.726,-25.8,0.7200000000000001,0.0,0.274,0.5266666666666666,46.44,elevated,0,50.04
1414007,1414,14,gmina mazowieckie-wschodni-14-07,11949,78.54,1932,48.7,,0.0,,0.0,0.724,-24.4,0.6266666666666666,0.0,0.276,0.6493333333333333,46.86,elevated,0,49.99333333333333
1420007,1420,14,gmina mazowieckie-wschodni-20-07,9540,74.36,1693,37.1,,0.0,,0.0,0.755,-26.1,0.7400000000000001,0.0,0.245,0.4946666666666667,46.26,elevated,0,49.96
616001,616,6,gmina lubelskie-centralny-16-01,5634,71.96,1074,45.2,,0.0,,0.0,0.681,-25.9,0.7266666666666666,0.0,0.3189999999999999,0.6026666666666667,46.31,elevated,0,49.943333333333335
1423007,1423,14,gmina mazowieckie-miejski-23-07,5763,75.36,1026,31.2,,0.0,,0.0,0.738,-26.0,0.7333333333333333,0.0,0.262,0.416,46.27,elevated,0,49.93666666666667
1418001,1418,14,gmina mazowieckie-północny-18-01,8088,75.27,1359,36.4,,0.0,,0.0,0.657,-25.3,0.6866666666666668,0.0,0.3429999999999999,0.4853333333333333,46.48,elevated,0,49.91333333333333
1407001,1407,14,gmina mazowieckie-południowy-07-01,7593,78.23,1519,49.6,,0.0,,0.0,0.643,-23.9,0.5933333333333333,0.0,0.357,0.6613333333333333,46.93,elevated,0,49.89666666666667
1438007,1438,14,gmina mazowieckie-wschodni-38-07,12306,69.01,2142,39.2,,0.0,,0.0,0.501,-25.8,0.7200000000000001,0.0,0.499,0.5226666666666667,46.29,elevated,0,49.89
1414001,1414,14,gmina mazowieckie-wschodni-14-01,2875,80.23,571,28.3,,0.0,,0.0,0.657,-24.4,0.6266666666666666,0.0,0.3429999999999999,0.3773333333333333,46.74,elevated,0,49.873333333333335
1405006,1405,14,gmina mazowieckie-miejski-05-06,10527,82.23,1887,40.2,,0.0,,0.0,0.728,-23.8,0.5866666666666667,0.0,0.272,0.536,46.94,elevated,0,49.873333333333335
2819002,2819,28,gmina warmińsko-mazurskie-południowy-19-02,29672,55.85,3987,34.2,,0.0,,0.0,0.03,-26.5,0.7666666666666667,0.0,0.97,0.456,46.03,elevated,0,49.86333333333334
2006006,2006,20,gmina podlaskie-północny-06-06,12842,77.91,2270,45.7,,0.0,,0.0,0.741,-24.7,0.6466666666666666,0.0,0.259,0.6093333333333334,46.62,elevated,0,49.85333333333333
2001002,2001,20,gmina podlaskie-południowy-01-02,5979,76.63,897,52.0,,0.0,,0.0,0.735,-24.7,0.6466666666666666,0.0,0.265,0.6933333333333334,46.61,elevated,0,49.843333333333334
1422007,1422,14,gmina mazowieckie-centralny-22-07,4155,77.05,655,50.3,,0.0,,0.0,0.624,-24.0,0.6,0.0,0.376,0.6706666666666666,46.82,elevated,0,49.82
611007,611,6,gmina lubelskie-miejski-11-07,11984,78.63,2540,42.1,,0.0,,0.0,0.68,-24.2,0.6133333333333333,0.0,0.3199999999999999,0.5613333333333334,46.61,elevated,0,49.67666666666666
1413001,1413,14,gmina mazowieckie-południowy-13-01,7640,80.88,1317,41.5,,0.0,,0.0,0.705,-23.8,0.5866666666666667,0.0,0.295,0.5533333333333333,46.72,elevated,0,49.653333333333336
2815002,2815,28,gmina warmińsko-mazurskie-zachodni-15-02,4868,79.8,1082,39.3,,0.0,,0.0,0.6970000000000001,-24.1,0.6066666666666668,0.0,0.3029999999999999,0.5239999999999999,46.59,elevated,0,49.623333333333335
2813004,2813,28,gmina warmińsko-mazurskie-południowy-13-04,5128,88.06,1266,43.8,,0.0,,0.0,0.772,-22.3,0.4866666666666667,0.0,0.2279999999999999,0.584,47.19,elevated,0,49.623333333333335
2010004,2010,20,gmina podlaskie-centralny-10-04,5067,74.41,908,49.3,,0.0,,0.0,0.704,-25.0,0.6666666666666666,0.0,0.296,0.6573333333333333,46.23,elevated,0,49.56333333333333
610001,610,6,gmina lubelskie-centralny-10-01,8091,72.1,1243,55.4,,0.0,,0.0,0.674,-25.1,0.6733333333333335,0.0,0.3259999999999999,0.7386666666666667,46.15,elevated,0,49.516666666666666
601006,601,6,gmina lubelskie-południowy-01-06,11402,71.74,1790,38.1,,0.0,,0.0,0.72,-26.2,0.7466666666666666,0.0,0.28,0.508,45.76,elevated,0,49.49333333333333
610007,610,6,gmina lubelskie-centralny-10-07,13346,75.39,2154,44.6,,0.0,,0.0,0.739,-25.1,0.6733333333333335,0.0,0.261,0.5946666666666667,46.09,elevated,0,49.45666666666667
2816001,2816,28,gmina warmińsko-mazurskie-centralny-16-01,2570,76.38,528,44.2,,0.0,,0.0,0.727,-24.8,0.6533333333333334,0.0,0.273,0.5893333333333334,46.19,elevated,0,49.45666666666666
2008003,2008,20,gmina podlaskie-wschodni-08-03,4707,80.31,871,53.9,,0.0,,0.0,0.678,-23.1,0.5400000000000001,0.0,0.3219999999999999,0.7186666666666667,46.73,elevated,0,49.43
1433007,1433,14,gmina mazowieckie-zachodni-33-07,6920,67.53,1189,36.6,,0.0,,0.0,0.683,-27.0,0.8,0.0,0.3169999999999999,0.488,45.35,elevated,0,49.35
616004,616,6,gmina lubelskie-centralny-16-04,6848,71.44,1235,43.7,,0.0,,0.0,0.714,-25.9,0.7266666666666666,0.0,0.286,0.5826666666666667,45.71,elevated,0,49.343333333333334
2012003,2012,20,gmina podlaskie-północny-12-03,3926,79.65,774,36.5,,0.0,,0.0,0.685,-24.0,0.6,0.0,0.3149999999999999,0.4866666666666667,46.34,elevated,0,49.34
621002,621,6,gmina lubelskie-zachodni-21-02,5437,78.41,1029,42.6,,0.0,,0.0,0.735,-24.3,0.62,0.0,0.265,0.5680000000000001,46.18,elevated,0,49.28
1441003,1441,14,gmina mazowieckie-miejski-41-03,9454,77.83,1754,54.6,,0.0,,0.0,0.646,-23.4,0.5599999999999999,0.0,0.354,0.728,46.48,elevated,0,49.279999999999994
1421003,1421,14,gmina mazowieckie-zachodni-21-03,24031,57.72,3795,26.3,,0.0,,0.0,0.066,-26.2,0.7466666666666666,0.0,0.934,0.3506666666666667,45.53,elevated,0,49.263333333333335
605001,605,6,gmina lubelskie-miejski-05-01,11913,76.31,2321,38.4,,0.0,,0.0,0.759,-25.1,0.6733333333333335,0.0,0.241,0.512,45.85,elevated,0,49.21666666666667
1429003,1429,14,gmina mazowieckie-miejski-29-03,6628,66.19,1012,32.1,,0.0,,0.0,0.647,-27.2,0.8133333333333332,0.0,0.353,0.428,45.11,elevated,0,49.17666666666666
1406006,1406,14,gmina mazowieckie-północny-06-06,6369,78.82,1312,53.2,,0.0,,0.0,0.5730000000000001,-22.7,0.5133333333333333,0.0,0.4269999999999999,0.7093333333333334,46.58,elevated,0,49.14666666666666
2804004,2804,28,gmina warmińsko-mazurskie-centralny-04-04,7981,74.98,1480,58.9,,0.0,,0.0,0.795,-24.7,0.6466666666666666,0.0,0.2049999999999999,0.7853333333333333,45.9,elevated,0,49.13333333333333
2806005,2806,28,gmina warmińsko-mazurskie-północny-06-05,11309,76.02,2149,53.5,,0.0,,0.0,0.788,-24.6,0.6400000000000001,0.0,0.2119999999999999,0.7133333333333334,45.88,elevated,0,49.080000000000005
1412007,1412,14,gmina mazowieckie-północny-12-07,17486,78.97,3218,37.2,,0.0,,0.0,0.6920000000000001,-24.0,0.6,0.0,0.3079999999999999,0.496,46.06,elevated,0,49.06
2815006,2815,28,gmina warmińsko-mazurskie-zachodni-15-06,7256,75.33,1123,50.0,,0.0,,0.0,0.652,-24.1,0.6066666666666668,0.0,0.348,0.6666666666666666,46.01,elevated,0,49.04333333333333
2004006,2004,20,gmina podlaskie-centralny-04-06,8437,87.34,1828,38.0,,0.0,,0.0,0.645,-21.6,0.4400000000000001,0.0,0.355,0.5066666666666667,46.84,elevated,0,49.040000000000006
1442002,1442,14,gmina mazowieckie-północny-42-02,8905,79.33,1837,42.5,,0.0,,0.0,0.724,-23.8,0.5866666666666667,0.0,0.276,0.5666666666666667,46.02,elevated,0,48.95333333333333
621005,621,6,gmina lubelskie-zachodni-21-05,6464,78.59,1272,41.9,,0.0,,0.0,0.778,-24.3,0.62,0.0,0.2219999999999999,0.5586666666666666,45.82,elevated,0,48.92
1402007,1402,14,gmina mazowieckie-wschodni-02-07,5798,77.29,1153,40.2,,0.0,,0.0,0.642,-23.9,0.5933333333333333,0.0,0.358,0.536,45.95,elevated,0,48.91666666666667
2820006,2820,28,gmina warmińsko-mazurskie-wschodni-20-06,3708,72.87,691,40.0,,0.0,,0.0,0.63,-24.9,0.6599999999999999,0.0,0.37,0.5333333333333333,45.57,elevated,0,48.87
1440006,1440,14,gmina mazowieckie-centralny-40-06,5828,72.59,960,30.4,,0.0,,0.0,0.753,-26.1,0.7400000000000001,0.0,0.247,0.4053333333333333,45.15,elevated,0,48.85
1427002,1427,14,gmina mazowieckie-zachodni-27-02,20692,64.57,3488,33.3,,0.0,,0.0,0.03,-23.7,0.58,0.0,0.97,0.4439999999999999,45.93,elevated,0,48.83
1406001,1406,14,gmina mazowieckie-północny-06-01,5643,83.12,1147,38.3,,0.0,,0.0,0.6940000000000001,-22.7,0.5133333333333333,0.0,0.3059999999999999,0.5106666666666666,46.13,elevated,0,48.69666666666667
620004,620,6,gmina lubelskie-wschodni-20-04,4329,73.81,751,28.3,,0.0,,0.0,0.725,-25.6,0.7066666666666668,0.0,0.275,0.3773333333333333,45.13,elevated,0,48.663333333333334
2807002,2807,28,gmina warmińsko-mazurskie-południowy-07-02,5281,83.47,1028,38.9,,0.0,,0.0,0.599,-22.0,0.4666666666666667,0.0,0.401,0.5186666666666666,46.32,elevated,0,48.653333333333336
1403006,1403,14,gmina mazowieckie-zachodni-03-06,4511,54.11,495,42.0,,0.0,,0.0,0.03,-25.8,0.7200000000000001,0.0,0.97,0.56,45.05,elevated,0,48.65
1430003,1430,14,gmina mazowieckie-północny-30-03,3354,73.56,729,42.8,,0.0,,0.0,0.745,-25.1,0.6733333333333335,0.0,0.255,0.5706666666666667,45.22,elevated,0,48.586666666666666
2803006,2803,28,gmina warmińsko-mazurskie-zachodni-03-06,20166,82.8,4134,44.2,,0.0,,0.0,0.728,-22.6,0.5066666666666667,0.0,0.272,0.5893333333333334,45.98,elevated,0,48.51333333333333
1407004,1407,14,gmina mazowieckie-południowy-07-04,24505,64.33,3463,25.3,,0.0,,0.0,0.03,-23.9,0.5933333333333333,0.0,0.97,0.3373333333333333,45.54,elevated,0,48.50666666666667
601007,601,6,gmina lubelskie-południowy-01-07,7180,70.97,1343,33.5,,0.0,,0.0,0.765,-26.2,0.7466666666666666,0.0,0.235,0.4466666666666666,44.76,elevated,0,48.49333333333333
2810002,2810,28,gmina warmińsko-mazurskie-centralny-10-02,4051,84.88,749,43.0,,0.0,,0.0,0.656,-21.7,0.4466666666666666,0.0,0.344,0.5733333333333334,46.26,elevated,0,48.49333333333333
1436005,1436,14,gmina mazowieckie-północny-36-05,61789,64.59,8843,9.6,,0.0,,0.0,0.03,-24.5,0.6333333333333333,0.0,0.97,0.128,45.31,elevated,0,48.47666666666667
1429007,1429,14,gmina mazowieckie-miejski-29-07,14992,66.37,2005,31.3,,0.0,,0.0,0.729,-27.2,0.8133333333333332,0.0,0.271,0.4173333333333333,44.39,elevated,0,48.45666666666666
614003,614,6,gmina lubelskie-wschodni-14-03,7173,74.72,1466,41.8,,0.0,,0.0,0.7010000000000001,-24.5,0.6333333333333333,0.0,0.2989999999999999,0.5573333333333333,45.27,elevated,0,48.43666666666667
1424007,1424,14,gmina mazowieckie-północny-24-07,13715,80.26,2675,50.1,,0.0,,0.0,0.777,-23.2,0.5466666666666666,0.0,0.2229999999999999,0.668,45.69,elevated,0,48.42333333333333
1414002,1414,14,gmina mazowieckie-wschodni-14-02,5864,75.59,1015,51.7,,0.0,,0.0,0.799,-24.4,0.6266666666666666,0.0,0.2009999999999999,0.6893333333333334,45.26,elevated,0,48.39333333333333
1411004,1411,14,gmina mazowieckie-miejski-11-04,8549,77.73,1540,48.1,,0.0,,0.0,0.658,-23.2,0.5466666666666666,0.0,0.3419999999999999,0.6413333333333333,45.66,elevated,0,48.39333333333333
1428005,1428,14,gmina mazowieckie-centralny-28-05,7709,81.81,1338,38.8,,0.0,,0.0,0.6950000000000001,-22.8,0.52,0.0,0.3049999999999999,0.5173333333333333,45.78,elevated,0,48.38
1430002,1430,14,gmina mazowieckie-północny-30-02,6879,74.13,1210,36.7,,0.0,,0.0,0.747,-25.1,0.6733333333333335,0.0,0.253,0.4893333333333334,45.01,elevated,0,48.376666666666665
2004002,2004,20,gmina podlaskie-centralny-04-02,3769,84.46,814,50.0,,0.0,,0.0,0.6920000000000001,-21.6,0.4400000000000001,0.0,0.3079999999999999,0.6666666666666666,46.12,elevated,0,48.32
2820001,2820,28,gmina warmińsko-mazurskie-wschodni-20-01,8135,75.43,1812,36.3,,0.0,,0.0,0.771,-24.9,0.6599999999999999,0.0,0.2289999999999999,0.484,45.02,elevated,0,48.32
2814006,2814,28,gmina warmińsko-mazurskie-wschodni-14-06,10894,70.97,2005,37.1,,0.0,,0.0,0.834,-26.3,0.7533333333333334,0.0,0.166,0.4946666666666667,44.5,elevated,0,48.266666666666666
606005,606,6,gmina lubelskie-północny-06-05,3947,72.62,738,37.7,,0.0,,0.0,0.708,-25.1,0.6733333333333335,0.0,0.292,0.5026666666666667,44.86,elevated,0,48.22666666666667
612007,612,6,gmina lubelskie-północny-12-07,10641,77.29,1928,28.5,,0.0,,0.0,0.6880000000000001,-24.2,0.6133333333333333,0.0,0.3119999999999999,0.38,45.12,elevated,0,48.18666666666667
1410001,1410,14,gmina mazowieckie-centralny-10-01,5413,66.77,919,29.0,,0.0,,0.0,0.763,-27.2,0.8133333333333332,0.0,0.237,0.3866666666666666,44.08,elevated,0,48.14666666666666
1415007,1415,14,gmina mazowieckie-zachodni-15-07,13533,75.87,2526,42.2,,0.0,,0.0,0.723,-24.1,0.6066666666666668,0.0,0.277,0.5626666666666668,45.06,elevated,0,48.093333333333334
1402003,1402,14,gmina mazowieckie-wschodni-02-03,8608,73.79,1554,52.0,,0.0,,0.0,0.674,-23.9,0.5933333333333333,0.0,0.3259999999999999,0.6933333333333334,45.12,elevated,0,48.086666666666666
2811005,2811,28,gmina warmińsko-mazurskie-miejski-11-05,3324,79.01,601,51.0,,0.0,,0.0,0.752,-23.1,0.5400000000000001,0.0,0.248,0.68,45.38,elevated,0,48.080000000000005
1409003,1409,14,gmina mazowieckie-zachodni-09-03,3556,73.29,680,37.5,,0.0,,0.0,0.704,-24.8,0.6533333333333334,0.0,0.296,0.5,44.77,elevated,0,48.03666666666667
2007001,2007,20,gmina podlaskie-południowy-07-01,6731,68.68,1373,35.8,,0.0,,0.0,0.72,-26.1,0.7400000000000001,0.0,0.28,0.4773333333333333,44.33,elevated,0,48.03
1439007,1439,14,gmina mazowieckie-zachodni-39-07,2419,77.43,451,45.6,,0.0,,0.0,0.6920000000000001,-23.3,0.5533333333333333,0.0,0.3079999999999999,0.608,45.2,elevated,0,47.96666666666667
603005,603,6,gmina lubelskie-zachodni-03-05,9634,75.24,1642,37.4,,0.0,,0.0,0.626,-23.8,0.5866666666666667,0.0,0.374,0.4986666666666666,45.01,elevated,0,47.94333333333333
1415002,1415,14,gmina mazowieckie-zachodni-15-02,10002,72.27,1277,47.5,,0.0,,0.0,0.629,-24.1,0.6066666666666668,0.0,0.371,0.6333333333333333,44.89,elevated,0,47.92333333333333
1404007,1404,14,gmina mazowieckie-centralny-04-07,5506,73.74,939,47.8,,0.0,,0.0,0.678,-24.0,0.6,0.0,0.3219999999999999,0.6373333333333333,44.91,elevated,0,47.91
1404005,1404,14,gmina mazowieckie-centralny-04-05,9612,72.54,1616,47.5,,0.0,,0.0,0.629,-24.0,0.6,0.0,0.371,0.6333333333333333,44.87,elevated,0,47.87
2004001,2004,20,gmina podlaskie-centralny-04-01,3928,83.68,805,46.7,,0.0,,0.0,0.687,-21.6,0.4400000000000001,0.0,0.3129999999999999,0.6226666666666667,45.65,elevated,0,47.85
2802005,2802,28,gmina warmińsko-mazurskie-wschodni-02-05,10513,76.15,2205,39.0,,0.0,,0.0,0.739,-24.1,0.6066666666666668,0.0,0.261,0.52,44.81,elevated,0,47.843333333333334
1417004,1417,14,gmina mazowieckie-miejski-17-04,7842,77.34,1681,42.4,,0.0,,0.0,0.683,-23.3,0.5533333333333333,0.0,0.3169999999999999,0.5653333333333334,45.03,elevated,0,47.79666666666667
620002,620,6,gmina lubelskie-wschodni-20-02,11586,71.7,1987,30.2,,0.0,,0.0,0.754,-25.6,0.7066666666666668,0.0,0.246,0.4026666666666667,44.19,elevated,0,47.72333333333333
604001,604,6,gmina lubelskie-centralny-04-01,8162,63.99,1162,37.4,,0.0,,0.0,0.687,-26.8,0.7866666666666667,0.0,0.3129999999999999,0.4986666666666666,43.79,elevated,0,47.72333333333333
2802006,2802,28,gmina warmińsko-mazurskie-wschodni-02-06,4007,72.84,647,40.0,,0.0,,0.0,0.624,-24.1,0.6066666666666668,0.0,0.376,0.5333333333333333,44.65,elevated,0,47.68333333333333
1441005,1441,14,gmina mazowieckie-miejski-41-05,4372,74.82,729,43.9,,0.0,,0.0,0.619,-23.4,0.5599999999999999,0.0,0.381,0.5853333333333333,44.87,elevated,0,47.669999999999995
2813002,2813,28,gmina warmińsko-mazurskie-południowy-13-02,10993,77.08,1862,43.3,,0.0,,0.0,0.524,-22.3,0.4866666666666667,0.0,0.476,0.5773333333333333,45.22,elevated,0,47.653333333333336
613004,613,6,gmina lubelskie-południowy-13-04,10003,75.83,1264,40.3,,0.0,,0.0,0.638,-23.4,0.5599999999999999,0.0,0.362,0.5373333333333333,44.84,elevated,0,47.64
2013006,2013,20,gmina podlaskie-południowy-13-06,6587,71.58,1134,40.6,,0.0,,0.0,0.65,-24.5,0.6333333333333333,0.0,0.35,0.5413333333333333,44.46,elevated,0,47.626666666666665
1439002,1439,14,gmina mazowieckie-zachodni-39-02,10685,77.51,1885,36.8,,0.0,,0.0,0.669,-23.3,0.5533333333333333,0.0,0.3309999999999999,0.4906666666666666,44.85,elevated,0,47.61666666666667
619003,619,6,gmina lubelskie-południowy-19-03,20104,51.47,2992,30.0,,0.0,,0.0,0.03,-26.3,0.7533333333333334,0.0,0.97,0.4,43.85,elevated,0,47.61666666666667
1408007,1408,14,gmina mazowieckie-wschodni-08-07,7633,62.75,1344,44.3,,0.0,,0.0,0.768,-27.2,0.8133333333333332,0.0,0.2319999999999999,0.5906666666666667,43.53,elevated,0,47.596666666666664
611004,611,6,gmina lubelskie-miejski-11-04,6436,73.84,1267,39.1,,0.0,,0.0,0.6900000000000001,-24.2,0.6133333333333333,0.0,0.3099999999999999,0.5213333333333333,44.5,elevated,0,47.56666666666666
2813006,2813,28,gmina warmińsko-mazurskie-południowy-13-06,2816,77.6,511,57.3,,0.0,,0.0,0.662,-22.3,0.4866666666666667,0.0,0.3379999999999999,0.764,45.11,elevated,0,47.54333333333334
1413005,1413,14,gmina mazowieckie-południowy-13-05,16252,76.14,2920,33.6,,0.0,,0.0,0.681,-23.8,0.5866666666666667,0.0,0.3189999999999999,0.448,44.6,elevated,0,47.53333333333333
1421004,1421,14,gmina mazowieckie-zachodni-21-04,2856,68.29,560,35.0,,0.0,,0.0,0.779,-26.2,0.7466666666666666,0.0,0.2209999999999999,0.4666666666666667,43.71,elevated,0,47.443333333333335
1428004,1428,14,gmina mazowieckie-centralny-28-04,9105,77.39,1844,41.7,,0.0,,0.0,0.639,-22.8,0.52,0.0,0.361,0.556,44.8,elevated,0,47.4
2808002,2808,28,gmina warmińsko-mazurskie-wschodni-08-02,13833,69.0,2471,26.7,,0.0,,0.0,0.671,-25.7,0.7133333333333333,0.0,0.3289999999999999,0.356,43.8,elevated,0,47.36666666666666
1416003,1416,14,gmina mazowieckie-centralny-16-03,6729,67.15,1069,32.6,,0.0,,0.0,0.6890000000000001,-26.0,0.7333333333333333,0.0,0.3109999999999999,0.4346666666666667,43.69,elevated,0,47.35666666666666
2812005,2812,28,gmina warmińsko-mazurskie-północny-12-05,14087,76.42,2492,29.8,,0.0,,0.0,0.685,-23.8,0.5866666666666667,0.0,0.3149999999999999,0.3973333333333333,44.42,elevated,0,47.35333333333334
2010005,2010,20,gmina podlaskie-centralny-10-05,8704,68.5,1315,45.7,,0.0,,0.0,0.678,-25.0,0.6666666666666666,0.0,0.3219999999999999,0.6093333333333334,43.97,elevated,0,47.303333333333335
1412006,1412,14,gmina mazowieckie-północny-12-06,8465,72.75,1584,54.7,,0.0,,0.0,0.76,-24.0,0.6,0.0,0.24,0.7293333333333334,44.25,elevated,0,47.25
1412003,1412,14,gmina mazowieckie-północny-12-03,55892,58.28,6628,38.5,,0.0,,0.0,0.03,-24.0,0.6,0.0,0.97,0.5133333333333333,44.24,elevated,0,47.24
623005,623,6,gmina lubelskie-miejski-23-05,69436,53.16,10046,13.9,,0.0,,0.0,0.03,-26.3,0.7533333333333334,0.0,0.97,0.1853333333333333,43.42,elevated,0,47.18666666666667
613005,613,6,gmina lubelskie-południowy-13-05,19424,62.08,2984,29.4,,0.0,,0.0,0.03,-23.4,0.5599999999999999,0.0,0.97,0.3919999999999999,44.36,elevated,0,47.16
2005001,2005,20,gmina podlaskie-miejski-05-01,3069,76.77,469,37.0,,0.0,,0.0,0.61,-22.8,0.52,0.0,0.39,0.4933333333333333,44.51,elevated,0,47.11
2805001,2805,28,gmina warmińsko-mazurskie-miejski-05-01,3509,72.7,618,45.0,,0.0,,0.0,0.687,-23.9,0.5933333333333333,0.0,0.3129999999999999,0.6,44.12,elevated,0,47.086666666666666
1440004,1440,14,gmina mazowieckie-centralny-40-04,27378,53.35,3471,19.0,,0.0,,0.0,0.059,-26.1,0.7400000000000001,0.0,0.941,0.2533333333333333,43.33,elevated,0,47.03
2008001,2008,20,gmina podlaskie-wschodni-08-01,3313,77.21,637,40.8,,0.0,,0.0,0.718,-23.1,0.5400000000000001,0.0,0.282,0.5439999999999999,44.32,elevated,0,47.02
2009001,2009,20,gmina podlaskie-zachodni-09-01,3440,68.6,572,32.8,,0.0,,0.0,0.759,-25.8,0.7200000000000001,0.0,0.241,0.4373333333333333,43.38,elevated,0,46.980000000000004
1406005,1406,14,gmina mazowieckie-północny-06-05,7355,77.87,1715,44.7,,0.0,,0.0,0.716,-22.7,0.5133333333333333,0.0,0.284,0.5960000000000001,44.37,elevated,0,46.93666666666667
624001,624,6,gmina lubelskie-północny-24-01,10360,77.81,1891,45.7,,0.0,,0.0,0.618,-22.1,0.4733333333333334,0.0,0.382,0.6093333333333334,44.57,elevated,0,46.93666666666667
608007,608,6,gmina lubelskie-wschodni-08-07,5569,75.56,1180,35.0,,0.0,,0.0,0.719,-23.7,0.58,0.0,0.281,0.4666666666666667,44.02,elevated,0,46.92
616006,616,6,gmina lubelskie-centralny-16-06,33745,54.59,5174,18.9,,0.0,,0.0,0.098,-25.9,0.7266666666666666,0.0,0.902,0.252,43.2,elevated,0,46.833333333333336
1427007,1427,14,gmina mazowieckie-zachodni-27-07,8212,73.08,1244,49.5,,0.0,,0.0,0.731,-23.7,0.58,0.0,0.269,0.66,43.93,elevated,0,46.83
2011001,2011,20,gmina podlaskie-miejski-11-01,4841,65.04,981,35.3,,0.0,,0.0,0.647,-25.8,0.7200000000000001,0.0,0.353,0.4706666666666666,43.21,elevated,0,46.81
2821006,2821,28,gmina warmińsko-mazurskie-zachodni-21-06,7282,72.3,1268,41.6,,0.0,,0.0,0.783,-24.5,0.6333333333333333,0.0,0.2169999999999999,0.5546666666666666,43.6,elevated,0,46.766666666666666
1433002,1433,14,gmina mazowieckie-zachodni-33-02,22376,49.68,3033,17.1,,0.0,,0.0,0.073,-27.0,0.8,0.0,0.927,0.228,42.76,elevated,0,46.76
1433003,1433,14,gmina mazowieckie-zachodni-33-03,31789,46.83,3336,30.2,,0.0,,0.0,0.054,-27.0,0.8,0.0,0.946,0.4026666666666667,42.72,elevated,0,46.72
2803001,2803,28,gmina warmińsko-mazurskie-zachodni-03-01,12390,79.1,2513,52.8,,0.0,,0.0,0.84,-22.6,0.5066666666666667,0.0,0.16,0.704,44.14,elevated,0,46.67333333333333
2809002,2809,28,gmina warmińsko-mazurskie-zachodni-09-02,9215,61.15,1740,31.4,,0.0,,0.0,0.73,-27.3,0.8200000000000001,0.0,0.27,0.4186666666666666,42.52,elevated,0,46.620000000000005
614004,614,6,gmina lubelskie-wschodni-14-04,44833,58.25,7523,23.6,,0.0,,0.0,0.073,-24.5,0.6333333333333333,0.0,0.927,0.3146666666666667,43.45,elevated,0,46.61666666666667
614007,614,6,gmina lubelskie-wschodni-14-07,9238,72.12,1592,31.7,,0.0,,0.0,0.726,-24.5,0.6333333333333333,0.0,0.274,0.4226666666666666,43.38,elevated,0,46.54666666666667
2804006,2804,28,gmina warmińsko-mazurskie-centralny-04-06,11394,71.63,2214,28.1,,0.0,,0.0,0.715,-24.7,0.6466666666666666,0.0,0.285,0.3746666666666667,43.3,elevated,0,46.53333333333333
1429005,1429,14,gmina mazowieckie-miejski-29-05,32545,46.32,5085,22.1,,0.0,,0.0,0.03,-27.2,0.8133333333333332,0.0,0.97,0.2946666666666667,42.44,elevated,0,46.50666666666666
1415004,1415,14,gmina mazowieckie-zachodni-15-04,11478,71.64,2179,43.8,,0.0,,0.0,0.739,-24.1,0.6066666666666668,0.0,0.261,0.584,43.41,elevated,0,46.44333333333333
1441007,1441,14,gmina mazowieckie-miejski-41-07,10273,74.65,2041,40.6,,0.0,,0.0,0.727,-23.4,0.5599999999999999,0.0,0.273,0.5413333333333333,43.61,elevated,0,46.41
2813001,2813,28,gmina warmińsko-mazurskie-południowy-13-01,2880,77.73,545,45.7,,0.0,,0.0,0.711,-22.3,0.4866666666666667,0.0,0.289,0.6093333333333334,43.95,elevated,0,46.38333333333334
1426006,1426,14,gmina mazowieckie-wschodni-26-06,33194,60.7,4713,27.8,,0.0,,0.0,0.779,-27.7,0.8466666666666666,0.0,0.2209999999999999,0.3706666666666667,42.15,elevated,0,46.38333333333333
1402002,1402,14,gmina mazowieckie-wschodni-02-02,4205,71.9,827,33.9,,0.0,,0.0,0.674,-23.9,0.5933333333333333,0.0,0.3259999999999999,0.4519999999999999,43.2,elevated,0,46.16666666666667
1430004,1430,14,gmina mazowieckie-północny-30-04,32148,56.31,5563,23.5,,0.0,,0.0,0.145,-25.1,0.6733333333333335,0.0,0.855,0.3133333333333333,42.78,elevated,0,46.14666666666667
1437005,1437,14,gmina mazowieckie-południowy-37-05,10784,75.63,2008,47.5,,0.0,,0.0,0.666,-22.3,0.4866666666666667,0.0,0.3339999999999999,0.6333333333333333,43.67,elevated,0,46.10333333333334
1405003,1405,14,gmina mazowieckie-miejski-05-03,24958,58.04,4180,27.0,,0.0,,0.0,0.03,-23.8,0.5866666666666667,0.0,0.97,0.36,43.15,elevated,0,46.08333333333333
1414004,1414,14,gmina mazowieckie-wschodni-14-04,13676,71.84,2628,31.9,,0.0,,0.0,0.753,-24.4,0.6266666666666666,0.0,0.247,0.4253333333333333,42.93,elevated,0,46.06333333333333
1432001,1432,14,gmina mazowieckie-wschodni-32-01,32872,52.6,4375,14.8,,0.0,,0.0,0.047,-25.7,0.7133333333333333,0.0,0.953,0.1973333333333333,42.39,elevated,0,45.95666666666666
2011006,2011,20,gmina podlaskie-miejski-11-06,1881,67.4,381,17.1,,0.0,,0.0,0.707,-25.8,0.7200000000000001,0.0,0.293,0.228,42.35,elevated,0,45.95
618001,618,6,gmina lubelskie-północny-18-01,12557,72.64,2390,30.9,,0.0,,0.0,0.776,-24.3,0.62,0.0,0.2239999999999999,0.412,42.84,elevated,0,45.940000000000005
624004,624,6,gmina lubelskie-północny-24-04,10523,77.74,2053,36.8,,0.0,,0.0,0.66,-22.1,0.4733333333333334,0.0,0.3399999999999999,0.4906666666666666,43.57,elevated,0,45.93666666666667
1438002,1438,14,gmina mazowieckie-wschodni-38-02,14345,66.46,2076,32.5,,0.0,,0.0,0.785,-25.8,0.7200000000000001,0.0,0.2149999999999999,0.4333333333333333,42.32,elevated,0,45.92
2809003,2809,28,gmina warmińsko-mazurskie-zachodni-09-03,9139,59.47,1282,35.1,,0.0,,0.0,0.772,-27.3,0.8200000000000001,0.0,0.2279999999999999,0.468,41.75,elevated,0,45.85
619005,619,6,gmina lubelskie-południowy-19-05,12803,49.25,1700,14.6,,0.0,,0.0,0.03,-26.3,0.7533333333333334,0.0,0.97,0.1946666666666666,41.98,elevated,0,45.74666666666666
621001,621,6,gmina lubelskie-zachodni-21-01,12318,72.05,1838,31.2,,0.0,,0.0,0.781,-24.3,0.62,0.0,0.2189999999999999,0.416,42.59,elevated,0,45.690000000000005
2817001,2817,28,gmina warmińsko-mazurskie-miejski-17-01,6756,70.34,1119,44.0,,0.0,,0.0,0.726,-23.8,0.5866666666666667,0.0,0.274,0.5866666666666667,42.69,elevated,0,45.623333333333335
1437006,1437,14,gmina mazowieckie-południowy-37-06,9692,76.95,1793,38.5,,0.0,,0.0,0.712,-22.3,0.4866666666666667,0.0,0.288,0.5133333333333333,43.16,elevated,0,45.593333333333334
1442003,1442,14,gmina mazowieckie-północny-42-03,8900,69.78,1297,45.5,,0.0,,0.0,0.719,-23.8,0.5866666666666667,0.0,0.281,0.6066666666666667,42.64,elevated,0,45.57333333333334
601004,601,6,gmina lubelskie-południowy-01-04,7689,62.85,1317,30.5,,0.0,,0.0,0.725,-26.2,0.7466666666666666,0.0,0.275,0.4066666666666667,41.83,elevated,0,45.56333333333333
620006,620,6,gmina lubelskie-wschodni-20-06,7824,64.43,1313,38.3,,0.0,,0.0,0.763,-25.6,0.7066666666666668,0.0,0.237,0.5106666666666666,41.89,elevated,0,45.42333333333333
615004,615,6,gmina lubelskie-zachodni-15-04,5637,62.21,855,45.1,,0.0,,0.0,0.784,-25.9,0.7266666666666666,0.0,0.2159999999999999,0.6013333333333334,41.67,elevated,0,45.303333333333335
1406004,1406,14,gmina mazowieckie-północny-06-04,6638,75.9,1150,34.0,,0.0,,0.0,0.738,-22.7,0.5133333333333333,0.0,0.262,0.4533333333333333,42.71,elevated,0,45.27666666666667
624006,624,6,gmina lubelskie-północny-24-06,13377,75.44,2268,37.0,,0.0,,0.0,0.638,-22.1,0.4733333333333334,0.0,0.362,0.4933333333333333,42.91,elevated,0,45.276666666666664
618004,618,6,gmina lubelskie-północny-18-04,30072,53.6,4477,28.1,,0.0,,0.0,0.03,-24.3,0.62,0.0,0.97,0.3746666666666667,42.13,elevated,0,45.230000000000004
2009002,2009,20,gmina podlaskie-zachodni-09-02,8580,61.48,1296,33.9,,0.0,,0.0,0.665,-25.8,0.7200000000000001,0.0,0.3349999999999999,0.4519999999999999,41.6,elevated,0,45.2
2015002,2015,20,gmina podlaskie-zachodni-15-02,8768,65.93,1774,37.9,,0.0,,0.0,0.838,-25.5,0.7,0.0,0.162,0.5053333333333333,41.64,elevated,0,45.14
606001,606,6,gmina lubelskie-północny-06-01,25495,52.83,4222,12.6,,0.0,,0.0,0.03,-25.1,0.6733333333333335,0.0,0.97,0.1679999999999999,41.77,elevated,0,45.13666666666667
612006,612,6,gmina lubelskie-północny-12-06,22996,69.34,3255,35.8,,0.0,,0.0,0.746,-24.2,0.6133333333333333,0.0,0.254,0.4773333333333333,42.06,elevated,0,45.126666666666665
1409006,1409,14,gmina mazowieckie-zachodni-09-06,7395,65.53,1331,41.1,,0.0,,0.0,0.732,-24.8,0.6533333333333334,0.0,0.268,0.548,41.81,elevated,0,45.07666666666667
604004,604,6,gmina lubelskie-centralny-04-04,8539,58.57,1367,38.1,,0.0,,0.0,0.761,-26.8,0.7866666666666667,0.0,0.239,0.508,41.11,elevated,0,45.04333333333334
1429006,1429,14,gmina mazowieckie-miejski-29-06,14134,59.29,2093,30.3,,0.0,,0.0,0.808,-27.2,0.8133333333333332,0.0,0.1919999999999999,0.404,40.92,elevated,0,44.986666666666665
1434005,1434,14,gmina mazowieckie-centralny-34-05,10399,62.45,1675,31.8,,0.0,,0.0,0.75,-26.0,0.7333333333333333,0.0,0.25,0.424,41.3,elevated,0,44.96666666666666
1423004,1423,14,gmina mazowieckie-miejski-23-04,9475,60.8,1273,38.0,,0.0,,0.0,0.727,-26.0,0.7333333333333333,0.0,0.273,0.5066666666666667,41.29,elevated,0,44.95666666666666
1415006,1415,14,gmina mazowieckie-zachodni-15-06,34894,56.61,5960,12.1,,0.0,,0.0,0.037,-24.1,0.6066666666666668,0.0,0.963,0.1613333333333333,41.91,elevated,0,44.94333333333333
2804005,2804,28,gmina warmińsko-mazurskie-centralny-04-05,5895,64.4,920,41.9,,0.0,,0.0,0.6910000000000001,-24.7,0.6466666666666666,0.0,0.3089999999999999,0.5586666666666666,41.69,elevated,0,44.92333333333333
2808006,2808,28,gmina warmińsko-mazurskie-wschodni-08-06,4022,62.54,701,37.9,,0.0,,0.0,0.76,-25.7,0.7133333333333333,0.0,0.24,0.5053333333333333,41.29,elevated,0,44.85666666666667
1402006,1402,14,gmina mazowieckie-wschodni-02-06,28052,54.63,3385,24.8,,0.0,,0.0,0.03,-23.9,0.5933333333333333,0.0,0.97,0.3306666666666666,41.82,elevated,0,44.78666666666667
1407006,1407,14,gmina mazowieckie-południowy-07-06,9766,54.38,1208,24.6,,0.0,,0.0,0.03,-23.9,0.5933333333333333,0.0,0.97,0.328,41.71,elevated,0,44.67666666666667
1437001,1437,14,gmina mazowieckie-południowy-37-01,4796,74.82,890,41.3,,0.0,,0.0,0.754,-22.3,0.4866666666666667,0.0,0.246,0.5506666666666666,42.16,elevated,0,44.593333333333334
1425005,1425,14,gmina mazowieckie-południowy-25-05,11208,66.75,2022,28.9,,0.0,,0.0,0.788,-24.9,0.6599999999999999,0.0,0.2119999999999999,0.3853333333333333,41.08,elevated,0,44.379999999999995
2816004,2816,28,gmina warmińsko-mazurskie-centralny-16-04,7246,63.51,1526,34.3,,0.0,,0.0,0.679,-24.8,0.6533333333333334,0.0,0.3209999999999999,0.4573333333333333,41.07,elevated,0,44.336666666666666
1427001,1427,14,gmina mazowieckie-zachodni-27-01,5038,67.9,960,41.1,,0.0,,0.0,0.73,-23.7,0.58,0.0,0.27,0.548,41.41,elevated,0,44.309999999999995
1436007,1436,14,gmina mazowieckie-północny-36-07,54034,70.07,9159,18.3,,0.0,,0.0,0.79,-24.5,0.6333333333333333,0.0,0.2099999999999999,0.244,41.14,elevated,0,44.306666666666665
624007,624,6,gmina lubelskie-północny-24-07,5808,70.08,858,46.1,,0.0,,0.0,0.606,-22.1,0.4733333333333334,0.0,0.394,0.6146666666666667,41.77,elevated,0,44.13666666666667
1418004,1418,14,gmina mazowieckie-północny-18-04,4230,64.47,794,26.2,,0.0,,0.0,0.768,-25.3,0.6866666666666668,0.0,0.2319999999999999,0.3493333333333333,40.69,elevated,0,44.123333333333335
623003,623,6,gmina lubelskie-miejski-23-03,4667,58.46,740,31.3,,0.0,,0.0,0.725,-26.3,0.7533333333333334,0.0,0.275,0.4173333333333333,40.34,elevated,0,44.10666666666667
1406007,1406,14,gmina mazowieckie-północny-06-07,44543,58.86,8262,17.8,,0.0,,0.0,0.03,-22.7,0.5133333333333333,0.0,0.97,0.2373333333333333,41.52,elevated,0,44.08666666666667
1436001,1436,14,gmina mazowieckie-północny-36-01,12651,65.87,1804,36.1,,0.0,,0.0,0.772,-24.5,0.6333333333333333,0.0,0.2279999999999999,0.4813333333333333,40.89,elevated,0,44.056666666666665
616007,616,6,gmina lubelskie-centralny-16-07,10737,60.94,1596,40.6,,0.0,,0.0,0.852,-25.9,0.7266666666666666,0.0,0.148,0.5413333333333333,40.28,elevated,0,43.913333333333334
1422006,1422,14,gmina mazowieckie-centralny-22-06,5351,67.11,1071,34.2,,0.0,,0.0,0.749,-24.0,0.6,0.0,0.251,0.456,40.84,elevated,0,43.84
1434002,1434,14,gmina mazowieckie-centralny-34-02,12688,57.7,1641,32.8,,0.0,,0.0,0.682,-26.0,0.7333333333333333,0.0,0.3179999999999999,0.4373333333333333,40.17,elevated,0,43.836666666666666
618003,618,6,gmina lubelskie-północny-18-03,4132,65.08,756,29.5,,0.0,,0.0,0.6880000000000001,-24.3,0.62,0.0,0.3119999999999999,0.3933333333333333,40.67,elevated,0,43.77
1417006,1417,14,gmina mazowieckie-miejski-17-06,4860,69.23,917,36.7,,0.0,,0.0,0.747,-23.3,0.5533333333333333,0.0,0.253,0.4893333333333334,40.99,elevated,0,43.75666666666667
1425006,1425,14,gmina mazowieckie-południowy-25-06,4400,62.93,759,32.7,,0.0,,0.0,0.725,-24.9,0.6599999999999999,0.0,0.275,0.436,40.45,elevated,0,43.75
613007,613,6,gmina lubelskie-południowy-13-07,4865,68.59,968,29.6,,0.0,,0.0,0.6900000000000001,-23.4,0.5599999999999999,0.0,0.3099999999999999,0.3946666666666666,40.91,elevated,0,43.709999999999994
1420002,1420,14,gmina mazowieckie-wschodni-20-02,22896,47.97,3855,11.3,,0.0,,0.0,0.145,-26.1,0.7400000000000001,0.0,0.855,0.1506666666666666,40.0,monitoring,0,43.7
2807005,2807,28,gmina warmińsko-mazurskie-południowy-07-05,7748,75.58,1603,37.8,,0.0,,0.0,0.809,-22.0,0.4666666666666667,0.0,0.1909999999999999,0.504,41.36,elevated,0,43.693333333333335
2805004,2805,28,gmina warmińsko-mazurskie-miejski-05-04,5662,65.99,1033,32.0,,0.0,,0.0,0.6910000000000001,-23.9,0.5933333333333333,0.0,0.3089999999999999,0.4266666666666667,40.67,elevated,0,43.63666666666667
1206003,1206,12,gmina małopolskie-północny-06-03,20143,87.16,4098,40.1,,0.0,,0.0,0.6950000000000001,-18.3,0.22,0.0,0.3049999999999999,0.5346666666666667,42.5,elevated,0,43.6
604005,604,6,gmina lubelskie-centralny-04-05,13673,55.73,2099,31.4,,0.0,,0.0,0.753,-26.8,0.7866666666666667,0.0,0.247,0.4186666666666666,39.65,monitoring,0,43.58333333333333
1423001,1423,14,gmina mazowieckie-miejski-23-01,8675,56.62,921,36.5,,0.0,,0.0,0.6940000000000001,-26.0,0.7333333333333333,0.0,0.3059999999999999,0.4866666666666667,39.9,monitoring,0,43.56666666666666
611003,611,6,gmina lubelskie-miejski-11-03,2653,66.19,405,40.9,,0.0,,0.0,0.8250000000000001,-24.2,0.6133333333333333,0.0,0.1749999999999999,0.5453333333333333,40.49,elevated,0,43.55666666666667
1436004,1436,14,gmina mazowieckie-północny-36-04,10693,65.42,1988,35.2,,0.0,,0.0,0.809,-24.5,0.6333333333333333,0.0,0.1909999999999999,0.4693333333333334,40.33,elevated,0,43.49666666666666
1418005,1418,14,gmina mazowieckie-północny-18-05,6747,58.82,1022,45.2,,0.0,,0.0,0.743,-25.3,0.6866666666666668,0.0,0.257,0.6026666666666667,40.04,elevated,0,43.47333333333333
622001,622,6,gmina lubelskie-centralny-22-01,14195,59.43,2286,36.9,,0.0,,0.0,0.769,-25.6,0.7066666666666668,0.0,0.2309999999999999,0.492,39.84,monitoring,0,43.373333333333335
2813005,2813,28,gmina warmińsko-mazurskie-południowy-13-05,6346,70.68,1188,40.3,,0.0,,0.0,0.711,-22.3,0.4866666666666667,0.0,0.289,0.5373333333333333,40.91,elevated,0,43.343333333333334
2015004,2015,20,gmina podlaskie-zachodni-15-04,9602,61.06,1655,23.8,,0.0,,0.0,0.73,-25.5,0.7,0.0,0.27,0.3173333333333333,39.82,monitoring,0,43.32
1412002,1412,14,gmina mazowieckie-północny-12-02,6527,66.26,1213,28.6,,0.0,,0.0,0.731,-24.0,0.6,0.0,0.269,0.3813333333333333,40.31,elevated,0,43.31
603003,603,6,gmina lubelskie-zachodni-03-03,6188,63.78,1048,38.5,,0.0,,0.0,0.669,-23.8,0.5866666666666667,0.0,0.3309999999999999,0.5133333333333333,40.34,elevated,0,43.27333333333334
607004,607,6,gmina lubelskie-południowy-07-04,5475,65.96,799,34.8,,0.0,,0.0,0.711,-23.6,0.5733333333333335,0.0,0.289,0.4639999999999999,40.31,elevated,0,43.17666666666667
1419002,1419,14,gmina mazowieckie-południowy-19-02,4402,58.82,675,22.2,,0.0,,0.0,0.756,-26.1,0.7400000000000001,0.0,0.244,0.296,39.35,monitoring,0,43.050000000000004
1419001,1419,14,gmina mazowieckie-południowy-19-01,34806,58.72,5731,21.7,,0.0,,0.0,0.749,-26.1,0.7400000000000001,0.0,0.251,0.2893333333333333,39.34,monitoring,0,43.040000000000006
614001,614,6,gmina lubelskie-wschodni-14-01,15424,62.78,2554,34.1,,0.0,,0.0,0.742,-24.5,0.6333333333333333,0.0,0.258,0.4546666666666666,39.85,monitoring,0,43.016666666666666
1436003,1436,14,gmina mazowieckie-północny-36-03,5658,61.18,1021,28.3,,0.0,,0.0,0.638,-24.5,0.6333333333333333,0.0,0.362,0.3773333333333333,39.79,monitoring,0,42.95666666666666
2810005,2810,28,gmina warmińsko-mazurskie-centralny-10-05,12164,70.08,2049,37.3,,0.0,,0.0,0.604,-21.7,0.4466666666666666,0.0,0.396,0.4973333333333333,40.72,elevated,0,42.95333333333333
1416005,1416,14,gmina mazowieckie-centralny-16-05,9771,60.26,1499,26.0,,0.0,,0.0,0.841,-26.0,0.7333333333333333,0.0,0.159,0.3466666666666667,39.26,monitoring,0,42.92666666666666
2001001,2001,20,gmina podlaskie-południowy-01-01,3563,61.59,521,29.2,,0.0,,0.0,0.7000000000000001,-24.7,0.6466666666666666,0.0,0.2999999999999999,0.3893333333333333,39.69,monitoring,0,42.92333333333333
615005,615,6,gmina lubelskie-zachodni-15-05,4477,58.65,699,28.4,,0.0,,0.0,0.776,-25.9,0.7266666666666666,0.0,0.2239999999999999,0.3786666666666666,39.28,monitoring,0,42.913333333333334
1401007,1401,14,gmina mazowieckie-południowy-01-07,16846,58.65,2767,32.6,,0.0,,0.0,0.852,-26.1,0.7400000000000001,0.0,0.148,0.4346666666666667,39.11,monitoring,0,42.81
624003,624,6,gmina lubelskie-północny-24-03,8846,69.76,1448,37.9,,0.0,,0.0,0.685,-22.1,0.4733333333333334,0.0,0.3149999999999999,0.5053333333333333,40.39,elevated,0,42.75666666666667
621006,621,6,gmina lubelskie-zachodni-21-06,5814,63.97,1035,32.6,,0.0,,0.0,0.778,-24.3,0.62,0.0,0.2219999999999999,0.4346666666666667,39.64,monitoring,0,42.74
1419005,1419,14,gmina mazowieckie-południowy-19-05,11720,41.69,1427,17.2,,0.0,,0.0,0.03,-26.1,0.7400000000000001,0.0,0.97,0.2293333333333333,39.04,monitoring,0,42.74
607002,607,6,gmina lubelskie-południowy-07-02,5813,69.23,1028,24.9,,0.0,,0.0,0.8270000000000001,-23.6,0.5733333333333335,0.0,0.1729999999999999,0.3319999999999999,39.84,monitoring,0,42.70666666666667
1425002,1425,14,gmina mazowieckie-południowy-25-02,9911,62.55,1792,35.1,,0.0,,0.0,0.85,-24.9,0.6599999999999999,0.0,0.15,0.468,39.34,monitoring,0,42.64
618005,618,6,gmina lubelskie-północny-18-05,7294,63.28,1127,37.9,,0.0,,0.0,0.803,-24.3,0.62,0.0,0.1969999999999999,0.5053333333333333,39.51,monitoring,0,42.61
1418002,1418,14,gmina mazowieckie-północny-18-02,15978,58.24,1948,29.5,,0.0,,0.0,0.7000000000000001,-25.3,0.6866666666666668,0.0,0.2999999999999999,0.3933333333333333,39.16,monitoring,0,42.593333333333334
2814004,2814,28,gmina warmińsko-mazurskie-wschodni-14-04,16105,56.86,2619,22.4,,0.0,,0.0,0.76,-26.3,0.7533333333333334,0.0,0.24,0.2986666666666666,38.82,monitoring,0,42.586666666666666
618007,618,6,gmina lubelskie-północny-18-07,6312,66.39,1071,11.6,,0.0,,0.0,0.749,-24.3,0.62,0.0,0.251,0.1546666666666666,39.42,monitoring,0,42.52
1419004,1419,14,gmina mazowieckie-południowy-19-04,3326,55.73,506,36.0,,0.0,,0.0,0.808,-26.1,0.7400000000000001,0.0,0.1919999999999999,0.48,38.63,monitoring,0,42.330000000000005
1426003,1426,14,gmina mazowieckie-wschodni-26-03,3146,50.39,437,29.9,,0.0,,0.0,0.8130000000000001,-27.7,0.8466666666666666,0.0,0.1869999999999999,0.3986666666666666,38.06,monitoring,0,42.29333333333334
2016004,2016,20,gmina podlaskie-centralny-16-04,6458,62.76,986,28.8,,0.0,,0.0,0.715,-24.1,0.6066666666666668,0.0,0.285,0.384,39.25,monitoring,0,42.28333333333333
2812006,2812,28,gmina warmińsko-mazurskie-północny-12-06,5364,62.42,785,40.2,,0.0,,0.0,0.741,-23.8,0.5866666666666667,0.0,0.259,0.536,39.29,monitoring,0,42.22333333333333
618002,618,6,gmina lubelskie-północny-18-02,8449,62.14,1212,28.0,,0.0,,0.0,0.724,-24.3,0.62,0.0,0.276,0.3733333333333333,39.12,monitoring,0,42.22
2812003,2812,28,gmina warmińsko-mazurskie-północny-12-03,4523,64.39,766,25.2,,0.0,,0.0,0.715,-23.8,0.5866666666666667,0.0,0.285,0.3359999999999999,39.27,monitoring,0,42.20333333333333
201001,201,2,gmina dolnośląskie-południowy-01-01,17584,87.59,3039,32.1,,0.0,,0.0,0.675,-17.5,0.1666666666666666,0.0,0.3249999999999999,0.428,41.35,elevated,0,42.18333333333334
615006,615,6,gmina lubelskie-zachodni-15-06,5893,58.16,996,23.2,,0.0,,0.0,0.8,-25.9,0.7266666666666666,0.0,0.1999999999999999,0.3093333333333333,38.53,monitoring,0,42.163333333333334
608001,608,6,gmina lubelskie-wschodni-08-01,8634,61.91,1368,39.0,,0.0,,0.0,0.707,-23.7,0.58,0.0,0.293,0.52,39.2,monitoring,0,42.1
602005,602,6,gmina lubelskie-wschodni-02-05,9621,60.53,1400,34.3,,0.0,,0.0,0.761,-24.5,0.6333333333333333,0.0,0.239,0.4573333333333333,38.84,monitoring,0,42.00666666666667
407002,407,4,gmina kujawsko-pomorskie-południowy-07-02,46255,85.11,9045,39.5,,0.0,,0.0,0.713,-17.9,0.1933333333333332,0.0,0.287,0.5266666666666666,41.04,elevated,0,42.00666666666667
1431002,1431,14,gmina mazowieckie-południowy-31-02,18840,58.24,2658,35.0,,0.0,,0.0,0.841,-25.5,0.7,0.0,0.159,0.4666666666666667,38.5,monitoring,0,42.0
620007,620,6,gmina lubelskie-wschodni-20-07,7575,57.87,1218,25.9,,0.0,,0.0,0.79,-25.6,0.7066666666666668,0.0,0.2099999999999999,0.3453333333333333,38.33,monitoring,0,41.86333333333333
2802002,2802,28,gmina warmińsko-mazurskie-wschodni-02-02,10956,63.21,2018,33.9,,0.0,,0.0,0.8200000000000001,-24.1,0.6066666666666668,0.0,0.1799999999999999,0.4519999999999999,38.82,monitoring,0,41.85333333333333
1402001,1402,14,gmina mazowieckie-wschodni-02-01,26016,47.61,4080,20.5,,0.0,,0.0,0.03,-23.9,0.5933333333333333,0.0,0.97,0.2733333333333333,38.87,monitoring,0,41.836666666666666
1405001,1405,14,gmina mazowieckie-miejski-05-01,3657,63.66,561,29.6,,0.0,,0.0,0.758,-23.8,0.5866666666666667,0.0,0.242,0.3946666666666666,38.9,monitoring,0,41.83333333333333
1441001,1441,14,gmina mazowieckie-miejski-41-01,11760,65.75,2136,36.3,,0.0,,0.0,0.8300000000000001,-23.4,0.5599999999999999,0.0,0.1699999999999999,0.484,39.01,monitoring,0,41.809999999999995
2821003,2821,28,gmina warmińsko-mazurskie-zachodni-21-03,7812,60.55,1573,34.2,,0.0,,0.0,0.79,-24.5,0.6333333333333333,0.0,0.2099999999999999,0.456,38.58,monitoring,0,41.74666666666666
602004,602,6,gmina lubelskie-wschodni-02-04,2368,60.81,360,31.4,,0.0,,0.0,0.784,-24.5,0.6333333333333333,0.0,0.2159999999999999,0.4186666666666666,38.55,monitoring,0,41.71666666666666
609005,609,6,gmina lubelskie-zachodni-09-05,9239,55.34,1298,28.8,,0.0,,0.0,0.774,-25.9,0.7266666666666666,0.0,0.2259999999999999,0.384,38.06,monitoring,0,41.693333333333335
1410005,1410,14,gmina mazowieckie-centralny-10-05,14447,49.77,1921,14.9,,0.0,,0.0,0.661,-27.2,0.8133333333333332,0.0,0.3389999999999999,0.1986666666666666,37.6,monitoring,0,41.66666666666667
2806004,2806,28,gmina warmińsko-mazurskie-północny-06-04,11144,62.87,2311,27.3,,0.0,,0.0,0.865,-24.6,0.6400000000000001,0.0,0.135,0.364,38.45,monitoring,0,41.650000000000006
1423002,1423,14,gmina mazowieckie-miejski-23-02,32962,57.66,5853,14.1,,0.0,,0.0,0.791,-26.0,0.7333333333333333,0.0,0.2089999999999999,0.188,37.93,monitoring,0,41.596666666666664
1434003,1434,14,gmina mazowieckie-centralny-34-03,13681,55.13,1708,19.3,,0.0,,0.0,0.729,-26.0,0.7333333333333333,0.0,0.271,0.2573333333333333,37.88,monitoring,0,41.54666666666667
3016003,3016,30,gmina wielkopolskie-centralny-16-03,22113,85.77,5461,39.8,,0.0,,0.0,0.787,-17.8,0.1866666666666667,0.0,0.2129999999999999,0.5306666666666666,40.52,elevated,0,41.45333333333333
1412001,1412,14,gmina mazowieckie-północny-12-01,9591,60.08,1845,31.6,,0.0,,0.0,0.706,-24.0,0.6,0.0,0.294,0.4213333333333333,38.38,monitoring,0,41.38
2801001,2801,28,gmina warmińsko-mazurskie-południowy-01-01,10633,55.7,1937,37.0,,0.0,,0.0,0.771,-25.2,0.6799999999999999,0.0,0.2289999999999999,0.4933333333333333,37.93,monitoring,0,41.33
617004,617,6,gmina lubelskie-miejski-17-04,14642,61.14,2077,25.7,,0.0,,0.0,0.801,-24.5,0.6333333333333333,0.0,0.1989999999999999,0.3426666666666667,38.14,monitoring,0,41.306666666666665
1406002,1406,14,gmina mazowieckie-północny-06-02,32150,52.65,4939,21.3,,0.0,,0.0,0.116,-22.7,0.5133333333333333,0.0,0.884,0.284,38.62,monitoring,0,41.18666666666667
813007,813,8,gmina lubuskie-południowy-13-07,4116,85.64,816,40.2,,0.0,,0.0,0.637,-16.7,0.1133333333333332,0.0,0.363,0.536,40.53,elevated,0,41.096666666666664
1411002,1411,14,gmina mazowieckie-miejski-11-02,5436,61.14,836,29.3,,0.0,,0.0,0.632,-23.2,0.5466666666666666,0.0,0.368,0.3906666666666666,38.34,monitoring,0,41.07333333333334
614005,614,6,gmina lubelskie-wschodni-14-05,5318,58.4,775,29.1,,0.0,,0.0,0.74,-24.5,0.6333333333333333,0.0,0.26,0.388,37.87,monitoring,0,41.03666666666666
1438001,1438,14,gmina mazowieckie-wschodni-38-01,23528,55.49,2516,18.1,,0.0,,0.0,0.76,-25.8,0.7200000000000001,0.0,0.24,0.2413333333333333,37.41,monitoring,0,41.01
1203006,1203,12,gmina małopolskie-zachodni-03-06,31675,83.89,5516,52.1,,0.0,,0.0,0.748,-17.2,0.1466666666666666,0.0,0.252,0.6946666666666667,40.26,elevated,0,40.99333333333333
3010006,3010,30,gmina wielkopolskie-centralny-10-06,6312,80.17,1299,46.9,,0.0,,0.0,0.762,-18.4,0.2266666666666665,0.0,0.238,0.6253333333333333,39.81,monitoring,0,40.943333333333335
614002,614,6,gmina lubelskie-wschodni-14-02,9199,58.36,1193,29.2,,0.0,,0.0,0.753,-24.5,0.6333333333333333,0.0,0.247,0.3893333333333333,37.75,monitoring,0,40.916666666666664
1804001,1804,18,gmina podkarpackie-centralny-04-01,22044,88.37,4857,42.8,,0.0,,0.0,0.659,-15.9,0.06,0.0,0.3409999999999999,0.5706666666666667,40.58,elevated,0,40.879999999999995
1407005,1407,14,gmina mazowieckie-południowy-07-05,4394,59.37,662,29.6,,0.0,,0.0,0.708,-23.9,0.5933333333333333,0.0,0.292,0.3946666666666666,37.84,monitoring,0,40.80666666666667
1004007,1004,10,gmina łódzkie-centralny-04-07,13513,88.59,2677,37.9,,0.0,,0.0,0.711,-16.3,0.0866666666666667,0.0,0.289,0.5053333333333333,40.35,elevated,0,40.78333333333333
3023005,3023,30,gmina wielkopolskie-miejski-23-05,54183,84.5,12011,34.7,,0.0,,0.0,0.786,-17.8,0.1866666666666667,0.0,0.2139999999999999,0.4626666666666667,39.71,monitoring,0,40.64333333333333
1437007,1437,14,gmina mazowieckie-południowy-37-07,11996,65.98,1773,39.7,,0.0,,0.0,0.812,-22.3,0.4866666666666667,0.0,0.1879999999999999,0.5293333333333333,38.17,monitoring,0,40.60333333333334
2016006,2016,20,gmina podlaskie-centralny-16-06,17344,57.33,2006,26.9,,0.0,,0.0,0.659,-24.1,0.6066666666666668,0.0,0.3409999999999999,0.3586666666666666,37.57,monitoring,0,40.60333333333333
1011007,1011,10,gmina łódzkie-miejski-11-07,38005,78.44,5392,37.9,,0.0,,0.0,0.682,-18.5,0.2333333333333333,0.0,0.3179999999999999,0.5053333333333333,39.4,monitoring,0,40.56666666666666
601005,601,6,gmina lubelskie-południowy-01-05,12924,51.79,2018,33.0,,0.0,,0.0,0.834,-26.2,0.7466666666666666,0.0,0.166,0.44,36.81,monitoring,0,40.54333333333334
225005,225,2,gmina dolnośląskie-południowy-25-05,34268,82.55,6752,41.7,,0.0,,0.0,0.683,-17.3,0.1533333333333333,0.0,0.3169999999999999,0.556,39.76,monitoring,0,40.526666666666664
1431004,1431,14,gmina mazowieckie-południowy-31-04,7254,55.37,1191,27.3,,0.0,,0.0,0.834,-25.5,0.7,0.0,0.166,0.364,36.95,monitoring,0,40.45
405006,405,4,gmina kujawsko-pomorskie-miejski-05-06,8293,79.81,1569,38.2,,0.0,,0.0,0.674,-18.0,0.2,0.0,0.3259999999999999,0.5093333333333334,39.41,monitoring,0,40.41
1204002,1204,12,gmina małopolskie-centralny-04-02,7260,81.18,1637,35.7,,0.0,,0.0,0.765,-18.3,0.22,0.0,0.235,0.476,39.3,monitoring,0,40.4
1215001,1215,12,gmina małopolskie-zachodni-15-01,7159,78.75,1712,37.5,,0.0,,0.0,0.765,-18.8,0.2533333333333333,0.0,0.235,0.5,39.1,monitoring,0,40.36666666666667
1405004,1405,14,gmina mazowieckie-miejski-05-04,15820,58.97,2212,23.2,,0.0,,0.0,0.676,-23.8,0.5866666666666667,0.0,0.3239999999999999,0.3093333333333333,37.43,monitoring,0,40.36333333333333
2001006,2001,20,gmina podlaskie-południowy-01-06,5637,56.32,728,28.7,,0.0,,0.0,0.76,-24.7,0.6466666666666666,0.0,0.24,0.3826666666666666,37.11,monitoring,0,40.343333333333334
3027001,3027,30,gmina wielkopolskie-zachodni-27-01,3301,76.36,521,54.3,,0.0,,0.0,0.775,-18.7,0.2466666666666666,0.0,0.2249999999999999,0.724,39.1,monitoring,0,40.333333333333336
3020002,3020,30,gmina wielkopolskie-wschodni-20-02,16291,78.81,2689,35.4,,0.0,,0.0,0.73,-18.6,0.2400000000000001,0.0,0.27,0.472,39.06,monitoring,0,40.260000000000005
422007,422,4,gmina kujawsko-pomorskie-centralny-22-07,10629,79.2,2139,48.5,,0.0,,0.0,0.751,-18.0,0.2,0.0,0.249,0.6466666666666666,39.17,monitoring,0,40.17
2821005,2821,28,gmina warmińsko-mazurskie-zachodni-21-05,16062,56.77,2163,23.2,,0.0,,0.0,0.724,-24.5,0.6333333333333333,0.0,0.276,0.3093333333333333,37.0,monitoring,0,40.166666666666664
3020001,3020,30,gmina wielkopolskie-wschodni-20-01,5960,74.25,1175,44.8,,0.0,,0.0,0.618,-18.6,0.2400000000000001,0.0,0.382,0.5973333333333333,38.96,monitoring,0,40.160000000000004
2411001,2411,24,gmina śląskie-miejski-11-01,12300,83.45,2483,55.7,,0.0,,0.0,0.656,-16.0,0.0666666666666666,0.0,0.344,0.7426666666666667,39.72,monitoring,0,40.053333333333335
2602006,2602,26,gmina świętokrzyskie-wschodni-02-06,28954,91.34,7194,32.3,,0.0,,0.0,0.682,-15.2,0.0133333333333332,0.0,0.3179999999999999,0.4306666666666666,39.96,monitoring,0,40.02666666666667
1434004,1434,14,gmina mazowieckie-centralny-34-04,19568,50.27,2413,27.0,,0.0,,0.0,0.75,-26.0,0.7333333333333333,0.0,0.25,0.36,36.35,monitoring,0,40.016666666666666
201006,201,2,gmina dolnośląskie-południowy-01-06,7849,81.81,1571,38.8,,0.0,,0.0,0.727,-17.5,0.1666666666666666,0.0,0.273,0.5173333333333333,39.13,monitoring,0,39.96333333333334
609001,609,6,gmina lubelskie-zachodni-09-01,11918,54.05,2028,13.0,,0.0,,0.0,0.801,-25.9,0.7266666666666666,0.0,0.1989999999999999,0.1733333333333333,36.28,monitoring,0,39.913333333333334
1440005,1440,14,gmina mazowieckie-centralny-40-05,9697,49.49,1526,33.4,,0.0,,0.0,0.804,-26.1,0.7400000000000001,0.0,0.1959999999999999,0.4453333333333333,36.12,monitoring,0,39.82
2811002,2811,28,gmina warmińsko-mazurskie-miejski-11-02,4170,61.92,618,28.4,,0.0,,0.0,0.78,-23.1,0.5400000000000001,0.0,0.2199999999999999,0.3786666666666666,37.12,monitoring,0,39.82
1435003,1435,14,gmina mazowieckie-miejski-35-03,17225,49.5,2549,19.1,,0.0,,0.0,0.807,-26.7,0.7799999999999999,0.0,0.1929999999999999,0.2546666666666667,35.86,monitoring,0,39.76
2818004,2818,28,gmina warmińsko-mazurskie-północny-18-04,13959,53.23,2199,21.6,,0.0,,0.0,0.768,-25.4,0.6933333333333332,0.0,0.2319999999999999,0.288,36.24,monitoring,0,39.70666666666667
1432007,1432,14,gmina mazowieckie-wschodni-32-07,13916,54.9,2204,18.9,,0.0,,0.0,0.883,-25.7,0.7133333333333333,0.0,0.1169999999999999,0.252,36.02,monitoring,0,39.58666666666667
407003,407,4,gmina kujawsko-pomorskie-południowy-07-03,8473,77.59,1664,46.4,,0.0,,0.0,0.72,-17.9,0.1933333333333332,0.0,0.28,0.6186666666666667,38.58,monitoring,0,39.54666666666667
3209002,3209,32,gmina zachodniopomorskie-zachodni-09-02,17613,82.73,3594,38.1,,0.0,,0.0,0.774,-17.3,0.1533333333333333,0.0,0.2259999999999999,0.508,38.77,monitoring,0,39.53666666666667
2416004,2416,24,gmina śląskie-centralny-16-04,12323,80.95,2591,38.7,,0.0,,0.0,0.6890000000000001,-17.2,0.1466666666666666,0.0,0.3109999999999999,0.516,38.78,monitoring,0,39.513333333333335
1009007,1009,10,gmina łódzkie-zachodni-09-07,4891,80.47,914,32.8,,0.0,,0.0,0.762,-18.0,0.2,0.0,0.238,0.4373333333333333,38.51,monitoring,0,39.51
206006,206,2,gmina dolnośląskie-północny-06-06,6653,78.31,1368,38.4,,0.0,,0.0,0.6950000000000001,-17.9,0.1933333333333332,0.0,0.3049999999999999,0.512,38.54,monitoring,0,39.50666666666667
1438006,1438,14,gmina mazowieckie-wschodni-38-06,34524,53.88,5019,5.0,,0.0,,0.0,0.763,-25.8,0.7200000000000001,0.0,0.237,0.0666666666666666,35.9,monitoring,0,39.5
2821004,2821,28,gmina warmińsko-mazurskie-zachodni-21-04,7176,54.29,1003,39.0,,0.0,,0.0,0.8130000000000001,-24.5,0.6333333333333333,0.0,0.1869999999999999,0.52,36.31,monitoring,0,39.47666666666667
1404003,1404,14,gmina mazowieckie-centralny-04-03,60396,41.92,5056,16.7,,0.0,,0.0,0.043,-24.0,0.6,0.0,0.957,0.2226666666666666,36.46,monitoring,0,39.46
621003,621,6,gmina lubelskie-zachodni-21-03,4408,54.88,633,24.8,,0.0,,0.0,0.7010000000000001,-24.3,0.62,0.0,0.2989999999999999,0.3306666666666666,36.36,monitoring,0,39.46
1415001,1415,14,gmina mazowieckie-zachodni-15-01,8760,57.11,1665,32.3,,0.0,,0.0,0.8170000000000001,-24.1,0.6066666666666668,0.0,0.1829999999999999,0.4306666666666666,36.42,monitoring,0,39.45333333333333
416007,416,4,gmina kujawsko-pomorskie-centralny-16-07,9726,78.92,1900,53.2,,0.0,,0.0,0.774,-17.5,0.1666666666666666,0.0,0.2259999999999999,0.7093333333333334,38.57,monitoring,0,39.403333333333336
3020006,3020,30,gmina wielkopolskie-wschodni-20-06,23796,75.55,4036,37.3,,0.0,,0.0,0.7030000000000001,-18.6,0.2400000000000001,0.0,0.2969999999999999,0.4973333333333333,38.19,monitoring,0,39.39
624005,624,6,gmina lubelskie-północny-24-05,12702,63.61,2000,26.1,,0.0,,0.0,0.718,-22.1,0.4733333333333334,0.0,0.282,0.348,36.97,monitoring,0,39.336666666666666
608006,608,6,gmina lubelskie-wschodni-08-06,4850,57.11,803,29.1,,0.0,,0.0,0.739,-23.7,0.58,0.0,0.261,0.388,36.43,monitoring,0,39.33
1407007,1407,14,gmina mazowieckie-południowy-07-07,14569,57.92,2671,19.3,,0.0,,0.0,0.735,-23.9,0.5933333333333333,0.0,0.265,0.2573333333333333,36.36,monitoring,0,39.32666666666667
401005,401,4,gmina kujawsko-pomorskie-południowy-01-05,5321,73.66,950,41.7,,0.0,,0.0,0.714,-18.9,0.2599999999999999,0.0,0.286,0.556,38.02,monitoring,0,39.32
215004,215,2,gmina dolnośląskie-zachodni-15-04,4399,82.8,956,31.1,,0.0,,0.0,0.665,-16.8,0.12,0.0,0.3349999999999999,0.4146666666666667,38.71,monitoring,0,39.31
2812001,2812,28,gmina warmińsko-mazurskie-północny-12-01,8608,57.68,1477,23.8,,0.0,,0.0,0.751,-23.8,0.5866666666666667,0.0,0.249,0.3173333333333333,36.31,monitoring,0,39.24333333333334
2803003,2803,28,gmina warmińsko-mazurskie-zachodni-03-03,20816,47.62,2850,11.5,,0.0,,0.0,0.031,-22.6,0.5066666666666667,0.0,0.969,0.1533333333333333,36.7,monitoring,0,39.233333333333334
1202003,1202,12,gmina małopolskie-wschodni-02-03,15172,76.11,3054,45.9,,0.0,,0.0,0.745,-18.2,0.2133333333333333,0.0,0.255,0.612,38.12,monitoring,0,39.18666666666667
3023003,3023,30,gmina wielkopolskie-miejski-23-03,8043,75.91,1611,51.0,,0.0,,0.0,0.708,-17.8,0.1866666666666667,0.0,0.292,0.68,38.23,monitoring,0,39.16333333333333
1420003,1420,14,gmina mazowieckie-wschodni-20-03,27080,50.1,4102,12.2,,0.0,,0.0,0.75,-26.1,0.7400000000000001,0.0,0.25,0.1626666666666666,35.42,monitoring,0,39.120000000000005
415007,415,4,gmina kujawsko-pomorskie-zachodni-15-07,24388,87.84,4942,36.1,,0.0,,0.0,0.639,-15.0,0.0,0.0,0.361,0.4813333333333333,39.03,monitoring,0,39.03
1209003,1209,12,gmina małopolskie-zachodni-09-03,13488,81.76,2517,32.8,,0.0,,0.0,0.736,-17.2,0.1466666666666666,0.0,0.264,0.4373333333333333,38.27,monitoring,0,39.00333333333334
1422004,1422,14,gmina mazowieckie-centralny-22-04,6199,57.0,908,25.2,,0.0,,0.0,0.8170000000000001,-24.0,0.6,0.0,0.1829999999999999,0.3359999999999999,35.79,monitoring,0,38.79
2611004,2611,26,gmina świętokrzyskie-miejski-11-04,17078,85.99,3760,51.2,,0.0,,0.0,0.755,-15.3,0.02,0.0,0.245,0.6826666666666668,38.65,monitoring,0,38.75
1406003,1406,14,gmina mazowieckie-północny-06-03,7851,58.92,1155,19.0,,0.0,,0.0,0.635,-22.7,0.5133333333333333,0.0,0.365,0.2533333333333333,36.18,monitoring,0,38.74666666666667
2433001,2433,24,gmina śląskie-zachodni-33-01,6588,75.81,1464,42.2,,0.0,,0.0,0.618,-17.4,0.1599999999999999,0.0,0.382,0.5626666666666668,37.94,monitoring,0,38.739999999999995
404006,404,4,gmina kujawsko-pomorskie-centralny-04-06,5967,72.05,1099,50.3,,0.0,,0.0,0.72,-18.5,0.2333333333333333,0.0,0.28,0.6706666666666666,37.45,monitoring,0,38.61666666666667
608003,608,6,gmina lubelskie-wschodni-08-03,11546,57.58,2015,21.5,,0.0,,0.0,0.783,-23.7,0.58,0.0,0.2169999999999999,0.2866666666666667,35.71,monitoring,0,38.61
1203007,1203,12,gmina małopolskie-zachodni-03-07,8579,80.2,1886,40.5,,0.0,,0.0,0.782,-17.2,0.1466666666666666,0.0,0.2179999999999999,0.54,37.78,monitoring,0,38.513333333333335
2609004,2609,26,gmina świętokrzyskie-zachodni-09-04,20155,77.56,3522,43.3,,0.0,,0.0,0.6910000000000001,-17.2,0.1466666666666666,0.0,0.3089999999999999,0.5773333333333333,37.78,monitoring,0,38.513333333333335
3010003,3010,30,gmina wielkopolskie-centralny-10-03,7248,75.99,1506,42.4,,0.0,,0.0,0.8220000000000001,-18.4,0.2266666666666665,0.0,0.1779999999999999,0.5653333333333334,37.38,monitoring,0,38.513333333333335
2408006,2408,24,gmina śląskie-wschodni-08-06,39419,82.44,6169,38.3,,0.0,,0.0,0.745,-16.5,0.1,0.0,0.255,0.5106666666666666,37.98,monitoring,0,38.48
1405007,1405,14,gmina mazowieckie-miejski-05-07,10555,56.73,1556,20.2,,0.0,,0.0,0.781,-23.8,0.5866666666666667,0.0,0.2189999999999999,0.2693333333333333,35.44,monitoring,0,38.373333333333335
610002,610,6,gmina lubelskie-centralny-10-02,16773,53.16,2692,25.9,,0.0,,0.0,0.894,-25.1,0.6733333333333335,0.0,0.1059999999999999,0.3453333333333333,35.0,monitoring,0,38.36666666666667
2815005,2815,28,gmina warmińsko-mazurskie-zachodni-15-05,16241,53.17,2283,26.7,,0.0,,0.0,0.739,-24.1,0.6066666666666668,0.0,0.261,0.356,35.25,monitoring,0,38.28333333333333
1017003,1017,10,gmina łódzkie-miejski-17-03,14157,77.27,2763,45.2,,0.0,,0.0,0.5660000000000001,-16.3,0.0866666666666667,0.0,0.4339999999999999,0.6026666666666667,37.84,monitoring,0,38.27333333333334
2009003,2009,20,gmina podlaskie-zachodni-09-03,13885,47.03,2013,20.5,,0.0,,0.0,0.726,-25.8,0.7200000000000001,0.0,0.274,0.2733333333333333,34.66,monitoring,0,38.26
2005002,2005,20,gmina podlaskie-miejski-05-02,7507,55.91,1166,42.9,,0.0,,0.0,0.758,-22.8,0.52,0.0,0.242,0.572,35.64,monitoring,0,38.24
621007,621,6,gmina lubelskie-zachodni-21-07,45377,53.81,5900,23.7,,0.0,,0.0,0.785,-24.3,0.62,0.0,0.2149999999999999,0.316,35.12,monitoring,0,38.22
1411005,1411,14,gmina mazowieckie-miejski-11-05,28547,60.14,5105,19.6,,0.0,,0.0,0.835,-23.2,0.5466666666666666,0.0,0.165,0.2613333333333333,35.48,monitoring,0,38.21333333333333
1013005,1013,10,gmina łódzkie-południowy-13-05,5424,83.12,1109,39.7,,0.0,,0.0,0.656,-15.5,0.0333333333333333,0.0,0.344,0.5293333333333333,37.93,monitoring,0,38.096666666666664
2817004,2817,28,gmina warmińsko-mazurskie-miejski-17-04,9366,54.7,1524,25.4,,0.0,,0.0,0.765,-23.8,0.5866666666666667,0.0,0.235,0.3386666666666666,35.15,monitoring,0,38.08333333333333
218003,218,2,gmina dolnośląskie-północny-18-03,23013,80.86,4645,42.2,,0.0,,0.0,0.753,-16.5,0.1,0.0,0.247,0.5626666666666668,37.56,monitoring,0,38.06
401007,401,4,gmina kujawsko-pomorskie-południowy-01-07,12995,71.15,2169,36.8,,0.0,,0.0,0.712,-18.9,0.2599999999999999,0.0,0.288,0.4906666666666666,36.76,monitoring,0,38.059999999999995
2421003,2421,24,gmina śląskie-zachodni-21-03,30534,78.37,5098,48.1,,0.0,,0.0,0.778,-17.0,0.1333333333333333,0.0,0.2219999999999999,0.6413333333333333,37.39,monitoring,0,38.056666666666665
1822006,1822,18,gmina podkarpackie-centralny-22-06,11114,71.43,1993,44.6,,0.0,,0.0,0.681,-18.3,0.22,0.0,0.3189999999999999,0.5946666666666667,36.95,monitoring,0,38.050000000000004
405002,405,4,gmina kujawsko-pomorskie-miejski-05-02,7554,72.93,905,44.3,,0.0,,0.0,0.6910000000000001,-18.0,0.2,0.0,0.3089999999999999,0.5906666666666667,37.05,monitoring,0,38.05
1825001,1825,18,gmina podkarpackie-południowy-25-01,11382,78.23,2220,45.8,,0.0,,0.0,0.657,-16.4,0.0933333333333332,0.0,0.3429999999999999,0.6106666666666666,37.55,monitoring,0,38.016666666666666
3023006,3023,30,gmina wielkopolskie-miejski-23-06,6371,78.39,1252,35.7,,0.0,,0.0,0.8280000000000001,-17.8,0.1866666666666667,0.0,0.1719999999999999,0.476,37.08,monitoring,0,38.013333333333335
423006,423,4,gmina kujawsko-pomorskie-miejski-23-06,4154,74.88,748,37.5,,0.0,,0.0,0.729,-18.0,0.2,0.0,0.271,0.5,36.99,monitoring,0,37.99
3202006,3202,32,gmina zachodniopomorskie-wschodni-02-06,4460,83.25,1038,48.9,,0.0,,0.0,0.658,-14.7,0.0,0.0,0.3419999999999999,0.652,37.97,monitoring,0,37.97
206002,206,2,gmina dolnośląskie-północny-06-02,5509,76.25,1144,42.9,,0.0,,0.0,0.8140000000000001,-17.9,0.1933333333333332,0.0,0.1859999999999999,0.572,36.99,monitoring,0,37.95666666666667
2433003,2433,24,gmina śląskie-zachodni-33-03,8582,77.17,1556,40.9,,0.0,,0.0,0.754,-17.4,0.1599999999999999,0.0,0.246,0.5453333333333333,37.15,monitoring,0,37.949999999999996
2401003,2401,24,gmina śląskie-południowy-01-03,8034,87.0,1692,34.6,,0.0,,0.0,0.735,-15.1,0.0066666666666666,0.0,0.265,0.4613333333333334,37.87,monitoring,0,37.90333333333333
421007,421,4,gmina kujawsko-pomorskie-zachodni-21-07,6428,76.04,1345,46.2,,0.0,,0.0,0.709,-17.1,0.1400000000000001,0.0,0.291,0.616,37.11,monitoring,0,37.81
2816006,2816,28,gmina warmińsko-mazurskie-centralny-16-06,17934,49.73,2519,30.8,,0.0,,0.0,0.799,-24.8,0.6533333333333334,0.0,0.2009999999999999,0.4106666666666667,34.52,monitoring,0,37.78666666666667
3213006,3213,32,gmina zachodniopomorskie-południowy-13-06,11907,75.88,2231,32.5,,0.0,,0.0,0.639,-17.3,0.1533333333333333,0.0,0.361,0.4333333333333333,37.01,monitoring,0,37.776666666666664
1610006,1610,16,gmina opolskie-centralny-10-06,15307,79.57,2654,29.5,,0.0,,0.0,0.6880000000000001,-16.8,0.12,0.0,0.3119999999999999,0.3933333333333333,37.17,monitoring,0,37.77
2409005,2409,24,gmina śląskie-zachodni-09-05,5665,77.35,1036,44.1,,0.0,,0.0,0.724,-16.9,0.1266666666666665,0.0,0.276,0.588,37.1,monitoring,0,37.733333333333334
409005,409,4,gmina kujawsko-pomorskie-zachodni-09-05,8557,74.81,1637,36.5,,0.0,,0.0,0.806,-18.3,0.22,0.0,0.1939999999999999,0.4866666666666667,36.57,monitoring,0,37.67
2219001,2219,22,gmina pomorskie-południowy-19-01,4427,76.89,899,32.7,,0.0,,0.0,0.712,-17.4,0.1599999999999999,0.0,0.288,0.436,36.87,monitoring,0,37.669999999999995
208007,208,2,gmina dolnośląskie-wschodni-08-07,10799,71.41,1760,44.1,,0.0,,0.0,0.626,-17.7,0.1799999999999999,0.0,0.374,0.588,36.68,monitoring,0,37.58
423004,423,4,gmina kujawsko-pomorskie-miejski-23-04,4952,73.01,779,35.6,,0.0,,0.0,0.684,-18.0,0.2,0.0,0.3159999999999999,0.4746666666666667,36.56,monitoring,0,37.56
1209001,1209,12,gmina małopolskie-zachodni-09-01,34912,74.79,6884,39.4,,0.0,,0.0,0.653,-17.2,0.1466666666666666,0.0,0.347,0.5253333333333333,36.81,monitoring,0,37.54333333333334
205002,205,2,gmina dolnośląskie-miejski-05-02,8041,75.05,1574,47.3,,0.0,,0.0,0.708,-17.1,0.1400000000000001,0.0,0.292,0.6306666666666666,36.82,monitoring,0,37.52
422006,422,4,gmina kujawsko-pomorskie-centralny-22-06,11789,72.18,2091,46.0,,0.0,,0.0,0.731,-18.0,0.2,0.0,0.269,0.6133333333333333,36.52,monitoring,0,37.52
2425002,2425,24,gmina śląskie-południowy-25-02,31437,82.82,6035,32.1,,0.0,,0.0,0.755,-16.1,0.0733333333333334,0.0,0.245,0.428,37.14,monitoring,0,37.50666666666667
207007,207,2,gmina dolnośląskie-południowy-07-07,10895,73.26,1940,35.4,,0.0,,0.0,0.717,-18.1,0.2066666666666667,0.0,0.283,0.472,36.47,monitoring,0,37.50333333333333
1822005,1822,18,gmina podkarpackie-centralny-22-05,19530,74.0,3176,39.0,,0.0,,0.0,0.81,-18.3,0.22,0.0,0.1899999999999999,0.52,36.39,monitoring,0,37.49
2410003,2410,24,gmina śląskie-centralny-10-03,10855,79.86,1880,41.3,,0.0,,0.0,0.652,-15.8,0.0533333333333333,0.0,0.348,0.5506666666666666,37.19,monitoring,0,37.45666666666666
1214004,1214,12,gmina małopolskie-wschodni-14-04,11590,73.21,2366,51.9,,0.0,,0.0,0.742,-17.5,0.1666666666666666,0.0,0.258,0.692,36.6,monitoring,0,37.43333333333334
2432005,2432,24,gmina śląskie-wschodni-32-05,5633,72.87,948,28.2,,0.0,,0.0,0.759,-18.7,0.2466666666666666,0.0,0.241,0.376,36.18,monitoring,0,37.413333333333334
2432002,2432,24,gmina śląskie-wschodni-32-02,32606,72.65,4855,34.0,,0.0,,0.0,0.796,-18.7,0.2466666666666666,0.0,0.2039999999999999,0.4533333333333333,36.15,monitoring,0,37.38333333333333
3030006,3030,30,gmina wielkopolskie-północny-30-06,8542,77.98,1616,39.2,,0.0,,0.0,0.658,-16.3,0.0866666666666667,0.0,0.3419999999999999,0.5226666666666667,36.88,monitoring,0,37.31333333333333
2423004,2423,24,gmina śląskie-miejski-23-04,18838,78.27,3476,46.3,,0.0,,0.0,0.861,-17.1,0.1400000000000001,0.0,0.139,0.6173333333333333,36.6,monitoring,0,37.300000000000004
3008005,3008,30,gmina wielkopolskie-wschodni-08-05,3388,75.82,588,44.2,,0.0,,0.0,0.72,-16.9,0.1266666666666665,0.0,0.28,0.5893333333333334,36.56,monitoring,0,37.193333333333335
2415006,2415,24,gmina śląskie-zachodni-15-06,12865,74.17,2112,44.2,,0.0,,0.0,0.686,-17.1,0.1400000000000001,0.0,0.3139999999999999,0.5893333333333334,36.48,monitoring,0,37.18
221002,221,2,gmina dolnośląskie-zachodni-21-02,7992,84.78,1767,23.3,,0.0,,0.0,0.622,-12.3,0.0,0.0,0.378,0.3106666666666667,37.17,monitoring,0,37.17
1009003,1009,10,gmina łódzkie-zachodni-09-03,3031,74.02,541,34.7,,0.0,,0.0,0.766,-18.0,0.2,0.0,0.2339999999999999,0.4626666666666667,36.15,monitoring,0,37.15
605007,605,6,gmina lubelskie-miejski-05-07,5929,50.06,998,26.0,,0.0,,0.0,0.9,-25.1,0.6733333333333335,0.0,0.0999999999999999,0.3466666666666667,33.78,monitoring,0,37.14666666666667
1430007,1430,14,gmina mazowieckie-północny-30-07,10068,47.92,1441,25.5,,0.0,,0.0,0.807,-25.1,0.6733333333333335,0.0,0.1929999999999999,0.34,33.77,monitoring,0,37.13666666666667
2001004,2001,20,gmina podlaskie-południowy-01-04,14548,48.11,1401,30.9,,0.0,,0.0,0.79,-24.7,0.6466666666666666,0.0,0.2099999999999999,0.412,33.87,monitoring,0,37.10333333333333
1606005,1606,16,gmina opolskie-północny-06-05,8365,76.89,1535,39.7,,0.0,,0.0,0.71,-16.7,0.1133333333333332,0.0,0.29,0.5293333333333333,36.51,monitoring,0,37.07666666666667
1609004,1609,16,gmina opolskie-zachodni-09-04,5088,73.24,980,44.4,,0.0,,0.0,0.711,-17.4,0.1599999999999999,0.0,0.289,0.592,36.27,monitoring,0,37.07
2010006,2010,20,gmina podlaskie-centralny-10-06,17154,47.77,2155,15.9,,0.0,,0.0,0.72,-25.0,0.6666666666666666,0.0,0.28,0.212,33.73,monitoring,0,37.06333333333333
803003,803,8,gmina lubuskie-zachodni-03-03,15327,81.95,2884,48.9,,0.0,,0.0,0.707,-15.0,0.0,0.0,0.293,0.652,37.04,monitoring,0,37.04
1612001,1612,16,gmina opolskie-północny-12-01,3857,78.0,676,38.8,,0.0,,0.0,0.674,-16.2,0.0799999999999999,0.0,0.3259999999999999,0.5173333333333333,36.6,monitoring,0,37.0
1404001,1404,14,gmina mazowieckie-centralny-04-01,18305,53.09,2764,17.5,,0.0,,0.0,0.794,-24.0,0.6,0.0,0.2059999999999999,0.2333333333333333,33.99,monitoring,0,36.99
1011006,1011,10,gmina łódzkie-miejski-11-06,18682,68.45,3238,38.9,,0.0,,0.0,0.665,-18.5,0.2333333333333333,0.0,0.3349999999999999,0.5186666666666666,35.82,monitoring,0,36.986666666666665
1215007,1215,12,gmina małopolskie-zachodni-15-07,13945,65.98,2197,45.3,,0.0,,0.0,0.66,-18.8,0.2533333333333333,0.0,0.3399999999999999,0.604,35.71,monitoring,0,36.97666666666667
3011004,3011,30,gmina wielkopolskie-miejski-11-04,21981,80.04,4403,49.8,,0.0,,0.0,0.71,-15.4,0.0266666666666666,0.0,0.29,0.6639999999999999,36.83,monitoring,0,36.96333333333333
1021007,1021,10,gmina łódzkie-zachodni-21-07,5979,80.51,1129,39.7,,0.0,,0.0,0.59,-14.9,0.0,0.0,0.41,0.5293333333333333,36.93,monitoring,0,36.93
3001004,3001,30,gmina wielkopolskie-południowy-01-04,10063,76.1,1885,30.3,,0.0,,0.0,0.676,-17.0,0.1333333333333333,0.0,0.3239999999999999,0.404,36.25,monitoring,0,36.916666666666664
203005,203,2,gmina dolnośląskie-zachodni-03-05,4026,80.13,775,29.3,,0.0,,0.0,0.704,-16.2,0.0799999999999999,0.0,0.296,0.3906666666666666,36.51,monitoring,0,36.91
1414006,1414,14,gmina mazowieckie-wschodni-14-06,7204,49.56,1075,28.3,,0.0,,0.0,0.806,-24.4,0.6266666666666666,0.0,0.1939999999999999,0.3773333333333333,33.75,monitoring,0,36.88333333333333
1610002,1610,16,gmina opolskie-centralny-10-02,9316,76.86,1719,29.6,,0.0,,0.0,0.674,-16.8,0.12,0.0,0.3259999999999999,0.3946666666666666,36.27,monitoring,0,36.870000000000005
401002,401,4,gmina kujawsko-pomorskie-południowy-01-02,17747,68.0,2807,39.9,,0.0,,0.0,0.735,-18.9,0.2599999999999999,0.0,0.265,0.532,35.57,monitoring,0,36.87
423007,423,4,gmina kujawsko-pomorskie-miejski-23-07,4241,72.99,839,36.4,,0.0,,0.0,0.772,-18.0,0.2,0.0,0.2279999999999999,0.4853333333333333,35.81,monitoring,0,36.81
1207003,1207,12,gmina małopolskie-południowy-07-03,19098,80.72,3916,52.2,,0.0,,0.0,0.792,-15.5,0.0333333333333333,0.0,0.2079999999999999,0.6960000000000001,36.63,monitoring,0,36.79666666666667
409002,409,4,gmina kujawsko-pomorskie-zachodni-09-02,12083,69.46,2265,43.6,,0.0,,0.0,0.73,-18.3,0.22,0.0,0.27,0.5813333333333334,35.69,monitoring,0,36.79
3206002,3206,32,gmina zachodniopomorskie-północny-06-02,1890,77.6,369,46.8,,0.0,,0.0,0.672,-15.8,0.0533333333333333,0.0,0.3279999999999999,0.624,36.52,monitoring,0,36.78666666666667
1442001,1442,14,gmina mazowieckie-północny-42-01,26771,54.31,4083,20.5,,0.0,,0.0,0.857,-23.8,0.5866666666666667,0.0,0.143,0.2733333333333333,33.85,monitoring,0,36.78333333333333
2412001,2412,24,gmina śląskie-północny-12-01,11970,76.59,1976,37.5,,0.0,,0.0,0.751,-16.9,0.1266666666666665,0.0,0.249,0.5,36.13,monitoring,0,36.763333333333335
1602007,1602,16,gmina opolskie-wschodni-02-07,33158,75.62,5490,34.4,,0.0,,0.0,0.6880000000000001,-16.9,0.1266666666666665,0.0,0.3119999999999999,0.4586666666666666,36.12,monitoring,0,36.75333333333333
1009004,1009,10,gmina łódzkie-zachodni-09-04,3566,69.39,622,43.3,,0.0,,0.0,0.679,-18.0,0.2,0.0,0.3209999999999999,0.5773333333333333,35.74,monitoring,0,36.74
2601006,2601,26,gmina świętokrzyskie-południowy-01-06,3927,70.76,680,41.8,,0.0,,0.0,0.728,-18.0,0.2,0.0,0.272,0.5573333333333333,35.72,monitoring,0,36.72
1605002,1605,16,gmina opolskie-miejski-05-02,17042,75.01,2983,35.7,,0.0,,0.0,0.727,-17.2,0.1466666666666666,0.0,0.273,0.476,35.98,monitoring,0,36.71333333333333
1812001,1812,18,gmina podkarpackie-północny-12-01,23413,68.76,4010,40.2,,0.0,,0.0,0.7020000000000001,-18.4,0.2266666666666665,0.0,0.2979999999999999,0.536,35.57,monitoring,0,36.70333333333333
202005,202,2,gmina dolnośląskie-wschodni-02-05,18000,77.02,2863,38.1,,0.0,,0.0,0.68,-16.3,0.0866666666666667,0.0,0.3199999999999999,0.508,36.25,monitoring,0,36.68333333333334
3027004,3027,30,gmina wielkopolskie-zachodni-27-04,9534,65.74,1343,45.5,,0.0,,0.0,0.672,-18.7,0.2466666666666666,0.0,0.3279999999999999,0.6066666666666667,35.41,monitoring,0,36.64333333333333
228001,228,2,gmina dolnośląskie-centralny-28-01,2855,70.41,427,45.0,,0.0,,0.0,0.734,-17.9,0.1933333333333332,0.0,0.266,0.6,35.63,monitoring,0,36.59666666666667
414002,414,4,gmina kujawsko-pomorskie-wschodni-14-02,6999,78.49,1279,43.9,,0.0,,0.0,0.642,-15.4,0.0266666666666666,0.0,0.358,0.5853333333333333,36.45,monitoring,0,36.583333333333336
3008003,3008,30,gmina wielkopolskie-wschodni-08-03,22264,73.35,4094,50.8,,0.0,,0.0,0.734,-16.9,0.1266666666666665,0.0,0.266,0.6773333333333333,35.93,monitoring,0,36.56333333333333
2601001,2601,26,gmina świętokrzyskie-południowy-01-01,12726,71.69,2129,42.9,,0.0,,0.0,0.795,-18.0,0.2,0.0,0.2049999999999999,0.572,35.55,monitoring,0,36.55
2606006,2606,26,gmina świętokrzyskie-północny-06-06,5201,71.84,885,48.5,,0.0,,0.0,0.74,-17.4,0.1599999999999999,0.0,0.26,0.6466666666666666,35.75,monitoring,0,36.55
3209001,3209,32,gmina zachodniopomorskie-zachodni-09-01,6898,73.27,1344,39.5,,0.0,,0.0,0.725,-17.3,0.1533333333333333,0.0,0.275,0.5266666666666666,35.71,monitoring,0,36.47666666666667
409003,409,4,gmina kujawsko-pomorskie-zachodni-09-03,21300,69.36,3369,43.9,,0.0,,0.0,0.767,-18.3,0.22,0.0,0.2329999999999999,0.5853333333333333,35.34,monitoring,0,36.440000000000005
409001,409,4,gmina kujawsko-pomorskie-zachodni-09-01,6893,65.5,911,45.6,,0.0,,0.0,0.618,-18.3,0.22,0.0,0.382,0.608,35.33,monitoring,0,36.43
1215003,1215,12,gmina małopolskie-zachodni-15-03,6138,68.19,1135,29.9,,0.0,,0.0,0.7010000000000001,-18.8,0.2533333333333333,0.0,0.2989999999999999,0.3986666666666666,35.16,monitoring,0,36.42666666666666
2810006,2810,28,gmina warmińsko-mazurskie-centralny-10-06,8471,58.4,1439,18.5,,0.0,,0.0,0.6970000000000001,-21.7,0.4466666666666666,0.0,0.3029999999999999,0.2466666666666666,34.19,monitoring,0,36.42333333333333
2008004,2008,20,gmina podlaskie-wschodni-08-04,9341,53.07,1665,27.6,,0.0,,0.0,0.781,-23.1,0.5400000000000001,0.0,0.2189999999999999,0.368,33.7,monitoring,0,36.400000000000006
2403001,2403,24,gmina śląskie-zachodni-03-01,24675,72.76,4543,42.8,,0.0,,0.0,0.678,-16.9,0.1266666666666665,0.0,0.3219999999999999,0.5706666666666667,35.68,monitoring,0,36.31333333333333
413001,413,4,gmina kujawsko-pomorskie-południowy-13-01,6309,77.23,1398,38.3,,0.0,,0.0,0.75,-16.4,0.0933333333333332,0.0,0.25,0.5106666666666666,35.83,monitoring,0,36.29666666666667
3023002,3023,30,gmina wielkopolskie-miejski-23-02,8716,73.03,1707,29.5,,0.0,,0.0,0.746,-17.8,0.1866666666666667,0.0,0.254,0.3933333333333333,35.36,monitoring,0,36.29333333333334
2432001,2432,24,gmina śląskie-wschodni-32-01,9391,69.21,1834,26.6,,0.0,,0.0,0.719,-18.7,0.2466666666666666,0.0,0.281,0.3546666666666667,35.04,monitoring,0,36.27333333333333
1217003,1217,12,gmina małopolskie-miejski-17-03,7315,77.52,1316,49.8,,0.0,,0.0,0.646,-15.2,0.0133333333333332,0.0,0.354,0.6639999999999999,36.2,monitoring,0,36.266666666666666
2215003,2215,22,gmina pomorskie-zachodni-15-03,13007,83.55,2160,35.3,,0.0,,0.0,0.76,-13.2,0.0,0.0,0.24,0.4706666666666666,36.26,monitoring,0,36.26
603001,603,6,gmina lubelskie-zachodni-03-01,14403,50.7,1925,15.7,,0.0,,0.0,0.728,-23.8,0.5866666666666667,0.0,0.272,0.2093333333333333,33.32,monitoring,0,36.25333333333333
1604005,1604,16,gmina opolskie-centralny-04-05,19776,76.53,3327,33.7,,0.0,,0.0,0.6920000000000001,-16.4,0.0933333333333332,0.0,0.3079999999999999,0.4493333333333333,35.78,monitoring,0,36.24666666666667
1412004,1412,14,gmina mazowieckie-północny-12-04,16045,49.63,2531,28.4,,0.0,,0.0,0.8140000000000001,-24.0,0.6,0.0,0.1859999999999999,0.3786666666666666,33.23,monitoring,0,36.23
1802001,1802,18,gmina podkarpackie-wschodni-02-01,18198,73.74,2753,49.9,,0.0,,0.0,0.748,-16.7,0.1133333333333332,0.0,0.252,0.6653333333333333,35.66,monitoring,0,36.22666666666666
2403004,2403,24,gmina śląskie-zachodni-03-04,7428,74.06,1400,42.8,,0.0,,0.0,0.751,-16.9,0.1266666666666665,0.0,0.249,0.5706666666666667,35.52,monitoring,0,36.153333333333336
1203001,1203,12,gmina małopolskie-zachodni-03-01,20648,71.99,3728,46.6,,0.0,,0.0,0.744,-17.2,0.1466666666666666,0.0,0.256,0.6213333333333334,35.41,monitoring,0,36.14333333333333
1417003,1417,14,gmina mazowieckie-miejski-17-03,8353,51.43,1265,24.8,,0.0,,0.0,0.754,-23.3,0.5533333333333333,0.0,0.246,0.3306666666666666,33.37,monitoring,0,36.13666666666666
219002,219,2,gmina dolnośląskie-południowy-19-02,4825,72.79,796,42.0,,0.0,,0.0,0.763,-17.3,0.1533333333333333,0.0,0.237,0.56,35.35,monitoring,0,36.11666666666667
1210007,1210,12,gmina małopolskie-centralny-10-07,11751,78.38,2012,49.0,,0.0,,0.0,0.711,-15.3,0.02,0.0,0.289,0.6533333333333333,36.01,monitoring,0,36.11
1610004,1610,16,gmina opolskie-centralny-10-04,7209,74.26,1526,36.3,,0.0,,0.0,0.7010000000000001,-16.8,0.12,0.0,0.2989999999999999,0.484,35.49,monitoring,0,36.09
2220005,2220,22,gmina pomorskie-wschodni-20-05,15883,73.77,2651,36.7,,0.0,,0.0,0.615,-16.4,0.0933333333333332,0.0,0.385,0.4893333333333334,35.62,monitoring,0,36.086666666666666
2412006,2412,24,gmina śląskie-północny-12-06,15659,73.39,2260,45.5,,0.0,,0.0,0.752,-16.9,0.1266666666666665,0.0,0.248,0.6066666666666667,35.43,monitoring,0,36.06333333333333
1005005,1005,10,gmina łódzkie-miejski-05-05,7543,78.01,1360,45.4,,0.0,,0.0,0.64,-15.1,0.0066666666666666,0.0,0.36,0.6053333333333333,36.03,monitoring,0,36.06333333333333
227005,227,2,gmina dolnośląskie-zachodni-27-05,18427,74.9,3278,43.3,,0.0,,0.0,0.802,-16.9,0.1266666666666665,0.0,0.1979999999999999,0.5773333333333333,35.41,monitoring,0,36.04333333333333
2419006,2419,24,gmina śląskie-południowy-19-06,9619,70.46,1609,53.8,,0.0,,0.0,0.727,-17.1,0.1400000000000001,0.0,0.273,0.7173333333333333,35.34,monitoring,0,36.040000000000006
2605005,2605,26,gmina świętokrzyskie-miejski-05-05,5967,76.19,1124,50.9,,0.0,,0.0,0.743,-15.9,0.06,0.0,0.257,0.6786666666666666,35.74,monitoring,0,36.04
228005,228,2,gmina dolnośląskie-centralny-28-05,11433,71.84,2018,30.8,,0.0,,0.0,0.751,-17.9,0.1933333333333332,0.0,0.249,0.4106666666666667,35.07,monitoring,0,36.03666666666667
2409003,2409,24,gmina śląskie-zachodni-09-03,6584,72.73,1220,46.9,,0.0,,0.0,0.739,-16.9,0.1266666666666665,0.0,0.261,0.6253333333333333,35.39,monitoring,0,36.02333333333333
1409004,1409,14,gmina mazowieckie-zachodni-09-04,25827,47.88,4364,17.9,,0.0,,0.0,0.8230000000000001,-24.8,0.6533333333333334,0.0,0.1769999999999999,0.2386666666666666,32.74,monitoring,0,36.00666666666667
203004,203,2,gmina dolnośląskie-zachodni-03-04,17202,73.9,2739,46.2,,0.0,,0.0,0.668,-16.2,0.0799999999999999,0.0,0.3319999999999999,0.616,35.59,monitoring,0,35.99
807004,807,8,gmina lubuskie-południowy-07-04,5861,73.79,1225,39.4,,0.0,,0.0,0.682,-16.6,0.1066666666666667,0.0,0.3179999999999999,0.5253333333333333,35.45,monitoring,0,35.983333333333334
416005,416,4,gmina kujawsko-pomorskie-centralny-16-05,5967,70.8,1109,43.3,,0.0,,0.0,0.738,-17.5,0.1666666666666666,0.0,0.262,0.5773333333333333,35.15,monitoring,0,35.983333333333334
2206003,2206,22,gmina pomorskie-północny-06-03,22772,81.69,4148,36.2,,0.0,,0.0,0.755,-15.2,0.0133333333333332,0.0,0.245,0.4826666666666667,35.9,monitoring,0,35.96666666666667
2432004,2432,24,gmina śląskie-wschodni-32-04,20578,71.06,3993,30.2,,0.0,,0.0,0.859,-18.7,0.2466666666666666,0.0,0.141,0.4026666666666667,34.73,monitoring,0,35.96333333333333
1204006,1204,12,gmina małopolskie-centralny-04-06,9067,66.66,1631,49.1,,0.0,,0.0,0.747,-18.3,0.22,0.0,0.253,0.6546666666666667,34.84,monitoring,0,35.940000000000005
3032002,3032,30,gmina wielkopolskie-wschodni-32-02,11158,68.03,1924,47.4,,0.0,,0.0,0.709,-17.8,0.1866666666666667,0.0,0.291,0.632,34.99,monitoring,0,35.92333333333333
2219003,2219,22,gmina pomorskie-południowy-19-03,12961,69.97,2307,40.6,,0.0,,0.0,0.673,-17.4,0.1599999999999999,0.0,0.3269999999999999,0.5413333333333333,35.12,monitoring,0,35.919999999999995
1802005,1802,18,gmina podkarpackie-wschodni-02-05,6785,75.86,1218,30.4,,0.0,,0.0,0.729,-16.7,0.1133333333333332,0.0,0.271,0.4053333333333333,35.33,monitoring,0,35.89666666666666
1824003,1824,18,gmina podkarpackie-północny-24-03,1800,77.36,389,39.8,,0.0,,0.0,0.747,-16.0,0.0666666666666666,0.0,0.253,0.5306666666666666,35.53,monitoring,0,35.86333333333334
1009002,1009,10,gmina łódzkie-zachodni-09-02,12176,71.75,2491,23.7,,0.0,,0.0,0.734,-18.0,0.2,0.0,0.266,0.316,34.84,monitoring,0,35.84
2807003,2807,28,gmina warmińsko-mazurskie-południowy-07-03,21942,56.77,3389,22.2,,0.0,,0.0,0.772,-22.0,0.4666666666666667,0.0,0.2279999999999999,0.296,33.5,monitoring,0,35.833333333333336
416006,416,4,gmina kujawsko-pomorskie-centralny-16-06,12795,70.65,1933,37.9,,0.0,,0.0,0.708,-17.5,0.1666666666666666,0.0,0.292,0.5053333333333333,35.0,monitoring,0,35.833333333333336
1436002,1436,14,gmina mazowieckie-północny-36-02,7279,47.78,1145,22.4,,0.0,,0.0,0.8250000000000001,-24.5,0.6333333333333333,0.0,0.1749999999999999,0.2986666666666666,32.62,monitoring,0,35.78666666666666
1013002,1013,10,gmina łódzkie-południowy-13-02,16952,76.23,2543,42.6,,0.0,,0.0,0.643,-15.5,0.0333333333333333,0.0,0.357,0.5680000000000001,35.62,monitoring,0,35.78666666666666
1204003,1204,12,gmina małopolskie-centralny-04-03,10378,64.59,1563,46.8,,0.0,,0.0,0.662,-18.3,0.22,0.0,0.3379999999999999,0.624,34.67,monitoring,0,35.77
3022002,3022,30,gmina wielkopolskie-centralny-22-02,11581,68.58,1818,52.4,,0.0,,0.0,0.687,-17.2,0.1466666666666666,0.0,0.3129999999999999,0.6986666666666667,35.01,monitoring,0,35.74333333333333
417007,417,4,gmina kujawsko-pomorskie-miejski-17-07,7942,74.39,1473,50.4,,0.0,,0.0,0.68,-15.8,0.0533333333333333,0.0,0.3199999999999999,0.6719999999999999,35.47,monitoring,0,35.736666666666665
1219001,1219,12,gmina małopolskie-południowy-19-01,15891,78.3,3210,48.5,,0.0,,0.0,0.6980000000000001,-14.6,0.0,0.0,0.3019999999999999,0.6466666666666666,35.71,monitoring,0,35.71
1609005,1609,16,gmina opolskie-zachodni-09-05,1800,70.33,313,38.3,,0.0,,0.0,0.6970000000000001,-17.4,0.1599999999999999,0.0,0.3029999999999999,0.5106666666666666,34.89,monitoring,0,35.69
1011001,1011,10,gmina łódzkie-miejski-11-01,13182,67.09,2394,47.6,,0.0,,0.0,0.8170000000000001,-18.5,0.2333333333333333,0.0,0.1829999999999999,0.6346666666666667,34.51,monitoring,0,35.67666666666666
1011004,1011,10,gmina łódzkie-miejski-11-04,7799,68.28,1436,46.0,,0.0,,0.0,0.857,-18.5,0.2333333333333333,0.0,0.143,0.6133333333333333,34.5,monitoring,0,35.666666666666664
805006,805,8,gmina lubuskie-miejski-05-06,10958,79.47,2482,32.6,,0.0,,0.0,0.651,-15.1,0.0066666666666666,0.0,0.349,0.4346666666666667,35.63,monitoring,0,35.663333333333334
1602004,1602,16,gmina opolskie-wschodni-02-04,7826,72.05,1514,44.4,,0.0,,0.0,0.733,-16.9,0.1266666666666665,0.0,0.267,0.592,35.02,monitoring,0,35.653333333333336
1214003,1214,12,gmina małopolskie-wschodni-14-03,25307,74.05,5236,33.0,,0.0,,0.0,0.839,-17.5,0.1666666666666666,0.0,0.161,0.44,34.79,monitoring,0,35.623333333333335
1202007,1202,12,gmina małopolskie-wschodni-02-07,12405,68.67,2389,27.2,,0.0,,0.0,0.6920000000000001,-18.2,0.2133333333333333,0.0,0.3079999999999999,0.3626666666666666,34.52,monitoring,0,35.58666666666667
416001,416,4,gmina kujawsko-pomorskie-centralny-16-01,8944,67.98,1493,44.6,,0.0,,0.0,0.673,-17.5,0.1666666666666666,0.0,0.3269999999999999,0.5946666666666667,34.75,monitoring,0,35.583333333333336
3032006,3032,30,gmina wielkopolskie-wschodni-32-06,2944,68.52,520,33.8,,0.0,,0.0,0.667,-17.8,0.1866666666666667,0.0,0.3329999999999999,0.4506666666666666,34.65,monitoring,0,35.58333333333333
403003,403,4,gmina kujawsko-pomorskie-zachodni-03-03,7603,77.04,1652,39.0,,0.0,,0.0,0.674,-15.5,0.0333333333333333,0.0,0.3259999999999999,0.52,35.41,monitoring,0,35.57666666666666
3207006,3207,32,gmina zachodniopomorskie-południowy-07-06,18110,78.76,3076,52.4,,0.0,,0.0,0.763,-13.4,0.0,0.0,0.237,0.6986666666666667,35.56,monitoring,0,35.56
3027003,3027,30,gmina wielkopolskie-zachodni-27-03,10666,65.89,1897,44.8,,0.0,,0.0,0.795,-18.7,0.2466666666666666,0.0,0.2049999999999999,0.5973333333333333,34.31,monitoring,0,35.54333333333334
3013005,3013,30,gmina wielkopolskie-południowy-13-05,7809,73.42,1566,36.4,,0.0,,0.0,0.745,-16.9,0.1266666666666665,0.0,0.255,0.4853333333333333,34.9,monitoring,0,35.53333333333333
2005004,2005,20,gmina podlaskie-miejski-05-04,10064,50.44,1702,32.9,,0.0,,0.0,0.754,-22.8,0.52,0.0,0.246,0.4386666666666666,32.93,monitoring,0,35.53
1811004,1811,18,gmina podkarpackie-miejski-11-04,21263,76.43,2815,51.8,,0.0,,0.0,0.663,-14.5,0.0,0.0,0.3369999999999999,0.6906666666666667,35.53,monitoring,0,35.53
1823002,1823,18,gmina podkarpackie-miejski-23-02,8502,76.06,1660,35.6,,0.0,,0.0,0.6990000000000001,-16.0,0.0666666666666666,0.0,0.3009999999999999,0.4746666666666667,35.19,monitoring,0,35.52333333333333
206004,206,2,gmina dolnośląskie-północny-06-04,11435,69.1,1956,36.8,,0.0,,0.0,0.738,-17.9,0.1933333333333332,0.0,0.262,0.4906666666666666,34.55,monitoring,0,35.516666666666666
1804007,1804,18,gmina podkarpackie-centralny-04-07,23456,75.77,4524,39.0,,0.0,,0.0,0.6960000000000001,-15.9,0.06,0.0,0.3039999999999999,0.52,35.21,monitoring,0,35.51
1603005,1603,16,gmina opolskie-zachodni-03-05,9594,80.48,2081,36.2,,0.0,,0.0,0.721,-14.3,0.0,0.0,0.279,0.4826666666666667,35.51,monitoring,0,35.51
3026005,3026,30,gmina wielkopolskie-wschodni-26-05,7898,76.49,1682,45.6,,0.0,,0.0,0.623,-13.5,0.0,0.0,0.377,0.608,35.5,monitoring,0,35.5
1214005,1214,12,gmina małopolskie-wschodni-14-05,8250,68.66,1595,30.1,,0.0,,0.0,0.604,-17.5,0.1666666666666666,0.0,0.396,0.4013333333333334,34.66,monitoring,0,35.49333333333333
2604004,2604,26,gmina świętokrzyskie-centralny-04-04,12752,73.18,2186,41.2,,0.0,,0.0,0.6910000000000001,-16.4,0.0933333333333332,0.0,0.3089999999999999,0.5493333333333333,35.02,monitoring,0,35.48666666666667
805002,805,8,gmina lubuskie-miejski-05-02,3790,75.83,739,39.7,,0.0,,0.0,0.5710000000000001,-15.1,0.0066666666666666,0.0,0.4289999999999999,0.5293333333333333,35.44,monitoring,0,35.47333333333333
1221005,1221,12,gmina małopolskie-zachodni-21-05,8064,73.47,1458,50.3,,0.0,,0.0,0.721,-16.1,0.0733333333333334,0.0,0.279,0.6706666666666666,35.1,monitoring,0,35.46666666666667
2418004,2418,24,gmina śląskie-północny-18-04,8616,81.05,1808,38.1,,0.0,,0.0,0.764,-14.0,0.0,0.0,0.236,0.508,35.46,monitoring,0,35.46
1023003,1023,10,gmina łódzkie-miejski-23-03,6033,72.49,899,57.5,,0.0,,0.0,0.632,-15.5,0.0333333333333333,0.0,0.368,0.7666666666666667,35.29,monitoring,0,35.45666666666666
1211001,1211,12,gmina małopolskie-miejski-11-01,12055,74.25,1794,39.8,,0.0,,0.0,0.679,-16.1,0.0733333333333334,0.0,0.3209999999999999,0.5306666666666666,35.08,monitoring,0,35.446666666666665
1801006,1801,18,gmina podkarpackie-południowy-01-06,6625,75.6,1185,45.9,,0.0,,0.0,0.77,-16.0,0.0666666666666666,0.0,0.2299999999999999,0.612,35.06,monitoring,0,35.39333333333334
404002,404,4,gmina kujawsko-pomorskie-centralny-04-02,5803,65.07,797,30.8,,0.0,,0.0,0.643,-18.5,0.2333333333333333,0.0,0.357,0.4106666666666667,34.19,monitoring,0,35.35666666666666
2601005,2601,26,gmina świętokrzyskie-południowy-01-05,6930,64.92,960,42.0,,0.0,,0.0,0.635,-18.0,0.2,0.0,0.365,0.56,34.35,monitoring,0,35.35
2613004,2613,26,gmina świętokrzyskie-południowy-13-04,2151,72.64,418,42.9,,0.0,,0.0,0.68,-16.3,0.0866666666666667,0.0,0.3199999999999999,0.572,34.9,monitoring,0,35.33333333333333
3019003,3019,30,gmina wielkopolskie-południowy-19-03,4868,74.27,876,34.4,,0.0,,0.0,0.6880000000000001,-16.3,0.0866666666666667,0.0,0.3119999999999999,0.4586666666666666,34.88,monitoring,0,35.31333333333333
413006,413,4,gmina kujawsko-pomorskie-południowy-13-06,9434,72.76,1651,42.6,,0.0,,0.0,0.704,-16.4,0.0933333333333332,0.0,0.296,0.5680000000000001,34.83,monitoring,0,35.29666666666667
2413006,2413,24,gmina śląskie-południowy-13-06,22544,78.89,3884,43.2,,0.0,,0.0,0.747,-15.1,0.0066666666666666,0.0,0.253,0.5760000000000001,35.26,monitoring,0,35.29333333333333
1217005,1217,12,gmina małopolskie-miejski-17-05,3356,76.13,765,48.5,,0.0,,0.0,0.687,-15.2,0.0133333333333332,0.0,0.3129999999999999,0.6466666666666666,35.22,monitoring,0,35.28666666666666
1009005,1009,10,gmina łódzkie-zachodni-09-05,7217,66.3,1225,38.0,,0.0,,0.0,0.672,-18.0,0.2,0.0,0.3279999999999999,0.5066666666666667,34.28,monitoring,0,35.28
1018007,1018,10,gmina łódzkie-północny-18-07,6028,74.82,950,37.2,,0.0,,0.0,0.668,-15.9,0.06,0.0,0.3319999999999999,0.496,34.98,monitoring,0,35.279999999999994
1002006,1002,10,gmina łódzkie-wschodni-02-06,13013,70.48,2499,26.3,,0.0,,0.0,0.66,-17.4,0.1599999999999999,0.0,0.3399999999999999,0.3506666666666667,34.48,monitoring,0,35.279999999999994
411003,411,4,gmina kujawsko-pomorskie-miejski-11-03,8629,72.5,1567,39.1,,0.0,,0.0,0.622,-16.1,0.0733333333333334,0.0,0.378,0.5213333333333333,34.88,monitoring,0,35.24666666666667
1431006,1431,14,gmina mazowieckie-południowy-31-06,10565,44.09,1257,8.0,,0.0,,0.0,0.795,-25.5,0.7,0.0,0.2049999999999999,0.1066666666666666,31.73,monitoring,0,35.230000000000004
3001005,3001,30,gmina wielkopolskie-południowy-01-05,11571,71.17,2038,43.8,,0.0,,0.0,0.756,-17.0,0.1333333333333333,0.0,0.244,0.584,34.56,monitoring,0,35.22666666666667
1211005,1211,12,gmina małopolskie-miejski-11-05,14887,70.06,2152,45.1,,0.0,,0.0,0.5650000000000001,-16.1,0.0733333333333334,0.0,0.4349999999999999,0.6013333333333334,34.86,monitoring,0,35.22666666666667
203007,203,2,gmina dolnośląskie-zachodni-03-07,26400,77.59,5063,32.9,,0.0,,0.0,0.812,-16.2,0.0799999999999999,0.0,0.1879999999999999,0.4386666666666666,34.81,monitoring,0,35.21
405004,405,4,gmina kujawsko-pomorskie-miejski-05-04,3406,66.73,538,42.5,,0.0,,0.0,0.731,-18.0,0.2,0.0,0.269,0.5666666666666667,34.21,monitoring,0,35.21
1822002,1822,18,gmina podkarpackie-centralny-22-02,1800,65.76,314,26.3,,0.0,,0.0,0.623,-18.3,0.22,0.0,0.377,0.3506666666666667,34.1,monitoring,0,35.2
1008004,1008,10,gmina łódzkie-wschodni-08-04,18392,77.85,3889,43.7,,0.0,,0.0,0.7000000000000001,-13.5,0.0,0.0,0.2999999999999999,0.5826666666666667,35.2,monitoring,0,35.2
1220001,1220,12,gmina małopolskie-wschodni-20-01,24122,74.4,3682,39.7,,0.0,,0.0,0.73,-16.2,0.0799999999999999,0.0,0.27,0.5293333333333333,34.79,monitoring,0,35.19
1222001,1222,12,gmina małopolskie-centralny-22-01,1800,76.76,346,40.6,,0.0,,0.0,0.632,-12.1,0.0,0.0,0.368,0.5413333333333333,35.19,monitoring,0,35.19
208006,208,2,gmina dolnośląskie-wschodni-08-06,16073,68.94,2893,35.0,,0.0,,0.0,0.725,-17.7,0.1799999999999999,0.0,0.275,0.4666666666666667,34.25,monitoring,0,35.15
1218001,1218,12,gmina małopolskie-północny-18-01,26447,78.14,5045,39.8,,0.0,,0.0,0.6890000000000001,-13.9,0.0,0.0,0.3109999999999999,0.5306666666666666,35.15,monitoring,0,35.15
2215002,2215,22,gmina pomorskie-zachodni-15-02,16363,76.72,3375,41.1,,0.0,,0.0,0.638,-13.2,0.0,0.0,0.362,0.548,35.15,monitoring,0,35.15
2212004,2212,22,gmina pomorskie-północny-12-04,15933,73.83,3308,52.6,,0.0,,0.0,0.738,-15.8,0.0533333333333333,0.0,0.262,0.7013333333333334,34.88,monitoring,0,35.14666666666667
230007,230,2,gmina dolnośląskie-północny-30-07,10242,72.03,1873,35.1,,0.0,,0.0,0.706,-16.8,0.12,0.0,0.294,0.468,34.52,monitoring,0,35.120000000000005
1213001,1213,12,gmina małopolskie-południowy-13-01,10717,73.51,1792,47.2,,0.0,,0.0,0.807,-16.5,0.1,0.0,0.1929999999999999,0.6293333333333334,34.62,monitoring,0,35.12
2603004,2603,26,gmina świętokrzyskie-zachodni-03-04,3258,68.56,573,54.8,,0.0,,0.0,0.8250000000000001,-17.5,0.1666666666666666,0.0,0.1749999999999999,0.7306666666666666,34.28,monitoring,0,35.11333333333334
1819006,1819,18,gmina podkarpackie-południowy-19-06,5389,79.58,1130,28.3,,0.0,,0.0,0.669,-14.5,0.0,0.0,0.3309999999999999,0.3773333333333333,35.11,monitoring,0,35.11
2213003,2213,22,gmina pomorskie-południowy-13-03,46109,77.81,8203,40.6,,0.0,,0.0,0.687,-14.3,0.0,0.0,0.3129999999999999,0.5413333333333333,35.09,monitoring,0,35.09
206003,206,2,gmina dolnośląskie-północny-06-03,8462,70.39,1587,24.0,,0.0,,0.0,0.747,-17.9,0.1933333333333332,0.0,0.253,0.32,34.11,monitoring,0,35.07666666666667
413002,413,4,gmina kujawsko-pomorskie-południowy-13-02,21908,73.11,3842,36.9,,0.0,,0.0,0.7010000000000001,-16.4,0.0933333333333332,0.0,0.2989999999999999,0.492,34.61,monitoring,0,35.07666666666667
410005,410,4,gmina kujawsko-pomorskie-centralny-10-05,15289,82.55,3396,29.1,,0.0,,0.0,0.804,-14.4,0.0,0.0,0.1959999999999999,0.388,35.07,monitoring,0,35.07
3008001,3008,30,gmina wielkopolskie-wschodni-08-01,6779,72.12,1152,34.1,,0.0,,0.0,0.726,-16.9,0.1266666666666665,0.0,0.274,0.4546666666666666,34.42,monitoring,0,35.053333333333335
416003,416,4,gmina kujawsko-pomorskie-centralny-16-03,7759,70.4,1529,35.1,,0.0,,0.0,0.764,-17.5,0.1666666666666666,0.0,0.236,0.468,34.22,monitoring,0,35.053333333333335
2208001,2208,22,gmina pomorskie-wschodni-08-01,30958,76.57,5884,37.3,,0.0,,0.0,0.734,-15.7,0.0466666666666666,0.0,0.266,0.4973333333333333,34.82,monitoring,0,35.053333333333335
2611003,2611,26,gmina świętokrzyskie-miejski-11-03,13400,76.48,2500,40.2,,0.0,,0.0,0.686,-15.3,0.02,0.0,0.3139999999999999,0.536,34.93,monitoring,0,35.03
2429004,2429,24,gmina śląskie-miejski-29-04,6554,75.23,1107,38.8,,0.0,,0.0,0.641,-15.4,0.0266666666666666,0.0,0.359,0.5173333333333333,34.89,monitoring,0,35.02333333333333
412005,412,4,gmina kujawsko-pomorskie-północny-12-05,3264,77.57,653,50.3,,0.0,,0.0,0.8270000000000001,-15.4,0.0266666666666666,0.0,0.1729999999999999,0.6706666666666666,34.87,monitoring,0,35.00333333333333
1012001,1012,10,gmina łódzkie-północny-12-01,19255,67.59,3300,42.4,,0.0,,0.0,0.773,-17.9,0.1933333333333332,0.0,0.2269999999999999,0.5653333333333334,34.03,monitoring,0,34.99666666666667
1415005,1415,14,gmina mazowieckie-zachodni-15-05,30375,47.86,3460,25.2,,0.0,,0.0,0.87,-24.1,0.6066666666666668,0.0,0.13,0.3359999999999999,31.96,monitoring,0,34.99333333333333
2606005,2606,26,gmina świętokrzyskie-północny-06-05,3867,65.54,589,49.4,,0.0,,0.0,0.655,-17.4,0.1599999999999999,0.0,0.345,0.6586666666666666,34.18,monitoring,0,34.98
1441004,1441,14,gmina mazowieckie-miejski-41-04,6817,48.87,913,23.7,,0.0,,0.0,0.79,-23.4,0.5599999999999999,0.0,0.2099999999999999,0.316,32.12,monitoring,0,34.919999999999995
1806006,1806,18,gmina podkarpackie-północny-06-06,4260,68.3,760,31.3,,0.0,,0.0,0.783,-18.2,0.2133333333333333,0.0,0.2169999999999999,0.4173333333333333,33.83,monitoring,0,34.89666666666666
2428005,2428,24,gmina śląskie-centralny-28-05,18243,70.02,3146,38.9,,0.0,,0.0,0.726,-17.1,0.1400000000000001,0.0,0.274,0.5186666666666666,34.19,monitoring,0,34.89
1819004,1819,18,gmina podkarpackie-południowy-19-04,7951,77.36,1465,36.0,,0.0,,0.0,0.656,-14.5,0.0,0.0,0.344,0.48,34.89,monitoring,0,34.89
1016005,1016,10,gmina łódzkie-centralny-16-05,11992,77.2,2509,34.6,,0.0,,0.0,0.642,-15.0,0.0,0.0,0.358,0.4613333333333334,34.86,monitoring,0,34.86
2611006,2611,26,gmina świętokrzyskie-miejski-11-06,7087,73.31,1294,48.6,,0.0,,0.0,0.634,-15.3,0.02,0.0,0.366,0.648,34.75,monitoring,0,34.85
806003,806,8,gmina lubuskie-północny-06-03,4540,74.85,905,36.7,,0.0,,0.0,0.6970000000000001,-15.8,0.0533333333333333,0.0,0.3029999999999999,0.4893333333333334,34.58,monitoring,0,34.846666666666664
228006,228,2,gmina dolnośląskie-centralny-28-06,28153,67.77,4521,37.1,,0.0,,0.0,0.759,-17.9,0.1933333333333332,0.0,0.241,0.4946666666666667,33.87,monitoring,0,34.836666666666666
3004006,3004,30,gmina wielkopolskie-centralny-04-06,10366,75.94,1977,46.8,,0.0,,0.0,0.751,-15.4,0.0266666666666666,0.0,0.249,0.624,34.7,monitoring,0,34.833333333333336
2402005,2402,24,gmina śląskie-wschodni-02-05,7205,75.48,1397,40.7,,0.0,,0.0,0.638,-15.1,0.0066666666666666,0.0,0.362,0.5426666666666667,34.77,monitoring,0,34.803333333333335
2404004,2404,24,gmina śląskie-centralny-04-04,15403,77.5,2717,33.1,,0.0,,0.0,0.668,-15.1,0.0066666666666666,0.0,0.3319999999999999,0.4413333333333333,34.76,monitoring,0,34.79333333333333
1204007,1204,12,gmina małopolskie-centralny-04-07,7644,63.44,1226,35.6,,0.0,,0.0,0.641,-18.3,0.22,0.0,0.359,0.4746666666666667,33.67,monitoring,0,34.77
806002,806,8,gmina lubuskie-północny-06-02,11205,73.65,1967,43.4,,0.0,,0.0,0.705,-15.8,0.0533333333333333,0.0,0.295,0.5786666666666667,34.5,monitoring,0,34.766666666666666
2416005,2416,24,gmina śląskie-centralny-16-05,28918,69.99,5258,37.0,,0.0,,0.0,0.741,-17.2,0.1466666666666666,0.0,0.259,0.4933333333333333,34.03,monitoring,0,34.763333333333335
206005,206,2,gmina dolnośląskie-północny-06-05,19742,66.85,3585,37.2,,0.0,,0.0,0.731,-17.9,0.1933333333333332,0.0,0.269,0.496,33.78,monitoring,0,34.74666666666667
3034002,3034,30,gmina wielkopolskie-centralny-34-02,20889,74.57,3361,46.0,,0.0,,0.0,0.629,-12.8,0.0,0.0,0.371,0.6133333333333333,34.74,monitoring,0,34.74
204001,204,2,gmina dolnośląskie-centralny-04-01,8788,75.23,1683,42.1,,0.0,,0.0,0.73,-15.6,0.0399999999999999,0.0,0.27,0.5613333333333334,34.54,monitoring,0,34.74
3003003,3003,30,gmina wielkopolskie-zachodni-03-03,9787,78.9,2198,38.6,,0.0,,0.0,0.809,-15.3,0.02,0.0,0.1909999999999999,0.5146666666666667,34.63,monitoring,0,34.730000000000004
3216003,3216,32,gmina zachodniopomorskie-centralny-16-03,19122,77.33,3199,39.1,,0.0,,0.0,0.6960000000000001,-13.2,0.0,0.0,0.3039999999999999,0.5213333333333333,34.73,monitoring,0,34.73
3022001,3022,30,gmina wielkopolskie-centralny-22-01,8951,68.78,1391,51.9,,0.0,,0.0,0.807,-17.2,0.1466666666666666,0.0,0.1929999999999999,0.692,33.97,monitoring,0,34.70333333333333
419002,419,4,gmina kujawsko-pomorskie-południowy-19-02,13076,78.79,2556,32.1,,0.0,,0.0,0.709,-13.9,0.0,0.0,0.291,0.428,34.7,monitoring,0,34.7
1222004,1222,12,gmina małopolskie-centralny-22-04,13236,77.77,2247,40.3,,0.0,,0.0,0.727,-12.1,0.0,0.0,0.273,0.5373333333333333,34.7,monitoring,0,34.7
1013004,1013,10,gmina łódzkie-południowy-13-04,3517,74.69,772,39.7,,0.0,,0.0,0.679,-15.5,0.0333333333333333,0.0,0.3209999999999999,0.5293333333333333,34.52,monitoring,0,34.68666666666667
2426006,2426,24,gmina śląskie-wschodni-26-06,17915,72.35,2877,48.1,,0.0,,0.0,0.799,-16.4,0.0933333333333332,0.0,0.2009999999999999,0.6413333333333333,34.19,monitoring,0,34.656666666666666
212006,212,2,gmina dolnośląskie-północny-12-06,12149,74.12,1994,42.8,,0.0,,0.0,0.715,-15.7,0.0466666666666666,0.0,0.285,0.5706666666666667,34.42,monitoring,0,34.653333333333336
1011005,1011,10,gmina łódzkie-miejski-11-05,9191,65.81,1562,39.6,,0.0,,0.0,0.8200000000000001,-18.5,0.2333333333333333,0.0,0.1799999999999999,0.528,33.47,monitoring,0,34.63666666666666
807007,807,8,gmina lubuskie-południowy-07-07,4012,72.16,667,39.7,,0.0,,0.0,0.768,-16.6,0.1066666666666667,0.0,0.2319999999999999,0.5293333333333333,34.08,monitoring,0,34.61333333333333
1002004,1002,10,gmina łódzkie-wschodni-02-04,6333,67.76,1329,45.9,,0.0,,0.0,0.764,-17.4,0.1599999999999999,0.0,0.236,0.612,33.81,monitoring,0,34.61
3034001,3034,30,gmina wielkopolskie-centralny-34-01,2736,79.74,554,38.3,,0.0,,0.0,0.806,-12.8,0.0,0.0,0.1939999999999999,0.5106666666666666,34.6,monitoring,0,34.6
3032001,3032,30,gmina wielkopolskie-wschodni-32-01,5800,67.86,1012,33.6,,0.0,,0.0,0.747,-17.8,0.1866666666666667,0.0,0.253,0.448,33.66,monitoring,0,34.593333333333334
1814002,1814,18,gmina podkarpackie-wschodni-14-02,26166,76.75,4582,36.5,,0.0,,0.0,0.787,-15.7,0.0466666666666666,0.0,0.2129999999999999,0.4866666666666667,34.36,monitoring,0,34.593333333333334
3216001,3216,32,gmina zachodniopomorskie-centralny-16-01,9618,74.54,1718,39.2,,0.0,,0.0,0.595,-13.2,0.0,0.0,0.405,0.5226666666666667,34.58,monitoring,0,34.58
1411001,1411,14,gmina mazowieckie-miejski-11-01,9023,48.9,1515,21.7,,0.0,,0.0,0.781,-23.2,0.5466666666666666,0.0,0.2189999999999999,0.2893333333333333,31.84,monitoring,0,34.57333333333333
226007,226,2,gmina dolnośląskie-wschodni-26-07,8699,71.01,1519,39.0,,0.0,,0.0,0.685,-16.4,0.0933333333333332,0.0,0.3149999999999999,0.52,34.1,monitoring,0,34.56666666666667
1203005,1203,12,gmina małopolskie-zachodni-03-05,11662,71.08,2194,40.1,,0.0,,0.0,0.833,-17.2,0.1466666666666666,0.0,0.167,0.5346666666666667,33.83,monitoring,0,34.56333333333333
3212001,3212,32,gmina zachodniopomorskie-północny-12-01,6125,74.57,1206,30.4,,0.0,,0.0,0.636,-15.6,0.0399999999999999,0.0,0.364,0.4053333333333333,34.36,monitoring,0,34.56
219007,219,2,gmina dolnośląskie-południowy-19-07,3560,67.82,735,44.3,,0.0,,0.0,0.745,-17.3,0.1533333333333333,0.0,0.255,0.5906666666666667,33.78,monitoring,0,34.54666666666667
2604001,2604,26,gmina świętokrzyskie-centralny-04-01,10410,72.43,1773,45.7,,0.0,,0.0,0.797,-16.4,0.0933333333333332,0.0,0.2029999999999999,0.6093333333333334,34.08,monitoring,0,34.54666666666667
413007,413,4,gmina kujawsko-pomorskie-południowy-13-07,4293,75.02,906,28.4,,0.0,,0.0,0.779,-16.4,0.0933333333333332,0.0,0.2209999999999999,0.3786666666666666,34.07,monitoring,0,34.53666666666667
3028001,3028,30,gmina wielkopolskie-centralny-28-01,8772,74.37,1593,41.9,,0.0,,0.0,0.733,-15.7,0.0466666666666666,0.0,0.267,0.5586666666666666,34.3,monitoring,0,34.53333333333333
2419002,2419,24,gmina śląskie-południowy-19-02,12869,71.59,2505,32.6,,0.0,,0.0,0.785,-17.1,0.1400000000000001,0.0,0.2149999999999999,0.4346666666666667,33.83,monitoring,0,34.53
1002005,1002,10,gmina łódzkie-wschodni-02-05,10965,69.74,1975,41.4,,0.0,,0.0,0.8230000000000001,-17.4,0.1599999999999999,0.0,0.1769999999999999,0.5519999999999999,33.73,monitoring,0,34.529999999999994
1804002,1804,18,gmina podkarpackie-centralny-04-02,7774,72.23,1319,41.5,,0.0,,0.0,0.674,-15.9,0.06,0.0,0.3259999999999999,0.5533333333333333,34.23,monitoring,0,34.529999999999994
2406002,2406,24,gmina śląskie-północny-06-02,20259,72.89,3053,37.7,,0.0,,0.0,0.6920000000000001,-16.0,0.0666666666666666,0.0,0.3079999999999999,0.5026666666666667,34.18,monitoring,0,34.513333333333335
1819003,1819,18,gmina podkarpackie-południowy-19-03,12347,74.88,2226,56.3,,0.0,,0.0,0.745,-14.5,0.0,0.0,0.255,0.7506666666666666,34.5,monitoring,0,34.5
401006,401,4,gmina kujawsko-pomorskie-południowy-01-06,9905,61.24,1781,33.1,,0.0,,0.0,0.664,-18.9,0.2599999999999999,0.0,0.3359999999999999,0.4413333333333333,33.18,monitoring,0,34.48
1015002,1015,10,gmina łódzkie-zachodni-15-02,10562,75.27,1893,36.2,,0.0,,0.0,0.65,-15.2,0.0133333333333332,0.0,0.35,0.4826666666666667,34.41,monitoring,0,34.47666666666666
3218004,3218,32,gmina zachodniopomorskie-północny-18-04,9430,75.64,2069,29.4,,0.0,,0.0,0.667,-15.5,0.0333333333333333,0.0,0.3329999999999999,0.3919999999999999,34.3,monitoring,0,34.46666666666666
1204004,1204,12,gmina małopolskie-centralny-04-04,13860,66.35,2592,49.6,,0.0,,0.0,0.902,-18.3,0.22,0.0,0.0979999999999999,0.6613333333333333,33.36,monitoring,0,34.46
224003,224,2,gmina dolnośląskie-północny-24-03,6249,75.8,1194,46.9,,0.0,,0.0,0.72,-15.0,0.0,0.0,0.28,0.6253333333333333,34.45,monitoring,0,34.45
1008005,1008,10,gmina łódzkie-wschodni-08-05,22512,76.74,4475,43.1,,0.0,,0.0,0.732,-13.5,0.0,0.0,0.268,0.5746666666666667,34.45,monitoring,0,34.45
3022004,3022,30,gmina wielkopolskie-centralny-22-04,8204,70.14,1514,29.2,,0.0,,0.0,0.726,-17.2,0.1466666666666666,0.0,0.274,0.3893333333333333,33.71,monitoring,0,34.443333333333335
1003007,1003,10,gmina łódzkie-zachodni-03-07,5641,72.33,1131,44.1,,0.0,,0.0,0.656,-15.6,0.0399999999999999,0.0,0.344,0.588,34.24,monitoring,0,34.440000000000005
214007,214,2,gmina dolnośląskie-wschodni-14-07,15241,75.03,3292,35.0,,0.0,,0.0,0.721,-15.7,0.0466666666666666,0.0,0.279,0.4666666666666667,34.2,monitoring,0,34.43333333333334
217007,217,2,gmina dolnośląskie-miejski-17-07,3888,75.63,767,42.1,,0.0,,0.0,0.681,-12.9,0.0,0.0,0.3189999999999999,0.5613333333333334,34.42,monitoring,0,34.42
1209002,1209,12,gmina małopolskie-zachodni-09-02,6451,66.19,1211,42.0,,0.0,,0.0,0.657,-17.2,0.1466666666666666,0.0,0.3429999999999999,0.56,33.68,monitoring,0,34.413333333333334
2431001,2431,24,gmina śląskie-południowy-31-01,3407,74.81,664,32.7,,0.0,,0.0,0.6960000000000001,-15.7,0.0466666666666666,0.0,0.3039999999999999,0.436,34.18,monitoring,0,34.413333333333334
405005,405,4,gmina kujawsko-pomorskie-miejski-05-05,8608,66.88,1669,35.1,,0.0,,0.0,0.774,-18.0,0.2,0.0,0.2259999999999999,0.468,33.39,monitoring,0,34.39
1413007,1413,14,gmina mazowieckie-południowy-13-07,37515,46.87,4259,16.5,,0.0,,0.0,0.78,-23.8,0.5866666666666667,0.0,0.2199999999999999,0.22,31.45,monitoring,0,34.38333333333333
809005,809,8,gmina lubuskie-zachodni-09-05,9492,75.77,1511,52.6,,0.0,,0.0,0.854,-15.5,0.0333333333333333,0.0,0.146,0.7013333333333334,34.21,monitoring,0,34.376666666666665
404005,404,4,gmina kujawsko-pomorskie-centralny-04-05,117272,69.18,21137,25.6,,0.0,,0.0,0.887,-18.5,0.2333333333333333,0.0,0.1129999999999999,0.3413333333333334,33.21,monitoring,0,34.376666666666665
3219004,3219,32,gmina zachodniopomorskie-południowy-19-04,1909,69.54,320,49.7,,0.0,,0.0,0.657,-16.0,0.0666666666666666,0.0,0.3429999999999999,0.6626666666666667,34.03,monitoring,0,34.36333333333334
3031005,3031,30,gmina wielkopolskie-południowy-31-05,14193,72.18,2718,39.7,,0.0,,0.0,0.745,-16.3,0.0866666666666667,0.0,0.255,0.5293333333333333,33.93,monitoring,0,34.36333333333333
2425003,2425,24,gmina śląskie-południowy-25-03,3482,71.11,689,35.3,,0.0,,0.0,0.634,-16.1,0.0733333333333334,0.0,0.366,0.4706666666666666,33.99,monitoring,0,34.35666666666667
411007,411,4,gmina kujawsko-pomorskie-miejski-11-07,4159,72.99,755,40.3,,0.0,,0.0,0.75,-16.1,0.0733333333333334,0.0,0.25,0.5373333333333333,33.99,monitoring,0,34.35666666666667
404003,404,4,gmina kujawsko-pomorskie-centralny-04-03,5816,64.69,1045,38.1,,0.0,,0.0,0.792,-18.5,0.2333333333333333,0.0,0.2079999999999999,0.508,33.19,monitoring,0,34.35666666666666
1010001,1010,10,gmina łódzkie-centralny-10-01,10413,76.01,2097,39.3,,0.0,,0.0,0.685,-13.0,0.0,0.0,0.3149999999999999,0.5239999999999999,34.34,monitoring,0,34.34
2204005,2204,22,gmina pomorskie-centralny-04-05,5688,73.43,1097,46.3,,0.0,,0.0,0.631,-12.9,0.0,0.0,0.369,0.6173333333333333,34.31,monitoring,0,34.31
411005,411,4,gmina kujawsko-pomorskie-miejski-11-05,4986,70.63,839,44.8,,0.0,,0.0,0.6900000000000001,-16.1,0.0733333333333334,0.0,0.3099999999999999,0.5973333333333333,33.94,monitoring,0,34.306666666666665
2602005,2602,26,gmina świętokrzyskie-wschodni-02-05,6521,75.99,1378,36.9,,0.0,,0.0,0.705,-15.2,0.0133333333333332,0.0,0.295,0.492,34.23,monitoring,0,34.29666666666667
3031002,3031,30,gmina wielkopolskie-południowy-31-02,8439,70.98,1762,36.8,,0.0,,0.0,0.681,-16.3,0.0866666666666667,0.0,0.3189999999999999,0.4906666666666666,33.86,monitoring,0,34.29333333333334
1201005,1201,12,gmina małopolskie-południowy-01-05,9836,76.65,1822,31.6,,0.0,,0.0,0.677,-15.1,0.0066666666666666,0.0,0.3229999999999999,0.4213333333333333,34.26,monitoring,0,34.29333333333333
1803002,1803,18,gmina podkarpackie-zachodni-03-02,22886,73.86,4291,32.6,,0.0,,0.0,0.687,-15.8,0.0533333333333333,0.0,0.3129999999999999,0.4346666666666667,34.02,monitoring,0,34.28666666666667
3015004,3015,30,gmina wielkopolskie-zachodni-15-04,23031,75.19,4162,40.4,,0.0,,0.0,0.784,-15.7,0.0466666666666666,0.0,0.2159999999999999,0.5386666666666666,34.05,monitoring,0,34.28333333333333
3217004,3217,32,gmina zachodniopomorskie-miejski-17-04,8461,76.91,1535,45.0,,0.0,,0.0,0.772,-14.7,0.0,0.0,0.2279999999999999,0.6,34.28,monitoring,0,34.28
807006,807,8,gmina lubuskie-południowy-07-06,5365,68.15,946,51.6,,0.0,,0.0,0.724,-16.6,0.1066666666666667,0.0,0.276,0.6880000000000001,33.74,monitoring,0,34.27333333333333
2614004,2614,26,gmina świętokrzyskie-wschodni-14-04,8094,70.79,1633,46.4,,0.0,,0.0,0.714,-16.1,0.0733333333333334,0.0,0.286,0.6186666666666667,33.89,monitoring,0,34.25666666666667
2401004,2401,24,gmina śląskie-południowy-01-04,9486,75.09,2064,39.4,,0.0,,0.0,0.673,-15.1,0.0066666666666666,0.0,0.3269999999999999,0.5253333333333333,34.22,monitoring,0,34.25333333333333
1820006,1820,18,gmina podkarpackie-wschodni-20-06,2999,67.46,529,43.5,,0.0,,0.0,0.724,-17.1,0.1400000000000001,0.0,0.276,0.58,33.54,monitoring,0,34.24
2604003,2604,26,gmina świętokrzyskie-centralny-04-03,37599,69.64,6049,45.3,,0.0,,0.0,0.71,-16.4,0.0933333333333332,0.0,0.29,0.604,33.77,monitoring,0,34.23666666666667
2431004,2431,24,gmina śląskie-południowy-31-04,10909,74.21,2006,42.9,,0.0,,0.0,0.768,-15.7,0.0466666666666666,0.0,0.2319999999999999,0.572,33.99,monitoring,0,34.223333333333336
1823001,1823,18,gmina podkarpackie-miejski-23-01,9998,73.49,2046,41.1,,0.0,,0.0,0.775,-16.0,0.0666666666666666,0.0,0.2249999999999999,0.548,33.89,monitoring,0,34.223333333333336
2421005,2421,24,gmina śląskie-zachodni-21-05,17308,68.22,2780,42.8,,0.0,,0.0,0.738,-17.0,0.1333333333333333,0.0,0.262,0.5706666666666667,33.53,monitoring,0,34.196666666666665
3211006,3211,32,gmina zachodniopomorskie-miejski-11-06,3066,70.32,495,37.3,,0.0,,0.0,0.7020000000000001,-16.5,0.1,0.0,0.2979999999999999,0.4973333333333333,33.69,monitoring,0,34.19
2414001,2414,24,gmina śląskie-wschodni-14-01,7088,77.86,1528,40.4,,0.0,,0.0,0.789,-14.5,0.0,0.0,0.2109999999999999,0.5386666666666666,34.18,monitoring,0,34.18
1810001,1810,18,gmina podkarpackie-centralny-10-01,4580,61.57,723,51.2,,0.0,,0.0,0.796,-18.6,0.2400000000000001,0.0,0.2039999999999999,0.6826666666666668,32.97,monitoring,0,34.17
1211003,1211,12,gmina małopolskie-miejski-11-03,11053,72.42,2088,44.5,,0.0,,0.0,0.779,-16.1,0.0733333333333334,0.0,0.2209999999999999,0.5933333333333334,33.8,monitoring,0,34.166666666666664
3030001,3030,30,gmina wielkopolskie-północny-30-01,5345,71.27,1088,37.4,,0.0,,0.0,0.712,-16.3,0.0866666666666667,0.0,0.288,0.4986666666666666,33.73,monitoring,0,34.16333333333333
1006005,1006,10,gmina łódzkie-północny-06-05,7915,76.28,1257,44.3,,0.0,,0.0,0.753,-14.0,0.0,0.0,0.247,0.5906666666666667,34.16,monitoring,0,34.16
804006,804,8,gmina lubuskie-centralny-04-06,34998,78.73,6789,41.1,,0.0,,0.0,0.835,-13.3,0.0,0.0,0.165,0.548,34.14,monitoring,0,34.14
3009004,3009,30,gmina wielkopolskie-zachodni-09-04,4472,70.37,839,37.4,,0.0,,0.0,0.796,-17.0,0.1333333333333333,0.0,0.2039999999999999,0.4986666666666666,33.47,monitoring,0,34.13666666666666
1006006,1006,10,gmina łódzkie-północny-06-06,12672,74.87,2078,47.1,,0.0,,0.0,0.718,-14.0,0.0,0.0,0.282,0.628,34.13,monitoring,0,34.13
415002,415,4,gmina kujawsko-pomorskie-zachodni-15-02,11362,75.28,2304,34.9,,0.0,,0.0,0.645,-15.0,0.0,0.0,0.355,0.4653333333333333,34.13,monitoring,0,34.13
2425001,2425,24,gmina śląskie-południowy-25-01,5675,72.91,1017,42.8,,0.0,,0.0,0.791,-16.1,0.0733333333333334,0.0,0.2089999999999999,0.5706666666666667,33.76,monitoring,0,34.126666666666665
1801002,1801,18,gmina podkarpackie-południowy-01-02,4166,73.62,831,35.6,,0.0,,0.0,0.751,-16.0,0.0666666666666666,0.0,0.249,0.4746666666666667,33.79,monitoring,0,34.123333333333335
2211001,2211,22,gmina pomorskie-miejski-11-01,11272,75.13,1971,40.5,,0.0,,0.0,0.786,-15.6,0.0399999999999999,0.0,0.2139999999999999,0.54,33.9,monitoring,0,34.1
3001001,3001,30,gmina wielkopolskie-południowy-01-01,2691,70.39,524,37.8,,0.0,,0.0,0.804,-17.0,0.1333333333333333,0.0,0.1959999999999999,0.504,33.43,monitoring,0,34.096666666666664
222005,222,2,gmina dolnośląskie-centralny-22-05,2766,74.51,626,39.8,,0.0,,0.0,0.789,-15.8,0.0533333333333333,0.0,0.2109999999999999,0.5306666666666666,33.83,monitoring,0,34.096666666666664
812001,812,8,gmina lubuskie-północny-12-01,7799,69.55,1511,36.5,,0.0,,0.0,0.794,-17.2,0.1466666666666666,0.0,0.2059999999999999,0.4866666666666667,33.36,monitoring,0,34.093333333333334
1815004,1815,18,gmina podkarpackie-zachodni-15-04,13309,77.08,2670,36.9,,0.0,,0.0,0.741,-15.0,0.0,0.0,0.259,0.492,34.08,monitoring,0,34.08
1222002,1222,12,gmina małopolskie-centralny-22-02,15016,76.45,3403,40.1,,0.0,,0.0,0.739,-12.1,0.0,0.0,0.261,0.5346666666666667,34.07,monitoring,0,34.07
1812005,1812,18,gmina podkarpackie-północny-12-05,12723,63.65,2070,36.3,,0.0,,0.0,0.751,-18.4,0.2266666666666665,0.0,0.249,0.484,32.93,monitoring,0,34.06333333333333
3215001,3215,32,gmina zachodniopomorskie-zachodni-15-01,14378,76.55,2394,44.2,,0.0,,0.0,0.775,-14.9,0.0,0.0,0.2249999999999999,0.5893333333333334,34.06,monitoring,0,34.06
1014007,1014,10,gmina łódzkie-wschodni-14-07,8513,75.11,1764,34.0,,0.0,,0.0,0.639,-14.1,0.0,0.0,0.361,0.4533333333333333,34.06,monitoring,0,34.06
1221006,1221,12,gmina małopolskie-zachodni-21-06,4080,71.11,834,43.7,,0.0,,0.0,0.729,-16.1,0.0733333333333334,0.0,0.271,0.5826666666666667,33.69,monitoring,0,34.056666666666665
1821005,1821,18,gmina podkarpackie-zachodni-21-05,4337,68.75,762,48.1,,0.0,,0.0,0.799,-16.9,0.1266666666666665,0.0,0.2009999999999999,0.6413333333333333,33.42,monitoring,0,34.053333333333335
1610005,1610,16,gmina opolskie-centralny-10-05,13007,67.65,2319,51.5,,0.0,,0.0,0.762,-16.8,0.12,0.0,0.238,0.6866666666666666,33.44,monitoring,0,34.04
1822004,1822,18,gmina podkarpackie-centralny-22-04,16068,66.18,3249,31.4,,0.0,,0.0,0.808,-18.3,0.22,0.0,0.1919999999999999,0.4186666666666666,32.93,monitoring,0,34.03
223004,223,2,gmina dolnośląskie-miejski-23-04,17574,72.29,2997,48.7,,0.0,,0.0,0.785,-15.9,0.06,0.0,0.2149999999999999,0.6493333333333333,33.73,monitoring,0,34.029999999999994
3006006,3006,30,gmina wielkopolskie-północny-06-06,12891,73.48,2122,39.6,,0.0,,0.0,0.617,-13.9,0.0,0.0,0.383,0.528,34.01,monitoring,0,34.01
219004,219,2,gmina dolnośląskie-południowy-19-04,5504,67.06,849,35.4,,0.0,,0.0,0.708,-17.3,0.1533333333333333,0.0,0.292,0.472,33.23,monitoring,0,33.99666666666666
609006,609,6,gmina lubelskie-zachodni-09-06,15578,38.96,1880,12.7,,0.0,,0.0,0.8190000000000001,-25.9,0.7266666666666666,0.0,0.1809999999999999,0.1693333333333333,30.36,monitoring,0,33.99333333333333
3028004,3028,30,gmina wielkopolskie-centralny-28-04,4906,73.86,832,34.0,,0.0,,0.0,0.713,-15.7,0.0466666666666666,0.0,0.287,0.4533333333333333,33.76,monitoring,0,33.99333333333333
1602006,1602,16,gmina opolskie-wschodni-02-06,6158,69.75,1192,28.7,,0.0,,0.0,0.704,-16.9,0.1266666666666665,0.0,0.296,0.3826666666666666,33.36,monitoring,0,33.99333333333333
1207002,1207,12,gmina małopolskie-południowy-07-02,10065,73.74,1888,43.5,,0.0,,0.0,0.745,-15.5,0.0333333333333333,0.0,0.255,0.58,33.82,monitoring,0,33.986666666666665
1204005,1204,12,gmina małopolskie-centralny-04-05,9431,63.94,2014,36.7,,0.0,,0.0,0.759,-18.3,0.22,0.0,0.241,0.4893333333333334,32.87,monitoring,0,33.97
226005,226,2,gmina dolnośląskie-wschodni-26-05,7199,70.7,1356,42.0,,0.0,,0.0,0.761,-16.4,0.0933333333333332,0.0,0.239,0.56,33.5,monitoring,0,33.96666666666667
2207001,2207,22,gmina pomorskie-południowy-07-01,4452,75.62,996,39.0,,0.0,,0.0,0.725,-15.1,0.0066666666666666,0.0,0.275,0.52,33.93,monitoring,0,33.96333333333333
1208003,1208,12,gmina małopolskie-wschodni-08-03,3518,71.3,651,34.0,,0.0,,0.0,0.78,-16.7,0.1133333333333332,0.0,0.2199999999999999,0.4533333333333333,33.38,monitoring,0,33.94666666666667
2424003,2424,24,gmina śląskie-północny-24-03,3648,72.03,729,41.8,,0.0,,0.0,0.682,-15.6,0.0399999999999999,0.0,0.3179999999999999,0.5573333333333333,33.74,monitoring,0,33.940000000000005
1803007,1803,18,gmina podkarpackie-zachodni-03-07,9678,70.91,1553,57.1,,0.0,,0.0,0.783,-15.8,0.0533333333333333,0.0,0.2169999999999999,0.7613333333333333,33.67,monitoring,0,33.93666666666667
3204001,3204,32,gmina zachodniopomorskie-centralny-04-01,10709,73.92,2109,44.3,,0.0,,0.0,0.747,-15.4,0.0266666666666666,0.0,0.253,0.5906666666666667,33.8,monitoring,0,33.93333333333333
2201004,2201,22,gmina pomorskie-południowy-01-04,11807,74.62,2350,49.2,,0.0,,0.0,0.745,-13.3,0.0,0.0,0.255,0.656,33.93,monitoring,0,33.93
3220005,3220,32,gmina zachodniopomorskie-wschodni-20-05,18001,75.41,3282,42.5,,0.0,,0.0,0.729,-14.4,0.0,0.0,0.271,0.5666666666666667,33.93,monitoring,0,33.93
2434005,2434,24,gmina śląskie-centralny-34-05,5119,75.02,893,35.6,,0.0,,0.0,0.766,-15.6,0.0399999999999999,0.0,0.2339999999999999,0.4746666666666667,33.71,monitoring,0,33.910000000000004
213003,213,2,gmina dolnośląskie-południowy-13-03,4103,75.75,788,41.0,,0.0,,0.0,0.737,-14.2,0.0,0.0,0.263,0.5466666666666666,33.89,monitoring,0,33.89
3202005,3202,32,gmina zachodniopomorskie-wschodni-02-05,5191,75.63,965,39.1,,0.0,,0.0,0.719,-14.7,0.0,0.0,0.281,0.5213333333333333,33.88,monitoring,0,33.88
1206005,1206,12,gmina małopolskie-północny-06-05,16296,63.24,2643,39.7,,0.0,,0.0,0.762,-18.3,0.22,0.0,0.238,0.5293333333333333,32.78,monitoring,0,33.88
1809006,1809,18,gmina podkarpackie-zachodni-09-06,24143,70.4,4994,40.1,,0.0,,0.0,0.709,-16.2,0.0799999999999999,0.0,0.291,0.5346666666666667,33.48,monitoring,0,33.879999999999995
2211006,2211,22,gmina pomorskie-miejski-11-06,18705,74.23,3616,36.3,,0.0,,0.0,0.742,-15.6,0.0399999999999999,0.0,0.258,0.484,33.67,monitoring,0,33.870000000000005
412006,412,4,gmina kujawsko-pomorskie-północny-12-06,16317,70.5,1916,42.2,,0.0,,0.0,0.598,-15.4,0.0266666666666666,0.0,0.402,0.5626666666666668,33.7,monitoring,0,33.833333333333336
1809005,1809,18,gmina podkarpackie-zachodni-09-05,11514,70.15,2339,41.8,,0.0,,0.0,0.717,-16.2,0.0799999999999999,0.0,0.283,0.5573333333333333,33.43,monitoring,0,33.83
1002003,1002,10,gmina łódzkie-wschodni-02-03,6891,67.68,1234,38.6,,0.0,,0.0,0.794,-17.4,0.1599999999999999,0.0,0.2059999999999999,0.5146666666666667,33.03,monitoring,0,33.83
2613003,2613,26,gmina świętokrzyskie-południowy-13-03,8143,71.9,1610,37.6,,0.0,,0.0,0.779,-16.3,0.0866666666666667,0.0,0.2209999999999999,0.5013333333333333,33.38,monitoring,0,33.81333333333333
408007,408,4,gmina kujawsko-pomorskie-wschodni-08-07,6084,76.35,1072,38.5,,0.0,,0.0,0.753,-12.8,0.0,0.0,0.247,0.5133333333333333,33.8,monitoring,0,33.8
213004,213,2,gmina dolnośląskie-południowy-13-04,18182,73.55,3438,44.1,,0.0,,0.0,0.678,-14.2,0.0,0.0,0.3219999999999999,0.588,33.79,monitoring,0,33.79
810006,810,8,gmina lubuskie-centralny-10-06,2718,74.78,505,43.4,,0.0,,0.0,0.724,-14.9,0.0,0.0,0.276,0.5786666666666667,33.79,monitoring,0,33.79
3219001,3219,32,gmina zachodniopomorskie-południowy-19-01,9612,70.09,1618,42.2,,0.0,,0.0,0.6890000000000001,-16.0,0.0666666666666666,0.0,0.3109999999999999,0.5626666666666668,33.45,monitoring,0,33.78333333333334
3005006,3005,30,gmina wielkopolskie-miejski-05-06,8015,76.61,1653,43.5,,0.0,,0.0,0.804,-14.5,0.0,0.0,0.1959999999999999,0.58,33.78,monitoring,0,33.78
408001,408,4,gmina kujawsko-pomorskie-wschodni-08-01,8063,74.57,1602,44.0,,0.0,,0.0,0.721,-12.8,0.0,0.0,0.279,0.5866666666666667,33.78,monitoring,0,33.78
1013003,1013,10,gmina łódzkie-południowy-13-03,3639,75.15,618,31.5,,0.0,,0.0,0.739,-15.5,0.0333333333333333,0.0,0.261,0.42,33.61,monitoring,0,33.776666666666664
3033006,3033,30,gmina wielkopolskie-zachodni-33-06,34953,76.16,6755,40.3,,0.0,,0.0,0.762,-12.2,0.0,0.0,0.238,0.5373333333333333,33.77,monitoring,0,33.77
811002,811,8,gmina lubuskie-miejski-11-02,5174,74.57,1133,46.2,,0.0,,0.0,0.739,-13.8,0.0,0.0,0.261,0.616,33.77,monitoring,0,33.77
205003,205,2,gmina dolnośląskie-miejski-05-03,9319,66.77,1277,35.4,,0.0,,0.0,0.6890000000000001,-17.1,0.1400000000000001,0.0,0.3109999999999999,0.472,33.05,monitoring,0,33.75
1219004,1219,12,gmina małopolskie-południowy-19-04,5321,73.4,1048,41.2,,0.0,,0.0,0.655,-14.6,0.0,0.0,0.345,0.5493333333333333,33.74,monitoring,0,33.74
2004004,2004,20,gmina podlaskie-centralny-04-04,2717,54.94,402,19.2,,0.0,,0.0,0.838,-21.6,0.4400000000000001,0.0,0.162,0.256,31.54,monitoring,0,33.74
3009002,3009,30,gmina wielkopolskie-zachodni-09-02,13125,66.5,1877,46.7,,0.0,,0.0,0.746,-17.0,0.1333333333333333,0.0,0.254,0.6226666666666667,33.07,monitoring,0,33.736666666666665
1821006,1821,18,gmina podkarpackie-zachodni-21-06,12062,70.5,2291,31.6,,0.0,,0.0,0.786,-16.9,0.1266666666666665,0.0,0.2139999999999999,0.4213333333333333,33.1,monitoring,0,33.733333333333334
210001,210,2,gmina dolnośląskie-centralny-10-01,5940,71.44,940,36.7,,0.0,,0.0,0.762,-16.3,0.0866666666666667,0.0,0.238,0.4893333333333334,33.3,monitoring,0,33.733333333333334
2604006,2604,26,gmina świętokrzyskie-centralny-04-06,9783,71.34,1543,34.5,,0.0,,0.0,0.759,-16.4,0.0933333333333332,0.0,0.241,0.46,33.26,monitoring,0,33.72666666666667
2403002,2403,24,gmina śląskie-zachodni-03-02,6505,65.61,1162,47.2,,0.0,,0.0,0.6960000000000001,-16.9,0.1266666666666665,0.0,0.3039999999999999,0.6293333333333334,33.09,monitoring,0,33.723333333333336
1022002,1022,10,gmina łódzkie-centralny-22-02,5985,71.58,1122,39.2,,0.0,,0.0,0.788,-16.3,0.0866666666666667,0.0,0.2119999999999999,0.5226666666666667,33.28,monitoring,0,33.71333333333334
230002,230,2,gmina dolnośląskie-północny-30-02,3290,71.53,544,21.3,,0.0,,0.0,0.739,-16.8,0.12,0.0,0.261,0.284,33.11,monitoring,0,33.71
2610005,2610,26,gmina świętokrzyskie-centralny-10-05,3501,69.86,578,36.1,,0.0,,0.0,0.6940000000000001,-16.3,0.0866666666666667,0.0,0.3059999999999999,0.4813333333333333,33.27,monitoring,0,33.70333333333333
3031004,3031,30,gmina wielkopolskie-południowy-31-04,12861,70.88,1799,41.7,,0.0,,0.0,0.778,-16.3,0.0866666666666667,0.0,0.2219999999999999,0.556,33.27,monitoring,0,33.70333333333333
1208002,1208,12,gmina małopolskie-wschodni-08-02,10750,66.78,2187,38.3,,0.0,,0.0,0.649,-16.7,0.1133333333333332,0.0,0.351,0.5106666666666666,33.13,monitoring,0,33.69666666666667
3025001,3025,30,gmina wielkopolskie-południowy-25-01,10753,67.51,1735,38.5,,0.0,,0.0,0.613,-16.3,0.0866666666666667,0.0,0.387,0.5133333333333333,33.26,monitoring,0,33.69333333333333
3035003,3035,30,gmina wielkopolskie-miejski-35-03,2486,75.22,460,33.4,,0.0,,0.0,0.749,-15.4,0.0266666666666666,0.0,0.251,0.4453333333333333,33.55,monitoring,0,33.68333333333333
1205002,1205,12,gmina małopolskie-miejski-05-02,1800,73.35,405,37.7,,0.0,,0.0,0.7030000000000001,-15.4,0.0266666666666666,0.0,0.2969999999999999,0.5026666666666667,33.54,monitoring,0,33.67333333333333
211007,211,2,gmina dolnośląskie-miejski-11-07,5434,75.15,1192,42.9,,0.0,,0.0,0.75,-13.4,0.0,0.0,0.25,0.572,33.67,monitoring,0,33.67
1607002,1607,16,gmina opolskie-południowy-07-02,8401,68.44,1326,34.4,,0.0,,0.0,0.678,-16.6,0.1066666666666667,0.0,0.3219999999999999,0.4586666666666666,33.12,monitoring,0,33.65333333333333
814002,814,8,gmina lubuskie-wschodni-14-02,4878,70.54,854,41.4,,0.0,,0.0,0.597,-15.3,0.02,0.0,0.403,0.5519999999999999,33.55,monitoring,0,33.65
1018006,1018,10,gmina łódzkie-północny-18-06,6606,72.43,1361,32.8,,0.0,,0.0,0.716,-15.9,0.06,0.0,0.284,0.4373333333333333,33.35,monitoring,0,33.65
3209003,3209,32,gmina zachodniopomorskie-zachodni-09-03,7927,66.37,1080,40.9,,0.0,,0.0,0.76,-17.3,0.1533333333333333,0.0,0.24,0.5453333333333333,32.87,monitoring,0,33.63666666666666
810003,810,8,gmina lubuskie-centralny-10-03,12326,76.5,2642,42.3,,0.0,,0.0,0.807,-14.9,0.0,0.0,0.1929999999999999,0.564,33.63,monitoring,0,33.63
813002,813,8,gmina lubuskie-południowy-13-02,4775,68.2,825,39.5,,0.0,,0.0,0.726,-16.7,0.1133333333333332,0.0,0.274,0.5266666666666666,33.06,monitoring,0,33.626666666666665
225001,225,2,gmina dolnośląskie-południowy-25-01,6850,66.19,1052,29.1,,0.0,,0.0,0.667,-17.3,0.1533333333333333,0.0,0.3329999999999999,0.388,32.85,monitoring,0,33.61666666666667
419003,419,4,gmina kujawsko-pomorskie-południowy-19-03,4233,75.96,874,32.7,,0.0,,0.0,0.715,-13.9,0.0,0.0,0.285,0.436,33.61,monitoring,0,33.61
206001,206,2,gmina dolnośląskie-północny-06-01,10317,66.96,1765,30.6,,0.0,,0.0,0.8150000000000001,-17.9,0.1933333333333332,0.0,0.1849999999999999,0.408,32.63,monitoring,0,33.59666666666667
205001,205,2,gmina dolnośląskie-miejski-05-01,12696,67.42,2107,36.4,,0.0,,0.0,0.742,-17.1,0.1400000000000001,0.0,0.258,0.4853333333333333,32.89,monitoring,0,33.59
207002,207,2,gmina dolnośląskie-południowy-07-02,16688,61.32,2493,33.2,,0.0,,0.0,0.632,-18.1,0.2066666666666667,0.0,0.368,0.4426666666666667,32.55,monitoring,0,33.58333333333333
1806004,1806,18,gmina podkarpackie-północny-06-04,8154,62.95,1495,38.3,,0.0,,0.0,0.756,-18.2,0.2133333333333333,0.0,0.244,0.5106666666666666,32.51,monitoring,0,33.57666666666667
1605005,1605,16,gmina opolskie-miejski-05-05,9045,64.9,1455,53.0,,0.0,,0.0,0.777,-17.2,0.1466666666666666,0.0,0.2229999999999999,0.7066666666666667,32.84,monitoring,0,33.57333333333334
3208001,3208,32,gmina zachodniopomorskie-wschodni-08-01,6689,74.77,1211,39.1,,0.0,,0.0,0.717,-14.9,0.0,0.0,0.283,0.5213333333333333,33.57,monitoring,0,33.57
2419004,2419,24,gmina śląskie-południowy-19-04,11233,67.11,1990,40.9,,0.0,,0.0,0.765,-17.1,0.1400000000000001,0.0,0.235,0.5453333333333333,32.86,monitoring,0,33.56
229004,229,2,gmina dolnośląskie-miejski-29-04,3452,71.85,634,43.5,,0.0,,0.0,0.627,-15.0,0.0,0.0,0.373,0.58,33.56,monitoring,0,33.56
224004,224,2,gmina dolnośląskie-północny-24-04,18922,72.92,3088,52.3,,0.0,,0.0,0.737,-15.0,0.0,0.0,0.263,0.6973333333333332,33.56,monitoring,0,33.56
2422006,2422,24,gmina śląskie-centralny-22-06,1800,71.17,292,49.3,,0.0,,0.0,0.6970000000000001,-15.3,0.02,0.0,0.3029999999999999,0.6573333333333333,33.42,monitoring,0,33.52
2408005,2408,24,gmina śląskie-wschodni-08-05,6975,69.23,1118,43.6,,0.0,,0.0,0.779,-16.5,0.1,0.0,0.2209999999999999,0.5813333333333334,33.0,monitoring,0,33.5
1214001,1214,12,gmina małopolskie-wschodni-14-01,3205,65.99,529,32.4,,0.0,,0.0,0.732,-17.5,0.1666666666666666,0.0,0.268,0.432,32.65,monitoring,0,33.483333333333334
406004,406,4,gmina kujawsko-pomorskie-północny-06-04,14094,70.03,2075,28.3,,0.0,,0.0,0.721,-16.6,0.1066666666666667,0.0,0.279,0.3773333333333333,32.93,monitoring,0,33.46333333333333
807002,807,8,gmina lubuskie-południowy-07-02,4762,69.31,976,34.1,,0.0,,0.0,0.733,-16.6,0.1066666666666667,0.0,0.267,0.4546666666666666,32.93,monitoring,0,33.46333333333333
2419001,2419,24,gmina śląskie-południowy-19-01,21312,68.46,3436,35.2,,0.0,,0.0,0.791,-17.1,0.1400000000000001,0.0,0.2089999999999999,0.4693333333333334,32.76,monitoring,0,33.46
3217006,3217,32,gmina zachodniopomorskie-miejski-17-06,10765,76.02,1963,29.6,,0.0,,0.0,0.711,-14.7,0.0,0.0,0.289,0.3946666666666666,33.46,monitoring,0,33.46
219003,219,2,gmina dolnośląskie-południowy-19-03,21013,67.64,3357,32.2,,0.0,,0.0,0.769,-17.3,0.1533333333333333,0.0,0.2309999999999999,0.4293333333333333,32.69,monitoring,0,33.45666666666666
1002001,1002,10,gmina łódzkie-wschodni-02-01,6673,66.43,1141,37.7,,0.0,,0.0,0.776,-17.4,0.1599999999999999,0.0,0.2239999999999999,0.5026666666666667,32.65,monitoring,0,33.449999999999996
3033001,3033,30,gmina wielkopolskie-zachodni-33-01,11186,71.13,1423,56.2,,0.0,,0.0,0.705,-12.2,0.0,0.0,0.295,0.7493333333333334,33.43,monitoring,0,33.43
3009003,3009,30,gmina wielkopolskie-zachodni-09-03,8783,67.89,1874,44.8,,0.0,,0.0,0.8250000000000001,-17.0,0.1333333333333333,0.0,0.1749999999999999,0.5973333333333333,32.76,monitoring,0,33.42666666666666
2431003,2431,24,gmina śląskie-południowy-31-03,14396,73.63,2941,36.1,,0.0,,0.0,0.782,-15.7,0.0466666666666666,0.0,0.2179999999999999,0.4813333333333333,33.19,monitoring,0,33.42333333333333
1220006,1220,12,gmina małopolskie-wschodni-20-06,6886,69.79,1249,37.0,,0.0,,0.0,0.713,-16.2,0.0799999999999999,0.0,0.287,0.4933333333333333,33.01,monitoring,0,33.41
1608004,1608,16,gmina opolskie-wschodni-08-04,2641,67.69,474,48.5,,0.0,,0.0,0.658,-15.9,0.06,0.0,0.3419999999999999,0.6466666666666666,33.11,monitoring,0,33.41
2415002,2415,24,gmina śląskie-zachodni-15-02,8177,68.22,1226,45.1,,0.0,,0.0,0.862,-17.1,0.1400000000000001,0.0,0.138,0.6013333333333334,32.69,monitoring,0,33.39
803005,803,8,gmina lubuskie-zachodni-03-05,5551,73.87,1010,34.7,,0.0,,0.0,0.666,-15.0,0.0,0.0,0.3339999999999999,0.4626666666666667,33.39,monitoring,0,33.39
2412002,2412,24,gmina śląskie-północny-12-02,6368,67.73,1167,33.1,,0.0,,0.0,0.722,-16.9,0.1266666666666665,0.0,0.278,0.4413333333333333,32.73,monitoring,0,33.36333333333333
409007,409,4,gmina kujawsko-pomorskie-zachodni-09-07,3202,63.92,626,34.3,,0.0,,0.0,0.81,-18.3,0.22,0.0,0.1899999999999999,0.4573333333333333,32.25,monitoring,0,33.35
3203002,3203,32,gmina zachodniopomorskie-zachodni-03-02,5017,70.06,996,47.9,,0.0,,0.0,0.711,-15.6,0.0399999999999999,0.0,0.289,0.6386666666666666,33.14,monitoring,0,33.34
210002,210,2,gmina dolnośląskie-centralny-10-02,8369,71.62,1394,31.5,,0.0,,0.0,0.775,-16.3,0.0866666666666667,0.0,0.2249999999999999,0.42,32.9,monitoring,0,33.33333333333333
214006,214,2,gmina dolnośląskie-wschodni-14-06,8176,70.03,1081,52.1,,0.0,,0.0,0.759,-15.7,0.0466666666666666,0.0,0.241,0.6946666666666667,33.09,monitoring,0,33.32333333333334
2407001,2407,24,gmina śląskie-południowy-07-01,4489,69.86,915,33.1,,0.0,,0.0,0.68,-16.1,0.0733333333333334,0.0,0.3199999999999999,0.4413333333333333,32.95,monitoring,0,33.31666666666667
1605006,1605,16,gmina opolskie-miejski-05-06,5935,66.85,868,37.0,,0.0,,0.0,0.77,-17.2,0.1466666666666666,0.0,0.2299999999999999,0.4933333333333333,32.58,monitoring,0,33.31333333333333
3221003,3221,32,gmina zachodniopomorskie-zachodni-21-03,10549,70.06,1920,48.5,,0.0,,0.0,0.616,-13.4,0.0,0.0,0.384,0.6466666666666666,33.31,monitoring,0,33.31
1803001,1803,18,gmina podkarpackie-zachodni-03-01,4203,71.02,705,42.1,,0.0,,0.0,0.752,-15.8,0.0533333333333333,0.0,0.248,0.5613333333333334,32.99,monitoring,0,33.25666666666667
3021006,3021,30,gmina wielkopolskie-zachodni-21-06,7108,72.7,1421,33.9,,0.0,,0.0,0.643,-15.1,0.0066666666666666,0.0,0.357,0.4519999999999999,33.22,monitoring,0,33.25333333333333
3029001,3029,30,gmina wielkopolskie-miejski-29-01,15267,75.11,3048,34.6,,0.0,,0.0,0.8200000000000001,-15.5,0.0333333333333333,0.0,0.1799999999999999,0.4613333333333334,33.07,monitoring,0,33.236666666666665
1424006,1424,14,gmina mazowieckie-północny-24-06,15565,47.15,2364,16.4,,0.0,,0.0,0.8170000000000001,-23.2,0.5466666666666666,0.0,0.1829999999999999,0.2186666666666666,30.5,monitoring,0,33.233333333333334
1222007,1222,12,gmina małopolskie-centralny-22-07,7603,76.55,1539,34.7,,0.0,,0.0,0.797,-12.1,0.0,0.0,0.2029999999999999,0.4626666666666667,33.23,monitoring,0,33.23
3013006,3013,30,gmina wielkopolskie-południowy-13-06,5229,66.51,966,38.5,,0.0,,0.0,0.726,-16.9,0.1266666666666665,0.0,0.274,0.5133333333333333,32.59,monitoring,0,33.223333333333336
3215004,3215,32,gmina zachodniopomorskie-zachodni-15-04,7620,74.83,1436,37.8,,0.0,,0.0,0.75,-14.9,0.0,0.0,0.25,0.504,33.21,monitoring,0,33.21
812004,812,8,gmina lubuskie-północny-12-04,2582,63.36,451,38.6,,0.0,,0.0,0.647,-17.2,0.1466666666666666,0.0,0.353,0.5146666666666667,32.47,monitoring,0,33.20333333333333
1014005,1014,10,gmina łódzkie-wschodni-14-05,11232,76.85,1950,35.0,,0.0,,0.0,0.8150000000000001,-14.1,0.0,0.0,0.1849999999999999,0.4666666666666667,33.2,monitoring,0,33.2
1801003,1801,18,gmina podkarpackie-południowy-01-03,24920,71.34,4478,43.7,,0.0,,0.0,0.8180000000000001,-16.0,0.0666666666666666,0.0,0.1819999999999999,0.5826666666666667,32.86,monitoring,0,33.193333333333335
1206002,1206,12,gmina małopolskie-północny-06-02,6515,65.45,1046,23.1,,0.0,,0.0,0.809,-18.3,0.22,0.0,0.1909999999999999,0.308,32.09,monitoring,0,33.190000000000005
3015003,3015,30,gmina wielkopolskie-zachodni-15-03,9116,70.21,1817,40.0,,0.0,,0.0,0.6940000000000001,-15.7,0.0466666666666666,0.0,0.3059999999999999,0.5333333333333333,32.94,monitoring,0,33.17333333333333
418004,418,4,gmina kujawsko-pomorskie-północny-18-04,8939,72.85,1747,45.8,,0.0,,0.0,0.73,-14.4,0.0,0.0,0.27,0.6106666666666666,33.17,monitoring,0,33.17
1606002,1606,16,gmina opolskie-północny-06-02,14132,70.91,2521,35.7,,0.0,,0.0,0.863,-16.7,0.1133333333333332,0.0,0.137,0.476,32.6,monitoring,0,33.16666666666667
2205004,2205,22,gmina pomorskie-miejski-05-04,3073,72.11,572,39.4,,0.0,,0.0,0.686,-15.2,0.0133333333333332,0.0,0.3139999999999999,0.5253333333333333,33.09,monitoring,0,33.156666666666666
1209005,1209,12,gmina małopolskie-zachodni-09-05,9870,67.18,1702,40.4,,0.0,,0.0,0.8270000000000001,-17.2,0.1466666666666666,0.0,0.1729999999999999,0.5386666666666666,32.42,monitoring,0,33.153333333333336
1815006,1815,18,gmina podkarpackie-zachodni-15-06,6420,73.64,1177,38.2,,0.0,,0.0,0.71,-15.0,0.0,0.0,0.29,0.5093333333333334,33.14,monitoring,0,33.14
3030002,3030,30,gmina wielkopolskie-północny-30-02,17293,69.74,3280,35.2,,0.0,,0.0,0.745,-16.3,0.0866666666666667,0.0,0.255,0.4693333333333334,32.7,monitoring,0,33.13333333333334
2422001,2422,24,gmina śląskie-centralny-22-01,17210,72.04,3452,48.6,,0.0,,0.0,0.772,-15.3,0.02,0.0,0.2279999999999999,0.648,33.03,monitoring,0,33.13
2216004,2216,22,gmina pomorskie-centralny-16-04,14703,69.77,2255,51.5,,0.0,,0.0,0.6990000000000001,-15.3,0.02,0.0,0.3009999999999999,0.6866666666666666,33.01,monitoring,0,33.11
2202002,2202,22,gmina pomorskie-wschodni-02-02,5024,71.65,897,49.2,,0.0,,0.0,0.729,-15.1,0.0066666666666666,0.0,0.271,0.656,33.07,monitoring,0,33.10333333333333
1206004,1206,12,gmina małopolskie-północny-06-04,5439,61.94,900,38.9,,0.0,,0.0,0.788,-18.3,0.22,0.0,0.2119999999999999,0.5186666666666666,32.0,monitoring,0,33.1
2431002,2431,24,gmina śląskie-południowy-31-02,5916,70.92,1087,41.2,,0.0,,0.0,0.742,-15.7,0.0466666666666666,0.0,0.258,0.5493333333333333,32.86,monitoring,0,33.093333333333334
1024005,1024,10,gmina łódzkie-północny-24-05,7829,72.97,1401,48.6,,0.0,,0.0,0.765,-14.9,0.0,0.0,0.235,0.648,33.08,monitoring,0,33.08
2603002,2603,26,gmina świętokrzyskie-zachodni-03-02,13349,65.58,1776,32.6,,0.0,,0.0,0.761,-17.5,0.1666666666666666,0.0,0.239,0.4346666666666667,32.24,monitoring,0,33.07333333333334
2207004,2207,22,gmina pomorskie-południowy-07-04,11431,74.6,2113,30.6,,0.0,,0.0,0.724,-15.1,0.0066666666666666,0.0,0.276,0.408,32.99,monitoring,0,33.02333333333333
3208002,3208,32,gmina zachodniopomorskie-wschodni-08-02,15033,71.49,2636,37.7,,0.0,,0.0,0.63,-14.9,0.0,0.0,0.37,0.5026666666666667,33.01,monitoring,0,33.01
1608005,1608,16,gmina opolskie-wschodni-08-05,4604,71.57,827,39.7,,0.0,,0.0,0.803,-15.9,0.06,0.0,0.1969999999999999,0.5293333333333333,32.7,monitoring,0,33.0
1022005,1022,10,gmina łódzkie-centralny-22-05,1899,68.97,303,34.8,,0.0,,0.0,0.726,-16.3,0.0866666666666667,0.0,0.274,0.4639999999999999,32.55,monitoring,0,32.983333333333334
2435001,2435,24,gmina śląskie-miejski-35-01,13065,70.38,2353,50.3,,0.0,,0.0,0.766,-15.5,0.0333333333333333,0.0,0.2339999999999999,0.6706666666666666,32.8,monitoring,0,32.96666666666666
2405003,2405,24,gmina śląskie-miejski-05-03,4001,74.01,796,45.3,,0.0,,0.0,0.798,-14.9,0.0,0.0,0.2019999999999999,0.604,32.96,monitoring,0,32.96
1822003,1822,18,gmina podkarpackie-centralny-22-03,23015,62.72,2464,28.0,,0.0,,0.0,0.756,-18.3,0.22,0.0,0.244,0.3733333333333333,31.86,monitoring,0,32.96
2219004,2219,22,gmina pomorskie-południowy-19-04,8804,61.03,1073,40.6,,0.0,,0.0,0.624,-17.4,0.1599999999999999,0.0,0.376,0.5413333333333333,32.16,monitoring,0,32.959999999999994
2436005,2436,24,gmina śląskie-północny-36-05,7669,70.32,1350,29.6,,0.0,,0.0,0.614,-15.5,0.0333333333333333,0.0,0.386,0.3946666666666666,32.77,monitoring,0,32.93666666666667
3030005,3030,30,gmina wielkopolskie-północny-30-05,12478,68.22,2531,42.1,,0.0,,0.0,0.754,-16.3,0.0866666666666667,0.0,0.246,0.5613333333333334,32.5,monitoring,0,32.93333333333334
1818003,1818,18,gmina podkarpackie-północny-18-03,10477,72.71,1535,42.2,,0.0,,0.0,0.724,-14.5,0.0,0.0,0.276,0.5626666666666668,32.93,monitoring,0,32.93
3218003,3218,32,gmina zachodniopomorskie-północny-18-03,4665,72.1,902,30.5,,0.0,,0.0,0.6970000000000001,-15.5,0.0333333333333333,0.0,0.3029999999999999,0.4066666666666667,32.76,monitoring,0,32.92666666666666
1215005,1215,12,gmina małopolskie-zachodni-15-05,10699,61.87,2107,34.3,,0.0,,0.0,0.856,-18.8,0.2533333333333333,0.0,0.144,0.4573333333333333,31.65,monitoring,0,32.916666666666664
3219003,3219,32,gmina zachodniopomorskie-południowy-19-03,5691,69.15,1021,40.2,,0.0,,0.0,0.732,-16.0,0.0666666666666666,0.0,0.268,0.536,32.57,monitoring,0,32.903333333333336
1605007,1605,16,gmina opolskie-miejski-05-07,16348,65.39,2668,27.2,,0.0,,0.0,0.685,-17.2,0.1466666666666666,0.0,0.3149999999999999,0.3626666666666666,32.14,monitoring,0,32.873333333333335
805007,805,8,gmina lubuskie-miejski-05-07,7749,73.22,1463,46.2,,0.0,,0.0,0.798,-15.1,0.0066666666666666,0.0,0.2019999999999999,0.616,32.84,monitoring,0,32.873333333333335
1814005,1814,18,gmina podkarpackie-wschodni-14-05,4625,71.7,844,34.6,,0.0,,0.0,0.75,-15.7,0.0466666666666666,0.0,0.25,0.4613333333333334,32.64,monitoring,0,32.873333333333335
403006,403,4,gmina kujawsko-pomorskie-zachodni-03-06,7037,71.8,1467,36.7,,0.0,,0.0,0.737,-15.5,0.0333333333333333,0.0,0.263,0.4893333333333334,32.7,monitoring,0,32.86666666666667
2604005,2604,26,gmina świętokrzyskie-centralny-04-05,5669,70.78,931,29.8,,0.0,,0.0,0.796,-16.4,0.0933333333333332,0.0,0.2039999999999999,0.3973333333333333,32.4,monitoring,0,32.86666666666667
225007,225,2,gmina dolnośląskie-południowy-25-07,20123,65.44,3463,32.9,,0.0,,0.0,0.747,-17.3,0.1533333333333333,0.0,0.253,0.4386666666666666,32.1,monitoring,0,32.86666666666667
3201005,3201,32,gmina zachodniopomorskie-południowy-01-05,7781,70.44,1313,50.8,,0.0,,0.0,0.7000000000000001,-14.3,0.0,0.0,0.2999999999999999,0.6773333333333333,32.85,monitoring,0,32.85
1612007,1612,16,gmina opolskie-północny-12-07,28980,69.68,4355,37.9,,0.0,,0.0,0.778,-16.2,0.0799999999999999,0.0,0.2219999999999999,0.5053333333333333,32.44,monitoring,0,32.839999999999996
1807003,1807,18,gmina podkarpackie-południowy-07-03,9284,66.06,1616,38.8,,0.0,,0.0,0.667,-16.4,0.0933333333333332,0.0,0.3329999999999999,0.5173333333333333,32.37,monitoring,0,32.836666666666666
1807002,1807,18,gmina podkarpackie-południowy-07-02,6864,68.73,1096,36.9,,0.0,,0.0,0.769,-16.4,0.0933333333333332,0.0,0.2309999999999999,0.492,32.34,monitoring,0,32.80666666666667
3209005,3209,32,gmina zachodniopomorskie-zachodni-09-05,5073,63.66,659,33.8,,0.0,,0.0,0.685,-17.3,0.1533333333333333,0.0,0.3149999999999999,0.4506666666666666,32.04,monitoring,0,32.806666666666665
3030003,3030,30,gmina wielkopolskie-północny-30-03,14283,70.9,2758,29.0,,0.0,,0.0,0.786,-16.3,0.0866666666666667,0.0,0.2139999999999999,0.3866666666666666,32.36,monitoring,0,32.79333333333334
3021002,3021,30,gmina wielkopolskie-zachodni-21-02,3803,73.31,774,35.4,,0.0,,0.0,0.731,-15.1,0.0066666666666666,0.0,0.269,0.472,32.76,monitoring,0,32.79333333333333
221001,221,2,gmina dolnośląskie-zachodni-21-01,3226,72.37,569,47.7,,0.0,,0.0,0.766,-12.3,0.0,0.0,0.2339999999999999,0.636,32.79,monitoring,0,32.79
3011003,3011,30,gmina wielkopolskie-miejski-11-03,3114,70.34,507,39.2,,0.0,,0.0,0.686,-15.4,0.0266666666666666,0.0,0.3139999999999999,0.5226666666666667,32.65,monitoring,0,32.78333333333333
809001,809,8,gmina lubuskie-zachodni-09-01,10467,71.79,1985,40.1,,0.0,,0.0,0.772,-15.5,0.0333333333333333,0.0,0.2279999999999999,0.5346666666666667,32.61,monitoring,0,32.776666666666664
3035006,3035,30,gmina wielkopolskie-miejski-35-06,5987,72.43,1083,32.9,,0.0,,0.0,0.733,-15.4,0.0266666666666666,0.0,0.267,0.4386666666666666,32.6,monitoring,0,32.733333333333334
3018004,3018,30,gmina wielkopolskie-północny-18-04,19388,67.28,4025,35.0,,0.0,,0.0,0.772,-16.8,0.12,0.0,0.2279999999999999,0.4666666666666667,32.11,monitoring,0,32.71
3025004,3025,30,gmina wielkopolskie-południowy-25-04,3842,68.96,663,34.7,,0.0,,0.0,0.756,-16.3,0.0866666666666667,0.0,0.244,0.4626666666666667,32.27,monitoring,0,32.70333333333333
2406001,2406,24,gmina śląskie-północny-06-01,5713,69.9,1126,38.9,,0.0,,0.0,0.776,-16.0,0.0666666666666666,0.0,0.2239999999999999,0.5186666666666666,32.37,monitoring,0,32.70333333333333
3024001,3024,30,gmina wielkopolskie-północny-24-01,7196,74.72,1231,35.5,,0.0,,0.0,0.789,-15.0,0.0,0.0,0.2109999999999999,0.4733333333333333,32.66,monitoring,0,32.66
1607005,1607,16,gmina opolskie-południowy-07-05,11691,65.74,1927,37.3,,0.0,,0.0,0.6980000000000001,-16.6,0.1066666666666667,0.0,0.3019999999999999,0.4973333333333333,32.11,monitoring,0,32.64333333333333
3205002,3205,32,gmina zachodniopomorskie-miejski-05-02,8140,72.96,1434,41.5,,0.0,,0.0,0.762,-14.6,0.0,0.0,0.238,0.5533333333333333,32.63,monitoring,0,32.63
1607001,1607,16,gmina opolskie-południowy-07-01,11569,67.02,1773,40.5,,0.0,,0.0,0.777,-16.6,0.1066666666666667,0.0,0.2229999999999999,0.54,32.09,monitoring,0,32.623333333333335
2436001,2436,24,gmina śląskie-północny-36-01,16976,70.24,3076,47.1,,0.0,,0.0,0.776,-15.5,0.0333333333333333,0.0,0.2239999999999999,0.628,32.45,monitoring,0,32.61666666666667
1005002,1005,10,gmina łódzkie-miejski-05-02,7902,72.1,1616,30.1,,0.0,,0.0,0.66,-15.1,0.0066666666666666,0.0,0.3399999999999999,0.4013333333333334,32.58,monitoring,0,32.61333333333333
2613006,2613,26,gmina świętokrzyskie-południowy-13-06,5254,69.58,1017,37.4,,0.0,,0.0,0.8130000000000001,-16.3,0.0866666666666667,0.0,0.1869999999999999,0.4986666666666666,32.18,monitoring,0,32.61333333333333
222001,222,2,gmina dolnośląskie-centralny-22-01,9923,70.65,1680,33.8,,0.0,,0.0,0.748,-15.8,0.0533333333333333,0.0,0.252,0.4506666666666666,32.33,monitoring,0,32.596666666666664
2420003,2420,24,gmina śląskie-wschodni-20-03,10219,72.41,1861,38.8,,0.0,,0.0,0.757,-15.2,0.0133333333333332,0.0,0.243,0.5173333333333333,32.53,monitoring,0,32.596666666666664
802003,802,8,gmina lubuskie-wschodni-02-03,6755,72.2,1125,41.5,,0.0,,0.0,0.735,-14.4,0.0,0.0,0.265,0.5533333333333333,32.59,monitoring,0,32.59
3017005,3017,30,gmina wielkopolskie-miejski-17-05,7660,70.76,1464,34.5,,0.0,,0.0,0.8270000000000001,-16.2,0.0799999999999999,0.0,0.1729999999999999,0.46,32.19,monitoring,0,32.589999999999996
1005007,1005,10,gmina łódzkie-miejski-05-07,13244,73.33,2130,46.8,,0.0,,0.0,0.84,-15.1,0.0066666666666666,0.0,0.16,0.624,32.55,monitoring,0,32.58333333333333
3029002,3029,30,gmina wielkopolskie-miejski-29-02,37276,70.13,7019,44.7,,0.0,,0.0,0.758,-15.5,0.0333333333333333,0.0,0.242,0.5960000000000001,32.41,monitoring,0,32.57666666666666
2402002,2402,24,gmina śląskie-wschodni-02-02,18445,70.05,2702,41.9,,0.0,,0.0,0.666,-15.1,0.0066666666666666,0.0,0.3339999999999999,0.5586666666666666,32.54,monitoring,0,32.57333333333333
3213001,3213,32,gmina zachodniopomorskie-południowy-13-01,15340,60.41,2595,53.2,,0.0,,0.0,0.719,-17.3,0.1533333333333333,0.0,0.281,0.7093333333333334,31.79,monitoring,0,32.556666666666665
401003,401,4,gmina kujawsko-pomorskie-południowy-01-03,11103,59.96,1907,28.0,,0.0,,0.0,0.787,-18.9,0.2599999999999999,0.0,0.2129999999999999,0.3733333333333333,31.25,monitoring,0,32.55
1814006,1814,18,gmina podkarpackie-wschodni-14-06,10008,71.53,1725,37.3,,0.0,,0.0,0.8,-15.7,0.0466666666666666,0.0,0.1999999999999999,0.4973333333333333,32.31,monitoring,0,32.54333333333334
1003002,1003,10,gmina łódzkie-zachodni-03-02,4917,67.86,729,43.0,,0.0,,0.0,0.671,-15.6,0.0399999999999999,0.0,0.3289999999999999,0.5733333333333334,32.33,monitoring,0,32.53
3212004,3212,32,gmina zachodniopomorskie-północny-12-04,10773,68.98,1904,34.0,,0.0,,0.0,0.652,-15.6,0.0399999999999999,0.0,0.348,0.4533333333333333,32.33,monitoring,0,32.53
3029003,3029,30,gmina wielkopolskie-miejski-29-03,6831,68.97,1500,36.7,,0.0,,0.0,0.655,-15.5,0.0333333333333333,0.0,0.345,0.4893333333333334,32.36,monitoring,0,32.526666666666664
1221004,1221,12,gmina małopolskie-zachodni-21-04,14233,67.63,2391,39.3,,0.0,,0.0,0.72,-16.1,0.0733333333333334,0.0,0.28,0.5239999999999999,32.16,monitoring,0,32.526666666666664
201007,201,2,gmina dolnośląskie-południowy-01-07,8160,66.26,1297,35.2,,0.0,,0.0,0.871,-17.5,0.1666666666666666,0.0,0.129,0.4693333333333334,31.69,monitoring,0,32.52333333333333
1213005,1213,12,gmina małopolskie-południowy-13-05,8295,70.55,1561,27.3,,0.0,,0.0,0.8230000000000001,-16.5,0.1,0.0,0.1769999999999999,0.364,32.02,monitoring,0,32.52
2606004,2606,26,gmina świętokrzyskie-północny-06-04,22868,63.08,3685,43.4,,0.0,,0.0,0.782,-17.4,0.1599999999999999,0.0,0.2179999999999999,0.5786666666666667,31.71,monitoring,0,32.51
229006,229,2,gmina dolnośląskie-miejski-29-06,4884,71.16,928,40.3,,0.0,,0.0,0.6910000000000001,-15.0,0.0,0.0,0.3089999999999999,0.5373333333333333,32.51,monitoring,0,32.51
1801004,1801,18,gmina podkarpackie-południowy-01-04,6583,69.58,1182,40.9,,0.0,,0.0,0.802,-16.0,0.0666666666666666,0.0,0.1979999999999999,0.5453333333333333,32.15,monitoring,0,32.483333333333334
3207003,3207,32,gmina zachodniopomorskie-południowy-07-03,16337,72.0,2497,50.1,,0.0,,0.0,0.802,-13.4,0.0,0.0,0.1979999999999999,0.668,32.48,monitoring,0,32.48
216005,216,2,gmina dolnośląskie-centralny-16-05,3784,71.98,825,32.4,,0.0,,0.0,0.705,-15.2,0.0133333333333332,0.0,0.295,0.432,32.41,monitoring,0,32.47666666666666
2612005,2612,26,gmina świętokrzyskie-północny-12-05,18265,67.13,2999,32.4,,0.0,,0.0,0.638,-16.0,0.0666666666666666,0.0,0.362,0.432,32.13,monitoring,0,32.46333333333334
3219006,3219,32,gmina zachodniopomorskie-południowy-19-06,6427,68.53,1302,34.5,,0.0,,0.0,0.714,-16.0,0.0666666666666666,0.0,0.286,0.46,32.12,monitoring,0,32.45333333333333
1815001,1815,18,gmina podkarpackie-zachodni-15-01,13171,73.25,2396,37.2,,0.0,,0.0,0.763,-15.0,0.0,0.0,0.237,0.496,32.45,monitoring,0,32.45
2424006,2424,24,gmina śląskie-północny-24-06,7186,69.92,1187,35.3,,0.0,,0.0,0.711,-15.6,0.0399999999999999,0.0,0.289,0.4706666666666666,32.24,monitoring,0,32.440000000000005
3220002,3220,32,gmina zachodniopomorskie-wschodni-20-02,11616,71.22,2223,39.2,,0.0,,0.0,0.6930000000000001,-14.4,0.0,0.0,0.3069999999999999,0.5226666666666667,32.44,monitoring,0,32.44
1819005,1819,18,gmina podkarpackie-południowy-19-05,8130,74.03,1631,31.0,,0.0,,0.0,0.751,-14.5,0.0,0.0,0.249,0.4133333333333333,32.44,monitoring,0,32.44
1818004,1818,18,gmina podkarpackie-północny-18-04,15749,70.88,2487,37.4,,0.0,,0.0,0.667,-14.5,0.0,0.0,0.3329999999999999,0.4986666666666666,32.42,monitoring,0,32.42
2210005,2210,22,gmina pomorskie-centralny-10-05,3779,71.91,786,39.5,,0.0,,0.0,0.778,-15.3,0.02,0.0,0.2219999999999999,0.5266666666666666,32.32,monitoring,0,32.42
2433004,2433,24,gmina śląskie-zachodni-33-04,5890,66.2,1060,32.9,,0.0,,0.0,0.845,-17.4,0.1599999999999999,0.0,0.155,0.4386666666666666,31.62,monitoring,0,32.42
2614005,2614,26,gmina świętokrzyskie-wschodni-14-05,3204,66.96,504,42.3,,0.0,,0.0,0.731,-16.1,0.0733333333333334,0.0,0.269,0.564,32.01,monitoring,0,32.376666666666665
1216001,1216,12,gmina małopolskie-centralny-16-01,6045,71.04,953,40.6,,0.0,,0.0,0.79,-15.5,0.0333333333333333,0.0,0.2099999999999999,0.5413333333333333,32.19,monitoring,0,32.35666666666666
3210005,3210,32,gmina zachodniopomorskie-centralny-10-05,2787,62.85,328,43.9,,0.0,,0.0,0.64,-16.5,0.1,0.0,0.36,0.5853333333333333,31.85,monitoring,0,32.35
813003,813,8,gmina lubuskie-południowy-13-03,9985,64.7,1412,43.5,,0.0,,0.0,0.749,-16.7,0.1133333333333332,0.0,0.251,0.58,31.78,monitoring,0,32.346666666666664
2214001,2214,22,gmina pomorskie-wschodni-14-01,9254,69.54,1536,43.2,,0.0,,0.0,0.731,-15.4,0.0266666666666666,0.0,0.269,0.5760000000000001,32.21,monitoring,0,32.343333333333334
1018001,1018,10,gmina łódzkie-północny-18-01,14375,69.19,2749,38.9,,0.0,,0.0,0.769,-15.9,0.06,0.0,0.2309999999999999,0.5186666666666666,32.04,monitoring,0,32.339999999999996
1809004,1809,18,gmina podkarpackie-zachodni-09-04,2718,68.09,517,39.5,,0.0,,0.0,0.78,-16.2,0.0799999999999999,0.0,0.2199999999999999,0.5266666666666666,31.93,monitoring,0,32.33
209007,209,2,gmina dolnośląskie-zachodni-09-07,12950,70.94,2428,44.0,,0.0,,0.0,0.729,-14.7,0.0,0.0,0.271,0.5866666666666667,32.33,monitoring,0,32.33
2435005,2435,24,gmina śląskie-miejski-35-05,6714,68.3,1173,42.3,,0.0,,0.0,0.6910000000000001,-15.5,0.0333333333333333,0.0,0.3089999999999999,0.564,32.16,monitoring,0,32.32666666666666
812003,812,8,gmina lubuskie-północny-12-03,15080,64.93,2936,33.2,,0.0,,0.0,0.772,-17.2,0.1466666666666666,0.0,0.2279999999999999,0.4426666666666667,31.58,monitoring,0,32.31333333333333
3216004,3216,32,gmina zachodniopomorskie-centralny-16-04,3954,69.68,670,41.5,,0.0,,0.0,0.66,-13.2,0.0,0.0,0.3399999999999999,0.5533333333333333,32.31,monitoring,0,32.31
2607001,2607,26,gmina świętokrzyskie-południowy-07-01,4861,62.31,715,45.6,,0.0,,0.0,0.669,-16.7,0.1133333333333332,0.0,0.3309999999999999,0.608,31.74,monitoring,0,32.306666666666665
2610001,2610,26,gmina świętokrzyskie-centralny-10-01,11772,67.68,2038,36.7,,0.0,,0.0,0.762,-16.3,0.0866666666666667,0.0,0.238,0.4893333333333334,31.87,monitoring,0,32.303333333333335
3220006,3220,32,gmina zachodniopomorskie-wschodni-20-06,9758,72.53,1887,43.3,,0.0,,0.0,0.794,-14.4,0.0,0.0,0.2059999999999999,0.5773333333333333,32.3,monitoring,0,32.3
1216005,1216,12,gmina małopolskie-centralny-16-05,3942,68.22,788,34.3,,0.0,,0.0,0.631,-15.5,0.0333333333333333,0.0,0.369,0.4573333333333333,32.13,monitoring,0,32.29666666666667
1808003,1808,18,gmina podkarpackie-wschodni-08-03,14831,72.76,2639,32.5,,0.0,,0.0,0.725,-14.4,0.0,0.0,0.275,0.4333333333333333,32.29,monitoring,0,32.29
2220002,2220,22,gmina pomorskie-wschodni-20-02,17763,65.92,2547,40.5,,0.0,,0.0,0.734,-16.4,0.0933333333333332,0.0,0.266,0.54,31.82,monitoring,0,32.28666666666667
1012006,1012,10,gmina łódzkie-północny-12-06,6873,62.71,1182,30.4,,0.0,,0.0,0.78,-17.9,0.1933333333333332,0.0,0.2199999999999999,0.4053333333333333,31.32,monitoring,0,32.28666666666667
3017003,3017,30,gmina wielkopolskie-miejski-17-03,48886,68.93,7483,30.3,,0.0,,0.0,0.754,-16.2,0.0799999999999999,0.0,0.246,0.404,31.87,monitoring,0,32.27
403002,403,4,gmina kujawsko-pomorskie-zachodni-03-02,12914,69.95,2157,38.4,,0.0,,0.0,0.738,-15.5,0.0333333333333333,0.0,0.262,0.512,32.1,monitoring,0,32.266666666666666
2403005,2403,24,gmina śląskie-zachodni-03-05,8004,65.07,1422,35.8,,0.0,,0.0,0.752,-16.9,0.1266666666666665,0.0,0.248,0.4773333333333333,31.63,monitoring,0,32.263333333333335
806004,806,8,gmina lubuskie-północny-06-04,4000,67.55,680,32.6,,0.0,,0.0,0.647,-15.8,0.0533333333333333,0.0,0.353,0.4346666666666667,31.98,monitoring,0,32.24666666666667
1820005,1820,18,gmina podkarpackie-wschodni-20-05,6098,62.74,1099,45.3,,0.0,,0.0,0.76,-17.1,0.1400000000000001,0.0,0.24,0.604,31.54,monitoring,0,32.24
1210003,1210,12,gmina małopolskie-centralny-10-03,6376,68.95,1113,48.4,,0.0,,0.0,0.74,-15.3,0.02,0.0,0.26,0.6453333333333333,32.13,monitoring,0,32.230000000000004
3035001,3035,30,gmina wielkopolskie-miejski-35-01,6493,67.06,1336,39.4,,0.0,,0.0,0.612,-15.4,0.0266666666666666,0.0,0.388,0.5253333333333333,32.08,monitoring,0,32.21333333333333
1201004,1201,12,gmina małopolskie-południowy-01-04,9371,69.4,1900,50.7,,0.0,,0.0,0.743,-15.1,0.0066666666666666,0.0,0.257,0.676,32.18,monitoring,0,32.21333333333333
215005,215,2,gmina dolnośląskie-zachodni-15-05,6277,65.33,1127,36.7,,0.0,,0.0,0.758,-16.8,0.12,0.0,0.242,0.4893333333333334,31.61,monitoring,0,32.21
2609005,2609,26,gmina świętokrzyskie-zachodni-09-05,8833,60.84,1348,44.0,,0.0,,0.0,0.6940000000000001,-17.2,0.1466666666666666,0.0,0.3059999999999999,0.5866666666666667,31.45,monitoring,0,32.18333333333333
2403006,2403,24,gmina śląskie-zachodni-03-06,4076,64.91,715,44.7,,0.0,,0.0,0.8210000000000001,-16.9,0.1266666666666665,0.0,0.1789999999999999,0.5960000000000001,31.54,monitoring,0,32.17333333333333
1005001,1005,10,gmina łódzkie-miejski-05-01,3738,69.9,533,43.9,,0.0,,0.0,0.719,-15.1,0.0066666666666666,0.0,0.281,0.5853333333333333,32.14,monitoring,0,32.17333333333333
2614003,2614,26,gmina świętokrzyskie-wschodni-14-03,9601,64.63,1510,39.9,,0.0,,0.0,0.638,-16.1,0.0733333333333334,0.0,0.362,0.532,31.8,monitoring,0,32.16666666666667
2422005,2422,24,gmina śląskie-centralny-22-05,7860,70.12,1475,34.2,,0.0,,0.0,0.6920000000000001,-15.3,0.02,0.0,0.3079999999999999,0.456,32.06,monitoring,0,32.160000000000004
3007002,3007,30,gmina wielkopolskie-południowy-07-02,4439,64.02,592,35.9,,0.0,,0.0,0.771,-17.2,0.1466666666666666,0.0,0.2289999999999999,0.4786666666666666,31.42,monitoring,0,32.153333333333336
3027006,3027,30,gmina wielkopolskie-zachodni-27-06,12967,57.13,2392,40.5,,0.0,,0.0,0.77,-18.7,0.2466666666666666,0.0,0.2299999999999999,0.54,30.92,monitoring,0,32.153333333333336
1607007,1607,16,gmina opolskie-południowy-07-07,4042,63.12,614,43.9,,0.0,,0.0,0.6910000000000001,-16.6,0.1066666666666667,0.0,0.3089999999999999,0.5853333333333333,31.61,monitoring,0,32.14333333333333
805001,805,8,gmina lubuskie-miejski-05-01,10247,71.82,1826,48.3,,0.0,,0.0,0.836,-15.1,0.0066666666666666,0.0,0.164,0.644,32.11,monitoring,0,32.14333333333333
217001,217,2,gmina dolnośląskie-miejski-17-01,33343,73.72,6498,38.2,,0.0,,0.0,0.8250000000000001,-12.9,0.0,0.0,0.1749999999999999,0.5093333333333334,32.14,monitoring,0,32.14
226006,226,2,gmina dolnośląskie-wschodni-26-06,6359,67.77,1284,32.6,,0.0,,0.0,0.771,-16.4,0.0933333333333332,0.0,0.2289999999999999,0.4346666666666667,31.67,monitoring,0,32.13666666666667
1203004,1203,12,gmina małopolskie-zachodni-03-04,7297,64.94,1345,25.0,,0.0,,0.0,0.732,-17.2,0.1466666666666666,0.0,0.268,0.3333333333333333,31.4,monitoring,0,32.13333333333333
3220003,3220,32,gmina zachodniopomorskie-wschodni-20-03,18327,74.42,2764,25.7,,0.0,,0.0,0.764,-14.4,0.0,0.0,0.236,0.3426666666666667,32.12,monitoring,0,32.12
2209005,2209,22,gmina pomorskie-zachodni-09-05,3814,66.75,649,47.1,,0.0,,0.0,0.77,-16.0,0.0666666666666666,0.0,0.2299999999999999,0.628,31.78,monitoring,0,32.11333333333334
2210004,2210,22,gmina pomorskie-centralny-10-04,23200,68.35,4515,40.9,,0.0,,0.0,0.674,-15.3,0.02,0.0,0.3259999999999999,0.5453333333333333,31.99,monitoring,0,32.089999999999996
2218002,2218,22,gmina pomorskie-północny-18-02,1800,72.54,298,35.8,,0.0,,0.0,0.763,-14.8,0.0,0.0,0.237,0.4773333333333333,32.08,monitoring,0,32.08
2603006,2603,26,gmina świętokrzyskie-zachodni-03-06,2490,61.92,372,42.3,,0.0,,0.0,0.791,-17.5,0.1666666666666666,0.0,0.2089999999999999,0.564,31.23,monitoring,0,32.06333333333333
3012005,3012,30,gmina wielkopolskie-północny-12-05,8130,74.49,1845,30.0,,0.0,,0.0,0.805,-13.3,0.0,0.0,0.1949999999999999,0.4,32.06,monitoring,0,32.06
421001,421,4,gmina kujawsko-pomorskie-zachodni-21-01,11761,62.39,1699,47.9,,0.0,,0.0,0.786,-17.1,0.1400000000000001,0.0,0.2139999999999999,0.6386666666666666,31.35,monitoring,0,32.050000000000004
1219007,1219,12,gmina małopolskie-południowy-19-07,23158,71.9,3578,31.8,,0.0,,0.0,0.711,-14.6,0.0,0.0,0.289,0.424,32.04,monitoring,0,32.04
813006,813,8,gmina lubuskie-południowy-13-06,22459,66.89,3604,30.5,,0.0,,0.0,0.781,-16.7,0.1133333333333332,0.0,0.2189999999999999,0.4066666666666667,31.46,monitoring,0,32.02666666666667
3027005,3027,30,gmina wielkopolskie-zachodni-27-05,27839,61.29,5534,24.8,,0.0,,0.0,0.844,-18.7,0.2466666666666666,0.0,0.156,0.3306666666666666,30.79,monitoring,0,32.02333333333333
3007006,3007,30,gmina wielkopolskie-południowy-07-06,5710,63.74,1017,38.4,,0.0,,0.0,0.793,-17.2,0.1466666666666666,0.0,0.2069999999999999,0.512,31.28,monitoring,0,32.013333333333335
215002,215,2,gmina dolnośląskie-zachodni-15-02,8109,65.15,1390,41.4,,0.0,,0.0,0.807,-16.8,0.12,0.0,0.1929999999999999,0.5519999999999999,31.41,monitoring,0,32.01
1007002,1007,10,gmina łódzkie-południowy-07-02,29132,76.09,5564,14.3,,0.0,,0.0,0.762,-14.7,0.0,0.0,0.238,0.1906666666666666,32.01,monitoring,0,32.01
2407005,2407,24,gmina śląskie-południowy-07-05,3622,67.6,730,36.2,,0.0,,0.0,0.753,-16.1,0.0733333333333334,0.0,0.247,0.4826666666666667,31.64,monitoring,0,32.00666666666667
408002,408,4,gmina kujawsko-pomorskie-wschodni-08-02,6621,71.31,1350,40.5,,0.0,,0.0,0.755,-12.8,0.0,0.0,0.245,0.54,32.0,monitoring,0,32.0
1024001,1024,10,gmina łódzkie-północny-24-01,10074,71.05,1629,34.9,,0.0,,0.0,0.7030000000000001,-14.9,0.0,0.0,0.2969999999999999,0.4653333333333333,32.0,monitoring,0,32.0
1206006,1206,12,gmina małopolskie-północny-06-06,5430,59.87,718,30.3,,0.0,,0.0,0.759,-18.3,0.22,0.0,0.241,0.404,30.9,monitoring,0,32.0
2407002,2407,24,gmina śląskie-południowy-07-02,15813,64.66,2356,43.2,,0.0,,0.0,0.682,-16.1,0.0733333333333334,0.0,0.3179999999999999,0.5760000000000001,31.63,monitoring,0,31.996666666666666
3205004,3205,32,gmina zachodniopomorskie-miejski-05-04,9537,70.87,1759,33.7,,0.0,,0.0,0.6880000000000001,-14.6,0.0,0.0,0.3119999999999999,0.4493333333333333,31.99,monitoring,0,31.99
224007,224,2,gmina dolnośląskie-północny-24-07,13509,69.19,2221,45.1,,0.0,,0.0,0.7010000000000001,-15.0,0.0,0.0,0.2989999999999999,0.6013333333333334,31.99,monitoring,0,31.99
3017004,3017,30,gmina wielkopolskie-miejski-17-04,12722,67.26,2174,35.1,,0.0,,0.0,0.752,-16.2,0.0799999999999999,0.0,0.248,0.468,31.57,monitoring,0,31.97
3025002,3025,30,gmina wielkopolskie-południowy-25-02,2512,64.19,427,43.4,,0.0,,0.0,0.7020000000000001,-16.3,0.0866666666666667,0.0,0.2979999999999999,0.5786666666666667,31.53,monitoring,0,31.963333333333335
1611007,1611,16,gmina opolskie-miejski-11-07,13561,68.74,2050,46.6,,0.0,,0.0,0.6960000000000001,-14.6,0.0,0.0,0.3039999999999999,0.6213333333333334,31.96,monitoring,0,31.96
2408002,2408,24,gmina śląskie-wschodni-08-02,8801,63.56,1642,51.0,,0.0,,0.0,0.767,-16.5,0.1,0.0,0.2329999999999999,0.68,31.45,monitoring,0,31.95
1001004,1001,10,gmina łódzkie-południowy-01-04,11157,70.04,1565,42.1,,0.0,,0.0,0.72,-14.7,0.0,0.0,0.28,0.5613333333333334,31.94,monitoring,0,31.94
2416002,2416,24,gmina śląskie-centralny-16-02,3343,63.24,552,41.0,,0.0,,0.0,0.8,-17.2,0.1466666666666666,0.0,0.1999999999999999,0.5466666666666666,31.2,monitoring,0,31.933333333333334
1208006,1208,12,gmina małopolskie-wschodni-08-06,5903,63.85,1093,40.0,,0.0,,0.0,0.734,-16.7,0.1133333333333332,0.0,0.266,0.5333333333333333,31.36,monitoring,0,31.926666666666666
3013004,3013,30,gmina wielkopolskie-południowy-13-04,3187,65.29,551,36.3,,0.0,,0.0,0.802,-16.9,0.1266666666666665,0.0,0.1979999999999999,0.484,31.29,monitoring,0,31.923333333333332
2218003,2218,22,gmina pomorskie-północny-18-03,5852,69.94,1149,45.5,,0.0,,0.0,0.745,-14.8,0.0,0.0,0.255,0.6066666666666667,31.91,monitoring,0,31.91
1813006,1813,18,gmina podkarpackie-południowy-13-06,24101,70.0,4563,46.3,,0.0,,0.0,0.753,-13.9,0.0,0.0,0.247,0.6173333333333333,31.91,monitoring,0,31.91
1009001,1009,10,gmina łódzkie-zachodni-09-01,6709,60.31,1064,29.4,,0.0,,0.0,0.731,-18.0,0.2,0.0,0.269,0.3919999999999999,30.9,monitoring,0,31.9
220005,220,2,gmina dolnośląskie-wschodni-20-05,4368,73.21,918,37.6,,0.0,,0.0,0.8250000000000001,-13.9,0.0,0.0,0.1749999999999999,0.5013333333333333,31.9,monitoring,0,31.9
1017007,1017,10,gmina łódzkie-miejski-17-07,9777,64.06,1579,45.4,,0.0,,0.0,0.719,-16.3,0.0866666666666667,0.0,0.281,0.6053333333333333,31.46,monitoring,0,31.893333333333334
2412003,2412,24,gmina śląskie-północny-12-03,7008,65.83,1255,34.1,,0.0,,0.0,0.8130000000000001,-16.9,0.1266666666666665,0.0,0.1869999999999999,0.4546666666666666,31.25,monitoring,0,31.883333333333333
3212002,3212,32,gmina zachodniopomorskie-północny-12-02,8959,68.47,1926,41.1,,0.0,,0.0,0.755,-15.6,0.0399999999999999,0.0,0.245,0.548,31.68,monitoring,0,31.88
221007,221,2,gmina dolnośląskie-zachodni-21-07,10637,71.6,1891,37.6,,0.0,,0.0,0.759,-12.3,0.0,0.0,0.241,0.5013333333333333,31.88,monitoring,0,31.88
418007,418,4,gmina kujawsko-pomorskie-północny-18-07,13180,69.49,2131,47.8,,0.0,,0.0,0.747,-14.4,0.0,0.0,0.253,0.6373333333333333,31.87,monitoring,0,31.87
3221002,3221,32,gmina zachodniopomorskie-zachodni-21-02,7622,69.65,1455,38.9,,0.0,,0.0,0.6890000000000001,-13.4,0.0,0.0,0.3109999999999999,0.5186666666666666,31.86,monitoring,0,31.86
1805005,1805,18,gmina podkarpackie-miejski-05-05,19431,72.77,3609,38.5,,0.0,,0.0,0.8180000000000001,-14.0,0.0,0.0,0.1819999999999999,0.5133333333333333,31.86,monitoring,0,31.86
1816002,1816,18,gmina podkarpackie-centralny-16-02,12296,68.89,2168,45.2,,0.0,,0.0,0.706,-14.8,0.0,0.0,0.294,0.6026666666666667,31.84,monitoring,0,31.84
1608001,1608,16,gmina opolskie-wschodni-08-01,2590,67.32,490,45.4,,0.0,,0.0,0.795,-15.9,0.06,0.0,0.2049999999999999,0.6053333333333333,31.53,monitoring,0,31.830000000000002
3212003,3212,32,gmina zachodniopomorskie-północny-12-03,11438,66.69,1513,39.1,,0.0,,0.0,0.671,-15.6,0.0399999999999999,0.0,0.3289999999999999,0.5213333333333333,31.63,monitoring,0,31.83
220003,220,2,gmina dolnośląskie-wschodni-20-03,3953,71.24,636,39.3,,0.0,,0.0,0.764,-13.9,0.0,0.0,0.236,0.5239999999999999,31.82,monitoring,0,31.82
3206006,3206,32,gmina zachodniopomorskie-północny-06-06,11515,68.2,1726,40.2,,0.0,,0.0,0.778,-15.8,0.0533333333333333,0.0,0.2219999999999999,0.536,31.55,monitoring,0,31.816666666666666
2207003,2207,22,gmina pomorskie-południowy-07-03,8477,69.82,1528,49.1,,0.0,,0.0,0.794,-15.1,0.0066666666666666,0.0,0.2059999999999999,0.6546666666666667,31.78,monitoring,0,31.813333333333333
205006,205,2,gmina dolnośląskie-miejski-05-06,6290,66.28,1039,33.7,,0.0,,0.0,0.871,-17.1,0.1400000000000001,0.0,0.129,0.4493333333333333,31.11,monitoring,0,31.81
1022007,1022,10,gmina łódzkie-centralny-22-07,12067,64.6,1846,38.5,,0.0,,0.0,0.7010000000000001,-16.3,0.0866666666666667,0.0,0.2989999999999999,0.5133333333333333,31.37,monitoring,0,31.803333333333335
1209006,1209,12,gmina małopolskie-zachodni-09-06,30165,65.01,5198,29.0,,0.0,,0.0,0.801,-17.2,0.1466666666666666,0.0,0.1989999999999999,0.3866666666666666,31.07,monitoring,0,31.803333333333335
1823005,1823,18,gmina podkarpackie-miejski-23-05,4976,64.74,819,37.0,,0.0,,0.0,0.645,-16.0,0.0666666666666666,0.0,0.355,0.4933333333333333,31.46,monitoring,0,31.793333333333333
1008006,1008,10,gmina łódzkie-wschodni-08-06,4261,72.45,783,31.7,,0.0,,0.0,0.762,-13.5,0.0,0.0,0.238,0.4226666666666666,31.79,monitoring,0,31.79
811004,811,8,gmina lubuskie-miejski-11-04,15619,73.75,2880,27.6,,0.0,,0.0,0.791,-13.8,0.0,0.0,0.2089999999999999,0.368,31.75,monitoring,0,31.75
3004001,3004,30,gmina wielkopolskie-centralny-04-01,6180,69.87,1205,32.0,,0.0,,0.0,0.728,-15.4,0.0266666666666666,0.0,0.272,0.4266666666666667,31.61,monitoring,0,31.743333333333332
3214006,3214,32,gmina zachodniopomorskie-wschodni-14-06,9581,68.1,1357,46.7,,0.0,,0.0,0.6950000000000001,-14.9,0.0,0.0,0.3049999999999999,0.6226666666666667,31.74,monitoring,0,31.74
2203006,2203,22,gmina pomorskie-zachodni-03-06,10673,66.1,1535,48.0,,0.0,,0.0,0.62,-12.9,0.0,0.0,0.38,0.64,31.74,monitoring,0,31.74
1017006,1017,10,gmina łódzkie-miejski-17-06,10364,64.39,1874,40.0,,0.0,,0.0,0.711,-16.3,0.0866666666666667,0.0,0.289,0.5333333333333333,31.3,monitoring,0,31.733333333333334
2434002,2434,24,gmina śląskie-centralny-34-02,26701,70.45,4396,28.7,,0.0,,0.0,0.766,-15.6,0.0399999999999999,0.0,0.2339999999999999,0.3826666666666666,31.51,monitoring,0,31.71
211003,211,2,gmina dolnośląskie-miejski-11-03,4480,68.65,828,41.8,,0.0,,0.0,0.685,-13.4,0.0,0.0,0.3149999999999999,0.5573333333333333,31.71,monitoring,0,31.71
2202006,2202,22,gmina pomorskie-wschodni-02-06,17149,67.3,2540,41.4,,0.0,,0.0,0.645,-15.1,0.0066666666666666,0.0,0.355,0.5519999999999999,31.65,monitoring,0,31.68333333333333
1001006,1001,10,gmina łódzkie-południowy-01-06,8828,68.05,1533,44.2,,0.0,,0.0,0.681,-14.7,0.0,0.0,0.3189999999999999,0.5893333333333334,31.68,monitoring,0,31.68
1825006,1825,18,gmina podkarpackie-południowy-25-06,6623,66.85,1253,32.2,,0.0,,0.0,0.781,-16.4,0.0933333333333332,0.0,0.2189999999999999,0.4293333333333333,31.2,monitoring,0,31.666666666666664
3011006,3011,30,gmina wielkopolskie-miejski-11-06,5473,69.12,1054,45.4,,0.0,,0.0,0.805,-15.4,0.0266666666666666,0.0,0.1949999999999999,0.6053333333333333,31.53,monitoring,0,31.663333333333334
2210006,2210,22,gmina pomorskie-centralny-10-06,11439,68.65,2040,36.9,,0.0,,0.0,0.705,-15.3,0.02,0.0,0.295,0.492,31.56,monitoring,0,31.66
1002002,1002,10,gmina łódzkie-wschodni-02-02,9662,63.94,1688,35.7,,0.0,,0.0,0.855,-17.4,0.1599999999999999,0.0,0.145,0.476,30.86,monitoring,0,31.66
1217002,1217,12,gmina małopolskie-miejski-17-02,19644,68.15,3499,36.5,,0.0,,0.0,0.667,-15.2,0.0133333333333332,0.0,0.3329999999999999,0.4866666666666667,31.57,monitoring,0,31.636666666666667
414007,414,4,gmina kujawsko-pomorskie-wschodni-14-07,6930,68.0,1263,40.3,,0.0,,0.0,0.723,-15.4,0.0266666666666666,0.0,0.277,0.5373333333333333,31.5,monitoring,0,31.633333333333333
1214007,1214,12,gmina małopolskie-wschodni-14-07,4655,60.7,918,37.8,,0.0,,0.0,0.755,-17.5,0.1666666666666666,0.0,0.245,0.504,30.79,monitoring,0,31.62333333333333
1013006,1013,10,gmina łódzkie-południowy-13-06,6350,67.38,1022,48.1,,0.0,,0.0,0.774,-15.5,0.0333333333333333,0.0,0.2259999999999999,0.6413333333333333,31.45,monitoring,0,31.616666666666667
1015007,1015,10,gmina łódzkie-zachodni-15-07,11732,68.72,2020,43.2,,0.0,,0.0,0.743,-15.2,0.0133333333333332,0.0,0.257,0.5760000000000001,31.55,monitoring,0,31.616666666666667
3009001,3009,30,gmina wielkopolskie-zachodni-09-01,6862,65.05,1346,34.3,,0.0,,0.0,0.8290000000000001,-17.0,0.1333333333333333,0.0,0.1709999999999999,0.4573333333333333,30.94,monitoring,0,31.60666666666667
1205006,1205,12,gmina małopolskie-miejski-05-06,5041,68.3,921,45.6,,0.0,,0.0,0.778,-15.4,0.0266666666666666,0.0,0.2219999999999999,0.608,31.47,monitoring,0,31.60333333333333
1205007,1205,12,gmina małopolskie-miejski-05-07,11398,69.09,2306,36.7,,0.0,,0.0,0.746,-15.4,0.0266666666666666,0.0,0.254,0.4893333333333334,31.47,monitoring,0,31.60333333333333
422004,422,4,gmina kujawsko-pomorskie-centralny-22-04,2563,62.74,560,33.0,,0.0,,0.0,0.893,-18.0,0.2,0.0,0.1069999999999999,0.44,30.6,monitoring,0,31.6
205005,205,2,gmina dolnośląskie-miejski-05-05,1800,62.63,352,31.8,,0.0,,0.0,0.727,-17.1,0.1400000000000001,0.0,0.273,0.424,30.9,monitoring,0,31.599999999999998
1802003,1802,18,gmina podkarpackie-wschodni-02-03,3588,63.65,590,43.3,,0.0,,0.0,0.787,-16.7,0.1133333333333332,0.0,0.2129999999999999,0.5773333333333333,31.03,monitoring,0,31.596666666666668
1014004,1014,10,gmina łódzkie-wschodni-14-04,4095,67.42,754,42.7,,0.0,,0.0,0.653,-14.1,0.0,0.0,0.347,0.5693333333333334,31.59,monitoring,0,31.59
1820002,1820,18,gmina podkarpackie-wschodni-20-02,10787,61.34,1480,42.0,,0.0,,0.0,0.751,-17.1,0.1400000000000001,0.0,0.249,0.56,30.87,monitoring,0,31.57
1812006,1812,18,gmina podkarpackie-północny-12-06,20353,58.12,3179,28.4,,0.0,,0.0,0.738,-18.4,0.2266666666666665,0.0,0.262,0.3786666666666666,30.42,monitoring,0,31.553333333333335
1823004,1823,18,gmina podkarpackie-miejski-23-04,5701,68.5,1123,38.7,,0.0,,0.0,0.843,-16.0,0.0666666666666666,0.0,0.157,0.516,31.22,monitoring,0,31.55333333333333
229003,229,2,gmina dolnośląskie-miejski-29-03,3066,68.63,582,39.1,,0.0,,0.0,0.684,-15.0,0.0,0.0,0.3159999999999999,0.5213333333333333,31.53,monitoring,0,31.53
2414002,2414,24,gmina śląskie-wschodni-14-02,15850,70.45,2968,39.1,,0.0,,0.0,0.761,-14.5,0.0,0.0,0.239,0.5213333333333333,31.53,monitoring,0,31.53
3003005,3003,30,gmina wielkopolskie-zachodni-03-05,8138,67.28,1185,45.7,,0.0,,0.0,0.727,-15.3,0.02,0.0,0.273,0.6093333333333334,31.43,monitoring,0,31.53
2605004,2605,26,gmina świętokrzyskie-miejski-05-04,4265,66.81,736,36.6,,0.0,,0.0,0.744,-15.9,0.06,0.0,0.256,0.488,31.21,monitoring,0,31.51
810002,810,8,gmina lubuskie-centralny-10-02,5255,69.19,893,39.6,,0.0,,0.0,0.716,-14.9,0.0,0.0,0.284,0.528,31.49,monitoring,0,31.49
2607005,2607,26,gmina świętokrzyskie-południowy-07-05,3532,62.74,598,29.6,,0.0,,0.0,0.659,-16.7,0.1133333333333332,0.0,0.3409999999999999,0.3946666666666666,30.92,monitoring,0,31.486666666666668
1010003,1010,10,gmina łódzkie-centralny-10-03,3887,68.81,739,45.7,,0.0,,0.0,0.747,-13.0,0.0,0.0,0.253,0.6093333333333334,31.47,monitoring,0,31.47
2420006,2420,24,gmina śląskie-wschodni-20-06,17885,70.57,3037,30.6,,0.0,,0.0,0.744,-15.2,0.0133333333333332,0.0,0.256,0.408,31.4,monitoring,0,31.466666666666665
421003,421,4,gmina kujawsko-pomorskie-zachodni-21-03,12000,65.24,1935,20.3,,0.0,,0.0,0.767,-17.1,0.1400000000000001,0.0,0.2329999999999999,0.2706666666666666,30.76,monitoring,0,31.46
806006,806,8,gmina lubuskie-północny-06-06,9006,66.24,1316,40.4,,0.0,,0.0,0.737,-15.8,0.0533333333333333,0.0,0.263,0.5386666666666666,31.19,monitoring,0,31.456666666666667
2422003,2422,24,gmina śląskie-centralny-22-03,7097,69.4,1284,34.0,,0.0,,0.0,0.739,-15.3,0.02,0.0,0.261,0.4533333333333333,31.35,monitoring,0,31.450000000000003
2424001,2424,24,gmina śląskie-północny-24-01,4227,71.16,765,32.7,,0.0,,0.0,0.854,-15.6,0.0399999999999999,0.0,0.146,0.436,31.25,monitoring,0,31.45
1015001,1015,10,gmina łódzkie-zachodni-15-01,6136,70.21,1363,45.0,,0.0,,0.0,0.841,-15.2,0.0133333333333332,0.0,0.159,0.6,31.35,monitoring,0,31.416666666666668
1611002,1611,16,gmina opolskie-miejski-11-02,13765,68.15,1961,41.6,,0.0,,0.0,0.6960000000000001,-14.6,0.0,0.0,0.3039999999999999,0.5546666666666666,31.41,monitoring,0,31.41
2427001,2427,24,gmina śląskie-zachodni-27-01,4591,67.28,650,44.5,,0.0,,0.0,0.715,-15.2,0.0133333333333332,0.0,0.285,0.5933333333333334,31.34,monitoring,0,31.406666666666666
2614006,2614,26,gmina świętokrzyskie-wschodni-14-06,3968,65.08,547,44.8,,0.0,,0.0,0.781,-16.1,0.0733333333333334,0.0,0.2189999999999999,0.5973333333333333,31.01,monitoring,0,31.37666666666667
225004,225,2,gmina dolnośląskie-południowy-25-04,3421,62.32,630,32.2,,0.0,,0.0,0.775,-17.3,0.1533333333333333,0.0,0.2249999999999999,0.4293333333333333,30.61,monitoring,0,31.376666666666665
217004,217,2,gmina dolnośląskie-miejski-17-04,7882,71.12,1575,36.2,,0.0,,0.0,0.785,-12.9,0.0,0.0,0.2149999999999999,0.4826666666666667,31.37,monitoring,0,31.37
1023007,1023,10,gmina łódzkie-miejski-23-07,3330,68.66,580,40.7,,0.0,,0.0,0.801,-15.5,0.0333333333333333,0.0,0.1989999999999999,0.5426666666666667,31.2,monitoring,0,31.366666666666667
2209003,2209,22,gmina pomorskie-zachodni-09-03,5151,66.12,710,40.4,,0.0,,0.0,0.776,-16.0,0.0666666666666666,0.0,0.2239999999999999,0.5386666666666666,31.03,monitoring,0,31.363333333333333
1220004,1220,12,gmina małopolskie-wschodni-20-04,3602,63.65,541,33.2,,0.0,,0.0,0.653,-16.2,0.0799999999999999,0.0,0.347,0.4426666666666667,30.96,monitoring,0,31.36
1014002,1014,10,gmina łódzkie-wschodni-14-02,8124,67.59,1321,57.6,,0.0,,0.0,0.796,-14.1,0.0,0.0,0.2039999999999999,0.768,31.36,monitoring,0,31.36
218002,218,2,gmina dolnośląskie-północny-18-02,11887,62.15,1778,38.6,,0.0,,0.0,0.682,-16.5,0.1,0.0,0.3179999999999999,0.5146666666666667,30.85,monitoring,0,31.35
204004,204,2,gmina dolnośląskie-centralny-04-04,9983,66.37,1437,40.3,,0.0,,0.0,0.72,-15.6,0.0399999999999999,0.0,0.28,0.5373333333333333,31.15,monitoring,0,31.349999999999998
1202002,1202,12,gmina małopolskie-wschodni-02-02,6707,54.2,730,44.9,,0.0,,0.0,0.683,-18.2,0.2133333333333333,0.0,0.3169999999999999,0.5986666666666667,30.28,monitoring,0,31.346666666666668
2414005,2414,24,gmina śląskie-wschodni-14-05,4101,71.82,823,31.8,,0.0,,0.0,0.786,-14.5,0.0,0.0,0.2139999999999999,0.424,31.34,monitoring,0,31.34
1825004,1825,18,gmina podkarpackie-południowy-25-04,6947,65.05,1234,37.9,,0.0,,0.0,0.784,-16.4,0.0933333333333332,0.0,0.2159999999999999,0.5053333333333333,30.87,monitoring,0,31.336666666666666
1022003,1022,10,gmina łódzkie-centralny-22-03,5072,64.51,802,33.7,,0.0,,0.0,0.713,-16.3,0.0866666666666667,0.0,0.287,0.4493333333333333,30.9,monitoring,0,31.333333333333332
2413002,2413,24,gmina śląskie-południowy-13-02,4895,67.56,865,49.8,,0.0,,0.0,0.758,-15.1,0.0066666666666666,0.0,0.242,0.6639999999999999,31.29,monitoring,0,31.32333333333333
1608003,1608,16,gmina opolskie-wschodni-08-03,15526,67.66,2983,42.4,,0.0,,0.0,0.845,-15.9,0.06,0.0,0.155,0.5653333333333334,31.01,monitoring,0,31.310000000000002
407004,407,4,gmina kujawsko-pomorskie-południowy-07-04,9740,56.88,1344,34.7,,0.0,,0.0,0.674,-17.9,0.1933333333333332,0.0,0.3259999999999999,0.4626666666666667,30.34,monitoring,0,31.306666666666665
2204003,2204,22,gmina pomorskie-centralny-04-03,4619,70.63,955,31.4,,0.0,,0.0,0.737,-12.9,0.0,0.0,0.263,0.4186666666666666,31.3,monitoring,0,31.3
2415003,2415,24,gmina śląskie-zachodni-15-03,5806,61.28,997,39.1,,0.0,,0.0,0.758,-17.1,0.1400000000000001,0.0,0.242,0.5213333333333333,30.59,monitoring,0,31.29
1821004,1821,18,gmina podkarpackie-zachodni-21-04,5549,63.38,890,21.5,,0.0,,0.0,0.683,-16.9,0.1266666666666665,0.0,0.3169999999999999,0.2866666666666667,30.65,monitoring,0,31.28333333333333
1805007,1805,18,gmina podkarpackie-miejski-05-07,12989,68.35,2131,35.8,,0.0,,0.0,0.675,-14.0,0.0,0.0,0.3249999999999999,0.4773333333333333,31.28,monitoring,0,31.28
810001,810,8,gmina lubuskie-centralny-10-01,5006,69.34,927,38.7,,0.0,,0.0,0.741,-14.9,0.0,0.0,0.259,0.516,31.26,monitoring,0,31.26
229005,229,2,gmina dolnośląskie-miejski-29-05,13381,69.89,2319,33.1,,0.0,,0.0,0.723,-15.0,0.0,0.0,0.277,0.4413333333333333,31.26,monitoring,0,31.26
1824005,1824,18,gmina podkarpackie-północny-24-05,7282,65.16,1269,43.5,,0.0,,0.0,0.771,-16.0,0.0666666666666666,0.0,0.2289999999999999,0.58,30.92,monitoring,0,31.253333333333334
1019003,1019,10,gmina łódzkie-południowy-19-03,5093,66.44,999,23.5,,0.0,,0.0,0.747,-16.4,0.0933333333333332,0.0,0.253,0.3133333333333333,30.77,monitoring,0,31.236666666666665
2428006,2428,24,gmina śląskie-centralny-28-06,5844,62.83,1280,32.8,,0.0,,0.0,0.784,-17.1,0.1400000000000001,0.0,0.2159999999999999,0.4373333333333333,30.53,monitoring,0,31.23
2217001,2217,22,gmina pomorskie-miejski-17-01,3706,68.7,746,36.7,,0.0,,0.0,0.7030000000000001,-14.9,0.0,0.0,0.2969999999999999,0.4893333333333334,31.23,monitoring,0,31.23
1606006,1606,16,gmina opolskie-północny-06-06,23510,65.4,4430,30.4,,0.0,,0.0,0.808,-16.7,0.1133333333333332,0.0,0.1919999999999999,0.4053333333333333,30.65,monitoring,0,31.216666666666665
222004,222,2,gmina dolnośląskie-centralny-22-04,6282,66.14,995,42.5,,0.0,,0.0,0.776,-15.8,0.0533333333333333,0.0,0.2239999999999999,0.5666666666666667,30.94,monitoring,0,31.206666666666667
811006,811,8,gmina lubuskie-miejski-11-06,16071,68.51,2874,40.8,,0.0,,0.0,0.728,-13.8,0.0,0.0,0.272,0.5439999999999999,31.2,monitoring,0,31.2
1202005,1202,12,gmina małopolskie-wschodni-02-05,19662,59.57,3120,29.8,,0.0,,0.0,0.8150000000000001,-18.2,0.2133333333333333,0.0,0.1849999999999999,0.3973333333333333,30.13,monitoring,0,31.196666666666665
3201002,3201,32,gmina zachodniopomorskie-południowy-01-02,3528,69.66,720,29.5,,0.0,,0.0,0.6940000000000001,-14.3,0.0,0.0,0.3059999999999999,0.3933333333333333,31.19,monitoring,0,31.19
1820003,1820,18,gmina podkarpackie-wschodni-20-03,16738,62.37,2924,30.3,,0.0,,0.0,0.75,-17.1,0.1400000000000001,0.0,0.25,0.404,30.49,monitoring,0,31.189999999999998
3216006,3216,32,gmina zachodniopomorskie-centralny-16-06,11059,67.79,1870,44.1,,0.0,,0.0,0.724,-13.2,0.0,0.0,0.276,0.588,31.18,monitoring,0,31.18
1817006,1817,18,gmina podkarpackie-miejski-17-06,5728,69.16,960,32.1,,0.0,,0.0,0.6930000000000001,-12.9,0.0,0.0,0.3069999999999999,0.428,31.18,monitoring,0,31.18
208005,208,2,gmina dolnośląskie-wschodni-08-05,9305,60.23,1439,29.5,,0.0,,0.0,0.757,-17.7,0.1799999999999999,0.0,0.243,0.3933333333333333,30.28,monitoring,0,31.18
1207007,1207,12,gmina małopolskie-południowy-07-07,19966,71.16,3818,22.0,,0.0,,0.0,0.789,-15.5,0.0333333333333333,0.0,0.2109999999999999,0.2933333333333333,31.01,monitoring,0,31.17666666666667
2613005,2613,26,gmina świętokrzyskie-południowy-13-05,2084,61.95,291,44.7,,0.0,,0.0,0.705,-16.3,0.0866666666666667,0.0,0.295,0.5960000000000001,30.74,monitoring,0,31.173333333333332
212004,212,2,gmina dolnośląskie-północny-12-04,9425,64.18,1334,37.7,,0.0,,0.0,0.646,-15.7,0.0466666666666666,0.0,0.354,0.5026666666666667,30.93,monitoring,0,31.163333333333334
2214006,2214,22,gmina pomorskie-wschodni-14-06,4749,69.7,835,43.3,,0.0,,0.0,0.87,-15.4,0.0266666666666666,0.0,0.13,0.5773333333333333,31.02,monitoring,0,31.153333333333332
405001,405,4,gmina kujawsko-pomorskie-miejski-05-01,7319,57.41,1055,35.0,,0.0,,0.0,0.733,-18.0,0.2,0.0,0.267,0.4666666666666667,30.15,monitoring,0,31.15
1005006,1005,10,gmina łódzkie-miejski-05-06,10225,66.04,1827,48.6,,0.0,,0.0,0.705,-15.1,0.0066666666666666,0.0,0.295,0.648,31.11,monitoring,0,31.14333333333333
1802004,1802,18,gmina podkarpackie-wschodni-02-04,27974,63.76,4324,35.2,,0.0,,0.0,0.785,-16.7,0.1133333333333332,0.0,0.2149999999999999,0.4693333333333334,30.55,monitoring,0,31.116666666666667
420004,420,4,gmina kujawsko-pomorskie-wschodni-20-04,17688,68.91,3065,42.7,,0.0,,0.0,0.769,-14.7,0.0,0.0,0.2309999999999999,0.5693333333333334,31.11,monitoring,0,31.11
1019005,1019,10,gmina łódzkie-południowy-19-05,10405,63.65,1762,27.6,,0.0,,0.0,0.674,-16.4,0.0933333333333332,0.0,0.3259999999999999,0.368,30.64,monitoring,0,31.106666666666666
2427003,2427,24,gmina śląskie-zachodni-27-03,4097,66.4,626,38.6,,0.0,,0.0,0.667,-15.2,0.0133333333333332,0.0,0.3329999999999999,0.5146666666666667,31.04,monitoring,0,31.106666666666666
3013001,3013,30,gmina wielkopolskie-południowy-13-01,2393,61.6,387,44.8,,0.0,,0.0,0.801,-16.9,0.1266666666666665,0.0,0.1989999999999999,0.5973333333333333,30.47,monitoring,0,31.10333333333333
1218003,1218,12,gmina małopolskie-północny-18-03,7918,67.87,1315,45.9,,0.0,,0.0,0.75,-13.9,0.0,0.0,0.25,0.612,31.1,monitoring,0,31.1
2202005,2202,22,gmina pomorskie-wschodni-02-05,14812,69.31,2973,33.7,,0.0,,0.0,0.738,-15.1,0.0066666666666666,0.0,0.262,0.4493333333333333,31.06,monitoring,0,31.093333333333334
801002,801,8,gmina lubuskie-południowy-01-02,26121,67.71,4714,35.7,,0.0,,0.0,0.67,-14.9,0.0,0.0,0.3299999999999999,0.476,31.08,monitoring,0,31.08
2430005,2430,24,gmina śląskie-północny-30-05,7745,68.45,1643,37.4,,0.0,,0.0,0.868,-15.9,0.06,0.0,0.132,0.4986666666666666,30.77,monitoring,0,31.07
406001,406,4,gmina kujawsko-pomorskie-północny-06-01,7204,61.18,1045,39.0,,0.0,,0.0,0.6930000000000001,-16.6,0.1066666666666667,0.0,0.3069999999999999,0.52,30.53,monitoring,0,31.063333333333336
804005,804,8,gmina lubuskie-centralny-04-05,2383,67.83,401,47.3,,0.0,,0.0,0.769,-13.3,0.0,0.0,0.2309999999999999,0.6306666666666666,31.01,monitoring,0,31.01
1214002,1214,12,gmina małopolskie-wschodni-14-02,15489,59.99,2360,39.2,,0.0,,0.0,0.804,-17.5,0.1666666666666666,0.0,0.1959999999999999,0.5226666666666667,30.17,monitoring,0,31.003333333333334
2436006,2436,24,gmina śląskie-północny-36-06,9542,67.18,1899,36.1,,0.0,,0.0,0.746,-15.5,0.0333333333333333,0.0,0.254,0.4813333333333333,30.82,monitoring,0,30.986666666666668
1208007,1208,12,gmina małopolskie-wschodni-08-07,4978,64.02,834,33.7,,0.0,,0.0,0.799,-16.7,0.1133333333333332,0.0,0.2009999999999999,0.4493333333333333,30.42,monitoring,0,30.986666666666668
1203002,1203,12,gmina małopolskie-zachodni-03-02,9146,59.72,1389,28.5,,0.0,,0.0,0.665,-17.2,0.1466666666666666,0.0,0.3349999999999999,0.38,30.25,monitoring,0,30.983333333333334
2213006,2213,22,gmina pomorskie-południowy-13-06,7034,69.75,1577,36.2,,0.0,,0.0,0.771,-14.3,0.0,0.0,0.2289999999999999,0.4826666666666667,30.98,monitoring,0,30.98
3208003,3208,32,gmina zachodniopomorskie-wschodni-08-03,6386,71.24,1007,35.7,,0.0,,0.0,0.8310000000000001,-14.9,0.0,0.0,0.1689999999999999,0.476,30.97,monitoring,0,30.97
1817005,1817,18,gmina podkarpackie-miejski-17-05,45984,67.57,7075,45.1,,0.0,,0.0,0.746,-12.9,0.0,0.0,0.254,0.6013333333333334,30.97,monitoring,0,30.97
1004003,1004,10,gmina łódzkie-centralny-04-03,10553,66.81,1774,19.5,,0.0,,0.0,0.747,-16.3,0.0866666666666667,0.0,0.253,0.26,30.52,monitoring,0,30.953333333333333
2408003,2408,24,gmina śląskie-wschodni-08-03,19511,62.18,3293,41.9,,0.0,,0.0,0.752,-16.5,0.1,0.0,0.248,0.5586666666666666,30.45,monitoring,0,30.95
1024002,1024,10,gmina łódzkie-północny-24-02,17048,70.2,2839,31.7,,0.0,,0.0,0.76,-14.9,0.0,0.0,0.24,0.4226666666666666,30.95,monitoring,0,30.95
2425005,2425,24,gmina śląskie-południowy-25-05,5308,63.98,885,46.1,,0.0,,0.0,0.792,-16.1,0.0733333333333334,0.0,0.2079999999999999,0.6146666666666667,30.58,monitoring,0,30.946666666666665
203001,203,2,gmina dolnośląskie-zachodni-03-01,6315,61.35,1068,44.0,,0.0,,0.0,0.683,-16.2,0.0799999999999999,0.0,0.3169999999999999,0.5866666666666667,30.54,monitoring,0,30.939999999999998
417006,417,4,gmina kujawsko-pomorskie-miejski-17-06,10253,68.14,2067,36.4,,0.0,,0.0,0.846,-15.8,0.0533333333333333,0.0,0.154,0.4853333333333333,30.67,monitoring,0,30.936666666666667
1612005,1612,16,gmina opolskie-północny-12-05,3964,65.01,596,36.1,,0.0,,0.0,0.78,-16.2,0.0799999999999999,0.0,0.2199999999999999,0.4813333333333333,30.53,monitoring,0,30.93
3029005,3029,30,gmina wielkopolskie-miejski-29-05,15413,67.05,2650,41.0,,0.0,,0.0,0.784,-15.5,0.0333333333333333,0.0,0.2159999999999999,0.5466666666666666,30.76,monitoring,0,30.92666666666667
2220003,2220,22,gmina pomorskie-wschodni-20-03,5732,61.42,966,41.5,,0.0,,0.0,0.704,-16.4,0.0933333333333332,0.0,0.296,0.5533333333333333,30.45,monitoring,0,30.916666666666664
2405005,2405,24,gmina śląskie-miejski-05-05,5903,70.21,1054,46.7,,0.0,,0.0,0.876,-14.9,0.0,0.0,0.124,0.6226666666666667,30.91,monitoring,0,30.91
1220005,1220,12,gmina małopolskie-wschodni-20-05,12896,65.46,1966,33.8,,0.0,,0.0,0.786,-16.2,0.0799999999999999,0.0,0.2139999999999999,0.4506666666666666,30.49,monitoring,0,30.889999999999997
414001,414,4,gmina kujawsko-pomorskie-wschodni-14-01,5634,66.59,934,42.4,,0.0,,0.0,0.762,-15.4,0.0266666666666666,0.0,0.238,0.5653333333333334,30.75,monitoring,0,30.883333333333333
804003,804,8,gmina lubuskie-centralny-04-03,13467,68.41,2030,41.6,,0.0,,0.0,0.766,-13.3,0.0,0.0,0.2339999999999999,0.5546666666666666,30.88,monitoring,0,30.88
2424004,2424,24,gmina śląskie-północny-24-04,10670,67.56,2171,30.3,,0.0,,0.0,0.748,-15.6,0.0399999999999999,0.0,0.252,0.404,30.68,monitoring,0,30.88
2427005,2427,24,gmina śląskie-zachodni-27-05,14210,68.58,2804,42.6,,0.0,,0.0,0.8140000000000001,-15.2,0.0133333333333332,0.0,0.1859999999999999,0.5680000000000001,30.81,monitoring,0,30.876666666666665
2422002,2422,24,gmina śląskie-centralny-22-02,12439,67.52,2098,39.9,,0.0,,0.0,0.767,-15.3,0.02,0.0,0.2329999999999999,0.532,30.77,monitoring,0,30.87
2214004,2214,22,gmina pomorskie-wschodni-14-04,19842,65.59,2976,38.1,,0.0,,0.0,0.6910000000000001,-15.4,0.0266666666666666,0.0,0.3089999999999999,0.508,30.73,monitoring,0,30.863333333333333
1008007,1008,10,gmina łódzkie-wschodni-08-07,15787,68.79,3007,43.0,,0.0,,0.0,0.794,-13.5,0.0,0.0,0.2059999999999999,0.5733333333333334,30.86,monitoring,0,30.86
1803003,1803,18,gmina podkarpackie-zachodni-03-03,14633,62.89,2611,47.7,,0.0,,0.0,0.716,-15.8,0.0533333333333333,0.0,0.284,0.636,30.59,monitoring,0,30.856666666666666
802005,802,8,gmina lubuskie-wschodni-02-05,12939,68.53,1906,39.5,,0.0,,0.0,0.758,-14.4,0.0,0.0,0.242,0.5266666666666666,30.85,monitoring,0,30.85
3210006,3210,32,gmina zachodniopomorskie-centralny-10-06,1980,61.29,307,42.2,,0.0,,0.0,0.728,-16.5,0.1,0.0,0.272,0.5626666666666668,30.35,monitoring,0,30.85
1608002,1608,16,gmina opolskie-wschodni-08-02,17313,67.66,2649,32.5,,0.0,,0.0,0.8230000000000001,-15.9,0.06,0.0,0.1769999999999999,0.4333333333333333,30.55,monitoring,0,30.85
2421001,2421,24,gmina śląskie-zachodni-21-01,10550,63.07,2018,32.5,,0.0,,0.0,0.8170000000000001,-17.0,0.1333333333333333,0.0,0.1829999999999999,0.4333333333333333,30.18,monitoring,0,30.846666666666668
225006,225,2,gmina dolnośląskie-południowy-25-06,6622,61.84,1041,23.5,,0.0,,0.0,0.749,-17.3,0.1533333333333333,0.0,0.251,0.3133333333333333,30.08,monitoring,0,30.846666666666664
1607006,1607,16,gmina opolskie-południowy-07-06,6964,64.06,1116,33.0,,0.0,,0.0,0.795,-16.6,0.1066666666666667,0.0,0.2049999999999999,0.44,30.31,monitoring,0,30.843333333333334
1212004,1212,12,gmina małopolskie-północny-12-04,4472,68.02,832,39.0,,0.0,,0.0,0.734,-12.4,0.0,0.0,0.266,0.52,30.84,monitoring,0,30.84
1212002,1212,12,gmina małopolskie-północny-12-02,4141,68.35,779,42.0,,0.0,,0.0,0.77,-12.4,0.0,0.0,0.2299999999999999,0.56,30.84,monitoring,0,30.84
3004003,3004,30,gmina wielkopolskie-centralny-04-03,5373,65.48,824,36.8,,0.0,,0.0,0.68,-15.4,0.0266666666666666,0.0,0.3199999999999999,0.4906666666666666,30.7,monitoring,0,30.833333333333332
808006,808,8,gmina lubuskie-wschodni-08-06,3736,67.71,623,32.9,,0.0,,0.0,0.68,-14.1,0.0,0.0,0.3199999999999999,0.4386666666666666,30.8,monitoring,0,30.8
2614002,2614,26,gmina świętokrzyskie-wschodni-14-02,8335,63.43,1466,42.7,,0.0,,0.0,0.76,-16.1,0.0733333333333334,0.0,0.24,0.5693333333333334,30.43,monitoring,0,30.796666666666667
1605004,1605,16,gmina opolskie-miejski-05-04,10782,61.91,1899,33.8,,0.0,,0.0,0.8180000000000001,-17.2,0.1466666666666666,0.0,0.1819999999999999,0.4506666666666666,30.06,monitoring,0,30.793333333333333
1210002,1210,12,gmina małopolskie-centralny-10-02,19062,68.7,2991,26.9,,0.0,,0.0,0.732,-15.3,0.02,0.0,0.268,0.3586666666666666,30.67,monitoring,0,30.770000000000003
203002,203,2,gmina dolnośląskie-zachodni-03-02,6012,63.04,1023,50.9,,0.0,,0.0,0.8250000000000001,-16.2,0.0799999999999999,0.0,0.1749999999999999,0.6786666666666666,30.36,monitoring,0,30.759999999999998
3208006,3208,32,gmina zachodniopomorskie-wschodni-08-06,3376,67.89,512,34.8,,0.0,,0.0,0.708,-14.9,0.0,0.0,0.292,0.4639999999999999,30.75,monitoring,0,30.75
1018005,1018,10,gmina łódzkie-północny-18-05,4509,64.51,754,38.0,,0.0,,0.0,0.742,-15.9,0.06,0.0,0.258,0.5066666666666667,30.45,monitoring,0,30.75
225003,225,2,gmina dolnośląskie-południowy-25-03,3739,59.99,593,32.8,,0.0,,0.0,0.754,-17.3,0.1533333333333333,0.0,0.246,0.4373333333333333,29.96,monitoring,0,30.726666666666667
1015006,1015,10,gmina łódzkie-zachodni-15-06,4992,67.35,725,48.2,,0.0,,0.0,0.8220000000000001,-15.2,0.0133333333333332,0.0,0.1779999999999999,0.6426666666666667,30.65,monitoring,0,30.716666666666665
2206005,2206,22,gmina pomorskie-północny-06-05,4042,66.56,595,33.4,,0.0,,0.0,0.679,-15.2,0.0133333333333332,0.0,0.3209999999999999,0.4453333333333333,30.65,monitoring,0,30.716666666666665
2402006,2402,24,gmina śląskie-wschodni-02-06,6396,69.24,1090,30.1,,0.0,,0.0,0.752,-15.1,0.0066666666666666,0.0,0.248,0.4013333333333334,30.67,monitoring,0,30.703333333333333
1016002,1016,10,gmina łódzkie-centralny-16-02,4752,71.69,933,24.1,,0.0,,0.0,0.794,-15.0,0.0,0.0,0.2059999999999999,0.3213333333333333,30.7,monitoring,0,30.7
410001,410,4,gmina kujawsko-pomorskie-centralny-10-01,4050,69.16,772,35.7,,0.0,,0.0,0.775,-14.4,0.0,0.0,0.2249999999999999,0.476,30.69,monitoring,0,30.69
3214004,3214,32,gmina zachodniopomorskie-wschodni-14-04,4960,68.0,855,34.9,,0.0,,0.0,0.72,-14.9,0.0,0.0,0.28,0.4653333333333333,30.69,monitoring,0,30.69
1807005,1807,18,gmina podkarpackie-południowy-07-05,6636,64.49,1058,26.0,,0.0,,0.0,0.744,-16.4,0.0933333333333332,0.0,0.256,0.3466666666666667,30.22,monitoring,0,30.686666666666664
228007,228,2,gmina dolnośląskie-centralny-28-07,4551,55.53,566,38.4,,0.0,,0.0,0.715,-17.9,0.1933333333333332,0.0,0.285,0.512,29.71,monitoring,0,30.676666666666666
3010001,3010,30,gmina wielkopolskie-centralny-10-01,4198,58.05,671,40.8,,0.0,,0.0,0.924,-18.4,0.2266666666666665,0.0,0.0759999999999999,0.5439999999999999,29.54,monitoring,0,30.673333333333332
1016006,1016,10,gmina łódzkie-centralny-16-06,12516,70.27,2351,27.3,,0.0,,0.0,0.761,-15.0,0.0,0.0,0.239,0.364,30.67,monitoring,0,30.67
2436003,2436,24,gmina śląskie-północny-36-03,9255,65.23,1882,41.3,,0.0,,0.0,0.741,-15.5,0.0333333333333333,0.0,0.259,0.5506666666666666,30.47,monitoring,0,30.636666666666667
217003,217,2,gmina dolnośląskie-miejski-17-03,2637,67.51,496,31.5,,0.0,,0.0,0.68,-12.9,0.0,0.0,0.3199999999999999,0.42,30.63,monitoring,0,30.63
218004,218,2,gmina dolnośląskie-północny-18-04,6275,58.89,963,45.3,,0.0,,0.0,0.674,-16.5,0.1,0.0,0.3259999999999999,0.604,30.13,monitoring,0,30.63
811005,811,8,gmina lubuskie-miejski-11-05,6252,66.97,1194,46.5,,0.0,,0.0,0.77,-13.8,0.0,0.0,0.2299999999999999,0.62,30.62,monitoring,0,30.62
801003,801,8,gmina lubuskie-południowy-01-03,27055,69.04,4729,35.2,,0.0,,0.0,0.774,-14.9,0.0,0.0,0.2259999999999999,0.4693333333333334,30.62,monitoring,0,30.62
406007,406,4,gmina kujawsko-pomorskie-północny-06-07,5003,63.93,813,26.9,,0.0,,0.0,0.77,-16.6,0.1066666666666667,0.0,0.2299999999999999,0.3586666666666666,30.08,monitoring,0,30.613333333333333
227001,227,2,gmina dolnośląskie-zachodni-27-01,13966,62.01,2244,25.8,,0.0,,0.0,0.732,-16.9,0.1266666666666665,0.0,0.268,0.344,29.98,monitoring,0,30.613333333333333
1609003,1609,16,gmina opolskie-zachodni-09-03,6342,59.58,992,23.1,,0.0,,0.0,0.6940000000000001,-17.4,0.1599999999999999,0.0,0.3059999999999999,0.308,29.81,monitoring,0,30.61
1208001,1208,12,gmina małopolskie-wschodni-08-01,5727,60.37,753,36.3,,0.0,,0.0,0.707,-16.7,0.1133333333333332,0.0,0.293,0.484,30.04,monitoring,0,30.606666666666666
415001,415,4,gmina kujawsko-pomorskie-zachodni-15-01,5035,71.27,864,36.8,,0.0,,0.0,0.883,-15.0,0.0,0.0,0.1169999999999999,0.4906666666666666,30.59,monitoring,0,30.59
1023005,1023,10,gmina łódzkie-miejski-23-05,9900,66.55,1776,40.8,,0.0,,0.0,0.8,-15.5,0.0333333333333333,0.0,0.1999999999999999,0.5439999999999999,30.41,monitoring,0,30.576666666666668
1021005,1021,10,gmina łódzkie-zachodni-21-05,2796,68.03,545,32.1,,0.0,,0.0,0.713,-14.9,0.0,0.0,0.287,0.428,30.57,monitoring,0,30.57
418002,418,4,gmina kujawsko-pomorskie-północny-18-02,3650,67.65,574,36.4,,0.0,,0.0,0.73,-14.4,0.0,0.0,0.27,0.4853333333333333,30.56,monitoring,0,30.56
221003,221,2,gmina dolnośląskie-zachodni-21-03,9716,64.39,1690,46.5,,0.0,,0.0,0.669,-12.3,0.0,0.0,0.3309999999999999,0.62,30.55,monitoring,0,30.55
1218005,1218,12,gmina małopolskie-północny-18-05,5031,71.11,1012,24.1,,0.0,,0.0,0.791,-13.9,0.0,0.0,0.2089999999999999,0.3213333333333333,30.51,monitoring,0,30.51
1006001,1006,10,gmina łódzkie-północny-06-01,8659,67.01,1422,34.4,,0.0,,0.0,0.6940000000000001,-14.0,0.0,0.0,0.3059999999999999,0.4586666666666666,30.51,monitoring,0,30.51
2213001,2213,22,gmina pomorskie-południowy-13-01,11555,66.02,2393,37.9,,0.0,,0.0,0.678,-14.3,0.0,0.0,0.3219999999999999,0.5053333333333333,30.51,monitoring,0,30.51
215001,215,2,gmina dolnośląskie-zachodni-15-01,9595,62.41,1511,27.1,,0.0,,0.0,0.754,-16.8,0.12,0.0,0.246,0.3613333333333333,29.9,monitoring,0,30.5
3005004,3005,30,gmina wielkopolskie-miejski-05-04,141611,72.72,20633,17.3,,0.0,,0.0,0.812,-14.5,0.0,0.0,0.1879999999999999,0.2306666666666667,30.48,monitoring,0,30.48
3033003,3033,30,gmina wielkopolskie-zachodni-33-03,3738,67.86,700,35.6,,0.0,,0.0,0.743,-12.2,0.0,0.0,0.257,0.4746666666666667,30.47,monitoring,0,30.47
2413004,2413,24,gmina śląskie-południowy-13-04,5530,66.02,967,36.9,,0.0,,0.0,0.6940000000000001,-15.1,0.0066666666666666,0.0,0.3059999999999999,0.492,30.42,monitoring,0,30.453333333333333
1201006,1201,12,gmina małopolskie-południowy-01-06,9926,66.98,1657,30.9,,0.0,,0.0,0.6900000000000001,-15.1,0.0066666666666666,0.0,0.3099999999999999,0.412,30.42,monitoring,0,30.453333333333333
3022005,3022,30,gmina wielkopolskie-centralny-22-05,3528,58.65,615,33.0,,0.0,,0.0,0.713,-17.2,0.1466666666666666,0.0,0.287,0.44,29.71,monitoring,0,30.443333333333335
2218005,2218,22,gmina pomorskie-północny-18-05,3200,68.24,594,38.0,,0.0,,0.0,0.782,-14.8,0.0,0.0,0.2179999999999999,0.5066666666666667,30.43,monitoring,0,30.43
402001,402,4,gmina kujawsko-pomorskie-wschodni-02-01,1894,64.33,295,49.8,,0.0,,0.0,0.705,-14.8,0.0,0.0,0.295,0.6639999999999999,30.42,monitoring,0,30.42
1019007,1019,10,gmina łódzkie-południowy-19-07,7793,65.96,1444,22.5,,0.0,,0.0,0.811,-16.4,0.0933333333333332,0.0,0.1889999999999999,0.3,29.95,monitoring,0,30.416666666666664
2433005,2433,24,gmina śląskie-zachodni-33-05,5847,60.82,1092,28.2,,0.0,,0.0,0.807,-17.4,0.1599999999999999,0.0,0.1929999999999999,0.376,29.61,monitoring,0,30.41
3207005,3207,32,gmina zachodniopomorskie-południowy-07-05,6554,66.94,1088,44.7,,0.0,,0.0,0.779,-13.4,0.0,0.0,0.2209999999999999,0.5960000000000001,30.41,monitoring,0,30.41
1003004,1003,10,gmina łódzkie-zachodni-03-04,1996,62.73,353,50.5,,0.0,,0.0,0.747,-15.6,0.0399999999999999,0.0,0.253,0.6733333333333333,30.2,monitoring,0,30.4
2435002,2435,24,gmina śląskie-miejski-35-02,11989,63.12,1885,46.5,,0.0,,0.0,0.717,-15.5,0.0333333333333333,0.0,0.283,0.62,30.23,monitoring,0,30.39666666666667
1811001,1811,18,gmina podkarpackie-miejski-11-01,11917,68.49,2251,34.2,,0.0,,0.0,0.769,-14.5,0.0,0.0,0.2309999999999999,0.456,30.39,monitoring,0,30.39
407007,407,4,gmina kujawsko-pomorskie-południowy-07-07,3019,58.82,569,32.5,,0.0,,0.0,0.843,-17.9,0.1933333333333332,0.0,0.157,0.4333333333333333,29.41,monitoring,0,30.376666666666665
3211005,3211,32,gmina zachodniopomorskie-miejski-11-05,9606,61.69,1322,35.6,,0.0,,0.0,0.75,-16.5,0.1,0.0,0.25,0.4746666666666667,29.87,monitoring,0,30.37
2211005,2211,22,gmina pomorskie-miejski-11-05,7900,64.94,1355,33.2,,0.0,,0.0,0.717,-15.6,0.0399999999999999,0.0,0.283,0.4426666666666667,30.16,monitoring,0,30.36
1216007,1216,12,gmina małopolskie-centralny-16-07,5297,63.08,884,47.9,,0.0,,0.0,0.73,-15.5,0.0333333333333333,0.0,0.27,0.6386666666666666,30.19,monitoring,0,30.35666666666667
2217004,2217,22,gmina pomorskie-miejski-17-04,9347,66.21,1715,36.8,,0.0,,0.0,0.6960000000000001,-14.9,0.0,0.0,0.3039999999999999,0.4906666666666666,30.35,monitoring,0,30.35
1217007,1217,12,gmina małopolskie-miejski-17-07,7840,65.44,1102,31.0,,0.0,,0.0,0.655,-15.2,0.0133333333333332,0.0,0.345,0.4133333333333333,30.28,monitoring,0,30.346666666666668
411006,411,4,gmina kujawsko-pomorskie-miejski-11-06,5650,65.15,962,40.1,,0.0,,0.0,0.863,-16.1,0.0733333333333334,0.0,0.137,0.5346666666666667,29.98,monitoring,0,30.346666666666668
209005,209,2,gmina dolnośląskie-zachodni-09-05,7810,68.48,1513,44.4,,0.0,,0.0,0.85,-14.7,0.0,0.0,0.15,0.592,30.33,monitoring,0,30.33
3218002,3218,32,gmina zachodniopomorskie-północny-18-02,23605,67.07,3724,37.9,,0.0,,0.0,0.8290000000000001,-15.5,0.0333333333333333,0.0,0.1709999999999999,0.5053333333333333,30.15,monitoring,0,30.316666666666666
805004,805,8,gmina lubuskie-miejski-05-04,3490,67.9,729,34.9,,0.0,,0.0,0.774,-15.1,0.0066666666666666,0.0,0.2259999999999999,0.4653333333333333,30.28,monitoring,0,30.313333333333333
1020001,1020,10,gmina łódzkie-wschodni-20-01,14683,65.11,2807,43.4,,0.0,,0.0,0.772,-15.4,0.0266666666666666,0.0,0.2279999999999999,0.5786666666666667,30.17,monitoring,0,30.303333333333335
2401002,2401,24,gmina śląskie-południowy-01-02,8720,68.36,1538,35.3,,0.0,,0.0,0.798,-15.1,0.0066666666666666,0.0,0.2019999999999999,0.4706666666666666,30.27,monitoring,0,30.303333333333335
423002,423,4,gmina kujawsko-pomorskie-miejski-23-02,8173,55.87,1020,38.4,,0.0,,0.0,0.788,-18.0,0.2,0.0,0.2119999999999999,0.512,29.3,monitoring,0,30.3
1604006,1604,16,gmina opolskie-centralny-04-06,11535,63.38,1711,36.1,,0.0,,0.0,0.8160000000000001,-16.4,0.0933333333333332,0.0,0.1839999999999999,0.4813333333333333,29.83,monitoring,0,30.296666666666663
3005002,3005,30,gmina wielkopolskie-miejski-05-02,8667,69.22,1823,36.0,,0.0,,0.0,0.8240000000000001,-14.5,0.0,0.0,0.1759999999999999,0.48,30.29,monitoring,0,30.29
3006005,3006,30,gmina wielkopolskie-północny-06-05,10793,65.55,2185,48.1,,0.0,,0.0,0.76,-13.9,0.0,0.0,0.24,0.6413333333333333,30.28,monitoring,0,30.28
3003006,3003,30,gmina wielkopolskie-zachodni-03-06,10482,66.65,1885,42.7,,0.0,,0.0,0.8170000000000001,-15.3,0.02,0.0,0.1829999999999999,0.5693333333333334,30.18,monitoring,0,30.28
404004,404,4,gmina kujawsko-pomorskie-centralny-04-04,5826,53.67,809,37.4,,0.0,,0.0,0.775,-18.5,0.2333333333333333,0.0,0.2249999999999999,0.4986666666666666,29.11,monitoring,0,30.276666666666667
2418002,2418,24,gmina śląskie-północny-18-02,10552,65.48,1716,46.5,,0.0,,0.0,0.746,-14.0,0.0,0.0,0.254,0.62,30.27,monitoring,0,30.27
3206003,3206,32,gmina zachodniopomorskie-północny-06-03,12289,66.63,2036,34.5,,0.0,,0.0,0.842,-15.8,0.0533333333333333,0.0,0.158,0.46,30.0,monitoring,0,30.266666666666666
2611001,2611,26,gmina świętokrzyskie-miejski-11-01,3596,65.77,538,34.9,,0.0,,0.0,0.726,-15.3,0.02,0.0,0.274,0.4653333333333333,30.15,monitoring,0,30.25
411001,411,4,gmina kujawsko-pomorskie-miejski-11-01,2608,61.22,494,31.8,,0.0,,0.0,0.648,-16.1,0.0733333333333334,0.0,0.352,0.424,29.87,monitoring,0,30.236666666666668
222007,222,2,gmina dolnośląskie-centralny-22-07,3167,65.1,537,33.1,,0.0,,0.0,0.771,-15.8,0.0533333333333333,0.0,0.2289999999999999,0.4413333333333333,29.97,monitoring,0,30.236666666666665
1016007,1016,10,gmina łódzkie-centralny-16-07,6144,68.74,1195,33.5,,0.0,,0.0,0.792,-15.0,0.0,0.0,0.2079999999999999,0.4466666666666666,30.23,monitoring,0,30.23
2418001,2418,24,gmina śląskie-północny-18-01,5639,66.74,1076,40.9,,0.0,,0.0,0.762,-14.0,0.0,0.0,0.238,0.5453333333333333,30.23,monitoring,0,30.23
3026002,3026,30,gmina wielkopolskie-wschodni-26-02,3074,66.35,571,45.5,,0.0,,0.0,0.78,-13.5,0.0,0.0,0.2199999999999999,0.6066666666666667,30.23,monitoring,0,30.23
421002,421,4,gmina kujawsko-pomorskie-zachodni-21-02,5109,60.85,944,32.0,,0.0,,0.0,0.81,-17.1,0.1400000000000001,0.0,0.1899999999999999,0.4266666666666667,29.49,monitoring,0,30.189999999999998
1001005,1001,10,gmina łódzkie-południowy-01-05,6153,67.11,1152,34.1,,0.0,,0.0,0.733,-14.7,0.0,0.0,0.267,0.4546666666666666,30.18,monitoring,0,30.18
1803004,1803,18,gmina podkarpackie-zachodni-03-04,2258,63.12,374,39.3,,0.0,,0.0,0.739,-15.8,0.0533333333333333,0.0,0.261,0.5239999999999999,29.91,monitoring,0,30.176666666666666
3201003,3201,32,gmina zachodniopomorskie-południowy-01-03,19071,68.01,3918,43.2,,0.0,,0.0,0.839,-14.3,0.0,0.0,0.161,0.5760000000000001,30.17,monitoring,0,30.17
802006,802,8,gmina lubuskie-wschodni-02-06,2165,68.89,441,30.3,,0.0,,0.0,0.781,-14.4,0.0,0.0,0.2189999999999999,0.404,30.17,monitoring,0,30.17
1823006,1823,18,gmina podkarpackie-miejski-23-06,13467,65.1,2335,34.8,,0.0,,0.0,0.8270000000000001,-16.0,0.0666666666666666,0.0,0.1729999999999999,0.4639999999999999,29.81,monitoring,0,30.14333333333333
1601002,1601,16,gmina opolskie-południowy-01-02,5134,65.61,731,33.5,,0.0,,0.0,0.669,-13.5,0.0,0.0,0.3309999999999999,0.4466666666666666,30.14,monitoring,0,30.14
2210002,2210,22,gmina pomorskie-centralny-10-02,4259,62.37,590,46.3,,0.0,,0.0,0.679,-15.3,0.02,0.0,0.3209999999999999,0.6173333333333333,30.04,monitoring,0,30.14
1221007,1221,12,gmina małopolskie-zachodni-21-07,2568,63.06,391,37.6,,0.0,,0.0,0.78,-16.1,0.0733333333333334,0.0,0.2199999999999999,0.5013333333333333,29.77,monitoring,0,30.136666666666667
1201002,1201,12,gmina małopolskie-południowy-01-02,6985,67.56,1275,33.0,,0.0,,0.0,0.766,-15.1,0.0066666666666666,0.0,0.2339999999999999,0.44,30.1,monitoring,0,30.133333333333333
2612001,2612,26,gmina świętokrzyskie-północny-12-01,3518,63.82,599,41.5,,0.0,,0.0,0.8240000000000001,-16.0,0.0666666666666666,0.0,0.1759999999999999,0.5533333333333333,29.8,monitoring,0,30.133333333333333
1206001,1206,12,gmina małopolskie-północny-06-01,11501,53.69,1289,44.1,,0.0,,0.0,0.808,-18.3,0.22,0.0,0.1919999999999999,0.588,29.03,monitoring,0,30.130000000000003
3005005,3005,30,gmina wielkopolskie-miejski-05-05,8789,62.77,1427,47.9,,0.0,,0.0,0.657,-14.5,0.0,0.0,0.3429999999999999,0.6386666666666666,30.13,monitoring,0,30.13
3210004,3210,32,gmina zachodniopomorskie-centralny-10-04,24288,60.29,3438,35.5,,0.0,,0.0,0.716,-16.5,0.1,0.0,0.284,0.4733333333333333,29.63,monitoring,0,30.13
1021004,1021,10,gmina łódzkie-zachodni-21-04,3815,66.78,645,39.2,,0.0,,0.0,0.764,-14.9,0.0,0.0,0.236,0.5226666666666667,30.11,monitoring,0,30.11
1207004,1207,12,gmina małopolskie-południowy-07-04,7401,64.82,1271,36.7,,0.0,,0.0,0.749,-15.5,0.0333333333333333,0.0,0.251,0.4893333333333334,29.94,monitoring,0,30.10666666666667
1609006,1609,16,gmina opolskie-zachodni-09-06,9065,60.85,1450,24.2,,0.0,,0.0,0.8130000000000001,-17.4,0.1599999999999999,0.0,0.1869999999999999,0.3226666666666666,29.3,monitoring,0,30.1
2605003,2605,26,gmina świętokrzyskie-miejski-05-03,9439,63.52,1649,42.2,,0.0,,0.0,0.805,-15.9,0.06,0.0,0.1949999999999999,0.5626666666666668,29.79,monitoring,0,30.09
2427006,2427,24,gmina śląskie-zachodni-27-06,5339,63.83,801,40.8,,0.0,,0.0,0.6880000000000001,-15.2,0.0133333333333332,0.0,0.3119999999999999,0.5439999999999999,30.02,monitoring,0,30.086666666666666
1820004,1820,18,gmina podkarpackie-wschodni-20-04,5233,60.28,1016,32.1,,0.0,,0.0,0.798,-17.1,0.1400000000000001,0.0,0.2019999999999999,0.428,29.38,monitoring,0,30.08
1218004,1218,12,gmina małopolskie-północny-18-04,10541,67.21,1760,40.2,,0.0,,0.0,0.794,-13.9,0.0,0.0,0.2059999999999999,0.536,30.07,monitoring,0,30.07
808003,808,8,gmina lubuskie-wschodni-08-03,8793,65.96,1519,38.6,,0.0,,0.0,0.732,-14.1,0.0,0.0,0.268,0.5146666666666667,30.05,monitoring,0,30.05
1810003,1810,18,gmina podkarpackie-centralny-10-03,7514,53.55,1313,27.5,,0.0,,0.0,0.739,-18.6,0.2400000000000001,0.0,0.261,0.3666666666666666,28.85,monitoring,0,30.05
1017005,1017,10,gmina łódzkie-miejski-17-05,5955,63.37,1073,31.8,,0.0,,0.0,0.794,-16.3,0.0866666666666667,0.0,0.2059999999999999,0.424,29.61,monitoring,0,30.043333333333333
2215006,2215,22,gmina pomorskie-zachodni-15-06,8729,67.03,1464,37.1,,0.0,,0.0,0.767,-13.2,0.0,0.0,0.2329999999999999,0.4946666666666667,30.04,monitoring,0,30.04
3203006,3203,32,gmina zachodniopomorskie-zachodni-03-06,8057,65.56,1466,36.9,,0.0,,0.0,0.806,-15.6,0.0399999999999999,0.0,0.1939999999999999,0.492,29.84,monitoring,0,30.04
803002,803,8,gmina lubuskie-zachodni-03-02,19421,66.32,3436,39.4,,0.0,,0.0,0.755,-15.0,0.0,0.0,0.245,0.5253333333333333,30.03,monitoring,0,30.03
2608004,2608,26,gmina świętokrzyskie-wschodni-08-04,3887,63.51,740,42.8,,0.0,,0.0,0.748,-15.5,0.0333333333333333,0.0,0.252,0.5706666666666667,29.86,monitoring,0,30.026666666666667
2205002,2205,22,gmina pomorskie-miejski-05-02,5271,67.05,972,34.8,,0.0,,0.0,0.788,-15.2,0.0133333333333332,0.0,0.2119999999999999,0.4639999999999999,29.95,monitoring,0,30.016666666666666
1007007,1007,10,gmina łódzkie-południowy-07-07,15842,65.09,2909,25.5,,0.0,,0.0,0.603,-14.7,0.0,0.0,0.397,0.34,30.01,monitoring,0,30.01
1215002,1215,12,gmina małopolskie-zachodni-15-02,4286,52.75,549,27.8,,0.0,,0.0,0.747,-18.8,0.2533333333333333,0.0,0.253,0.3706666666666667,28.74,monitoring,0,30.006666666666664
3214001,3214,32,gmina zachodniopomorskie-wschodni-14-01,15255,70.06,2566,30.1,,0.0,,0.0,0.849,-14.9,0.0,0.0,0.151,0.4013333333333334,29.99,monitoring,0,29.99
2418006,2418,24,gmina śląskie-północny-18-06,4784,65.92,809,32.9,,0.0,,0.0,0.6950000000000001,-14.0,0.0,0.0,0.3049999999999999,0.4386666666666666,29.99,monitoring,0,29.99
3025003,3025,30,gmina wielkopolskie-południowy-25-03,8714,59.13,1282,41.6,,0.0,,0.0,0.6950000000000001,-16.3,0.0866666666666667,0.0,0.3049999999999999,0.5546666666666666,29.55,monitoring,0,29.983333333333334
211005,211,2,gmina dolnośląskie-miejski-11-05,8891,64.46,1438,50.9,,0.0,,0.0,0.768,-13.4,0.0,0.0,0.2319999999999999,0.6786666666666666,29.98,monitoring,0,29.98
2220001,2220,22,gmina pomorskie-wschodni-20-01,5971,61.42,980,30.4,,0.0,,0.0,0.727,-16.4,0.0933333333333332,0.0,0.273,0.4053333333333333,29.5,monitoring,0,29.966666666666665
1601004,1601,16,gmina opolskie-południowy-01-04,4790,65.94,896,38.6,,0.0,,0.0,0.741,-13.5,0.0,0.0,0.259,0.5146666666666667,29.96,monitoring,0,29.96
3002001,3002,30,gmina wielkopolskie-wschodni-02-01,7366,60.78,1151,39.8,,0.0,,0.0,0.652,-15.7,0.0466666666666666,0.0,0.348,0.5306666666666666,29.72,monitoring,0,29.953333333333333
3033002,3033,30,gmina wielkopolskie-zachodni-33-02,8048,65.47,1702,40.1,,0.0,,0.0,0.733,-12.2,0.0,0.0,0.267,0.5346666666666667,29.95,monitoring,0,29.95
2205001,2205,22,gmina pomorskie-miejski-05-01,5854,66.72,964,43.1,,0.0,,0.0,0.843,-15.2,0.0133333333333332,0.0,0.157,0.5746666666666667,29.88,monitoring,0,29.946666666666665
2409006,2409,24,gmina śląskie-zachodni-09-06,19818,59.31,3062,24.2,,0.0,,0.0,0.68,-16.9,0.1266666666666665,0.0,0.3199999999999999,0.3226666666666666,29.31,monitoring,0,29.94333333333333
2608002,2608,26,gmina świętokrzyskie-wschodni-08-02,8193,66.35,1697,28.6,,0.0,,0.0,0.772,-15.5,0.0333333333333333,0.0,0.2279999999999999,0.3813333333333333,29.77,monitoring,0,29.936666666666667
1202004,1202,12,gmina małopolskie-wschodni-02-04,9480,54.39,1338,33.1,,0.0,,0.0,0.761,-18.2,0.2133333333333333,0.0,0.239,0.4413333333333333,28.87,monitoring,0,29.936666666666667
1213002,1213,12,gmina małopolskie-południowy-13-02,7210,62.26,988,30.5,,0.0,,0.0,0.787,-16.5,0.1,0.0,0.2129999999999999,0.4066666666666667,29.41,monitoring,0,29.91
402006,402,4,gmina kujawsko-pomorskie-wschodni-02-06,7525,65.21,1197,39.9,,0.0,,0.0,0.726,-14.8,0.0,0.0,0.274,0.532,29.91,monitoring,0,29.91
2420005,2420,24,gmina śląskie-wschodni-20-05,20813,61.09,2926,61.2,,0.0,,0.0,0.744,-15.2,0.0133333333333332,0.0,0.256,0.8160000000000001,29.84,monitoring,0,29.906666666666666
1021006,1021,10,gmina łódzkie-zachodni-21-06,9850,66.49,1678,33.2,,0.0,,0.0,0.731,-14.9,0.0,0.0,0.269,0.4426666666666667,29.9,monitoring,0,29.9
2607006,2607,26,gmina świętokrzyskie-południowy-07-06,5930,60.72,1209,35.4,,0.0,,0.0,0.794,-16.7,0.1133333333333332,0.0,0.2059999999999999,0.472,29.33,monitoring,0,29.896666666666665
3018005,3018,30,gmina wielkopolskie-północny-18-05,9527,58.73,1268,29.7,,0.0,,0.0,0.685,-16.8,0.12,0.0,0.3149999999999999,0.3959999999999999,29.29,monitoring,0,29.89
2212006,2212,22,gmina pomorskie-północny-12-06,5105,63.46,810,29.9,,0.0,,0.0,0.717,-15.8,0.0533333333333333,0.0,0.283,0.3986666666666666,29.62,monitoring,0,29.886666666666667
229007,229,2,gmina dolnośląskie-miejski-29-07,3938,64.45,574,45.5,,0.0,,0.0,0.739,-15.0,0.0,0.0,0.261,0.6066666666666667,29.87,monitoring,0,29.87
1217006,1217,12,gmina małopolskie-miejski-17-06,9007,64.45,1325,39.4,,0.0,,0.0,0.731,-15.2,0.0133333333333332,0.0,0.269,0.5253333333333333,29.78,monitoring,0,29.846666666666668
2415001,2415,24,gmina śląskie-zachodni-15-01,4843,59.08,751,39.5,,0.0,,0.0,0.8300000000000001,-17.1,0.1400000000000001,0.0,0.1699999999999999,0.5266666666666666,29.13,monitoring,0,29.83
1806001,1806,18,gmina podkarpackie-północny-06-01,14193,56.15,2143,36.8,,0.0,,0.0,0.874,-18.2,0.2133333333333333,0.0,0.126,0.4906666666666666,28.76,monitoring,0,29.826666666666668
3018003,3018,30,gmina wielkopolskie-północny-18-03,48689,64.14,7010,17.5,,0.0,,0.0,0.834,-16.8,0.12,0.0,0.166,0.2333333333333333,29.19,monitoring,0,29.790000000000003
2414004,2414,24,gmina śląskie-wschodni-14-04,11721,65.96,1875,36.7,,0.0,,0.0,0.747,-14.5,0.0,0.0,0.253,0.4893333333333334,29.79,monitoring,0,29.79
2207002,2207,22,gmina pomorskie-południowy-07-02,22881,67.43,4010,30.7,,0.0,,0.0,0.783,-15.1,0.0066666666666666,0.0,0.2169999999999999,0.4093333333333333,29.74,monitoring,0,29.773333333333333
421005,421,4,gmina kujawsko-pomorskie-zachodni-21-05,4154,59.15,732,33.9,,0.0,,0.0,0.799,-17.1,0.1400000000000001,0.0,0.2009999999999999,0.4519999999999999,29.07,monitoring,0,29.77
2202003,2202,22,gmina pomorskie-wschodni-02-03,3444,64.19,656,46.5,,0.0,,0.0,0.765,-15.1,0.0066666666666666,0.0,0.235,0.62,29.73,monitoring,0,29.763333333333335
2213002,2213,22,gmina pomorskie-południowy-13-02,9083,67.52,1857,26.8,,0.0,,0.0,0.745,-14.3,0.0,0.0,0.255,0.3573333333333333,29.74,monitoring,0,29.74
1220003,1220,12,gmina małopolskie-wschodni-20-03,9405,61.46,1262,36.2,,0.0,,0.0,0.764,-16.2,0.0799999999999999,0.0,0.236,0.4826666666666667,29.33,monitoring,0,29.729999999999997
2410006,2410,24,gmina śląskie-centralny-10-06,8913,63.53,1424,34.9,,0.0,,0.0,0.774,-15.8,0.0533333333333333,0.0,0.2259999999999999,0.4653333333333333,29.46,monitoring,0,29.726666666666667
210003,210,2,gmina dolnośląskie-centralny-10-03,10003,62.78,1824,39.5,,0.0,,0.0,0.863,-16.3,0.0866666666666667,0.0,0.137,0.5266666666666666,29.28,monitoring,0,29.713333333333335
1021001,1021,10,gmina łódzkie-zachodni-21-01,13865,63.63,2344,39.1,,0.0,,0.0,0.675,-14.9,0.0,0.0,0.3249999999999999,0.5213333333333333,29.71,monitoring,0,29.71
3002002,3002,30,gmina wielkopolskie-wschodni-02-02,4926,64.36,822,33.8,,0.0,,0.0,0.787,-15.7,0.0466666666666666,0.0,0.2129999999999999,0.4506666666666666,29.47,monitoring,0,29.703333333333333
3002005,3002,30,gmina wielkopolskie-wschodni-02-05,5890,62.58,1056,28.5,,0.0,,0.0,0.672,-15.7,0.0466666666666666,0.0,0.3279999999999999,0.38,29.47,monitoring,0,29.703333333333333
1006003,1006,10,gmina łódzkie-północny-06-03,8340,66.18,1669,28.1,,0.0,,0.0,0.7020000000000001,-14.0,0.0,0.0,0.2979999999999999,0.3746666666666667,29.7,monitoring,0,29.7
1808002,1808,18,gmina podkarpackie-wschodni-08-02,7509,66.37,1037,43.7,,0.0,,0.0,0.8260000000000001,-14.4,0.0,0.0,0.1739999999999999,0.5826666666666667,29.7,monitoring,0,29.7
3026006,3026,30,gmina wielkopolskie-wschodni-26-06,9463,64.59,1533,36.4,,0.0,,0.0,0.6970000000000001,-13.5,0.0,0.0,0.3029999999999999,0.4853333333333333,29.7,monitoring,0,29.7
1010002,1010,10,gmina łódzkie-centralny-10-02,15527,67.94,2949,29.6,,0.0,,0.0,0.789,-13.0,0.0,0.0,0.2109999999999999,0.3946666666666666,29.69,monitoring,0,29.69
212001,212,2,gmina dolnośląskie-północny-12-01,19850,64.45,3319,29.1,,0.0,,0.0,0.758,-15.7,0.0466666666666666,0.0,0.242,0.388,29.45,monitoring,0,29.683333333333334
3020003,3020,30,gmina wielkopolskie-wschodni-20-03,14172,54.19,2356,29.8,,0.0,,0.0,0.8270000000000001,-18.6,0.2400000000000001,0.0,0.1729999999999999,0.3973333333333333,28.46,monitoring,0,29.66
1024006,1024,10,gmina łódzkie-północny-24-06,7777,65.95,956,33.1,,0.0,,0.0,0.734,-14.9,0.0,0.0,0.266,0.4413333333333333,29.66,monitoring,0,29.66
205004,205,2,gmina dolnośląskie-miejski-05-04,4113,55.66,697,42.9,,0.0,,0.0,0.73,-17.1,0.1400000000000001,0.0,0.27,0.572,28.96,monitoring,0,29.66
3218006,3218,32,gmina zachodniopomorskie-północny-18-06,4249,63.93,580,30.7,,0.0,,0.0,0.718,-15.5,0.0333333333333333,0.0,0.282,0.4093333333333333,29.48,monitoring,0,29.64666666666667
1808005,1808,18,gmina podkarpackie-wschodni-08-05,17401,66.81,3450,28.3,,0.0,,0.0,0.737,-14.4,0.0,0.0,0.263,0.3773333333333333,29.64,monitoring,0,29.64
2218006,2218,22,gmina pomorskie-północny-18-06,55957,68.65,8330,14.2,,0.0,,0.0,0.71,-14.8,0.0,0.0,0.29,0.1893333333333333,29.64,monitoring,0,29.64
3016004,3016,30,gmina wielkopolskie-centralny-16-04,12574,55.45,2058,25.2,,0.0,,0.0,0.713,-17.8,0.1866666666666667,0.0,0.287,0.3359999999999999,28.69,monitoring,0,29.623333333333335
1219005,1219,12,gmina małopolskie-południowy-19-05,12965,65.65,2444,35.7,,0.0,,0.0,0.745,-14.6,0.0,0.0,0.255,0.476,29.62,monitoring,0,29.62
1601007,1601,16,gmina opolskie-południowy-01-07,7592,65.59,1229,31.9,,0.0,,0.0,0.717,-13.5,0.0,0.0,0.283,0.4253333333333333,29.6,monitoring,0,29.6
1810006,1810,18,gmina podkarpackie-centralny-10-06,17649,52.38,2965,24.6,,0.0,,0.0,0.718,-18.6,0.2400000000000001,0.0,0.282,0.328,28.4,monitoring,0,29.599999999999998
1802006,1802,18,gmina podkarpackie-wschodni-02-06,17985,58.37,2755,31.8,,0.0,,0.0,0.7020000000000001,-16.7,0.1133333333333332,0.0,0.2979999999999999,0.424,29.02,monitoring,0,29.586666666666666
1003003,1003,10,gmina łódzkie-zachodni-03-03,5853,63.56,1099,29.9,,0.0,,0.0,0.721,-15.6,0.0399999999999999,0.0,0.279,0.3986666666666666,29.38,monitoring,0,29.58
217006,217,2,gmina dolnośląskie-miejski-17-06,11463,65.37,2009,39.4,,0.0,,0.0,0.765,-12.9,0.0,0.0,0.235,0.5253333333333333,29.58,monitoring,0,29.58
417001,417,4,gmina kujawsko-pomorskie-miejski-17-01,5047,61.53,848,42.6,,0.0,,0.0,0.767,-15.8,0.0533333333333333,0.0,0.2329999999999999,0.5680000000000001,29.28,monitoring,0,29.546666666666667
1817003,1817,18,gmina podkarpackie-miejski-17-03,8718,66.19,1565,40.1,,0.0,,0.0,0.81,-12.9,0.0,0.0,0.1899999999999999,0.5346666666666667,29.54,monitoring,0,29.54
2435003,2435,24,gmina śląskie-miejski-35-03,2889,65.7,510,30.9,,0.0,,0.0,0.806,-15.5,0.0333333333333333,0.0,0.1939999999999999,0.412,29.37,monitoring,0,29.53666666666667
2205003,2205,22,gmina pomorskie-miejski-05-03,9046,67.54,1585,29.8,,0.0,,0.0,0.8250000000000001,-15.2,0.0133333333333332,0.0,0.1749999999999999,0.3973333333333333,29.47,monitoring,0,29.536666666666665
1816001,1816,18,gmina podkarpackie-centralny-16-01,6827,63.5,1063,46.8,,0.0,,0.0,0.747,-14.8,0.0,0.0,0.253,0.624,29.53,monitoring,0,29.53
1219006,1219,12,gmina małopolskie-południowy-19-06,10585,64.48,1737,41.6,,0.0,,0.0,0.75,-14.6,0.0,0.0,0.25,0.5546666666666666,29.53,monitoring,0,29.53
403004,403,4,gmina kujawsko-pomorskie-zachodni-03-04,9310,65.29,1502,31.0,,0.0,,0.0,0.791,-15.5,0.0333333333333333,0.0,0.2089999999999999,0.4133333333333333,29.36,monitoring,0,29.526666666666667
1217001,1217,12,gmina małopolskie-miejski-17-01,5821,64.87,889,36.8,,0.0,,0.0,0.765,-15.2,0.0133333333333332,0.0,0.235,0.4906666666666666,29.46,monitoring,0,29.526666666666667
1817001,1817,18,gmina podkarpackie-miejski-17-01,7766,67.23,1604,28.2,,0.0,,0.0,0.769,-12.9,0.0,0.0,0.2309999999999999,0.376,29.51,monitoring,0,29.51
1601001,1601,16,gmina opolskie-południowy-01-01,11190,69.08,1882,26.9,,0.0,,0.0,0.837,-13.5,0.0,0.0,0.163,0.3586666666666666,29.51,monitoring,0,29.51
814001,814,8,gmina lubuskie-wschodni-14-01,10352,66.73,1793,33.9,,0.0,,0.0,0.841,-15.3,0.02,0.0,0.159,0.4519999999999999,29.41,monitoring,0,29.51
216004,216,2,gmina dolnośląskie-centralny-16-04,6911,67.07,1455,31.1,,0.0,,0.0,0.8180000000000001,-15.2,0.0133333333333332,0.0,0.1819999999999999,0.4146666666666667,29.44,monitoring,0,29.506666666666668
3009006,3009,30,gmina wielkopolskie-zachodni-09-06,12455,57.64,1862,24.9,,0.0,,0.0,0.683,-17.0,0.1333333333333333,0.0,0.3169999999999999,0.3319999999999999,28.82,monitoring,0,29.486666666666668
1024007,1024,10,gmina łódzkie-północny-24-07,5058,64.42,659,37.6,,0.0,,0.0,0.726,-14.9,0.0,0.0,0.274,0.5013333333333333,29.45,monitoring,0,29.45
3205006,3205,32,gmina zachodniopomorskie-miejski-05-06,17126,63.51,2950,39.2,,0.0,,0.0,0.7020000000000001,-14.6,0.0,0.0,0.2979999999999999,0.5226666666666667,29.43,monitoring,0,29.43
214002,214,2,gmina dolnośląskie-wschodni-14-02,6965,64.67,1195,24.8,,0.0,,0.0,0.764,-15.7,0.0466666666666666,0.0,0.236,0.3306666666666666,29.19,monitoring,0,29.423333333333336
2203004,2203,22,gmina pomorskie-zachodni-03-04,3471,63.85,676,47.9,,0.0,,0.0,0.782,-12.9,0.0,0.0,0.2179999999999999,0.6386666666666666,29.42,monitoring,0,29.42
1019002,1019,10,gmina łódzkie-południowy-19-02,4211,60.38,652,32.9,,0.0,,0.0,0.764,-16.4,0.0933333333333332,0.0,0.236,0.4386666666666666,28.94,monitoring,0,29.406666666666666
2423005,2423,24,gmina śląskie-miejski-23-05,13811,62.13,2167,21.8,,0.0,,0.0,0.879,-17.1,0.1400000000000001,0.0,0.121,0.2906666666666667,28.67,monitoring,0,29.37
1221002,1221,12,gmina małopolskie-zachodni-21-02,7439,61.24,1163,30.5,,0.0,,0.0,0.736,-16.1,0.0733333333333334,0.0,0.264,0.4066666666666667,29.0,monitoring,0,29.366666666666667
2603005,2603,26,gmina świętokrzyskie-zachodni-03-05,6441,58.85,1222,16.8,,0.0,,0.0,0.773,-17.5,0.1666666666666666,0.0,0.2269999999999999,0.224,28.53,monitoring,0,29.363333333333333
1801007,1801,18,gmina podkarpackie-południowy-01-07,9804,60.31,1534,42.3,,0.0,,0.0,0.769,-16.0,0.0666666666666666,0.0,0.2309999999999999,0.564,29.02,monitoring,0,29.35333333333333
1808006,1808,18,gmina podkarpackie-wschodni-08-06,5774,66.05,994,28.6,,0.0,,0.0,0.74,-14.4,0.0,0.0,0.26,0.3813333333333333,29.35,monitoring,0,29.35
215006,215,2,gmina dolnośląskie-zachodni-15-06,7536,62.07,1165,30.9,,0.0,,0.0,0.895,-16.8,0.12,0.0,0.1049999999999999,0.412,28.75,monitoring,0,29.35
420006,420,4,gmina kujawsko-pomorskie-wschodni-20-06,14482,64.17,2389,33.4,,0.0,,0.0,0.6970000000000001,-14.7,0.0,0.0,0.3029999999999999,0.4453333333333333,29.34,monitoring,0,29.34
2204004,2204,22,gmina pomorskie-centralny-04-04,15210,63.21,2851,33.9,,0.0,,0.0,0.66,-12.9,0.0,0.0,0.3399999999999999,0.4519999999999999,29.34,monitoring,0,29.34
3006003,3006,30,gmina wielkopolskie-północny-06-03,10471,63.51,1563,32.7,,0.0,,0.0,0.664,-13.9,0.0,0.0,0.3359999999999999,0.436,29.34,monitoring,0,29.34
402005,402,4,gmina kujawsko-pomorskie-wschodni-02-05,1813,65.28,296,31.4,,0.0,,0.0,0.73,-14.8,0.0,0.0,0.27,0.4186666666666666,29.33,monitoring,0,29.33
1012004,1012,10,gmina łódzkie-północny-12-04,5041,57.59,750,22.5,,0.0,,0.0,0.834,-17.9,0.1933333333333332,0.0,0.166,0.3,28.36,monitoring,0,29.326666666666664
2208003,2208,22,gmina pomorskie-wschodni-08-03,3077,62.68,496,22.9,,0.0,,0.0,0.679,-15.7,0.0466666666666666,0.0,0.3209999999999999,0.3053333333333333,29.07,monitoring,0,29.303333333333335
2603001,2603,26,gmina świętokrzyskie-zachodni-03-01,6964,56.31,1072,34.6,,0.0,,0.0,0.804,-17.5,0.1666666666666666,0.0,0.1959999999999999,0.4613333333333334,28.47,monitoring,0,29.30333333333333
211002,211,2,gmina dolnośląskie-miejski-11-02,5051,62.82,835,45.5,,0.0,,0.0,0.735,-13.4,0.0,0.0,0.265,0.6066666666666667,29.29,monitoring,0,29.29
3017006,3017,30,gmina wielkopolskie-miejski-17-06,2812,60.77,533,24.5,,0.0,,0.0,0.7000000000000001,-16.2,0.0799999999999999,0.0,0.2999999999999999,0.3266666666666666,28.87,monitoring,0,29.27
2203001,2203,22,gmina pomorskie-zachodni-03-01,9241,64.84,1480,31.1,,0.0,,0.0,0.717,-12.9,0.0,0.0,0.283,0.4146666666666667,29.26,monitoring,0,29.26
401001,401,4,gmina kujawsko-pomorskie-południowy-01-01,21551,52.26,2931,28.3,,0.0,,0.0,0.8300000000000001,-18.9,0.2599999999999999,0.0,0.1699999999999999,0.3773333333333333,27.96,monitoring,0,29.26
2608005,2608,26,gmina świętokrzyskie-wschodni-08-05,20492,63.02,3900,31.6,,0.0,,0.0,0.729,-15.5,0.0333333333333333,0.0,0.271,0.4213333333333333,29.09,monitoring,0,29.256666666666668
212007,212,2,gmina dolnośląskie-północny-12-07,13264,62.74,2460,37.5,,0.0,,0.0,0.797,-15.7,0.0466666666666666,0.0,0.2029999999999999,0.5,29.01,monitoring,0,29.243333333333336
2408004,2408,24,gmina śląskie-wschodni-08-04,9435,60.52,1483,37.5,,0.0,,0.0,0.84,-16.5,0.1,0.0,0.16,0.5,28.74,monitoring,0,29.24
2202004,2202,22,gmina pomorskie-wschodni-02-04,7109,64.09,1209,36.3,,0.0,,0.0,0.744,-15.1,0.0066666666666666,0.0,0.256,0.484,29.2,monitoring,0,29.233333333333334
3208004,3208,32,gmina zachodniopomorskie-wschodni-08-04,12216,63.93,2269,36.8,,0.0,,0.0,0.724,-14.9,0.0,0.0,0.276,0.4906666666666666,29.23,monitoring,0,29.23
801007,801,8,gmina lubuskie-południowy-01-07,13893,63.16,2636,36.6,,0.0,,0.0,0.6920000000000001,-14.9,0.0,0.0,0.3079999999999999,0.488,29.21,monitoring,0,29.21
809002,809,8,gmina lubuskie-zachodni-09-02,5349,59.93,1005,35.0,,0.0,,0.0,0.63,-15.5,0.0333333333333333,0.0,0.37,0.4666666666666667,29.04,monitoring,0,29.206666666666667
3010004,3010,30,gmina wielkopolskie-centralny-10-04,4206,52.73,504,29.4,,0.0,,0.0,0.781,-18.4,0.2266666666666665,0.0,0.2189999999999999,0.3919999999999999,28.05,monitoring,0,29.183333333333334
415003,415,4,gmina kujawsko-pomorskie-zachodni-15-03,10332,64.36,1671,46.7,,0.0,,0.0,0.8210000000000001,-15.0,0.0,0.0,0.1789999999999999,0.6226666666666667,29.18,monitoring,0,29.18
216006,216,2,gmina dolnośląskie-centralny-16-06,3568,61.55,557,39.5,,0.0,,0.0,0.684,-15.2,0.0133333333333332,0.0,0.3159999999999999,0.5266666666666666,29.11,monitoring,0,29.176666666666666
2411006,2411,24,gmina śląskie-miejski-11-06,11585,60.8,1907,35.8,,0.0,,0.0,0.767,-16.0,0.0666666666666666,0.0,0.2329999999999999,0.4773333333333333,28.79,monitoring,0,29.12333333333333
216001,216,2,gmina dolnośląskie-centralny-16-01,3573,62.54,601,45.9,,0.0,,0.0,0.779,-15.2,0.0133333333333332,0.0,0.2209999999999999,0.612,29.05,monitoring,0,29.116666666666667
214001,214,2,gmina dolnośląskie-wschodni-14-01,7228,63.45,1169,30.0,,0.0,,0.0,0.786,-15.7,0.0466666666666666,0.0,0.2139999999999999,0.4,28.88,monitoring,0,29.113333333333333
1212006,1212,12,gmina małopolskie-północny-12-06,5315,66.62,836,38.3,,0.0,,0.0,0.862,-12.4,0.0,0.0,0.138,0.5106666666666666,29.11,monitoring,0,29.11
2429001,2429,24,gmina śląskie-miejski-29-01,11564,60.99,1766,45.4,,0.0,,0.0,0.746,-15.4,0.0266666666666666,0.0,0.254,0.6053333333333333,28.97,monitoring,0,29.10333333333333
1001002,1001,10,gmina łódzkie-południowy-01-02,7802,63.76,1403,35.3,,0.0,,0.0,0.72,-14.7,0.0,0.0,0.28,0.4706666666666666,29.1,monitoring,0,29.1
1016004,1016,10,gmina łódzkie-centralny-16-04,14256,62.7,2198,43.5,,0.0,,0.0,0.738,-15.0,0.0,0.0,0.262,0.58,29.08,monitoring,0,29.08
2417003,2417,24,gmina śląskie-miejski-17-03,13013,64.19,2070,36.3,,0.0,,0.0,0.748,-13.9,0.0,0.0,0.252,0.484,29.08,monitoring,0,29.08
406002,406,4,gmina kujawsko-pomorskie-północny-06-02,20251,61.45,3422,21.5,,0.0,,0.0,0.796,-16.6,0.1066666666666667,0.0,0.2039999999999999,0.2866666666666667,28.54,monitoring,0,29.073333333333334
3032005,3032,30,gmina wielkopolskie-wschodni-32-05,21048,56.32,3269,27.5,,0.0,,0.0,0.8290000000000001,-17.8,0.1866666666666667,0.0,0.1709999999999999,0.3666666666666666,28.13,monitoring,0,29.063333333333333
2204001,2204,22,gmina pomorskie-centralny-04-01,7201,64.39,1149,44.2,,0.0,,0.0,0.8170000000000001,-12.9,0.0,0.0,0.1829999999999999,0.5893333333333334,29.06,monitoring,0,29.06
408003,408,4,gmina kujawsko-pomorskie-wschodni-08-03,6156,65.51,1114,31.9,,0.0,,0.0,0.775,-12.8,0.0,0.0,0.2249999999999999,0.4253333333333333,29.05,monitoring,0,29.05
1014003,1014,10,gmina łódzkie-wschodni-14-03,9849,63.4,1322,44.8,,0.0,,0.0,0.781,-14.1,0.0,0.0,0.2189999999999999,0.5973333333333333,29.05,monitoring,0,29.05
1202001,1202,12,gmina małopolskie-wschodni-02-01,17015,53.44,2210,22.1,,0.0,,0.0,0.739,-18.2,0.2133333333333333,0.0,0.261,0.2946666666666667,27.97,monitoring,0,29.036666666666665
401004,401,4,gmina kujawsko-pomorskie-południowy-01-04,9688,52.48,1440,30.5,,0.0,,0.0,0.881,-18.9,0.2599999999999999,0.0,0.119,0.4066666666666667,27.73,monitoring,0,29.03
1020004,1020,10,gmina łódzkie-wschodni-20-04,7257,65.69,1238,37.1,,0.0,,0.0,0.892,-15.4,0.0266666666666666,0.0,0.1079999999999999,0.4946666666666667,28.89,monitoring,0,29.023333333333333
202007,202,2,gmina dolnośląskie-wschodni-02-07,9478,59.45,1508,25.1,,0.0,,0.0,0.6930000000000001,-16.3,0.0866666666666667,0.0,0.3069999999999999,0.3346666666666666,28.59,monitoring,0,29.023333333333333
417004,417,4,gmina kujawsko-pomorskie-miejski-17-04,11632,62.47,1785,32.3,,0.0,,0.0,0.789,-15.8,0.0533333333333333,0.0,0.2109999999999999,0.4306666666666666,28.75,monitoring,0,29.016666666666666
2218004,2218,22,gmina pomorskie-północny-18-04,11715,63.82,2066,39.3,,0.0,,0.0,0.762,-14.8,0.0,0.0,0.238,0.5239999999999999,29.01,monitoring,0,29.01
2610002,2610,26,gmina świętokrzyskie-centralny-10-02,11171,62.56,2035,21.6,,0.0,,0.0,0.8,-16.3,0.0866666666666667,0.0,0.1999999999999999,0.288,28.57,monitoring,0,29.003333333333334
2417005,2417,24,gmina śląskie-miejski-17-05,7746,62.86,1328,36.8,,0.0,,0.0,0.706,-13.9,0.0,0.0,0.294,0.4906666666666666,28.99,monitoring,0,28.99
229001,229,2,gmina dolnośląskie-miejski-29-01,9385,66.3,1766,32.5,,0.0,,0.0,0.8200000000000001,-15.0,0.0,0.0,0.1799999999999999,0.4333333333333333,28.98,monitoring,0,28.98
1813002,1813,18,gmina podkarpackie-południowy-13-02,26552,63.42,4617,39.7,,0.0,,0.0,0.753,-13.9,0.0,0.0,0.247,0.5293333333333333,28.97,monitoring,0,28.97
2217003,2217,22,gmina pomorskie-miejski-17-03,14478,64.23,2455,44.3,,0.0,,0.0,0.8210000000000001,-14.9,0.0,0.0,0.1789999999999999,0.5906666666666667,28.97,monitoring,0,28.97
2422004,2422,24,gmina śląskie-centralny-22-04,17557,62.84,2869,35.1,,0.0,,0.0,0.747,-15.3,0.02,0.0,0.253,0.468,28.86,monitoring,0,28.96
2610006,2610,26,gmina świętokrzyskie-centralny-10-06,63955,61.19,8731,23.3,,0.0,,0.0,0.762,-16.3,0.0866666666666667,0.0,0.238,0.3106666666666667,28.51,monitoring,0,28.943333333333335
2420001,2420,24,gmina śląskie-wschodni-20-01,12952,63.52,2100,28.7,,0.0,,0.0,0.713,-15.2,0.0133333333333332,0.0,0.287,0.3826666666666666,28.87,monitoring,0,28.936666666666667
406006,406,4,gmina kujawsko-pomorskie-północny-06-06,33055,59.53,4753,32.1,,0.0,,0.0,0.809,-16.6,0.1066666666666667,0.0,0.1909999999999999,0.428,28.4,monitoring,0,28.933333333333334
2417001,2417,24,gmina śląskie-miejski-17-01,8492,63.46,1521,42.0,,0.0,,0.0,0.776,-13.9,0.0,0.0,0.2239999999999999,0.56,28.93,monitoring,0,28.93
2401006,2401,24,gmina śląskie-południowy-01-06,25479,65.4,4359,24.8,,0.0,,0.0,0.748,-15.1,0.0066666666666666,0.0,0.252,0.3306666666666666,28.89,monitoring,0,28.923333333333332
1216002,1216,12,gmina małopolskie-centralny-16-02,10876,63.7,1684,37.8,,0.0,,0.0,0.842,-15.5,0.0333333333333333,0.0,0.158,0.504,28.75,monitoring,0,28.916666666666668
1816003,1816,18,gmina podkarpackie-centralny-16-03,12593,62.21,1891,37.2,,0.0,,0.0,0.6900000000000001,-14.8,0.0,0.0,0.3099999999999999,0.496,28.91,monitoring,0,28.91
406003,406,4,gmina kujawsko-pomorskie-północny-06-03,5012,57.99,874,36.0,,0.0,,0.0,0.778,-16.6,0.1066666666666667,0.0,0.2219999999999999,0.48,28.35,monitoring,0,28.883333333333336
1005004,1005,10,gmina łódzkie-miejski-05-04,14552,63.81,3148,31.8,,0.0,,0.0,0.738,-15.1,0.0066666666666666,0.0,0.262,0.424,28.85,monitoring,0,28.883333333333333
803006,803,8,gmina lubuskie-zachodni-03-06,7177,63.52,1179,37.0,,0.0,,0.0,0.748,-15.0,0.0,0.0,0.252,0.4933333333333333,28.87,monitoring,0,28.87
1806005,1806,18,gmina podkarpackie-północny-06-05,7353,51.77,1057,35.3,,0.0,,0.0,0.785,-18.2,0.2133333333333333,0.0,0.2149999999999999,0.4706666666666666,27.8,monitoring,0,28.866666666666667
226001,226,2,gmina dolnośląskie-wschodni-26-01,24511,61.51,4661,20.0,,0.0,,0.0,0.779,-16.4,0.0933333333333332,0.0,0.2209999999999999,0.2666666666666666,28.38,monitoring,0,28.846666666666664
3020005,3020,30,gmina wielkopolskie-wschodni-20-05,12085,53.45,2253,28.8,,0.0,,0.0,0.88,-18.6,0.2400000000000001,0.0,0.12,0.384,27.63,monitoring,0,28.83
2211004,2211,22,gmina pomorskie-miejski-11-04,5712,62.01,1055,33.1,,0.0,,0.0,0.763,-15.6,0.0399999999999999,0.0,0.237,0.4413333333333333,28.62,monitoring,0,28.82
1209007,1209,12,gmina małopolskie-zachodni-09-07,14050,58.73,2522,33.7,,0.0,,0.0,0.904,-17.2,0.1466666666666666,0.0,0.0959999999999999,0.4493333333333333,28.07,monitoring,0,28.803333333333335
2213005,2213,22,gmina pomorskie-południowy-13-05,6052,62.46,1199,40.0,,0.0,,0.0,0.733,-14.3,0.0,0.0,0.267,0.5333333333333333,28.8,monitoring,0,28.8
2402003,2402,24,gmina śląskie-wschodni-02-03,12883,60.73,1645,40.6,,0.0,,0.0,0.683,-15.1,0.0066666666666666,0.0,0.3169999999999999,0.5413333333333333,28.76,monitoring,0,28.793333333333337
2430004,2430,24,gmina śląskie-północny-30-04,6252,61.75,1176,33.5,,0.0,,0.0,0.81,-15.9,0.06,0.0,0.1899999999999999,0.4466666666666666,28.49,monitoring,0,28.79
1021002,1021,10,gmina łódzkie-zachodni-21-02,3500,64.0,503,35.2,,0.0,,0.0,0.766,-14.9,0.0,0.0,0.2339999999999999,0.4693333333333334,28.77,monitoring,0,28.77
3028002,3028,30,gmina wielkopolskie-centralny-28-02,10809,61.42,1615,35.3,,0.0,,0.0,0.778,-15.7,0.0466666666666666,0.0,0.2219999999999999,0.4706666666666666,28.53,monitoring,0,28.763333333333335
3028005,3028,30,gmina wielkopolskie-centralny-28-05,7632,62.99,1264,30.3,,0.0,,0.0,0.81,-15.7,0.0466666666666666,0.0,0.1899999999999999,0.404,28.51,monitoring,0,28.743333333333336
1020005,1020,10,gmina łódzkie-wschodni-20-05,11596,60.45,1929,36.9,,0.0,,0.0,0.7000000000000001,-15.4,0.0266666666666666,0.0,0.2999999999999999,0.492,28.61,monitoring,0,28.743333333333332
1601003,1601,16,gmina opolskie-południowy-01-03,16197,64.82,2706,33.3,,0.0,,0.0,0.79,-13.5,0.0,0.0,0.2099999999999999,0.4439999999999999,28.74,monitoring,0,28.74
1214006,1214,12,gmina małopolskie-wschodni-14-06,7705,56.46,1096,37.7,,0.0,,0.0,0.896,-17.5,0.1666666666666666,0.0,0.1039999999999999,0.5026666666666667,27.9,monitoring,0,28.73333333333333
2411004,2411,24,gmina śląskie-miejski-11-04,9603,59.64,1049,34.4,,0.0,,0.0,0.752,-16.0,0.0666666666666666,0.0,0.248,0.4586666666666666,28.39,monitoring,0,28.723333333333333
1805002,1805,18,gmina podkarpackie-miejski-05-02,6108,63.06,1234,33.6,,0.0,,0.0,0.721,-14.0,0.0,0.0,0.279,0.448,28.71,monitoring,0,28.71
1006004,1006,10,gmina łódzkie-północny-06-04,6608,62.67,959,38.4,,0.0,,0.0,0.742,-14.0,0.0,0.0,0.258,0.512,28.7,monitoring,0,28.7
807001,807,8,gmina lubuskie-południowy-07-01,9217,59.2,1512,27.2,,0.0,,0.0,0.785,-16.6,0.1066666666666667,0.0,0.2149999999999999,0.3626666666666666,28.16,monitoring,0,28.693333333333335
1217004,1217,12,gmina małopolskie-miejski-17-04,10173,62.23,1310,34.3,,0.0,,0.0,0.728,-15.2,0.0133333333333332,0.0,0.272,0.4573333333333333,28.62,monitoring,0,28.686666666666667
2417002,2417,24,gmina śląskie-miejski-17-02,21565,60.93,3632,43.8,,0.0,,0.0,0.712,-13.9,0.0,0.0,0.288,0.584,28.67,monitoring,0,28.67
2216002,2216,22,gmina pomorskie-centralny-16-02,5474,63.44,950,33.4,,0.0,,0.0,0.792,-15.3,0.02,0.0,0.2079999999999999,0.4453333333333333,28.57,monitoring,0,28.67
203003,203,2,gmina dolnośląskie-zachodni-03-03,2554,59.85,487,25.4,,0.0,,0.0,0.734,-16.2,0.0799999999999999,0.0,0.266,0.3386666666666666,28.27,monitoring,0,28.669999999999998
1017002,1017,10,gmina łódzkie-miejski-17-02,11988,59.15,2002,23.4,,0.0,,0.0,0.707,-16.3,0.0866666666666667,0.0,0.293,0.312,28.23,monitoring,0,28.663333333333334
3025005,3025,30,gmina wielkopolskie-południowy-25-05,5987,55.8,772,34.9,,0.0,,0.0,0.655,-16.3,0.0866666666666667,0.0,0.345,0.4653333333333333,28.2,monitoring,0,28.633333333333333
1813004,1813,18,gmina podkarpackie-południowy-13-04,8224,62.46,1230,36.3,,0.0,,0.0,0.725,-13.9,0.0,0.0,0.275,0.484,28.63,monitoring,0,28.63
1212003,1212,12,gmina małopolskie-północny-12-03,6374,61.66,850,40.9,,0.0,,0.0,0.726,-12.4,0.0,0.0,0.274,0.5453333333333333,28.62,monitoring,0,28.62
423003,423,4,gmina kujawsko-pomorskie-miejski-23-03,3225,53.7,536,20.0,,0.0,,0.0,0.753,-18.0,0.2,0.0,0.247,0.2666666666666666,27.56,monitoring,0,28.56
805003,805,8,gmina lubuskie-miejski-05-03,7290,62.73,1331,46.3,,0.0,,0.0,0.837,-15.1,0.0066666666666666,0.0,0.163,0.6173333333333333,28.51,monitoring,0,28.543333333333337
1814003,1814,18,gmina podkarpackie-wschodni-14-03,1800,58.67,252,37.7,,0.0,,0.0,0.705,-15.7,0.0466666666666666,0.0,0.295,0.5026666666666667,28.3,monitoring,0,28.533333333333335
801006,801,8,gmina lubuskie-południowy-01-06,9620,63.48,1382,42.3,,0.0,,0.0,0.8250000000000001,-14.9,0.0,0.0,0.1749999999999999,0.564,28.52,monitoring,0,28.52
201005,201,2,gmina dolnośląskie-południowy-01-05,4113,55.65,657,37.1,,0.0,,0.0,0.885,-17.5,0.1666666666666666,0.0,0.1149999999999999,0.4946666666666667,27.66,monitoring,0,28.493333333333332
1010007,1010,10,gmina łódzkie-centralny-10-07,3873,63.26,711,44.2,,0.0,,0.0,0.834,-13.0,0.0,0.0,0.166,0.5893333333333334,28.48,monitoring,0,28.48
2219005,2219,22,gmina pomorskie-południowy-19-05,7068,54.78,1191,25.8,,0.0,,0.0,0.75,-17.4,0.1599999999999999,0.0,0.25,0.344,27.67,monitoring,0,28.470000000000002
420003,420,4,gmina kujawsko-pomorskie-wschodni-20-03,6516,64.09,1392,27.0,,0.0,,0.0,0.746,-14.7,0.0,0.0,0.254,0.36,28.44,monitoring,0,28.44
2603003,2603,26,gmina świętokrzyskie-zachodni-03-03,3301,55.67,519,28.4,,0.0,,0.0,0.8280000000000001,-17.5,0.1666666666666666,0.0,0.1719999999999999,0.3786666666666666,27.6,monitoring,0,28.433333333333334
207006,207,2,gmina dolnośląskie-południowy-07-06,10274,49.85,1445,28.8,,0.0,,0.0,0.687,-18.1,0.2066666666666667,0.0,0.3129999999999999,0.384,27.4,monitoring,0,28.433333333333334
3202004,3202,32,gmina zachodniopomorskie-wschodni-02-04,9657,62.96,1554,35.4,,0.0,,0.0,0.762,-14.7,0.0,0.0,0.238,0.472,28.43,monitoring,0,28.43
1604004,1604,16,gmina opolskie-centralny-04-04,5647,60.15,712,27.0,,0.0,,0.0,0.8210000000000001,-16.4,0.0933333333333332,0.0,0.1789999999999999,0.36,27.95,monitoring,0,28.416666666666664
1801005,1801,18,gmina podkarpackie-południowy-01-05,14979,59.69,2483,39.9,,0.0,,0.0,0.8290000000000001,-16.0,0.0666666666666666,0.0,0.1709999999999999,0.532,28.08,monitoring,0,28.41333333333333
402004,402,4,gmina kujawsko-pomorskie-wschodni-02-04,8144,63.62,1544,33.7,,0.0,,0.0,0.779,-14.8,0.0,0.0,0.2209999999999999,0.4493333333333333,28.41,monitoring,0,28.41
1811002,1811,18,gmina podkarpackie-miejski-11-02,10095,63.04,1513,34.3,,0.0,,0.0,0.76,-14.5,0.0,0.0,0.24,0.4573333333333333,28.4,monitoring,0,28.4
1811005,1811,18,gmina podkarpackie-miejski-11-05,16498,62.96,2559,32.3,,0.0,,0.0,0.742,-14.5,0.0,0.0,0.258,0.4306666666666666,28.4,monitoring,0,28.4
3214003,3214,32,gmina zachodniopomorskie-wschodni-14-03,11901,63.47,2273,31.3,,0.0,,0.0,0.758,-14.9,0.0,0.0,0.242,0.4173333333333333,28.38,monitoring,0,28.38
1812002,1812,18,gmina podkarpackie-północny-12-02,11934,52.37,1472,22.2,,0.0,,0.0,0.802,-18.4,0.2266666666666665,0.0,0.1979999999999999,0.296,27.24,monitoring,0,28.37333333333333
3027002,3027,30,gmina wielkopolskie-zachodni-27-02,6962,49.6,1042,39.5,,0.0,,0.0,0.866,-18.7,0.2466666666666666,0.0,0.134,0.5266666666666666,27.13,monitoring,0,28.363333333333333
813005,813,8,gmina lubuskie-południowy-13-05,14750,57.69,2232,18.0,,0.0,,0.0,0.71,-16.7,0.1133333333333332,0.0,0.29,0.24,27.77,monitoring,0,28.336666666666666
1817004,1817,18,gmina podkarpackie-miejski-17-04,10718,65.9,2088,14.3,,0.0,,0.0,0.741,-12.9,0.0,0.0,0.259,0.1906666666666666,28.33,monitoring,0,28.33
3029004,3029,30,gmina wielkopolskie-miejski-29-04,6979,62.61,1395,32.9,,0.0,,0.0,0.8250000000000001,-15.5,0.0333333333333333,0.0,0.1749999999999999,0.4386666666666666,28.16,monitoring,0,28.326666666666668
417002,417,4,gmina kujawsko-pomorskie-miejski-17-02,11033,60.5,1909,28.6,,0.0,,0.0,0.755,-15.8,0.0533333333333333,0.0,0.245,0.3813333333333333,28.06,monitoring,0,28.326666666666664
404007,404,4,gmina kujawsko-pomorskie-centralny-04-07,26365,52.51,3530,29.3,,0.0,,0.0,0.884,-18.5,0.2333333333333333,0.0,0.1159999999999999,0.3906666666666666,27.15,monitoring,0,28.316666666666666
1812004,1812,18,gmina podkarpackie-północny-12-04,9902,50.2,1291,30.2,,0.0,,0.0,0.779,-18.4,0.2266666666666665,0.0,0.2209999999999999,0.4026666666666667,27.16,monitoring,0,28.293333333333333
414003,414,4,gmina kujawsko-pomorskie-wschodni-14-03,7669,63.69,1238,32.1,,0.0,,0.0,0.855,-15.4,0.0266666666666666,0.0,0.145,0.428,28.13,monitoring,0,28.263333333333332
1011002,1011,10,gmina łódzkie-miejski-11-02,2498,51.68,360,22.1,,0.0,,0.0,0.804,-18.5,0.2333333333333333,0.0,0.1959999999999999,0.2946666666666667,27.08,monitoring,0,28.246666666666666
3216005,3216,32,gmina zachodniopomorskie-centralny-16-05,6624,63.11,943,33.4,,0.0,,0.0,0.774,-13.2,0.0,0.0,0.2259999999999999,0.4453333333333333,28.24,monitoring,0,28.24
419001,419,4,gmina kujawsko-pomorskie-południowy-19-01,21098,65.02,3894,21.6,,0.0,,0.0,0.77,-13.9,0.0,0.0,0.2299999999999999,0.288,28.22,monitoring,0,28.22
214003,214,2,gmina dolnośląskie-wschodni-14-03,5296,60.44,825,31.8,,0.0,,0.0,0.772,-15.7,0.0466666666666666,0.0,0.2279999999999999,0.424,27.98,monitoring,0,28.213333333333335
2216006,2216,22,gmina pomorskie-centralny-16-06,7112,60.63,1006,47.6,,0.0,,0.0,0.8300000000000001,-15.3,0.02,0.0,0.1699999999999999,0.6346666666666667,28.1,monitoring,0,28.200000000000003
1601005,1601,16,gmina opolskie-południowy-01-05,36133,62.09,5618,34.5,,0.0,,0.0,0.745,-13.5,0.0,0.0,0.255,0.46,28.19,monitoring,0,28.19
209002,209,2,gmina dolnośląskie-zachodni-09-02,6716,62.47,1184,38.1,,0.0,,0.0,0.79,-14.7,0.0,0.0,0.2099999999999999,0.508,28.17,monitoring,0,28.17
3217003,3217,32,gmina zachodniopomorskie-miejski-17-03,11042,65.67,1753,30.1,,0.0,,0.0,0.866,-14.7,0.0,0.0,0.134,0.4013333333333334,28.17,monitoring,0,28.17
3001006,3001,30,gmina wielkopolskie-południowy-01-06,7778,55.89,1354,35.8,,0.0,,0.0,0.836,-17.0,0.1333333333333333,0.0,0.164,0.4773333333333333,27.5,monitoring,0,28.166666666666668
1210004,1210,12,gmina małopolskie-centralny-10-04,3868,62.36,826,33.4,,0.0,,0.0,0.804,-15.3,0.02,0.0,0.1959999999999999,0.4453333333333333,28.05,monitoring,0,28.150000000000002
1020007,1020,10,gmina łódzkie-wschodni-20-07,8546,59.19,1324,46.2,,0.0,,0.0,0.783,-15.4,0.0266666666666666,0.0,0.2169999999999999,0.616,28.01,monitoring,0,28.143333333333334
418006,418,4,gmina kujawsko-pomorskie-północny-18-06,11970,62.74,1882,30.5,,0.0,,0.0,0.75,-14.4,0.0,0.0,0.25,0.4066666666666667,28.12,monitoring,0,28.12
3016001,3016,30,gmina wielkopolskie-centralny-16-01,11082,53.07,1889,25.8,,0.0,,0.0,0.785,-17.8,0.1866666666666667,0.0,0.2149999999999999,0.344,27.18,monitoring,0,28.113333333333333
416002,416,4,gmina kujawsko-pomorskie-centralny-16-02,10888,53.4,1422,26.4,,0.0,,0.0,0.754,-17.5,0.1666666666666666,0.0,0.246,0.352,27.27,monitoring,0,28.10333333333333
2423006,2423,24,gmina śląskie-miejski-23-06,3630,53.17,596,31.4,,0.0,,0.0,0.715,-17.1,0.1400000000000001,0.0,0.285,0.4186666666666666,27.38,monitoring,0,28.08
2426002,2426,24,gmina śląskie-wschodni-26-02,12205,57.32,1831,33.8,,0.0,,0.0,0.79,-16.4,0.0933333333333332,0.0,0.2099999999999999,0.4506666666666666,27.6,monitoring,0,28.066666666666666
3007001,3007,30,gmina wielkopolskie-południowy-07-01,8059,55.01,1145,32.5,,0.0,,0.0,0.8210000000000001,-17.2,0.1466666666666666,0.0,0.1789999999999999,0.4333333333333333,27.32,monitoring,0,28.053333333333335
3021003,3021,30,gmina wielkopolskie-zachodni-21-03,2520,61.87,501,36.0,,0.0,,0.0,0.78,-15.1,0.0066666666666666,0.0,0.2199999999999999,0.48,28.01,monitoring,0,28.043333333333337
1008001,1008,10,gmina łódzkie-wschodni-08-01,6994,61.9,946,37.5,,0.0,,0.0,0.777,-13.5,0.0,0.0,0.2229999999999999,0.5,28.03,monitoring,0,28.03
1023002,1023,10,gmina łódzkie-miejski-23-02,4250,60.74,611,35.4,,0.0,,0.0,0.798,-15.5,0.0333333333333333,0.0,0.2019999999999999,0.472,27.86,monitoring,0,28.026666666666667
1804004,1804,18,gmina podkarpackie-centralny-04-04,5033,60.07,851,29.5,,0.0,,0.0,0.796,-15.9,0.06,0.0,0.2039999999999999,0.3933333333333333,27.71,monitoring,0,28.01
221004,221,2,gmina dolnośląskie-zachodni-21-04,2529,58.36,365,45.8,,0.0,,0.0,0.6930000000000001,-12.3,0.0,0.0,0.3069999999999999,0.6106666666666666,27.99,monitoring,0,27.99
3202002,3202,32,gmina zachodniopomorskie-wschodni-02-02,10712,61.28,1672,47.4,,0.0,,0.0,0.8300000000000001,-14.7,0.0,0.0,0.1699999999999999,0.632,27.98,monitoring,0,27.98
2420004,2420,24,gmina śląskie-wschodni-20-04,6662,60.73,1088,41.2,,0.0,,0.0,0.795,-15.2,0.0133333333333332,0.0,0.2049999999999999,0.5493333333333333,27.91,monitoring,0,27.976666666666667
2402004,2402,24,gmina śląskie-wschodni-02-04,4837,61.48,948,30.6,,0.0,,0.0,0.732,-15.1,0.0066666666666666,0.0,0.268,0.408,27.93,monitoring,0,27.96333333333333
230004,230,2,gmina dolnośląskie-północny-30-04,11397,54.17,1715,41.8,,0.0,,0.0,0.797,-16.8,0.12,0.0,0.2029999999999999,0.5573333333333333,27.36,monitoring,0,27.96
3005001,3005,30,gmina wielkopolskie-miejski-05-01,9468,62.38,1829,29.5,,0.0,,0.0,0.749,-14.5,0.0,0.0,0.251,0.3933333333333333,27.93,monitoring,0,27.93
809007,809,8,gmina lubuskie-zachodni-09-07,4612,60.21,698,36.1,,0.0,,0.0,0.792,-15.5,0.0333333333333333,0.0,0.2079999999999999,0.4813333333333333,27.76,monitoring,0,27.92666666666667
412002,412,4,gmina kujawsko-pomorskie-północny-12-02,8878,60.65,1533,37.4,,0.0,,0.0,0.803,-15.4,0.0266666666666666,0.0,0.1969999999999999,0.4986666666666666,27.79,monitoring,0,27.923333333333332
1002007,1002,10,gmina łódzkie-wschodni-02-07,7015,54.79,1110,24.2,,0.0,,0.0,0.799,-17.4,0.1599999999999999,0.0,0.2009999999999999,0.3226666666666666,27.12,monitoring,0,27.92
1216004,1216,12,gmina małopolskie-centralny-16-04,9073,58.66,1542,43.6,,0.0,,0.0,0.789,-15.5,0.0333333333333333,0.0,0.2109999999999999,0.5813333333333334,27.7,monitoring,0,27.866666666666667
3209004,3209,32,gmina zachodniopomorskie-zachodni-09-04,15870,54.19,2506,24.0,,0.0,,0.0,0.764,-17.3,0.1533333333333333,0.0,0.236,0.32,27.08,monitoring,0,27.846666666666664
220006,220,2,gmina dolnośląskie-wschodni-20-06,3898,61.34,631,28.7,,0.0,,0.0,0.709,-13.9,0.0,0.0,0.291,0.3826666666666666,27.84,monitoring,0,27.84
2410004,2410,24,gmina śląskie-centralny-10-04,5485,58.87,757,35.4,,0.0,,0.0,0.791,-15.8,0.0533333333333333,0.0,0.2089999999999999,0.472,27.57,monitoring,0,27.836666666666666
1205004,1205,12,gmina małopolskie-miejski-05-04,15309,61.04,2317,31.0,,0.0,,0.0,0.782,-15.4,0.0266666666666666,0.0,0.2179999999999999,0.4133333333333333,27.7,monitoring,0,27.833333333333332
3012003,3012,30,gmina wielkopolskie-północny-12-03,11671,60.73,1676,40.6,,0.0,,0.0,0.775,-13.3,0.0,0.0,0.2249999999999999,0.5413333333333333,27.81,monitoring,0,27.81
3013003,3013,30,gmina wielkopolskie-południowy-13-03,61558,55.53,7024,18.1,,0.0,,0.0,0.718,-16.9,0.1266666666666665,0.0,0.282,0.2413333333333333,27.13,monitoring,0,27.763333333333332
1004005,1004,10,gmina łódzkie-centralny-04-05,4233,53.95,617,44.5,,0.0,,0.0,0.746,-16.3,0.0866666666666667,0.0,0.254,0.5933333333333334,27.31,monitoring,0,27.743333333333332
3012006,3012,30,gmina wielkopolskie-północny-12-06,3824,61.92,568,37.3,,0.0,,0.0,0.808,-13.3,0.0,0.0,0.1919999999999999,0.4973333333333333,27.74,monitoring,0,27.74
2421006,2421,24,gmina śląskie-zachodni-21-06,15402,51.16,1920,40.0,,0.0,,0.0,0.718,-17.0,0.1333333333333333,0.0,0.282,0.5333333333333333,27.05,monitoring,0,27.71666666666667
1815002,1815,18,gmina podkarpackie-zachodni-15-02,17470,63.33,3472,29.4,,0.0,,0.0,0.8130000000000001,-15.0,0.0,0.0,0.1869999999999999,0.3919999999999999,27.71,monitoring,0,27.71
404001,404,4,gmina kujawsko-pomorskie-centralny-04-01,5805,46.77,923,32.6,,0.0,,0.0,0.734,-18.5,0.2333333333333333,0.0,0.266,0.4346666666666667,26.54,monitoring,0,27.706666666666667
2401005,2401,24,gmina śląskie-południowy-01-05,5789,59.64,1100,43.8,,0.0,,0.0,0.781,-15.1,0.0066666666666666,0.0,0.2189999999999999,0.584,27.67,monitoring,0,27.703333333333333
2428003,2428,24,gmina śląskie-centralny-28-03,3902,53.74,603,37.1,,0.0,,0.0,0.8240000000000001,-17.1,0.1400000000000001,0.0,0.1759999999999999,0.4946666666666667,27.0,monitoring,0,27.7
3033004,3033,30,gmina wielkopolskie-zachodni-33-04,4932,58.82,717,52.6,,0.0,,0.0,0.797,-12.2,0.0,0.0,0.2029999999999999,0.7013333333333334,27.69,monitoring,0,27.69
1818001,1818,18,gmina podkarpackie-północny-18-01,5408,60.84,888,28.2,,0.0,,0.0,0.7010000000000001,-14.5,0.0,0.0,0.2989999999999999,0.376,27.69,monitoring,0,27.69
402007,402,4,gmina kujawsko-pomorskie-wschodni-02-07,5918,60.3,1010,34.9,,0.0,,0.0,0.729,-14.8,0.0,0.0,0.271,0.4653333333333333,27.68,monitoring,0,27.68
3026001,3026,30,gmina wielkopolskie-wschodni-26-01,9371,61.89,1711,33.9,,0.0,,0.0,0.789,-13.5,0.0,0.0,0.2109999999999999,0.4519999999999999,27.68,monitoring,0,27.68
2429005,2429,24,gmina śląskie-miejski-29-05,44677,60.55,7258,33.6,,0.0,,0.0,0.799,-15.4,0.0266666666666666,0.0,0.2009999999999999,0.448,27.54,monitoring,0,27.673333333333332
1604003,1604,16,gmina opolskie-centralny-04-03,14390,59.09,2426,19.6,,0.0,,0.0,0.806,-16.4,0.0933333333333332,0.0,0.1939999999999999,0.2613333333333333,27.19,monitoring,0,27.656666666666666
803001,803,8,gmina lubuskie-zachodni-03-01,9786,62.92,1770,27.8,,0.0,,0.0,0.794,-15.0,0.0,0.0,0.2059999999999999,0.3706666666666667,27.62,monitoring,0,27.62
1810004,1810,18,gmina podkarpackie-centralny-10-04,19779,52.11,3264,25.6,,0.0,,0.0,0.936,-18.6,0.2400000000000001,0.0,0.0639999999999999,0.3413333333333334,26.4,monitoring,0,27.599999999999998
422003,422,4,gmina kujawsko-pomorskie-centralny-22-03,4549,51.53,592,28.8,,0.0,,0.0,0.838,-18.0,0.2,0.0,0.162,0.384,26.56,monitoring,0,27.56
202002,202,2,gmina dolnośląskie-wschodni-02-02,11125,59.03,2224,21.6,,0.0,,0.0,0.812,-16.3,0.0866666666666667,0.0,0.1879999999999999,0.288,27.12,monitoring,0,27.553333333333335
1602005,1602,16,gmina opolskie-wschodni-02-05,5159,54.93,842,21.2,,0.0,,0.0,0.738,-16.9,0.1266666666666665,0.0,0.262,0.2826666666666667,26.92,monitoring,0,27.553333333333335
2201006,2201,22,gmina pomorskie-południowy-01-06,5024,60.47,818,28.6,,0.0,,0.0,0.704,-13.3,0.0,0.0,0.296,0.3813333333333333,27.55,monitoring,0,27.55
3006001,3006,30,gmina wielkopolskie-północny-06-01,12154,60.93,2085,31.1,,0.0,,0.0,0.744,-13.9,0.0,0.0,0.256,0.4146666666666667,27.53,monitoring,0,27.53
2601003,2601,26,gmina świętokrzyskie-południowy-01-03,9942,50.63,1492,28.6,,0.0,,0.0,0.806,-18.0,0.2,0.0,0.1939999999999999,0.3813333333333333,26.49,monitoring,0,27.49
409006,409,4,gmina kujawsko-pomorskie-zachodni-09-06,4635,48.53,772,34.5,,0.0,,0.0,0.8150000000000001,-18.3,0.22,0.0,0.1849999999999999,0.46,26.37,monitoring,0,27.470000000000002
3024004,3024,30,gmina wielkopolskie-północny-24-04,12877,61.37,2458,34.2,,0.0,,0.0,0.792,-15.0,0.0,0.0,0.2079999999999999,0.456,27.47,monitoring,0,27.47
2404002,2404,24,gmina śląskie-centralny-04-02,5789,58.61,851,29.0,,0.0,,0.0,0.655,-15.1,0.0066666666666666,0.0,0.345,0.3866666666666666,27.43,monitoring,0,27.46333333333333
3211003,3211,32,gmina zachodniopomorskie-miejski-11-03,21752,55.98,3584,33.4,,0.0,,0.0,0.8160000000000001,-16.5,0.1,0.0,0.1839999999999999,0.4453333333333333,26.96,monitoring,0,27.46
2409002,2409,24,gmina śląskie-zachodni-09-02,4056,52.08,560,32.4,,0.0,,0.0,0.715,-16.9,0.1266666666666665,0.0,0.285,0.432,26.8,monitoring,0,27.433333333333334
802001,802,8,gmina lubuskie-wschodni-02-01,1800,58.53,289,40.8,,0.0,,0.0,0.726,-14.4,0.0,0.0,0.274,0.5439999999999999,27.43,monitoring,0,27.43
405003,405,4,gmina kujawsko-pomorskie-miejski-05-03,5839,51.2,878,27.1,,0.0,,0.0,0.8290000000000001,-18.0,0.2,0.0,0.1709999999999999,0.3613333333333333,26.4,monitoring,0,27.4
209006,209,2,gmina dolnośląskie-zachodni-09-06,8118,60.23,1449,37.1,,0.0,,0.0,0.778,-14.7,0.0,0.0,0.2219999999999999,0.4946666666666667,27.36,monitoring,0,27.36
1023001,1023,10,gmina łódzkie-miejski-23-01,2971,58.98,537,40.8,,0.0,,0.0,0.841,-15.5,0.0333333333333333,0.0,0.159,0.5439999999999999,27.16,monitoring,0,27.326666666666668
2436002,2436,24,gmina śląskie-północny-36-02,8753,56.58,1158,41.9,,0.0,,0.0,0.75,-15.5,0.0333333333333333,0.0,0.25,0.5586666666666666,27.14,monitoring,0,27.30666666666667
216003,216,2,gmina dolnośląskie-centralny-16-03,11849,60.59,2157,25.7,,0.0,,0.0,0.749,-15.2,0.0133333333333332,0.0,0.251,0.3426666666666667,27.24,monitoring,0,27.306666666666665
222002,222,2,gmina dolnośląskie-centralny-22-02,6927,58.55,1054,23.9,,0.0,,0.0,0.752,-15.8,0.0533333333333333,0.0,0.248,0.3186666666666666,27.03,monitoring,0,27.296666666666667
807003,807,8,gmina lubuskie-południowy-07-03,51522,59.29,8308,7.0,,0.0,,0.0,0.797,-16.6,0.1066666666666667,0.0,0.2029999999999999,0.0933333333333333,26.74,monitoring,0,27.273333333333333
220001,220,2,gmina dolnośląskie-wschodni-20-01,9002,58.55,1180,30.2,,0.0,,0.0,0.669,-13.9,0.0,0.0,0.3309999999999999,0.4026666666666667,27.24,monitoring,0,27.24
3023004,3023,30,gmina wielkopolskie-miejski-23-04,3571,52.96,596,25.2,,0.0,,0.0,0.876,-17.8,0.1866666666666667,0.0,0.124,0.3359999999999999,26.28,monitoring,0,27.213333333333335
1610001,1610,16,gmina opolskie-centralny-10-01,30909,56.36,5240,25.4,,0.0,,0.0,0.851,-16.8,0.12,0.0,0.149,0.3386666666666666,26.61,monitoring,0,27.21
407006,407,4,gmina kujawsko-pomorskie-południowy-07-06,4404,53.03,612,18.9,,0.0,,0.0,0.85,-17.9,0.1933333333333332,0.0,0.15,0.252,26.24,monitoring,0,27.206666666666663
1605003,1605,16,gmina opolskie-miejski-05-03,5559,55.1,748,19.3,,0.0,,0.0,0.8240000000000001,-17.2,0.1466666666666666,0.0,0.1759999999999999,0.2573333333333333,26.45,monitoring,0,27.183333333333334
405007,405,4,gmina kujawsko-pomorskie-miejski-05-07,3314,50.17,508,21.1,,0.0,,0.0,0.772,-18.0,0.2,0.0,0.2279999999999999,0.2813333333333334,26.12,monitoring,0,27.12
3017001,3017,30,gmina wielkopolskie-miejski-17-01,9586,54.61,1359,33.5,,0.0,,0.0,0.746,-16.2,0.0799999999999999,0.0,0.254,0.4466666666666666,26.71,monitoring,0,27.11
1611006,1611,16,gmina opolskie-miejski-11-06,13114,58.97,1856,46.6,,0.0,,0.0,0.8230000000000001,-14.6,0.0,0.0,0.1769999999999999,0.6213333333333334,27.11,monitoring,0,27.11
2212005,2212,22,gmina pomorskie-północny-12-05,3397,57.74,590,31.6,,0.0,,0.0,0.8,-15.8,0.0533333333333333,0.0,0.1999999999999999,0.4213333333333333,26.81,monitoring,0,27.076666666666664
2210003,2210,22,gmina pomorskie-centralny-10-03,6461,57.99,958,32.1,,0.0,,0.0,0.732,-15.3,0.02,0.0,0.268,0.428,26.95,monitoring,0,27.05
410007,410,4,gmina kujawsko-pomorskie-centralny-10-07,5719,60.26,1020,38.4,,0.0,,0.0,0.8240000000000001,-14.4,0.0,0.0,0.1759999999999999,0.512,27.04,monitoring,0,27.04
419005,419,4,gmina kujawsko-pomorskie-południowy-19-05,6900,58.9,1009,42.7,,0.0,,0.0,0.802,-13.9,0.0,0.0,0.1979999999999999,0.5693333333333334,27.01,monitoring,0,27.01
2215005,2215,22,gmina pomorskie-zachodni-15-05,10072,61.67,1621,29.1,,0.0,,0.0,0.8230000000000001,-13.2,0.0,0.0,0.1769999999999999,0.388,26.97,monitoring,0,26.97
412007,412,4,gmina kujawsko-pomorskie-północny-12-07,4312,56.47,670,32.6,,0.0,,0.0,0.7000000000000001,-15.4,0.0266666666666666,0.0,0.2999999999999999,0.4346666666666667,26.81,monitoring,0,26.94333333333333
3214002,3214,32,gmina zachodniopomorskie-wschodni-14-02,4915,59.76,717,34.7,,0.0,,0.0,0.788,-14.9,0.0,0.0,0.2119999999999999,0.4626666666666667,26.93,monitoring,0,26.93
207001,207,2,gmina dolnośląskie-południowy-07-01,7016,49.45,1249,26.3,,0.0,,0.0,0.8200000000000001,-18.1,0.2066666666666667,0.0,0.1799999999999999,0.3506666666666667,25.88,monitoring,0,26.913333333333334
814006,814,8,gmina lubuskie-wschodni-14-06,15148,59.54,2891,26.0,,0.0,,0.0,0.768,-15.3,0.02,0.0,0.2319999999999999,0.3466666666666667,26.81,monitoring,0,26.91
2417004,2417,24,gmina śląskie-miejski-17-04,8140,60.46,1626,29.9,,0.0,,0.0,0.785,-13.9,0.0,0.0,0.2149999999999999,0.3986666666666666,26.9,monitoring,0,26.9
810005,810,8,gmina lubuskie-centralny-10-05,12418,57.66,1723,43.2,,0.0,,0.0,0.767,-14.9,0.0,0.0,0.2329999999999999,0.5760000000000001,26.89,monitoring,0,26.89
3210002,3210,32,gmina zachodniopomorskie-centralny-10-02,45489,54.43,7645,19.2,,0.0,,0.0,0.708,-16.5,0.1,0.0,0.292,0.256,26.39,monitoring,0,26.89
1010006,1010,10,gmina łódzkie-centralny-10-06,7293,61.82,1410,30.1,,0.0,,0.0,0.848,-13.0,0.0,0.0,0.152,0.4013333333333334,26.87,monitoring,0,26.87
2203005,2203,22,gmina pomorskie-zachodni-03-05,6552,57.94,982,35.3,,0.0,,0.0,0.722,-12.9,0.0,0.0,0.278,0.4706666666666666,26.87,monitoring,0,26.87
1816006,1816,18,gmina podkarpackie-centralny-16-06,6556,60.17,932,34.0,,0.0,,0.0,0.809,-14.8,0.0,0.0,0.1909999999999999,0.4533333333333333,26.85,monitoring,0,26.85
2426004,2426,24,gmina śląskie-wschodni-26-04,8967,55.19,1401,23.7,,0.0,,0.0,0.765,-16.4,0.0933333333333332,0.0,0.235,0.316,26.35,monitoring,0,26.816666666666666
1812003,1812,18,gmina podkarpackie-północny-12-03,17861,47.59,2608,29.8,,0.0,,0.0,0.8300000000000001,-18.4,0.2266666666666665,0.0,0.1699999999999999,0.3973333333333333,25.68,monitoring,0,26.813333333333333
1609002,1609,16,gmina opolskie-zachodni-09-02,7158,50.68,1029,31.8,,0.0,,0.0,0.805,-17.4,0.1599999999999999,0.0,0.1949999999999999,0.424,26.01,monitoring,0,26.810000000000002
812007,812,8,gmina lubuskie-północny-12-07,13894,51.62,1664,26.8,,0.0,,0.0,0.776,-17.2,0.1466666666666666,0.0,0.2239999999999999,0.3573333333333333,26.06,monitoring,0,26.793333333333333
2426005,2426,24,gmina śląskie-wschodni-26-05,10180,52.96,1281,32.7,,0.0,,0.0,0.745,-16.4,0.0933333333333332,0.0,0.255,0.436,26.28,monitoring,0,26.746666666666666
810004,810,8,gmina lubuskie-centralny-10-04,5518,59.26,845,24.2,,0.0,,0.0,0.714,-14.9,0.0,0.0,0.286,0.3226666666666666,26.71,monitoring,0,26.71
2424002,2424,24,gmina śląskie-północny-24-02,11531,55.9,1567,38.6,,0.0,,0.0,0.781,-15.6,0.0399999999999999,0.0,0.2189999999999999,0.5146666666666667,26.51,monitoring,0,26.71
3204002,3204,32,gmina zachodniopomorskie-centralny-04-02,5627,56.4,797,29.7,,0.0,,0.0,0.704,-15.4,0.0266666666666666,0.0,0.296,0.3959999999999999,26.56,monitoring,0,26.69333333333333
2410002,2410,24,gmina śląskie-centralny-10-02,3708,54.25,700,32.7,,0.0,,0.0,0.705,-15.8,0.0533333333333333,0.0,0.295,0.436,26.41,monitoring,0,26.676666666666666
2419005,2419,24,gmina śląskie-południowy-19-05,45366,52.6,7810,25.8,,0.0,,0.0,0.806,-17.1,0.1400000000000001,0.0,0.1939999999999999,0.344,25.97,monitoring,0,26.669999999999998
2429006,2429,24,gmina śląskie-miejski-29-06,4378,57.75,777,31.4,,0.0,,0.0,0.777,-15.4,0.0266666666666666,0.0,0.2229999999999999,0.4186666666666666,26.53,monitoring,0,26.663333333333334
1814001,1814,18,gmina podkarpackie-wschodni-14-01,3009,57.73,535,17.4,,0.0,,0.0,0.725,-15.7,0.0466666666666666,0.0,0.275,0.2319999999999999,26.41,monitoring,0,26.643333333333334
423001,423,4,gmina kujawsko-pomorskie-miejski-23-01,14873,51.93,2294,10.9,,0.0,,0.0,0.8250000000000001,-18.0,0.2,0.0,0.1749999999999999,0.1453333333333333,25.64,monitoring,0,26.64
2421002,2421,24,gmina śląskie-zachodni-21-02,73957,55.04,10019,19.2,,0.0,,0.0,0.85,-17.0,0.1333333333333333,0.0,0.15,0.256,25.95,monitoring,0,26.616666666666667
1612004,1612,16,gmina opolskie-północny-12-04,22439,54.43,3743,22.5,,0.0,,0.0,0.713,-16.2,0.0799999999999999,0.0,0.287,0.3,26.21,monitoring,0,26.61
1012003,1012,10,gmina łódzkie-północny-12-03,66850,49.94,7980,19.6,,0.0,,0.0,0.793,-17.9,0.1933333333333332,0.0,0.2069999999999999,0.2613333333333333,25.63,monitoring,0,26.596666666666664
408006,408,4,gmina kujawsko-pomorskie-wschodni-08-06,2383,59.83,342,32.7,,0.0,,0.0,0.8140000000000001,-12.8,0.0,0.0,0.1859999999999999,0.436,26.59,monitoring,0,26.59
1215004,1215,12,gmina małopolskie-zachodni-15-04,6443,45.29,927,29.0,,0.0,,0.0,0.8220000000000001,-18.8,0.2533333333333333,0.0,0.1779999999999999,0.3866666666666666,25.31,monitoring,0,26.576666666666664
418001,418,4,gmina kujawsko-pomorskie-północny-18-01,3387,59.67,570,36.3,,0.0,,0.0,0.836,-14.4,0.0,0.0,0.164,0.484,26.57,monitoring,0,26.57
1216006,1216,12,gmina małopolskie-centralny-16-06,4321,58.83,701,30.0,,0.0,,0.0,0.84,-15.5,0.0333333333333333,0.0,0.16,0.4,26.4,monitoring,0,26.566666666666666
2408001,2408,24,gmina śląskie-wschodni-08-01,11222,54.13,1981,29.0,,0.0,,0.0,0.805,-16.5,0.1,0.0,0.1949999999999999,0.3866666666666666,26.06,monitoring,0,26.56
2206002,2206,22,gmina pomorskie-północny-06-02,4039,58.76,792,24.5,,0.0,,0.0,0.747,-15.2,0.0133333333333332,0.0,0.253,0.3266666666666666,26.48,monitoring,0,26.546666666666667
201004,201,2,gmina dolnośląskie-południowy-01-04,9492,50.04,1307,25.9,,0.0,,0.0,0.783,-17.5,0.1666666666666666,0.0,0.2169999999999999,0.3453333333333333,25.69,monitoring,0,26.523333333333333
411004,411,4,gmina kujawsko-pomorskie-miejski-11-04,9170,55.44,1303,28.7,,0.0,,0.0,0.795,-16.1,0.0733333333333334,0.0,0.2049999999999999,0.3826666666666666,26.15,monitoring,0,26.516666666666666
225002,225,2,gmina dolnośląskie-południowy-25-02,31160,51.05,3203,21.8,,0.0,,0.0,0.764,-17.3,0.1533333333333333,0.0,0.236,0.2906666666666667,25.74,monitoring,0,26.506666666666664
1806007,1806,18,gmina podkarpackie-północny-06-07,6000,48.79,650,17.2,,0.0,,0.0,0.791,-18.2,0.2133333333333333,0.0,0.2089999999999999,0.2293333333333333,25.41,monitoring,0,26.476666666666667
202003,202,2,gmina dolnośląskie-wschodni-02-03,49877,56.35,6413,16.7,,0.0,,0.0,0.784,-16.3,0.0866666666666667,0.0,0.2159999999999999,0.2226666666666666,26.03,monitoring,0,26.463333333333335
3031003,3031,30,gmina wielkopolskie-południowy-31-03,43356,56.09,6073,21.9,,0.0,,0.0,0.8150000000000001,-16.3,0.0866666666666667,0.0,0.1849999999999999,0.292,26.0,monitoring,0,26.433333333333334
808002,808,8,gmina lubuskie-wschodni-08-02,51670,61.35,7477,26.7,,0.0,,0.0,0.852,-14.1,0.0,0.0,0.148,0.356,26.43,monitoring,0,26.43
3001003,3001,30,gmina wielkopolskie-południowy-01-03,9171,52.5,1398,22.8,,0.0,,0.0,0.791,-17.0,0.1333333333333333,0.0,0.2089999999999999,0.304,25.75,monitoring,0,26.416666666666668
3008004,3008,30,gmina wielkopolskie-wschodni-08-04,23836,49.78,3428,26.3,,0.0,,0.0,0.685,-16.9,0.1266666666666665,0.0,0.3149999999999999,0.3506666666666667,25.78,monitoring,0,26.413333333333334
2607003,2607,26,gmina świętokrzyskie-południowy-07-03,6793,51.33,1111,29.3,,0.0,,0.0,0.741,-16.7,0.1133333333333332,0.0,0.259,0.3906666666666666,25.83,monitoring,0,26.396666666666665
3001002,3001,30,gmina wielkopolskie-południowy-01-02,4266,51.26,540,22.8,,0.0,,0.0,0.742,-17.0,0.1333333333333333,0.0,0.258,0.304,25.72,monitoring,0,26.386666666666667
1211007,1211,12,gmina małopolskie-miejski-11-07,13877,58.09,2446,9.5,,0.0,,0.0,0.78,-16.1,0.0733333333333334,0.0,0.2199999999999999,0.1266666666666666,26.01,monitoring,0,26.37666666666667
1609001,1609,16,gmina opolskie-zachodni-09-01,8734,49.0,1283,31.6,,0.0,,0.0,0.782,-17.4,0.1599999999999999,0.0,0.2179999999999999,0.4213333333333333,25.57,monitoring,0,26.37
2432006,2432,24,gmina śląskie-wschodni-32-06,32139,48.35,4411,17.9,,0.0,,0.0,0.877,-18.7,0.2466666666666666,0.0,0.123,0.2386666666666666,25.11,monitoring,0,26.343333333333334
2216005,2216,22,gmina pomorskie-centralny-16-05,6353,57.87,1083,32.1,,0.0,,0.0,0.806,-15.3,0.02,0.0,0.1939999999999999,0.428,26.24,monitoring,0,26.34
422002,422,4,gmina kujawsko-pomorskie-centralny-22-02,20122,49.76,2811,10.6,,0.0,,0.0,0.766,-18.0,0.2,0.0,0.2339999999999999,0.1413333333333333,25.32,monitoring,0,26.32
2201003,2201,22,gmina pomorskie-południowy-01-03,9141,55.61,1510,37.1,,0.0,,0.0,0.7000000000000001,-13.3,0.0,0.0,0.2999999999999999,0.4946666666666667,26.31,monitoring,0,26.31
2609001,2609,26,gmina świętokrzyskie-zachodni-09-01,5124,50.42,878,26.8,,0.0,,0.0,0.781,-17.2,0.1466666666666666,0.0,0.2189999999999999,0.3573333333333333,25.56,monitoring,0,26.293333333333333
1803006,1803,18,gmina podkarpackie-zachodni-03-06,2893,54.09,442,21.2,,0.0,,0.0,0.656,-15.8,0.0533333333333333,0.0,0.344,0.2826666666666667,26.02,monitoring,0,26.286666666666665
3032003,3032,30,gmina wielkopolskie-wschodni-32-03,29566,50.78,5104,18.2,,0.0,,0.0,0.836,-17.8,0.1866666666666667,0.0,0.164,0.2426666666666666,25.35,monitoring,0,26.283333333333335
808005,808,8,gmina lubuskie-wschodni-08-05,12890,56.52,1870,34.5,,0.0,,0.0,0.725,-14.1,0.0,0.0,0.275,0.46,26.25,monitoring,0,26.25
1210005,1210,12,gmina małopolskie-centralny-10-05,90137,60.45,10356,21.2,,0.0,,0.0,0.844,-15.3,0.02,0.0,0.156,0.2826666666666667,26.15,monitoring,0,26.25
422005,422,4,gmina kujawsko-pomorskie-centralny-22-05,4893,46.13,741,27.0,,0.0,,0.0,0.743,-18.0,0.2,0.0,0.257,0.36,25.24,monitoring,0,26.24
808004,808,8,gmina lubuskie-wschodni-08-04,17216,59.22,2636,35.4,,0.0,,0.0,0.848,-14.1,0.0,0.0,0.152,0.472,26.23,monitoring,0,26.23
2423001,2423,24,gmina śląskie-miejski-23-01,5885,52.52,882,21.2,,0.0,,0.0,0.8200000000000001,-17.1,0.1400000000000001,0.0,0.1799999999999999,0.2826666666666667,25.51,monitoring,0,26.21
1201001,1201,12,gmina małopolskie-południowy-01-01,60591,61.4,7496,5.0,,0.0,,0.0,0.735,-15.1,0.0066666666666666,0.0,0.265,0.0666666666666666,26.17,monitoring,0,26.203333333333333
2218001,2218,22,gmina pomorskie-północny-18-01,13233,59.56,2186,26.7,,0.0,,0.0,0.802,-14.8,0.0,0.0,0.1979999999999999,0.356,26.19,monitoring,0,26.19
3010005,3010,30,gmina wielkopolskie-centralny-10-05,1800,46.55,297,25.2,,0.0,,0.0,0.8220000000000001,-18.4,0.2266666666666665,0.0,0.1779999999999999,0.3359999999999999,25.05,monitoring,0,26.183333333333334
228004,228,2,gmina dolnośląskie-centralny-28-04,17035,49.06,2047,15.6,,0.0,,0.0,0.775,-17.9,0.1933333333333332,0.0,0.2249999999999999,0.208,25.19,monitoring,0,26.156666666666666
1211002,1211,12,gmina małopolskie-miejski-11-02,5083,53.8,769,32.4,,0.0,,0.0,0.795,-16.1,0.0733333333333334,0.0,0.2049999999999999,0.432,25.77,monitoring,0,26.136666666666667
1205001,1205,12,gmina małopolskie-miejski-05-01,7336,55.48,1067,37.2,,0.0,,0.0,0.783,-15.4,0.0266666666666666,0.0,0.2169999999999999,0.496,26.0,monitoring,0,26.133333333333333
3016006,3016,30,gmina wielkopolskie-centralny-16-06,8792,49.63,1212,26.6,,0.0,,0.0,0.867,-17.8,0.1866666666666667,0.0,0.133,0.3546666666666667,25.19,monitoring,0,26.123333333333335
2430001,2430,24,gmina śląskie-północny-30-01,10404,57.24,1697,20.6,,0.0,,0.0,0.8200000000000001,-15.9,0.06,0.0,0.1799999999999999,0.2746666666666666,25.82,monitoring,0,26.12
2602002,2602,26,gmina świętokrzyskie-wschodni-02-02,2943,56.84,497,40.3,,0.0,,0.0,0.8320000000000001,-15.2,0.0133333333333332,0.0,0.1679999999999999,0.5373333333333333,26.04,monitoring,0,26.106666666666666
219001,219,2,gmina dolnośląskie-południowy-19-01,44063,51.41,3876,18.5,,0.0,,0.0,0.799,-17.3,0.1533333333333333,0.0,0.2009999999999999,0.2466666666666666,25.34,monitoring,0,26.106666666666666
1603002,1603,16,gmina opolskie-zachodni-03-02,6682,57.89,1171,40.5,,0.0,,0.0,0.845,-14.3,0.0,0.0,0.155,0.54,26.09,monitoring,0,26.09
3031001,3031,30,gmina wielkopolskie-południowy-31-01,14149,54.9,2144,25.4,,0.0,,0.0,0.8310000000000001,-16.3,0.0866666666666667,0.0,0.1689999999999999,0.3386666666666666,25.64,monitoring,0,26.073333333333334
201003,201,2,gmina dolnośląskie-południowy-01-03,3664,51.22,509,16.3,,0.0,,0.0,0.812,-17.5,0.1666666666666666,0.0,0.1879999999999999,0.2173333333333333,25.24,monitoring,0,26.07333333333333
3219002,3219,32,gmina zachodniopomorskie-południowy-19-02,14323,57.13,2550,11.0,,0.0,,0.0,0.767,-16.0,0.0666666666666666,0.0,0.2329999999999999,0.1466666666666666,25.74,monitoring,0,26.07333333333333
1004004,1004,10,gmina łódzkie-centralny-04-04,5903,55.26,945,20.1,,0.0,,0.0,0.808,-16.3,0.0866666666666667,0.0,0.1919999999999999,0.268,25.63,monitoring,0,26.063333333333333
1825005,1825,18,gmina podkarpackie-południowy-25-05,5949,52.16,943,27.5,,0.0,,0.0,0.75,-16.4,0.0933333333333332,0.0,0.25,0.3666666666666666,25.58,monitoring,0,26.046666666666663
208002,208,2,gmina dolnośląskie-wschodni-08-02,22080,50.55,2438,24.8,,0.0,,0.0,0.885,-17.7,0.1799999999999999,0.0,0.1149999999999999,0.3306666666666666,25.14,monitoring,0,26.04
224001,224,2,gmina dolnośląskie-północny-24-01,7140,58.56,1217,28.5,,0.0,,0.0,0.79,-15.0,0.0,0.0,0.2099999999999999,0.38,26.04,monitoring,0,26.04
218005,218,2,gmina dolnośląskie-północny-18-05,14760,50.88,2021,36.3,,0.0,,0.0,0.779,-16.5,0.1,0.0,0.2209999999999999,0.484,25.54,monitoring,0,26.04
2411002,2411,24,gmina śląskie-miejski-11-02,29231,56.54,3909,24.6,,0.0,,0.0,0.847,-16.0,0.0666666666666666,0.0,0.153,0.328,25.7,monitoring,0,26.03333333333333
803007,803,8,gmina lubuskie-zachodni-03-07,9232,57.22,1335,32.0,,0.0,,0.0,0.761,-15.0,0.0,0.0,0.239,0.4266666666666667,26.03,monitoring,0,26.03
228003,228,2,gmina dolnośląskie-centralny-28-03,7008,48.41,1096,23.2,,0.0,,0.0,0.8200000000000001,-17.9,0.1933333333333332,0.0,0.1799999999999999,0.3093333333333333,25.04,monitoring,0,26.006666666666664
1205003,1205,12,gmina małopolskie-miejski-05-03,16102,55.23,2826,32.5,,0.0,,0.0,0.752,-15.4,0.0266666666666666,0.0,0.248,0.4333333333333333,25.87,monitoring,0,26.003333333333334
3206005,3206,32,gmina zachodniopomorskie-północny-06-05,92931,60.65,12723,9.8,,0.0,,0.0,0.881,-15.8,0.0533333333333333,0.0,0.119,0.1306666666666666,25.73,monitoring,0,25.996666666666666
226004,226,2,gmina dolnośląskie-wschodni-26-04,8672,55.57,1480,22.8,,0.0,,0.0,0.869,-16.4,0.0933333333333332,0.0,0.131,0.304,25.5,monitoring,0,25.966666666666665
3211004,3211,32,gmina zachodniopomorskie-miejski-11-04,3464,52.92,627,27.9,,0.0,,0.0,0.8130000000000001,-16.5,0.1,0.0,0.1869999999999999,0.372,25.45,monitoring,0,25.95
3011002,3011,30,gmina wielkopolskie-miejski-11-02,5927,56.3,866,34.7,,0.0,,0.0,0.8230000000000001,-15.4,0.0266666666666666,0.0,0.1769999999999999,0.4626666666666667,25.78,monitoring,0,25.913333333333334
2401001,2401,24,gmina śląskie-południowy-01-01,3886,56.26,629,34.1,,0.0,,0.0,0.766,-15.1,0.0066666666666666,0.0,0.2339999999999999,0.4546666666666666,25.88,monitoring,0,25.913333333333334
410006,410,4,gmina kujawsko-pomorskie-centralny-10-06,12341,58.12,2134,21.3,,0.0,,0.0,0.734,-14.4,0.0,0.0,0.266,0.284,25.9,monitoring,0,25.9
2434004,2434,24,gmina śląskie-centralny-34-04,21392,54.26,3388,26.3,,0.0,,0.0,0.71,-15.6,0.0399999999999999,0.0,0.29,0.3506666666666667,25.7,monitoring,0,25.9
1821001,1821,18,gmina podkarpackie-zachodni-21-01,8959,52.41,1473,27.1,,0.0,,0.0,0.862,-16.9,0.1266666666666665,0.0,0.138,0.3613333333333333,25.24,monitoring,0,25.87333333333333
1819001,1819,18,gmina podkarpackie-południowy-19-01,3297,59.15,553,30.4,,0.0,,0.0,0.849,-14.5,0.0,0.0,0.151,0.4053333333333333,25.86,monitoring,0,25.86
420002,420,4,gmina kujawsko-pomorskie-wschodni-20-02,34525,58.7,4670,25.9,,0.0,,0.0,0.798,-14.7,0.0,0.0,0.2019999999999999,0.3453333333333333,25.85,monitoring,0,25.85
2435004,2435,24,gmina śląskie-miejski-35-04,12431,54.31,1995,33.0,,0.0,,0.0,0.755,-15.5,0.0333333333333333,0.0,0.245,0.44,25.64,monitoring,0,25.80666666666667
228002,228,2,gmina dolnośląskie-centralny-28-02,6664,46.66,862,29.9,,0.0,,0.0,0.8180000000000001,-17.9,0.1933333333333332,0.0,0.1819999999999999,0.3986666666666666,24.84,monitoring,0,25.806666666666665
215007,215,2,gmina dolnośląskie-zachodni-15-07,5052,51.53,865,22.9,,0.0,,0.0,0.785,-16.8,0.12,0.0,0.2149999999999999,0.3053333333333333,25.2,monitoring,0,25.8
411002,411,4,gmina kujawsko-pomorskie-miejski-11-02,2956,52.72,458,29.0,,0.0,,0.0,0.762,-16.1,0.0733333333333334,0.0,0.238,0.3866666666666666,25.43,monitoring,0,25.796666666666667
2607004,2607,26,gmina świętokrzyskie-południowy-07-04,7810,49.2,1095,32.9,,0.0,,0.0,0.744,-16.7,0.1133333333333332,0.0,0.256,0.4386666666666666,25.23,monitoring,0,25.796666666666667
1802002,1802,18,gmina podkarpackie-wschodni-02-02,8870,50.83,898,29.2,,0.0,,0.0,0.786,-16.7,0.1133333333333332,0.0,0.2139999999999999,0.3893333333333333,25.23,monitoring,0,25.796666666666667
3204005,3204,32,gmina zachodniopomorskie-centralny-04-05,7322,53.44,1025,33.2,,0.0,,0.0,0.705,-15.4,0.0266666666666666,0.0,0.295,0.4426666666666667,25.66,monitoring,0,25.793333333333333
3012002,3012,30,gmina wielkopolskie-północny-12-02,16460,55.33,2076,44.4,,0.0,,0.0,0.802,-13.3,0.0,0.0,0.1979999999999999,0.592,25.77,monitoring,0,25.77
811003,811,8,gmina lubuskie-miejski-11-03,4868,59.25,822,25.6,,0.0,,0.0,0.8280000000000001,-13.8,0.0,0.0,0.1719999999999999,0.3413333333333334,25.77,monitoring,0,25.77
813004,813,8,gmina lubuskie-południowy-13-04,9092,49.5,893,26.3,,0.0,,0.0,0.711,-16.7,0.1133333333333332,0.0,0.289,0.3506666666666667,25.2,monitoring,0,25.766666666666666
2214005,2214,22,gmina pomorskie-wschodni-14-05,15817,56.66,2912,26.1,,0.0,,0.0,0.795,-15.4,0.0266666666666666,0.0,0.2049999999999999,0.348,25.6,monitoring,0,25.733333333333334
2434001,2434,24,gmina śląskie-centralny-34-01,14332,54.63,2419,26.6,,0.0,,0.0,0.749,-15.6,0.0399999999999999,0.0,0.251,0.3546666666666667,25.51,monitoring,0,25.71
1213004,1213,12,gmina małopolskie-południowy-13-04,29638,54.84,4366,13.3,,0.0,,0.0,0.8140000000000001,-16.5,0.1,0.0,0.1859999999999999,0.1773333333333333,25.2,monitoring,0,25.7
2209001,2209,22,gmina pomorskie-zachodni-09-01,8969,52.04,1500,27.8,,0.0,,0.0,0.72,-16.0,0.0666666666666666,0.0,0.28,0.3706666666666667,25.35,monitoring,0,25.683333333333334
1222006,1222,12,gmina małopolskie-centralny-22-06,1800,56.28,266,24.6,,0.0,,0.0,0.705,-12.1,0.0,0.0,0.295,0.328,25.68,monitoring,0,25.68
3035005,3035,30,gmina wielkopolskie-miejski-35-05,5173,55.93,750,26.5,,0.0,,0.0,0.775,-15.4,0.0266666666666666,0.0,0.2249999999999999,0.3533333333333333,25.53,monitoring,0,25.663333333333334
1822001,1822,18,gmina podkarpackie-centralny-22-01,7403,47.09,945,13.3,,0.0,,0.0,0.798,-18.3,0.22,0.0,0.2019999999999999,0.1773333333333333,24.56,monitoring,0,25.66
3025006,3025,30,gmina wielkopolskie-południowy-25-06,2253,53.12,299,29.1,,0.0,,0.0,0.8290000000000001,-16.3,0.0866666666666667,0.0,0.1709999999999999,0.388,25.22,monitoring,0,25.653333333333332
1813001,1813,18,gmina podkarpackie-południowy-13-01,7757,56.14,1298,28.9,,0.0,,0.0,0.734,-13.9,0.0,0.0,0.266,0.3853333333333333,25.65,monitoring,0,25.65
208004,208,2,gmina dolnośląskie-wschodni-08-04,14372,47.3,1675,26.5,,0.0,,0.0,0.805,-17.7,0.1799999999999999,0.0,0.1949999999999999,0.3533333333333333,24.74,monitoring,0,25.639999999999997
3030004,3030,30,gmina wielkopolskie-północny-30-04,63026,54.8,7160,28.6,,0.0,,0.0,0.899,-16.3,0.0866666666666667,0.0,0.1009999999999999,0.3813333333333333,25.2,monitoring,0,25.633333333333333
3206001,3206,32,gmina zachodniopomorskie-północny-06-01,7147,54.23,1022,22.0,,0.0,,0.0,0.744,-15.8,0.0533333333333333,0.0,0.256,0.2933333333333333,25.34,monitoring,0,25.606666666666666
222006,222,2,gmina dolnośląskie-centralny-22-06,4028,53.35,597,24.2,,0.0,,0.0,0.728,-15.8,0.0533333333333333,0.0,0.272,0.3226666666666666,25.29,monitoring,0,25.556666666666665
3002004,3002,30,gmina wielkopolskie-wschodni-02-04,1833,55.67,310,20.4,,0.0,,0.0,0.783,-15.7,0.0466666666666666,0.0,0.2169999999999999,0.2719999999999999,25.31,monitoring,0,25.543333333333333
1013001,1013,10,gmina łódzkie-południowy-13-01,4563,57.11,828,15.9,,0.0,,0.0,0.777,-15.5,0.0333333333333333,0.0,0.2229999999999999,0.212,25.37,monitoring,0,25.53666666666667
2411003,2411,24,gmina śląskie-miejski-11-03,56321,56.25,8343,8.3,,0.0,,0.0,0.771,-16.0,0.0666666666666666,0.0,0.2289999999999999,0.1106666666666666,25.19,monitoring,0,25.523333333333333
402003,402,4,gmina kujawsko-pomorskie-wschodni-02-03,9657,56.24,1512,27.8,,0.0,,0.0,0.745,-14.8,0.0,0.0,0.255,0.3706666666666667,25.52,monitoring,0,25.52
413003,413,4,gmina kujawsko-pomorskie-południowy-13-03,4929,52.19,703,35.3,,0.0,,0.0,0.868,-16.4,0.0933333333333332,0.0,0.132,0.4706666666666666,25.05,monitoring,0,25.516666666666666
1824001,1824,18,gmina podkarpackie-północny-24-01,10533,54.63,1766,12.2,,0.0,,0.0,0.733,-16.0,0.0666666666666666,0.0,0.267,0.1626666666666666,25.18,monitoring,0,25.513333333333332
808001,808,8,gmina lubuskie-wschodni-08-01,11691,57.07,2269,30.8,,0.0,,0.0,0.804,-14.1,0.0,0.0,0.1959999999999999,0.4106666666666667,25.5,monitoring,0,25.5
813001,813,8,gmina lubuskie-południowy-13-01,42599,53.2,6738,22.8,,0.0,,0.0,0.872,-16.7,0.1133333333333332,0.0,0.128,0.304,24.93,monitoring,0,25.496666666666666
3014006,3014,30,gmina wielkopolskie-wschodni-14-06,27070,54.87,5059,20.0,,0.0,,0.0,0.752,-15.7,0.0466666666666666,0.0,0.248,0.2666666666666666,25.26,monitoring,0,25.493333333333336
1023006,1023,10,gmina łódzkie-miejski-23-06,8166,55.78,1218,29.2,,0.0,,0.0,0.8250000000000001,-15.5,0.0333333333333333,0.0,0.1749999999999999,0.3893333333333333,25.32,monitoring,0,25.486666666666668
2415004,2415,24,gmina śląskie-zachodni-15-04,52886,52.69,6621,15.1,,0.0,,0.0,0.865,-17.1,0.1400000000000001,0.0,0.135,0.2013333333333333,24.76,monitoring,0,25.46
3022003,3022,30,gmina wielkopolskie-centralny-22-03,8885,48.39,1134,19.8,,0.0,,0.0,0.738,-17.2,0.1466666666666666,0.0,0.262,0.264,24.71,monitoring,0,25.443333333333335
211006,211,2,gmina dolnośląskie-miejski-11-06,7366,56.28,1006,27.5,,0.0,,0.0,0.753,-13.4,0.0,0.0,0.247,0.3666666666666666,25.44,monitoring,0,25.44
1816004,1816,18,gmina podkarpackie-centralny-16-04,2756,57.52,352,20.3,,0.0,,0.0,0.753,-14.8,0.0,0.0,0.247,0.2706666666666666,25.43,monitoring,0,25.43
2219006,2219,22,gmina pomorskie-południowy-19-06,10473,48.82,1574,28.4,,0.0,,0.0,0.856,-17.4,0.1599999999999999,0.0,0.144,0.3786666666666666,24.62,monitoring,0,25.42
1809003,1809,18,gmina podkarpackie-zachodni-09-03,6991,53.05,1052,16.3,,0.0,,0.0,0.742,-16.2,0.0799999999999999,0.0,0.258,0.2173333333333333,25.01,monitoring,0,25.41
221006,221,2,gmina dolnośląskie-zachodni-21-06,43506,58.77,6317,21.7,,0.0,,0.0,0.8190000000000001,-12.3,0.0,0.0,0.1809999999999999,0.2893333333333333,25.41,monitoring,0,25.41
1203003,1203,12,gmina małopolskie-zachodni-03-03,4674,49.25,645,26.5,,0.0,,0.0,0.8280000000000001,-17.2,0.1466666666666666,0.0,0.1719999999999999,0.3533333333333333,24.67,monitoring,0,25.403333333333336
1804005,1804,18,gmina podkarpackie-centralny-04-05,8288,53.51,1045,28.1,,0.0,,0.0,0.799,-15.9,0.06,0.0,0.2009999999999999,0.3746666666666667,25.1,monitoring,0,25.400000000000002
2419003,2419,24,gmina śląskie-południowy-19-03,48333,50.64,5798,19.5,,0.0,,0.0,0.8180000000000001,-17.1,0.1400000000000001,0.0,0.1819999999999999,0.26,24.7,monitoring,0,25.4
230003,230,2,gmina dolnośląskie-północny-30-03,2053,50.41,265,24.9,,0.0,,0.0,0.801,-16.8,0.12,0.0,0.1989999999999999,0.3319999999999999,24.77,monitoring,0,25.37
3007003,3007,30,gmina wielkopolskie-południowy-07-03,4986,47.19,692,29.6,,0.0,,0.0,0.768,-17.2,0.1466666666666666,0.0,0.2319999999999999,0.3946666666666666,24.63,monitoring,0,25.363333333333333
3019002,3019,30,gmina wielkopolskie-południowy-19-02,7654,51.51,899,30.8,,0.0,,0.0,0.808,-16.3,0.0866666666666667,0.0,0.1919999999999999,0.4106666666666667,24.92,monitoring,0,25.353333333333335
3022006,3022,30,gmina wielkopolskie-centralny-22-06,3259,47.62,475,32.9,,0.0,,0.0,0.8140000000000001,-17.2,0.1466666666666666,0.0,0.1859999999999999,0.4386666666666666,24.6,monitoring,0,25.333333333333336
1604002,1604,16,gmina opolskie-centralny-04-02,9186,48.93,1139,31.2,,0.0,,0.0,0.722,-16.4,0.0933333333333332,0.0,0.278,0.416,24.86,monitoring,0,25.326666666666664
1820001,1820,18,gmina podkarpackie-wschodni-20-01,6118,47.88,869,29.8,,0.0,,0.0,0.788,-17.1,0.1400000000000001,0.0,0.2119999999999999,0.3973333333333333,24.61,monitoring,0,25.31
223002,223,2,gmina dolnośląskie-miejski-23-02,9706,55.2,1636,9.7,,0.0,,0.0,0.746,-15.9,0.06,0.0,0.254,0.1293333333333333,24.99,monitoring,0,25.29
1008003,1008,10,gmina łódzkie-wschodni-08-03,15822,55.67,2403,29.8,,0.0,,0.0,0.762,-13.5,0.0,0.0,0.238,0.3973333333333333,25.28,monitoring,0,25.28
3023001,3023,30,gmina wielkopolskie-miejski-23-01,2921,46.24,374,30.9,,0.0,,0.0,0.85,-17.8,0.1866666666666667,0.0,0.15,0.412,24.34,monitoring,0,25.273333333333333
1606007,1606,16,gmina opolskie-północny-06-07,12636,50.76,1994,24.3,,0.0,,0.0,0.808,-16.7,0.1133333333333332,0.0,0.1919999999999999,0.324,24.68,monitoring,0,25.246666666666666
3221004,3221,32,gmina zachodniopomorskie-zachodni-21-04,61736,59.03,8151,25.9,,0.0,,0.0,0.882,-13.4,0.0,0.0,0.118,0.3453333333333333,25.22,monitoring,0,25.22
412003,412,4,gmina kujawsko-pomorskie-północny-12-03,11115,55.29,1725,25.7,,0.0,,0.0,0.791,-15.4,0.0266666666666666,0.0,0.2089999999999999,0.3426666666666667,25.08,monitoring,0,25.21333333333333
219005,219,2,gmina dolnośląskie-południowy-19-05,10152,44.47,1664,35.7,,0.0,,0.0,0.733,-17.3,0.1533333333333333,0.0,0.267,0.476,24.44,monitoring,0,25.206666666666667
3029006,3029,30,gmina wielkopolskie-miejski-29-06,2150,58.12,385,14.3,,0.0,,0.0,0.847,-15.5,0.0333333333333333,0.0,0.153,0.1906666666666666,25.02,monitoring,0,25.186666666666667
3204004,3204,32,gmina zachodniopomorskie-centralny-04-04,4928,56.15,766,26.1,,0.0,,0.0,0.834,-15.4,0.0266666666666666,0.0,0.166,0.348,25.05,monitoring,0,25.183333333333334
3221001,3221,32,gmina zachodniopomorskie-zachodni-21-01,15946,56.12,2666,39.1,,0.0,,0.0,0.864,-13.4,0.0,0.0,0.136,0.5213333333333333,25.16,monitoring,0,25.16
226002,226,2,gmina dolnośląskie-wschodni-26-02,15845,51.8,2266,25.7,,0.0,,0.0,0.8210000000000001,-16.4,0.0933333333333332,0.0,0.1789999999999999,0.3426666666666667,24.69,monitoring,0,25.156666666666666
807005,807,8,gmina lubuskie-południowy-07-05,4622,51.36,619,26.6,,0.0,,0.0,0.846,-16.6,0.1066666666666667,0.0,0.154,0.3546666666666667,24.6,monitoring,0,25.133333333333336
213002,213,2,gmina dolnośląskie-południowy-13-02,16328,57.52,2310,24.6,,0.0,,0.0,0.8200000000000001,-14.2,0.0,0.0,0.1799999999999999,0.328,25.12,monitoring,0,25.12
1213006,1213,12,gmina małopolskie-południowy-13-06,7960,53.51,1238,23.3,,0.0,,0.0,0.896,-16.5,0.1,0.0,0.1039999999999999,0.3106666666666667,24.62,monitoring,0,25.12
2405006,2405,24,gmina śląskie-miejski-05-06,8573,55.32,1420,30.8,,0.0,,0.0,0.774,-14.9,0.0,0.0,0.2259999999999999,0.4106666666666667,25.11,monitoring,0,25.11
3015005,3015,30,gmina wielkopolskie-zachodni-15-05,8087,53.95,1189,23.2,,0.0,,0.0,0.782,-15.7,0.0466666666666666,0.0,0.2179999999999999,0.3093333333333333,24.85,monitoring,0,25.083333333333336
1818005,1818,18,gmina podkarpackie-północny-18-05,14328,54.88,1903,22.5,,0.0,,0.0,0.6990000000000001,-14.5,0.0,0.0,0.3009999999999999,0.3,25.06,monitoring,0,25.06
2406005,2406,24,gmina śląskie-północny-06-05,6639,54.78,1192,24.1,,0.0,,0.0,0.879,-16.0,0.0666666666666666,0.0,0.121,0.3213333333333333,24.71,monitoring,0,25.043333333333333
3010002,3010,30,gmina wielkopolskie-centralny-10-02,25133,44.47,2969,21.9,,0.0,,0.0,0.837,-18.4,0.2266666666666665,0.0,0.163,0.292,23.91,monitoring,0,25.043333333333333
2416006,2416,24,gmina śląskie-centralny-16-06,7236,50.48,1157,24.5,,0.0,,0.0,0.906,-17.2,0.1466666666666666,0.0,0.0939999999999999,0.3266666666666666,24.3,monitoring,0,25.033333333333335
3203003,3203,32,gmina zachodniopomorskie-zachodni-03-03,6058,52.45,745,26.2,,0.0,,0.0,0.73,-15.6,0.0399999999999999,0.0,0.27,0.3493333333333333,24.83,monitoring,0,25.029999999999998
1611005,1611,16,gmina opolskie-miejski-11-05,100968,60.41,16740,5.0,,0.0,,0.0,0.809,-14.6,0.0,0.0,0.1909999999999999,0.0666666666666666,25.01,monitoring,0,25.01
1608007,1608,16,gmina opolskie-wschodni-08-07,26442,50.96,4065,35.7,,0.0,,0.0,0.792,-15.9,0.06,0.0,0.2079999999999999,0.476,24.7,monitoring,0,25.0
214005,214,2,gmina dolnośląskie-wschodni-14-05,23521,52.78,2729,34.7,,0.0,,0.0,0.8300000000000001,-15.7,0.0466666666666666,0.0,0.1699999999999999,0.4626666666666667,24.74,monitoring,0,24.973333333333333
210007,210,2,gmina dolnośląskie-centralny-10-07,14934,53.18,1945,28.2,,0.0,,0.0,0.904,-16.3,0.0866666666666667,0.0,0.0959999999999999,0.376,24.51,monitoring,0,24.943333333333335
2209002,2209,22,gmina pomorskie-zachodni-09-02,7881,52.56,1277,30.6,,0.0,,0.0,0.846,-16.0,0.0666666666666666,0.0,0.154,0.408,24.6,monitoring,0,24.933333333333334
3220001,3220,32,gmina zachodniopomorskie-wschodni-20-01,17875,57.21,3291,19.8,,0.0,,0.0,0.792,-14.4,0.0,0.0,0.2079999999999999,0.264,24.93,monitoring,0,24.93
3021004,3021,30,gmina wielkopolskie-zachodni-21-04,11194,53.33,1710,34.7,,0.0,,0.0,0.757,-15.1,0.0066666666666666,0.0,0.243,0.4626666666666667,24.89,monitoring,0,24.923333333333332
1612006,1612,16,gmina opolskie-północny-12-06,13268,54.36,2351,12.9,,0.0,,0.0,0.8270000000000001,-16.2,0.0799999999999999,0.0,0.1729999999999999,0.172,24.51,monitoring,0,24.91
2214002,2214,22,gmina pomorskie-wschodni-14-02,9210,53.82,1359,23.9,,0.0,,0.0,0.75,-15.4,0.0266666666666666,0.0,0.25,0.3186666666666666,24.77,monitoring,0,24.903333333333332
2205005,2205,22,gmina pomorskie-miejski-05-05,12130,58.11,1969,14.8,,0.0,,0.0,0.8310000000000001,-15.2,0.0133333333333332,0.0,0.1689999999999999,0.1973333333333333,24.83,monitoring,0,24.896666666666665
3213004,3213,32,gmina zachodniopomorskie-południowy-13-04,38952,48.65,4965,25.0,,0.0,,0.0,0.866,-17.3,0.1533333333333333,0.0,0.134,0.3333333333333333,24.12,monitoring,0,24.886666666666667
222003,222,2,gmina dolnośląskie-centralny-22-03,26530,58.1,4004,6.9,,0.0,,0.0,0.876,-15.8,0.0533333333333333,0.0,0.124,0.092,24.61,monitoring,0,24.876666666666665
1206007,1206,12,gmina małopolskie-północny-06-07,12875,45.81,2189,29.5,,0.0,,0.0,0.952,-18.3,0.22,0.0,0.0479999999999999,0.3933333333333333,23.77,monitoring,0,24.87
2430006,2430,24,gmina śląskie-północny-30-06,16146,53.21,2188,31.0,,0.0,,0.0,0.869,-15.9,0.06,0.0,0.131,0.4133333333333333,24.55,monitoring,0,24.85
212003,212,2,gmina dolnośląskie-północny-12-03,18357,53.98,3308,29.8,,0.0,,0.0,0.86,-15.7,0.0466666666666666,0.0,0.14,0.3973333333333333,24.6,monitoring,0,24.833333333333336
2415005,2415,24,gmina śląskie-zachodni-15-05,11705,48.3,1830,24.5,,0.0,,0.0,0.8200000000000001,-17.1,0.1400000000000001,0.0,0.1799999999999999,0.3266666666666666,24.13,monitoring,0,24.83
227004,227,2,gmina dolnośląskie-zachodni-27-04,12599,48.56,1802,31.7,,0.0,,0.0,0.852,-16.9,0.1266666666666665,0.0,0.148,0.4226666666666666,24.18,monitoring,0,24.813333333333333
208003,208,2,gmina dolnośląskie-wschodni-08-03,7926,46.5,1254,18.9,,0.0,,0.0,0.807,-17.7,0.1799999999999999,0.0,0.1929999999999999,0.252,23.91,monitoring,0,24.81
1014006,1014,10,gmina łódzkie-wschodni-14-06,27545,56.82,4188,27.7,,0.0,,0.0,0.848,-14.1,0.0,0.0,0.152,0.3693333333333333,24.81,monitoring,0,24.81
1006002,1006,10,gmina łódzkie-północny-06-02,8622,56.65,1468,22.3,,0.0,,0.0,0.801,-14.0,0.0,0.0,0.1989999999999999,0.2973333333333333,24.8,monitoring,0,24.8
2208002,2208,22,gmina pomorskie-wschodni-08-02,4502,55.41,736,27.1,,0.0,,0.0,0.908,-15.7,0.0466666666666666,0.0,0.0919999999999999,0.3613333333333333,24.53,monitoring,0,24.763333333333335
1604001,1604,16,gmina opolskie-centralny-04-01,6357,49.27,832,27.6,,0.0,,0.0,0.773,-16.4,0.0933333333333332,0.0,0.2269999999999999,0.368,24.29,monitoring,0,24.756666666666664
2215004,2215,22,gmina pomorskie-zachodni-15-04,20153,54.52,2693,30.7,,0.0,,0.0,0.78,-13.2,0.0,0.0,0.2199999999999999,0.4093333333333333,24.74,monitoring,0,24.74
2410005,2410,24,gmina śląskie-centralny-10-05,10825,53.31,1520,17.5,,0.0,,0.0,0.771,-15.8,0.0533333333333333,0.0,0.2289999999999999,0.2333333333333333,24.45,monitoring,0,24.716666666666665
2409001,2409,24,gmina śląskie-zachodni-09-01,9565,48.13,1542,22.2,,0.0,,0.0,0.774,-16.9,0.1266666666666665,0.0,0.2259999999999999,0.296,24.08,monitoring,0,24.71333333333333
227007,227,2,gmina dolnośląskie-zachodni-27-07,8451,48.88,1509,24.9,,0.0,,0.0,0.8260000000000001,-16.9,0.1266666666666665,0.0,0.1739999999999999,0.3319999999999999,24.08,monitoring,0,24.71333333333333
1212007,1212,12,gmina małopolskie-północny-12-07,3053,54.46,498,31.9,,0.0,,0.0,0.79,-12.4,0.0,0.0,0.2099999999999999,0.4253333333333333,24.71,monitoring,0,24.71
1006007,1006,10,gmina łódzkie-północny-06-07,4515,52.68,622,30.9,,0.0,,0.0,0.71,-14.0,0.0,0.0,0.29,0.412,24.69,monitoring,0,24.69
3020004,3020,30,gmina wielkopolskie-wschodni-20-04,35450,44.88,3835,17.3,,0.0,,0.0,0.893,-18.6,0.2400000000000001,0.0,0.1069999999999999,0.2306666666666667,23.49,monitoring,0,24.689999999999998
2412004,2412,24,gmina śląskie-północny-12-04,4294,45.23,517,34.5,,0.0,,0.0,0.748,-16.9,0.1266666666666665,0.0,0.252,0.46,24.04,monitoring,0,24.673333333333332
2610003,2610,26,gmina świętokrzyskie-centralny-10-03,8520,51.47,1209,23.1,,0.0,,0.0,0.8250000000000001,-16.3,0.0866666666666667,0.0,0.1749999999999999,0.308,24.23,monitoring,0,24.663333333333334
213001,213,2,gmina dolnośląskie-południowy-13-01,21570,59.13,4383,14.7,,0.0,,0.0,0.865,-14.2,0.0,0.0,0.135,0.1959999999999999,24.66,monitoring,0,24.66
1022001,1022,10,gmina łódzkie-centralny-22-01,4038,48.17,592,30.1,,0.0,,0.0,0.741,-16.3,0.0866666666666667,0.0,0.259,0.4013333333333334,24.2,monitoring,0,24.633333333333333
2604002,2604,26,gmina świętokrzyskie-centralny-04-02,6162,49.71,886,27.4,,0.0,,0.0,0.804,-16.4,0.0933333333333332,0.0,0.1959999999999999,0.3653333333333333,24.16,monitoring,0,24.626666666666665
1012002,1012,10,gmina łódzkie-północny-12-02,66440,45.98,7627,20.0,,0.0,,0.0,0.848,-17.9,0.1933333333333332,0.0,0.152,0.2666666666666666,23.65,monitoring,0,24.616666666666664
1804006,1804,18,gmina podkarpackie-centralny-04-06,15153,50.26,2288,28.7,,0.0,,0.0,0.756,-15.9,0.06,0.0,0.244,0.3826666666666666,24.29,monitoring,0,24.59
2411005,2411,24,gmina śląskie-miejski-11-05,7200,52.65,976,26.5,,0.0,,0.0,0.858,-16.0,0.0666666666666666,0.0,0.142,0.3533333333333333,24.25,monitoring,0,24.583333333333332
1009006,1009,10,gmina łódzkie-zachodni-09-06,3539,43.64,497,28.2,,0.0,,0.0,0.8310000000000001,-18.0,0.2,0.0,0.1689999999999999,0.376,23.58,monitoring,0,24.58
2426001,2426,24,gmina śląskie-wschodni-26-01,24894,49.15,2811,26.0,,0.0,,0.0,0.776,-16.4,0.0933333333333332,0.0,0.2239999999999999,0.3466666666666667,24.11,monitoring,0,24.576666666666664
812002,812,8,gmina lubuskie-północny-12-02,10819,46.93,1696,26.3,,0.0,,0.0,0.8210000000000001,-17.2,0.1466666666666666,0.0,0.1789999999999999,0.3506666666666667,23.84,monitoring,0,24.573333333333334
2413003,2413,24,gmina śląskie-południowy-13-03,8415,53.37,1253,29.3,,0.0,,0.0,0.76,-15.1,0.0066666666666666,0.0,0.24,0.3906666666666666,24.51,monitoring,0,24.543333333333337
3031006,3031,30,gmina wielkopolskie-południowy-31-06,10500,49.73,1171,15.0,,0.0,,0.0,0.706,-16.3,0.0866666666666667,0.0,0.294,0.2,24.1,monitoring,0,24.533333333333335
416004,416,4,gmina kujawsko-pomorskie-centralny-16-04,5360,47.84,791,6.2,,0.0,,0.0,0.766,-17.5,0.1666666666666666,0.0,0.2339999999999999,0.0826666666666666,23.7,monitoring,0,24.53333333333333
1222003,1222,12,gmina małopolskie-centralny-22-03,24446,52.79,3423,25.6,,0.0,,0.0,0.6940000000000001,-12.1,0.0,0.0,0.3059999999999999,0.3413333333333334,24.52,monitoring,0,24.52
1207006,1207,12,gmina małopolskie-południowy-07-06,92646,55.8,11932,11.3,,0.0,,0.0,0.801,-15.5,0.0333333333333333,0.0,0.1989999999999999,0.1506666666666666,24.35,monitoring,0,24.51666666666667
1003006,1003,10,gmina łódzkie-zachodni-03-06,29065,55.88,5646,19.7,,0.0,,0.0,0.885,-15.6,0.0399999999999999,0.0,0.1149999999999999,0.2626666666666666,24.3,monitoring,0,24.5
1216003,1216,12,gmina małopolskie-centralny-16-03,6797,55.57,1167,21.3,,0.0,,0.0,0.868,-15.5,0.0333333333333333,0.0,0.132,0.284,24.32,monitoring,0,24.486666666666668
3004004,3004,30,gmina wielkopolskie-centralny-04-04,61611,57.23,10739,5.0,,0.0,,0.0,0.806,-15.4,0.0266666666666666,0.0,0.1939999999999999,0.0666666666666666,24.31,monitoring,0,24.44333333333333
1824004,1824,18,gmina podkarpackie-północny-24-04,6251,50.71,1049,17.6,,0.0,,0.0,0.733,-16.0,0.0666666666666666,0.0,0.267,0.2346666666666667,24.05,monitoring,0,24.383333333333333
1018004,1018,10,gmina łódzkie-północny-18-04,7753,50.97,914,26.0,,0.0,,0.0,0.793,-15.9,0.06,0.0,0.2069999999999999,0.3466666666666667,24.04,monitoring,0,24.34
213006,213,2,gmina dolnośląskie-południowy-13-06,54332,57.08,8949,16.5,,0.0,,0.0,0.8280000000000001,-14.2,0.0,0.0,0.1719999999999999,0.22,24.34,monitoring,0,24.34
2421004,2421,24,gmina śląskie-zachodni-21-04,39443,50.67,5299,13.6,,0.0,,0.0,0.877,-17.0,0.1333333333333333,0.0,0.123,0.1813333333333333,23.67,monitoring,0,24.33666666666667
2407003,2407,24,gmina śląskie-południowy-07-03,5590,53.02,990,15.4,,0.0,,0.0,0.839,-16.1,0.0733333333333334,0.0,0.161,0.2053333333333333,23.94,monitoring,0,24.30666666666667
227006,227,2,gmina dolnośląskie-zachodni-27-06,2194,49.51,286,22.6,,0.0,,0.0,0.882,-16.9,0.1266666666666665,0.0,0.118,0.3013333333333333,23.66,monitoring,0,24.293333333333333
1018003,1018,10,gmina łódzkie-północny-18-03,15932,49.61,2184,28.1,,0.0,,0.0,0.757,-15.9,0.06,0.0,0.243,0.3746666666666667,23.99,monitoring,0,24.29
2418003,2418,24,gmina śląskie-północny-18-03,57171,53.98,7586,30.6,,0.0,,0.0,0.809,-14.0,0.0,0.0,0.1909999999999999,0.408,24.27,monitoring,0,24.27
216007,216,2,gmina dolnośląskie-centralny-16-07,5413,52.01,697,26.0,,0.0,,0.0,0.726,-15.2,0.0133333333333332,0.0,0.274,0.3466666666666667,24.2,monitoring,0,24.266666666666666
2609003,2609,26,gmina świętokrzyskie-zachodni-09-03,37980,48.71,6150,10.3,,0.0,,0.0,0.812,-17.2,0.1466666666666666,0.0,0.1879999999999999,0.1373333333333333,23.53,monitoring,0,24.263333333333335
3207002,3207,32,gmina zachodniopomorskie-południowy-07-02,11996,55.53,2212,21.7,,0.0,,0.0,0.81,-13.4,0.0,0.0,0.1899999999999999,0.2893333333333333,24.26,monitoring,0,24.26
3015002,3015,30,gmina wielkopolskie-zachodni-15-02,10856,54.36,1845,13.6,,0.0,,0.0,0.8200000000000001,-15.7,0.0466666666666666,0.0,0.1799999999999999,0.1813333333333333,24.02,monitoring,0,24.253333333333334
415004,415,4,gmina kujawsko-pomorskie-zachodni-15-04,31977,54.8,4698,28.3,,0.0,,0.0,0.8290000000000001,-15.0,0.0,0.0,0.1709999999999999,0.3773333333333333,24.25,monitoring,0,24.25
3011005,3011,30,gmina wielkopolskie-miejski-11-05,10409,52.85,1255,18.9,,0.0,,0.0,0.746,-15.4,0.0266666666666666,0.0,0.254,0.252,24.11,monitoring,0,24.243333333333332
2611002,2611,26,gmina świętokrzyskie-miejski-11-02,4503,52.16,649,27.5,,0.0,,0.0,0.764,-15.3,0.02,0.0,0.236,0.3666666666666666,24.14,monitoring,0,24.240000000000002
2204006,2204,22,gmina pomorskie-centralny-04-06,13697,51.27,2098,31.3,,0.0,,0.0,0.707,-12.9,0.0,0.0,0.293,0.4173333333333333,24.21,monitoring,0,24.21
3217002,3217,32,gmina zachodniopomorskie-miejski-17-02,59081,57.75,6406,11.8,,0.0,,0.0,0.836,-14.7,0.0,0.0,0.164,0.1573333333333333,24.21,monitoring,0,24.21
1606004,1606,16,gmina opolskie-północny-06-04,11581,48.01,1774,25.8,,0.0,,0.0,0.8220000000000001,-16.7,0.1133333333333332,0.0,0.1779999999999999,0.344,23.61,monitoring,0,24.176666666666666
1007001,1007,10,gmina łódzkie-południowy-07-01,3375,54.86,457,26.9,,0.0,,0.0,0.8300000000000001,-14.7,0.0,0.0,0.1699999999999999,0.3586666666666666,24.17,monitoring,0,24.17
2607002,2607,26,gmina świętokrzyskie-południowy-07-02,7271,47.37,986,17.9,,0.0,,0.0,0.739,-16.7,0.1133333333333332,0.0,0.261,0.2386666666666666,23.58,monitoring,0,24.146666666666665
230001,230,2,gmina dolnośląskie-północny-30-01,27325,47.4,4190,23.5,,0.0,,0.0,0.801,-16.8,0.12,0.0,0.1989999999999999,0.3133333333333333,23.53,monitoring,0,24.130000000000003
2612002,2612,26,gmina świętokrzyskie-północny-12-02,5121,53.82,889,12.5,,0.0,,0.0,0.856,-16.0,0.0666666666666666,0.0,0.144,0.1666666666666666,23.78,monitoring,0,24.113333333333333
2418005,2418,24,gmina śląskie-północny-18-05,10415,55.83,1073,16.7,,0.0,,0.0,0.802,-14.0,0.0,0.0,0.1979999999999999,0.2226666666666666,24.11,monitoring,0,24.11
2605006,2605,26,gmina świętokrzyskie-miejski-05-06,9243,51.22,1491,23.4,,0.0,,0.0,0.8130000000000001,-15.9,0.06,0.0,0.1869999999999999,0.312,23.79,monitoring,0,24.09
227003,227,2,gmina dolnośląskie-zachodni-27-03,6507,48.27,1009,21.8,,0.0,,0.0,0.847,-16.9,0.1266666666666665,0.0,0.153,0.2906666666666667,23.45,monitoring,0,24.083333333333332
2611005,2611,26,gmina świętokrzyskie-miejski-11-05,8149,52.54,1076,35.3,,0.0,,0.0,0.855,-15.3,0.02,0.0,0.145,0.4706666666666666,23.98,monitoring,0,24.080000000000002
1013007,1013,10,gmina łódzkie-południowy-13-07,9500,55.47,1420,11.8,,0.0,,0.0,0.84,-15.5,0.0333333333333333,0.0,0.16,0.1573333333333333,23.91,monitoring,0,24.076666666666668
1825002,1825,18,gmina podkarpackie-południowy-25-02,3435,50.56,560,14.5,,0.0,,0.0,0.807,-16.4,0.0933333333333332,0.0,0.1929999999999999,0.1933333333333333,23.6,monitoring,0,24.066666666666666
2609006,2609,26,gmina świętokrzyskie-zachodni-09-06,41125,48.0,6524,16.4,,0.0,,0.0,0.851,-17.2,0.1466666666666666,0.0,0.149,0.2186666666666666,23.31,monitoring,0,24.043333333333333
1610007,1610,16,gmina opolskie-centralny-10-07,25351,50.53,4163,11.7,,0.0,,0.0,0.856,-16.8,0.12,0.0,0.144,0.156,23.44,monitoring,0,24.040000000000003
1015004,1015,10,gmina łódzkie-zachodni-15-04,4965,52.66,895,24.3,,0.0,,0.0,0.767,-15.2,0.0133333333333332,0.0,0.2329999999999999,0.324,23.97,monitoring,0,24.036666666666665
2417006,2417,24,gmina śląskie-miejski-17-06,8836,52.56,1590,34.0,,0.0,,0.0,0.801,-13.9,0.0,0.0,0.1989999999999999,0.4533333333333333,24.03,monitoring,0,24.03
422001,422,4,gmina kujawsko-pomorskie-centralny-22-01,4352,42.95,694,31.1,,0.0,,0.0,0.888,-18.0,0.2,0.0,0.1119999999999999,0.4146666666666667,23.0,monitoring,0,24.0
3026004,3026,30,gmina wielkopolskie-wschodni-26-04,8499,53.22,1060,27.3,,0.0,,0.0,0.783,-13.5,0.0,0.0,0.2169999999999999,0.364,24.0,monitoring,0,24.0
2201002,2201,22,gmina pomorskie-południowy-01-02,16704,54.52,2656,25.6,,0.0,,0.0,0.8270000000000001,-13.3,0.0,0.0,0.1729999999999999,0.3413333333333334,23.98,monitoring,0,23.98
3201004,3201,32,gmina zachodniopomorskie-południowy-01-04,3985,53.62,567,24.7,,0.0,,0.0,0.783,-14.3,0.0,0.0,0.2169999999999999,0.3293333333333333,23.98,monitoring,0,23.98
2428004,2428,24,gmina śląskie-centralny-28-04,8906,45.3,1273,28.7,,0.0,,0.0,0.8190000000000001,-17.1,0.1400000000000001,0.0,0.1809999999999999,0.3826666666666666,23.28,monitoring,0,23.98
210004,210,2,gmina dolnośląskie-centralny-10-04,2193,48.4,338,16.5,,0.0,,0.0,0.723,-16.3,0.0866666666666667,0.0,0.277,0.22,23.54,monitoring,0,23.973333333333333
224002,224,2,gmina dolnośląskie-północny-24-02,9496,52.76,1647,21.8,,0.0,,0.0,0.728,-15.0,0.0,0.0,0.272,0.2906666666666667,23.95,monitoring,0,23.95
806005,806,8,gmina lubuskie-północny-06-05,6662,51.43,921,24.5,,0.0,,0.0,0.8280000000000001,-15.8,0.0533333333333333,0.0,0.1719999999999999,0.3266666666666666,23.68,monitoring,0,23.946666666666665
2612006,2612,26,gmina świętokrzyskie-północny-12-06,12248,48.41,1609,22.5,,0.0,,0.0,0.721,-16.0,0.0666666666666666,0.0,0.279,0.3,23.61,monitoring,0,23.94333333333333
1802007,1802,18,gmina podkarpackie-wschodni-02-07,14086,48.71,1730,13.6,,0.0,,0.0,0.791,-16.7,0.1133333333333332,0.0,0.2089999999999999,0.1813333333333333,23.34,monitoring,0,23.906666666666666
2606003,2606,26,gmina świętokrzyskie-północny-06-03,10506,41.45,1243,32.7,,0.0,,0.0,0.747,-17.4,0.1599999999999999,0.0,0.253,0.436,23.09,monitoring,0,23.89
226003,226,2,gmina dolnośląskie-wschodni-26-03,3649,50.29,580,20.9,,0.0,,0.0,0.863,-16.4,0.0933333333333332,0.0,0.137,0.2786666666666667,23.42,monitoring,0,23.886666666666667
2402001,2402,24,gmina śląskie-wschodni-02-01,55914,54.15,8917,17.8,,0.0,,0.0,0.782,-15.1,0.0066666666666666,0.0,0.2179999999999999,0.2373333333333333,23.85,monitoring,0,23.883333333333333
3013002,3013,30,gmina wielkopolskie-południowy-13-02,40827,47.87,6187,16.5,,0.0,,0.0,0.8160000000000001,-16.9,0.1266666666666665,0.0,0.1839999999999999,0.22,23.23,monitoring,0,23.863333333333333
1012007,1012,10,gmina łódzkie-północny-12-07,51652,45.7,6323,6.4,,0.0,,0.0,0.8210000000000001,-17.9,0.1933333333333332,0.0,0.1789999999999999,0.0853333333333333,22.88,monitoring,0,23.846666666666664
209001,209,2,gmina dolnośląskie-zachodni-09-01,33932,55.82,5672,15.2,,0.0,,0.0,0.8200000000000001,-14.7,0.0,0.0,0.1799999999999999,0.2026666666666666,23.84,monitoring,0,23.84
1612003,1612,16,gmina opolskie-północny-12-03,5867,48.55,866,31.1,,0.0,,0.0,0.838,-16.2,0.0799999999999999,0.0,0.162,0.4146666666666667,23.42,monitoring,0,23.82
3006004,3006,30,gmina wielkopolskie-północny-06-04,4354,53.6,794,25.4,,0.0,,0.0,0.808,-13.9,0.0,0.0,0.1919999999999999,0.3386666666666666,23.79,monitoring,0,23.79
2425006,2425,24,gmina śląskie-południowy-25-06,9358,50.41,1286,23.0,,0.0,,0.0,0.848,-16.1,0.0733333333333334,0.0,0.152,0.3066666666666666,23.38,monitoring,0,23.746666666666666
2409004,2409,24,gmina śląskie-zachodni-09-04,7335,44.15,914,29.3,,0.0,,0.0,0.767,-16.9,0.1266666666666665,0.0,0.2329999999999999,0.3906666666666666,23.11,monitoring,0,23.743333333333332
3016005,3016,30,gmina wielkopolskie-centralny-16-05,13712,44.32,1792,13.6,,0.0,,0.0,0.8130000000000001,-17.8,0.1866666666666667,0.0,0.1869999999999999,0.1813333333333333,22.79,monitoring,0,23.723333333333333
223007,223,2,gmina dolnośląskie-miejski-23-07,38439,51.14,6167,21.7,,0.0,,0.0,0.838,-15.9,0.06,0.0,0.162,0.2893333333333333,23.42,monitoring,0,23.720000000000002
2606002,2606,26,gmina świętokrzyskie-północny-06-02,35672,42.28,5126,32.4,,0.0,,0.0,0.801,-17.4,0.1599999999999999,0.0,0.1989999999999999,0.432,22.9,monitoring,0,23.7
3215003,3215,32,gmina zachodniopomorskie-zachodni-15-03,135142,54.91,14933,27.0,,0.0,,0.0,0.886,-14.9,0.0,0.0,0.1139999999999999,0.36,23.69,monitoring,0,23.69
417005,417,4,gmina kujawsko-pomorskie-miejski-17-05,4115,46.12,448,33.6,,0.0,,0.0,0.7020000000000001,-15.8,0.0533333333333333,0.0,0.2979999999999999,0.448,23.41,monitoring,0,23.676666666666666
3219005,3219,32,gmina zachodniopomorskie-południowy-19-05,3925,51.37,654,24.6,,0.0,,0.0,0.895,-16.0,0.0666666666666666,0.0,0.1049999999999999,0.328,23.31,monitoring,0,23.64333333333333
3210003,3210,32,gmina zachodniopomorskie-centralny-10-03,7244,48.62,970,26.7,,0.0,,0.0,0.879,-16.5,0.1,0.0,0.121,0.356,23.14,monitoring,0,23.64
206007,206,2,gmina dolnośląskie-północny-06-07,24269,44.87,3012,21.0,,0.0,,0.0,0.919,-17.9,0.1933333333333332,0.0,0.0809999999999999,0.28,22.66,monitoring,0,23.626666666666665
420007,420,4,gmina kujawsko-pomorskie-wschodni-20-07,12753,55.71,1867,13.6,,0.0,,0.0,0.8310000000000001,-14.7,0.0,0.0,0.1689999999999999,0.1813333333333333,23.6,monitoring,0,23.6
2416003,2416,24,gmina śląskie-centralny-16-03,21058,45.66,2891,19.2,,0.0,,0.0,0.8240000000000001,-17.2,0.1466666666666666,0.0,0.1759999999999999,0.256,22.85,monitoring,0,23.583333333333336
3021005,3021,30,gmina wielkopolskie-zachodni-21-05,11919,55.4,1610,20.8,,0.0,,0.0,0.89,-15.1,0.0066666666666666,0.0,0.1099999999999999,0.2773333333333333,23.55,monitoring,0,23.583333333333336
2613001,2613,26,gmina świętokrzyskie-południowy-13-01,7400,48.58,925,26.5,,0.0,,0.0,0.85,-16.3,0.0866666666666667,0.0,0.15,0.3533333333333333,23.14,monitoring,0,23.573333333333334
223006,223,2,gmina dolnośląskie-miejski-23-06,2539,48.81,363,34.8,,0.0,,0.0,0.857,-15.9,0.06,0.0,0.143,0.4639999999999999,23.23,monitoring,0,23.53
210006,210,2,gmina dolnośląskie-centralny-10-06,5941,47.43,892,30.2,,0.0,,0.0,0.834,-16.3,0.0866666666666667,0.0,0.166,0.4026666666666667,23.09,monitoring,0,23.523333333333333
3014004,3014,30,gmina wielkopolskie-wschodni-14-04,14917,52.53,2870,19.4,,0.0,,0.0,0.87,-15.7,0.0466666666666666,0.0,0.13,0.2586666666666666,23.26,monitoring,0,23.493333333333336
2601004,2601,26,gmina świętokrzyskie-południowy-01-04,34173,43.53,4855,15.7,,0.0,,0.0,0.855,-18.0,0.2,0.0,0.145,0.2093333333333333,22.49,monitoring,0,23.49
1807004,1807,18,gmina podkarpackie-południowy-07-04,4060,47.03,437,34.5,,0.0,,0.0,0.874,-16.4,0.0933333333333332,0.0,0.126,0.46,22.99,monitoring,0,23.456666666666663
2220006,2220,22,gmina pomorskie-wschodni-20-06,16192,46.99,2186,21.5,,0.0,,0.0,0.778,-16.4,0.0933333333333332,0.0,0.2219999999999999,0.2866666666666667,22.97,monitoring,0,23.436666666666664
3205005,3205,32,gmina zachodniopomorskie-miejski-05-05,15183,53.79,2281,16.7,,0.0,,0.0,0.792,-14.6,0.0,0.0,0.2079999999999999,0.2226666666666666,23.43,monitoring,0,23.43
811001,811,8,gmina lubuskie-miejski-11-01,11501,53.18,1595,27.3,,0.0,,0.0,0.845,-13.8,0.0,0.0,0.155,0.364,23.42,monitoring,0,23.42
2432003,2432,24,gmina śląskie-wschodni-32-03,25529,42.08,3496,7.7,,0.0,,0.0,0.863,-18.7,0.2466666666666666,0.0,0.137,0.1026666666666666,22.18,monitoring,0,23.413333333333334
1220002,1220,12,gmina małopolskie-wschodni-20-02,9902,50.83,1715,9.5,,0.0,,0.0,0.8210000000000001,-16.2,0.0799999999999999,0.0,0.1789999999999999,0.1266666666666666,23.0,monitoring,0,23.4
415005,415,4,gmina kujawsko-pomorskie-zachodni-15-05,9472,51.77,1439,28.7,,0.0,,0.0,0.799,-15.0,0.0,0.0,0.2009999999999999,0.3826666666666666,23.39,monitoring,0,23.39
3009005,3009,30,gmina wielkopolskie-zachodni-09-05,26666,45.11,3346,24.2,,0.0,,0.0,0.8260000000000001,-17.0,0.1333333333333333,0.0,0.1739999999999999,0.3226666666666666,22.72,monitoring,0,23.386666666666667
3211001,3211,32,gmina zachodniopomorskie-miejski-11-01,2503,44.17,315,21.1,,0.0,,0.0,0.679,-16.5,0.1,0.0,0.3209999999999999,0.2813333333333334,22.88,monitoring,0,23.38
211001,211,2,gmina dolnośląskie-miejski-11-01,4482,51.84,727,33.8,,0.0,,0.0,0.844,-13.4,0.0,0.0,0.156,0.4506666666666666,23.36,monitoring,0,23.36
2410001,2410,24,gmina śląskie-centralny-10-01,7401,47.0,977,30.1,,0.0,,0.0,0.756,-15.8,0.0533333333333333,0.0,0.244,0.4013333333333334,23.02,monitoring,0,23.286666666666665
1204001,1204,12,gmina małopolskie-centralny-04-01,14811,42.23,2154,24.3,,0.0,,0.0,0.94,-18.3,0.22,0.0,0.0599999999999999,0.324,22.17,monitoring,0,23.270000000000003
1604007,1604,16,gmina opolskie-centralny-04-07,40219,48.26,5400,19.8,,0.0,,0.0,0.839,-16.4,0.0933333333333332,0.0,0.161,0.264,22.79,monitoring,0,23.256666666666664
1611004,1611,16,gmina opolskie-miejski-11-04,6715,50.99,1035,25.9,,0.0,,0.0,0.761,-14.6,0.0,0.0,0.239,0.3453333333333333,23.25,monitoring,0,23.25
423005,423,4,gmina kujawsko-pomorskie-miejski-23-05,38528,44.38,5424,6.7,,0.0,,0.0,0.852,-18.0,0.2,0.0,0.148,0.0893333333333333,22.24,monitoring,0,23.24
230006,230,2,gmina dolnośląskie-północny-30-06,3430,47.4,495,28.7,,0.0,,0.0,0.94,-16.8,0.12,0.0,0.0599999999999999,0.3826666666666666,22.63,monitoring,0,23.23
3014005,3014,30,gmina wielkopolskie-wschodni-14-05,12228,52.34,2295,16.3,,0.0,,0.0,0.871,-15.7,0.0466666666666666,0.0,0.129,0.2173333333333333,22.98,monitoring,0,23.213333333333335
219006,219,2,gmina dolnośląskie-południowy-19-06,7717,44.26,897,16.9,,0.0,,0.0,0.807,-17.3,0.1533333333333333,0.0,0.1929999999999999,0.2253333333333333,22.44,monitoring,0,23.206666666666667
419004,419,4,gmina kujawsko-pomorskie-południowy-19-04,11022,50.11,1577,42.7,,0.0,,0.0,0.855,-13.9,0.0,0.0,0.145,0.5693333333333334,23.19,monitoring,0,23.19
812005,812,8,gmina lubuskie-północny-12-05,7793,44.3,1340,27.9,,0.0,,0.0,0.876,-17.2,0.1466666666666666,0.0,0.124,0.372,22.45,monitoring,0,23.183333333333334
1213007,1213,12,gmina małopolskie-południowy-13-07,4502,43.69,804,28.6,,0.0,,0.0,0.737,-16.5,0.1,0.0,0.263,0.3813333333333333,22.68,monitoring,0,23.18
1202006,1202,12,gmina małopolskie-wschodni-02-06,16001,37.28,2075,22.6,,0.0,,0.0,0.712,-18.2,0.2133333333333333,0.0,0.288,0.3013333333333333,22.11,monitoring,0,23.176666666666666
2212002,2212,22,gmina pomorskie-północny-12-02,4188,50.07,538,22.7,,0.0,,0.0,0.844,-15.8,0.0533333333333333,0.0,0.156,0.3026666666666666,22.9,monitoring,0,23.166666666666664
3014001,3014,30,gmina wielkopolskie-wschodni-14-01,7697,49.39,1208,25.9,,0.0,,0.0,0.8240000000000001,-15.7,0.0466666666666666,0.0,0.1759999999999999,0.3453333333333333,22.92,monitoring,0,23.153333333333336
2405001,2405,24,gmina śląskie-miejski-05-01,5102,52.57,659,33.2,,0.0,,0.0,0.893,-14.9,0.0,0.0,0.1069999999999999,0.4426666666666667,23.15,monitoring,0,23.15
1811003,1811,18,gmina podkarpackie-miejski-11-03,34114,52.26,4930,22.0,,0.0,,0.0,0.799,-14.5,0.0,0.0,0.2009999999999999,0.2933333333333333,23.13,monitoring,0,23.13
2211002,2211,22,gmina pomorskie-miejski-11-02,2171,48.93,290,23.6,,0.0,,0.0,0.773,-15.6,0.0399999999999999,0.0,0.2269999999999999,0.3146666666666667,22.93,monitoring,0,23.13
2220004,2220,22,gmina pomorskie-wschodni-20-04,7605,47.49,1156,17.9,,0.0,,0.0,0.808,-16.4,0.0933333333333332,0.0,0.1919999999999999,0.2386666666666666,22.65,monitoring,0,23.116666666666664
803004,803,8,gmina lubuskie-zachodni-03-04,28965,51.13,3908,21.1,,0.0,,0.0,0.747,-15.0,0.0,0.0,0.253,0.2813333333333334,23.11,monitoring,0,23.11
3201001,3201,32,gmina zachodniopomorskie-południowy-01-01,6455,50.19,848,23.3,,0.0,,0.0,0.724,-14.3,0.0,0.0,0.276,0.3106666666666667,23.11,monitoring,0,23.11
3024005,3024,30,gmina wielkopolskie-północny-24-05,8019,52.26,994,28.2,,0.0,,0.0,0.85,-15.0,0.0,0.0,0.15,0.376,23.09,monitoring,0,23.09
2610004,2610,26,gmina świętokrzyskie-centralny-10-04,7166,48.02,1184,23.8,,0.0,,0.0,0.86,-16.3,0.0866666666666667,0.0,0.14,0.3173333333333333,22.65,monitoring,0,23.083333333333332
2207006,2207,22,gmina pomorskie-południowy-07-06,3275,48.83,593,30.7,,0.0,,0.0,0.742,-15.1,0.0066666666666666,0.0,0.258,0.4093333333333333,23.04,monitoring,0,23.07333333333333
2609002,2609,26,gmina świętokrzyskie-zachodni-09-02,8622,43.2,1314,25.4,,0.0,,0.0,0.8240000000000001,-17.2,0.1466666666666666,0.0,0.1759999999999999,0.3386666666666666,22.33,monitoring,0,23.063333333333333
207004,207,2,gmina dolnośląskie-południowy-07-04,9239,41.78,1144,11.7,,0.0,,0.0,0.8190000000000001,-18.1,0.2066666666666667,0.0,0.1809999999999999,0.156,22.01,monitoring,0,23.043333333333337
420001,420,4,gmina kujawsko-pomorskie-wschodni-20-01,5856,50.51,944,37.7,,0.0,,0.0,0.852,-14.7,0.0,0.0,0.148,0.5026666666666667,23.04,monitoring,0,23.04
3019006,3019,30,gmina wielkopolskie-południowy-19-06,8314,45.84,1072,23.0,,0.0,,0.0,0.768,-16.3,0.0866666666666667,0.0,0.2319999999999999,0.3066666666666666,22.6,monitoring,0,23.033333333333335
2614001,2614,26,gmina świętokrzyskie-wschodni-14-01,17207,48.69,2315,21.2,,0.0,,0.0,0.842,-16.1,0.0733333333333334,0.0,0.158,0.2826666666666667,22.66,monitoring,0,23.026666666666667
204003,204,2,gmina dolnośląskie-centralny-04-03,47255,53.41,7091,16.6,,0.0,,0.0,0.923,-15.6,0.0399999999999999,0.0,0.0769999999999999,0.2213333333333333,22.82,monitoring,0,23.02
2403003,2403,24,gmina śląskie-zachodni-03-03,35686,45.24,4052,24.7,,0.0,,0.0,0.86,-16.9,0.1266666666666665,0.0,0.14,0.3293333333333333,22.38,monitoring,0,23.013333333333332
207005,207,2,gmina dolnośląskie-południowy-07-05,32189,39.2,3933,13.8,,0.0,,0.0,0.73,-18.1,0.2066666666666667,0.0,0.27,0.184,21.97,monitoring,0,23.003333333333334
2406003,2406,24,gmina śląskie-północny-06-03,60469,51.65,6639,12.3,,0.0,,0.0,0.886,-16.0,0.0666666666666666,0.0,0.1139999999999999,0.164,22.67,monitoring,0,23.003333333333334
1213003,1213,12,gmina małopolskie-południowy-13-03,5604,44.13,858,26.2,,0.0,,0.0,0.758,-16.5,0.1,0.0,0.242,0.3493333333333333,22.49,monitoring,0,22.99
1011003,1011,10,gmina łódzkie-miejski-11-03,11739,40.91,1677,6.8,,0.0,,0.0,0.8210000000000001,-18.5,0.2333333333333333,0.0,0.1789999999999999,0.0906666666666666,21.81,monitoring,0,22.976666666666667
1209004,1209,12,gmina małopolskie-zachodni-09-04,15950,43.87,2187,18.3,,0.0,,0.0,0.8130000000000001,-17.2,0.1466666666666666,0.0,0.1869999999999999,0.244,22.21,monitoring,0,22.943333333333335
3019005,3019,30,gmina wielkopolskie-południowy-19-05,34486,48.37,4882,19.3,,0.0,,0.0,0.858,-16.3,0.0866666666666667,0.0,0.142,0.2573333333333333,22.51,monitoring,0,22.943333333333335
223003,223,2,gmina dolnośląskie-miejski-23-03,6655,47.09,1040,20.7,,0.0,,0.0,0.747,-15.9,0.06,0.0,0.253,0.2759999999999999,22.63,monitoring,0,22.93
3018002,3018,30,gmina wielkopolskie-północny-18-02,36112,46.13,4382,30.7,,0.0,,0.0,0.935,-16.8,0.12,0.0,0.0649999999999999,0.4093333333333333,22.32,monitoring,0,22.92
2426003,2426,24,gmina śląskie-wschodni-26-03,11478,48.45,2093,11.8,,0.0,,0.0,0.8290000000000001,-16.4,0.0933333333333332,0.0,0.1709999999999999,0.1573333333333333,22.42,monitoring,0,22.886666666666667
408004,408,4,gmina kujawsko-pomorskie-wschodni-08-04,6285,52.15,935,19.0,,0.0,,0.0,0.8,-12.8,0.0,0.0,0.1999999999999999,0.2533333333333333,22.88,monitoring,0,22.88
224005,224,2,gmina dolnośląskie-północny-24-05,49124,50.25,7145,21.5,,0.0,,0.0,0.74,-15.0,0.0,0.0,0.26,0.2866666666666667,22.87,monitoring,0,22.87
2608003,2608,26,gmina świętokrzyskie-wschodni-08-03,13440,46.54,1940,27.9,,0.0,,0.0,0.718,-15.5,0.0333333333333333,0.0,0.282,0.372,22.68,monitoring,0,22.846666666666668
1017004,1017,10,gmina łódzkie-miejski-17-04,5476,46.3,828,29.9,,0.0,,0.0,0.86,-16.3,0.0866666666666667,0.0,0.14,0.3986666666666666,22.41,monitoring,0,22.843333333333334
1019006,1019,10,gmina łódzkie-południowy-19-06,23104,47.28,3690,19.2,,0.0,,0.0,0.84,-16.4,0.0933333333333332,0.0,0.16,0.256,22.37,monitoring,0,22.836666666666666
1611003,1611,16,gmina opolskie-miejski-11-03,65694,51.82,8535,11.0,,0.0,,0.0,0.734,-14.6,0.0,0.0,0.266,0.1466666666666666,22.82,monitoring,0,22.82
810007,810,8,gmina lubuskie-centralny-10-07,34050,50.78,3520,15.1,,0.0,,0.0,0.725,-14.9,0.0,0.0,0.275,0.2013333333333333,22.78,monitoring,0,22.78
1016001,1016,10,gmina łódzkie-centralny-16-01,12262,52.66,1897,25.3,,0.0,,0.0,0.881,-15.0,0.0,0.0,0.119,0.3373333333333333,22.77,monitoring,0,22.77
2217002,2217,22,gmina pomorskie-miejski-17-02,6851,52.11,1090,15.1,,0.0,,0.0,0.785,-14.9,0.0,0.0,0.2149999999999999,0.2013333333333333,22.74,monitoring,0,22.74
1211006,1211,12,gmina małopolskie-miejski-11-06,6444,47.16,1170,21.3,,0.0,,0.0,0.81,-16.1,0.0733333333333334,0.0,0.1899999999999999,0.284,22.37,monitoring,0,22.736666666666668
3018001,3018,30,gmina wielkopolskie-północny-18-01,56154,44.34,8659,21.8,,0.0,,0.0,0.8160000000000001,-16.8,0.12,0.0,0.1839999999999999,0.2906666666666667,22.12,monitoring,0,22.720000000000002
2613002,2613,26,gmina świętokrzyskie-południowy-13-02,67752,48.23,11375,14.3,,0.0,,0.0,0.84,-16.3,0.0866666666666667,0.0,0.16,0.1906666666666666,22.28,monitoring,0,22.713333333333335
2204002,2204,22,gmina pomorskie-centralny-04-02,9196,52.5,1345,11.9,,0.0,,0.0,0.781,-12.9,0.0,0.0,0.2189999999999999,0.1586666666666666,22.71,monitoring,0,22.71
2407006,2407,24,gmina śląskie-południowy-07-06,2298,45.8,301,27.8,,0.0,,0.0,0.804,-16.1,0.0733333333333334,0.0,0.1959999999999999,0.3706666666666667,22.34,monitoring,0,22.706666666666667
224006,224,2,gmina dolnośląskie-północny-24-06,10322,49.4,1564,30.9,,0.0,,0.0,0.793,-15.0,0.0,0.0,0.2069999999999999,0.412,22.7,monitoring,0,22.7
3207001,3207,32,gmina zachodniopomorskie-południowy-07-01,6858,52.31,1235,14.1,,0.0,,0.0,0.792,-13.4,0.0,0.0,0.2079999999999999,0.188,22.69,monitoring,0,22.69
3220004,3220,32,gmina zachodniopomorskie-wschodni-20-04,6617,52.15,995,18.2,,0.0,,0.0,0.8170000000000001,-14.4,0.0,0.0,0.1829999999999999,0.2426666666666666,22.68,monitoring,0,22.68
1815005,1815,18,gmina podkarpackie-zachodni-15-05,7994,49.23,1110,23.7,,0.0,,0.0,0.738,-15.0,0.0,0.0,0.262,0.316,22.65,monitoring,0,22.65
418003,418,4,gmina kujawsko-pomorskie-północny-18-03,4594,52.93,720,20.2,,0.0,,0.0,0.869,-14.4,0.0,0.0,0.131,0.2693333333333333,22.64,monitoring,0,22.64
407001,407,4,gmina kujawsko-pomorskie-południowy-07-01,24601,43.61,2903,9.4,,0.0,,0.0,0.89,-17.9,0.1933333333333332,0.0,0.1099999999999999,0.1253333333333333,21.67,monitoring,0,22.636666666666667
1220007,1220,12,gmina małopolskie-wschodni-20-07,8574,44.32,922,29.1,,0.0,,0.0,0.778,-16.2,0.0799999999999999,0.0,0.2219999999999999,0.388,22.22,monitoring,0,22.619999999999997
1824006,1824,18,gmina podkarpackie-północny-24-06,27875,49.62,3915,14.0,,0.0,,0.0,0.859,-16.0,0.0666666666666666,0.0,0.141,0.1866666666666666,22.26,monitoring,0,22.593333333333334
205007,205,2,gmina dolnośląskie-miejski-05-07,5328,41.02,766,35.3,,0.0,,0.0,0.842,-17.1,0.1400000000000001,0.0,0.158,0.4706666666666666,21.88,monitoring,0,22.58
1605001,1605,16,gmina opolskie-miejski-05-01,43624,46.16,5692,5.0,,0.0,,0.0,0.853,-17.2,0.1466666666666666,0.0,0.147,0.0666666666666666,21.84,monitoring,0,22.573333333333334
811007,811,8,gmina lubuskie-miejski-11-07,9884,50.87,1555,25.8,,0.0,,0.0,0.839,-13.8,0.0,0.0,0.161,0.344,22.5,monitoring,0,22.5
1821002,1821,18,gmina podkarpackie-zachodni-21-02,45416,44.18,4749,21.5,,0.0,,0.0,0.85,-16.9,0.1266666666666665,0.0,0.15,0.2866666666666667,21.85,monitoring,0,22.483333333333334
421006,421,4,gmina kujawsko-pomorskie-zachodni-21-06,27779,44.37,3518,11.7,,0.0,,0.0,0.8200000000000001,-17.1,0.1400000000000001,0.0,0.1799999999999999,0.156,21.78,monitoring,0,22.48
1824002,1824,18,gmina podkarpackie-północny-24-02,52282,47.0,6066,17.9,,0.0,,0.0,0.793,-16.0,0.0666666666666666,0.0,0.2069999999999999,0.2386666666666666,22.12,monitoring,0,22.453333333333333
217005,217,2,gmina dolnośląskie-miejski-17-05,4635,47.91,674,24.7,,0.0,,0.0,0.712,-12.9,0.0,0.0,0.288,0.3293333333333333,22.44,monitoring,0,22.44
3008002,3008,30,gmina wielkopolskie-wschodni-08-02,12286,42.87,1469,26.2,,0.0,,0.0,0.835,-16.9,0.1266666666666665,0.0,0.165,0.3493333333333333,21.8,monitoring,0,22.433333333333334
2605002,2605,26,gmina świętokrzyskie-miejski-05-02,104031,50.86,13468,23.7,,0.0,,0.0,0.99,-15.9,0.06,0.0,0.01,0.316,22.08,monitoring,0,22.38
804002,804,8,gmina lubuskie-centralny-04-02,5997,51.09,978,21.2,,0.0,,0.0,0.8290000000000001,-13.3,0.0,0.0,0.1709999999999999,0.2826666666666667,22.37,monitoring,0,22.37
1804003,1804,18,gmina podkarpackie-centralny-04-03,22151,47.7,3259,15.9,,0.0,,0.0,0.8,-15.9,0.06,0.0,0.1999999999999999,0.212,22.07,monitoring,0,22.37
3209006,3209,32,gmina zachodniopomorskie-zachodni-09-06,22963,42.86,4139,20.5,,0.0,,0.0,0.87,-17.3,0.1533333333333333,0.0,0.13,0.2733333333333333,21.58,monitoring,0,22.346666666666664
207003,207,2,gmina dolnośląskie-południowy-07-03,13180,37.89,1853,20.5,,0.0,,0.0,0.797,-18.1,0.2066666666666667,0.0,0.2029999999999999,0.2733333333333333,21.31,monitoring,0,22.343333333333334
2217006,2217,22,gmina pomorskie-miejski-17-06,32422,50.5,5092,21.6,,0.0,,0.0,0.81,-14.9,0.0,0.0,0.1899999999999999,0.288,22.34,monitoring,0,22.34
1803005,1803,18,gmina podkarpackie-zachodni-03-05,12944,46.26,1420,26.1,,0.0,,0.0,0.802,-15.8,0.0533333333333333,0.0,0.1979999999999999,0.348,22.06,monitoring,0,22.326666666666664
3006002,3006,30,gmina wielkopolskie-północny-06-02,10173,50.5,1849,14.6,,0.0,,0.0,0.764,-13.9,0.0,0.0,0.236,0.1946666666666666,22.29,monitoring,0,22.29
209004,209,2,gmina dolnośląskie-zachodni-09-04,13035,49.98,1527,19.3,,0.0,,0.0,0.777,-14.7,0.0,0.0,0.2229999999999999,0.2573333333333333,22.29,monitoring,0,22.29
1215006,1215,12,gmina małopolskie-zachodni-15-06,10260,33.48,1231,25.4,,0.0,,0.0,0.776,-18.8,0.2533333333333333,0.0,0.2239999999999999,0.3386666666666666,20.99,monitoring,0,22.256666666666664
805005,805,8,gmina lubuskie-miejski-05-05,11551,52.72,1897,18.9,,0.0,,0.0,0.91,-15.1,0.0066666666666666,0.0,0.0899999999999999,0.252,22.22,monitoring,0,22.25333333333333
2428001,2428,24,gmina śląskie-centralny-28-01,31375,43.57,4125,16.8,,0.0,,0.0,0.85,-17.1,0.1400000000000001,0.0,0.15,0.224,21.55,monitoring,0,22.25
3208005,3208,32,gmina zachodniopomorskie-wschodni-08-05,6490,47.63,551,27.4,,0.0,,0.0,0.743,-14.9,0.0,0.0,0.257,0.3653333333333333,22.24,monitoring,0,22.24
1218007,1218,12,gmina małopolskie-północny-18-07,5670,49.5,755,25.6,,0.0,,0.0,0.808,-13.9,0.0,0.0,0.1919999999999999,0.3413333333333334,22.24,monitoring,0,22.24
201002,201,2,gmina dolnośląskie-południowy-01-02,33232,42.33,5230,12.6,,0.0,,0.0,0.838,-17.5,0.1666666666666666,0.0,0.162,0.1679999999999999,21.38,monitoring,0,22.21333333333333
3215005,3215,32,gmina zachodniopomorskie-zachodni-15-05,16576,50.99,1884,24.5,,0.0,,0.0,0.867,-14.9,0.0,0.0,0.133,0.3266666666666666,22.21,monitoring,0,22.21
3019001,3019,30,gmina wielkopolskie-południowy-19-01,7080,46.28,925,19.4,,0.0,,0.0,0.853,-16.3,0.0866666666666667,0.0,0.147,0.2586666666666666,21.76,monitoring,0,22.193333333333335
1218002,1218,12,gmina małopolskie-północny-18-02,3406,51.8,521,17.0,,0.0,,0.0,0.847,-13.9,0.0,0.0,0.153,0.2266666666666666,22.19,monitoring,0,22.19
227002,227,2,gmina dolnośląskie-zachodni-27-02,18359,45.41,3299,5.0,,0.0,,0.0,0.8150000000000001,-16.9,0.1266666666666665,0.0,0.1849999999999999,0.0666666666666666,21.53,monitoring,0,22.163333333333334
2431006,2431,24,gmina śląskie-południowy-31-06,5707,46.14,643,24.1,,0.0,,0.0,0.788,-15.7,0.0466666666666666,0.0,0.2119999999999999,0.3213333333333333,21.89,monitoring,0,22.123333333333335
1207001,1207,12,gmina małopolskie-południowy-07-01,7096,48.8,1172,24.1,,0.0,,0.0,0.869,-15.5,0.0333333333333333,0.0,0.131,0.3213333333333333,21.93,monitoring,0,22.096666666666668
1016003,1016,10,gmina łódzkie-centralny-16-03,9644,49.93,1527,16.9,,0.0,,0.0,0.78,-15.0,0.0,0.0,0.2199999999999999,0.2253333333333333,22.08,monitoring,0,22.08
1805001,1805,18,gmina podkarpackie-miejski-05-01,3560,51.42,502,13.5,,0.0,,0.0,0.8180000000000001,-14.0,0.0,0.0,0.1819999999999999,0.18,22.08,monitoring,0,22.08
2413001,2413,24,gmina śląskie-południowy-13-01,8067,51.86,1126,28.3,,0.0,,0.0,0.964,-15.1,0.0066666666666666,0.0,0.036,0.3773333333333333,22.04,monitoring,0,22.07333333333333
1806002,1806,18,gmina podkarpackie-północny-06-02,27247,39.58,2975,18.6,,0.0,,0.0,0.905,-18.2,0.2133333333333333,0.0,0.0949999999999999,0.248,20.98,monitoring,0,22.046666666666667
3032004,3032,30,gmina wielkopolskie-wschodni-32-04,17391,41.12,2042,8.8,,0.0,,0.0,0.8290000000000001,-17.8,0.1866666666666667,0.0,0.1709999999999999,0.1173333333333333,21.11,monitoring,0,22.043333333333333
2209004,2209,22,gmina pomorskie-zachodni-09-04,8198,43.87,1458,26.9,,0.0,,0.0,0.773,-16.0,0.0666666666666666,0.0,0.2269999999999999,0.3586666666666666,21.71,monitoring,0,22.043333333333333
1015005,1015,10,gmina łódzkie-zachodni-15-05,3787,49.26,515,24.6,,0.0,,0.0,0.85,-15.2,0.0133333333333332,0.0,0.15,0.328,21.95,monitoring,0,22.016666666666666
1603003,1603,16,gmina opolskie-zachodni-03-03,5717,49.37,773,22.3,,0.0,,0.0,0.805,-14.3,0.0,0.0,0.1949999999999999,0.2973333333333333,22.0,monitoring,0,22.0
1810002,1810,18,gmina podkarpackie-centralny-10-02,28671,37.63,3495,23.1,,0.0,,0.0,0.931,-18.6,0.2400000000000001,0.0,0.0689999999999999,0.308,20.78,monitoring,0,21.98
2208004,2208,22,gmina pomorskie-wschodni-08-04,5564,47.95,640,16.7,,0.0,,0.0,0.8270000000000001,-15.7,0.0466666666666666,0.0,0.1729999999999999,0.2226666666666666,21.73,monitoring,0,21.963333333333335
1210006,1210,12,gmina małopolskie-centralny-10-06,41642,50.26,4553,18.2,,0.0,,0.0,0.868,-15.3,0.02,0.0,0.132,0.2426666666666666,21.86,monitoring,0,21.96
804007,804,8,gmina lubuskie-centralny-04-07,49617,48.66,6683,23.2,,0.0,,0.0,0.787,-13.3,0.0,0.0,0.2129999999999999,0.3093333333333333,21.95,monitoring,0,21.95
814003,814,8,gmina lubuskie-wschodni-14-03,6413,47.35,886,28.9,,0.0,,0.0,0.8270000000000001,-15.3,0.02,0.0,0.1729999999999999,0.3853333333333333,21.84,monitoring,0,21.94
420005,420,4,gmina kujawsko-pomorskie-wschodni-20-05,10346,49.37,1556,27.5,,0.0,,0.0,0.85,-14.7,0.0,0.0,0.15,0.3666666666666666,21.94,monitoring,0,21.94
208001,208,2,gmina dolnośląskie-wschodni-08-01,6002,37.53,911,24.2,,0.0,,0.0,0.786,-17.7,0.1799999999999999,0.0,0.2139999999999999,0.3226666666666666,21.04,monitoring,0,21.939999999999998
1606001,1606,16,gmina opolskie-północny-06-01,13162,42.13,1565,35.0,,0.0,,0.0,0.891,-16.7,0.1133333333333332,0.0,0.1089999999999999,0.4666666666666667,21.36,monitoring,0,21.926666666666666
220004,220,2,gmina dolnośląskie-wschodni-20-04,39373,51.33,4464,25.6,,0.0,,0.0,0.921,-13.9,0.0,0.0,0.0789999999999999,0.3413333333333334,21.92,monitoring,0,21.92
804004,804,8,gmina lubuskie-centralny-04-04,27419,49.67,4486,26.1,,0.0,,0.0,0.859,-13.3,0.0,0.0,0.141,0.348,21.88,monitoring,0,21.88
1008002,1008,10,gmina łódzkie-wschodni-08-02,9411,48.91,1468,26.4,,0.0,,0.0,0.8320000000000001,-13.5,0.0,0.0,0.1679999999999999,0.352,21.86,monitoring,0,21.86
2214003,2214,22,gmina pomorskie-wschodni-14-03,7307,48.12,1033,22.1,,0.0,,0.0,0.835,-15.4,0.0266666666666666,0.0,0.165,0.2946666666666667,21.72,monitoring,0,21.85333333333333
413004,413,4,gmina kujawsko-pomorskie-południowy-13-04,6961,44.25,1062,24.1,,0.0,,0.0,0.858,-16.4,0.0933333333333332,0.0,0.142,0.3213333333333333,21.38,monitoring,0,21.846666666666664
801004,801,8,gmina lubuskie-południowy-01-04,47360,52.5,5888,15.1,,0.0,,0.0,0.903,-14.9,0.0,0.0,0.0969999999999999,0.2013333333333333,21.83,monitoring,0,21.83
3213003,3213,32,gmina zachodniopomorskie-południowy-13-03,2793,40.44,310,27.4,,0.0,,0.0,0.877,-17.3,0.1533333333333333,0.0,0.123,0.3653333333333333,21.06,monitoring,0,21.826666666666664
3205003,3205,32,gmina zachodniopomorskie-miejski-05-03,10609,45.38,1328,33.4,,0.0,,0.0,0.74,-14.6,0.0,0.0,0.26,0.4453333333333333,21.81,monitoring,0,21.81
1022006,1022,10,gmina łódzkie-centralny-22-06,3469,41.99,475,28.1,,0.0,,0.0,0.78,-16.3,0.0866666666666667,0.0,0.2199999999999999,0.3746666666666667,21.37,monitoring,0,21.803333333333335
1611001,1611,16,gmina opolskie-miejski-11-01,3538,49.64,546,33.2,,0.0,,0.0,0.92,-14.6,0.0,0.0,0.0799999999999999,0.4426666666666667,21.8,monitoring,0,21.8
1814004,1814,18,gmina podkarpackie-wschodni-14-04,14736,47.23,2246,17.0,,0.0,,0.0,0.8200000000000001,-15.7,0.0466666666666666,0.0,0.1799999999999999,0.2266666666666666,21.54,monitoring,0,21.773333333333333
1606003,1606,16,gmina opolskie-północny-06-03,92868,43.9,8801,11.6,,0.0,,0.0,0.8130000000000001,-16.7,0.1133333333333332,0.0,0.1869999999999999,0.1546666666666666,21.18,monitoring,0,21.746666666666666
3034006,3034,30,gmina wielkopolskie-centralny-34-06,5931,50.49,1074,16.2,,0.0,,0.0,0.836,-12.8,0.0,0.0,0.164,0.216,21.74,monitoring,0,21.74
203006,203,2,gmina dolnośląskie-zachodni-03-06,21976,46.62,3330,8.4,,0.0,,0.0,0.8210000000000001,-16.2,0.0799999999999999,0.0,0.1789999999999999,0.112,21.33,monitoring,0,21.729999999999997
3017002,3017,30,gmina wielkopolskie-miejski-17-02,53190,47.67,7199,13.1,,0.0,,0.0,0.9,-16.2,0.0799999999999999,0.0,0.0999999999999999,0.1746666666666666,21.33,monitoring,0,21.729999999999997
2429002,2429,24,gmina śląskie-miejski-29-02,3091,45.66,436,36.1,,0.0,,0.0,0.85,-15.4,0.0266666666666666,0.0,0.15,0.4813333333333333,21.59,monitoring,0,21.723333333333333
2602004,2602,26,gmina świętokrzyskie-wschodni-02-04,16428,47.38,1986,26.7,,0.0,,0.0,0.8190000000000001,-15.2,0.0133333333333332,0.0,0.1809999999999999,0.356,21.65,monitoring,0,21.716666666666665
3007004,3007,30,gmina wielkopolskie-południowy-07-04,30737,43.02,3077,10.2,,0.0,,0.0,0.854,-17.2,0.1466666666666666,0.0,0.146,0.1359999999999999,20.98,monitoring,0,21.713333333333335
3212006,3212,32,gmina zachodniopomorskie-północny-12-06,6296,47.87,1188,10.1,,0.0,,0.0,0.786,-15.6,0.0399999999999999,0.0,0.2139999999999999,0.1346666666666666,21.51,monitoring,0,21.71
218007,218,2,gmina dolnośląskie-północny-18-07,23827,42.58,3202,23.0,,0.0,,0.0,0.8140000000000001,-16.5,0.1,0.0,0.1859999999999999,0.3066666666666666,21.19,monitoring,0,21.69
1805003,1805,18,gmina podkarpackie-miejski-05-03,16912,46.83,2063,24.7,,0.0,,0.0,0.756,-14.0,0.0,0.0,0.244,0.3293333333333333,21.64,monitoring,0,21.64
1019001,1019,10,gmina łódzkie-południowy-19-01,3242,41.89,373,22.9,,0.0,,0.0,0.774,-16.4,0.0933333333333332,0.0,0.2259999999999999,0.3053333333333333,21.16,monitoring,0,21.626666666666665
211004,211,2,gmina dolnośląskie-miejski-11-04,8673,49.56,1261,18.8,,0.0,,0.0,0.8300000000000001,-13.4,0.0,0.0,0.1699999999999999,0.2506666666666666,21.62,monitoring,0,21.62
3033005,3033,30,gmina wielkopolskie-zachodni-33-05,12421,47.68,1941,24.8,,0.0,,0.0,0.797,-12.2,0.0,0.0,0.2029999999999999,0.3306666666666666,21.6,monitoring,0,21.6
2212001,2212,22,gmina pomorskie-północny-12-01,3443,46.49,596,23.8,,0.0,,0.0,0.876,-15.8,0.0533333333333333,0.0,0.124,0.3173333333333333,21.33,monitoring,0,21.596666666666664
3214005,3214,32,gmina zachodniopomorskie-wschodni-14-05,12636,51.16,1913,16.5,,0.0,,0.0,0.884,-14.9,0.0,0.0,0.1159999999999999,0.22,21.58,monitoring,0,21.58
418005,418,4,gmina kujawsko-pomorskie-północny-18-05,20127,48.8,2821,20.5,,0.0,,0.0,0.8140000000000001,-14.4,0.0,0.0,0.1859999999999999,0.2733333333333333,21.58,monitoring,0,21.58
1607004,1607,16,gmina opolskie-południowy-07-04,3711,40.54,455,28.0,,0.0,,0.0,0.798,-16.6,0.1066666666666667,0.0,0.2019999999999999,0.3733333333333333,21.01,monitoring,0,21.543333333333337
204002,204,2,gmina dolnośląskie-centralny-04-02,5226,46.33,700,18.5,,0.0,,0.0,0.802,-15.6,0.0399999999999999,0.0,0.1979999999999999,0.2466666666666666,21.34,monitoring,0,21.54
220002,220,2,gmina dolnośląskie-wschodni-20-02,31562,49.62,4427,11.7,,0.0,,0.0,0.791,-13.9,0.0,0.0,0.2089999999999999,0.156,21.52,monitoring,0,21.52
2211003,2211,22,gmina pomorskie-miejski-11-03,29479,46.98,3555,10.2,,0.0,,0.0,0.773,-15.6,0.0399999999999999,0.0,0.2269999999999999,0.1359999999999999,21.3,monitoring,0,21.5
2210001,2210,22,gmina pomorskie-centralny-10-01,18357,46.8,2974,25.0,,0.0,,0.0,0.8240000000000001,-15.3,0.02,0.0,0.1759999999999999,0.3333333333333333,21.39,monitoring,0,21.490000000000002
3034003,3034,30,gmina wielkopolskie-centralny-34-03,7072,48.67,1314,21.1,,0.0,,0.0,0.8240000000000001,-12.8,0.0,0.0,0.1759999999999999,0.2813333333333334,21.49,monitoring,0,21.49
403005,403,4,gmina kujawsko-pomorskie-zachodni-03-05,25453,46.4,3758,24.5,,0.0,,0.0,0.843,-15.5,0.0333333333333333,0.0,0.157,0.3266666666666666,21.28,monitoring,0,21.44666666666667
2416001,2416,24,gmina śląskie-centralny-16-01,39006,38.5,3173,22.6,,0.0,,0.0,0.795,-17.2,0.1466666666666666,0.0,0.2049999999999999,0.3013333333333333,20.62,monitoring,0,21.353333333333335
2206006,2206,22,gmina pomorskie-północny-06-06,14214,46.88,2048,26.8,,0.0,,0.0,0.841,-15.2,0.0133333333333332,0.0,0.159,0.3573333333333333,21.27,monitoring,0,21.336666666666666
1208004,1208,12,gmina małopolskie-wschodni-08-04,4293,43.77,510,12.8,,0.0,,0.0,0.863,-16.7,0.1133333333333332,0.0,0.137,0.1706666666666667,20.76,monitoring,0,21.326666666666668
809003,809,8,gmina lubuskie-zachodni-09-03,4034,49.02,640,14.4,,0.0,,0.0,0.892,-15.5,0.0333333333333333,0.0,0.1079999999999999,0.192,21.16,monitoring,0,21.326666666666668
1004001,1004,10,gmina łódzkie-centralny-04-01,22626,46.93,3521,6.2,,0.0,,0.0,0.882,-16.3,0.0866666666666667,0.0,0.118,0.0826666666666666,20.87,monitoring,0,21.303333333333335
1019004,1019,10,gmina łódzkie-południowy-19-04,1800,40.36,228,23.0,,0.0,,0.0,0.748,-16.4,0.0933333333333332,0.0,0.252,0.3066666666666666,20.82,monitoring,0,21.286666666666665
3217001,3217,32,gmina zachodniopomorskie-miejski-17-01,40691,49.15,5177,24.0,,0.0,,0.0,0.888,-14.7,0.0,0.0,0.1119999999999999,0.32,21.28,monitoring,0,21.28
2606001,2606,26,gmina świętokrzyskie-północny-06-01,27432,37.67,4439,13.3,,0.0,,0.0,0.736,-17.4,0.1599999999999999,0.0,0.264,0.1773333333333333,20.46,monitoring,0,21.26
1603004,1603,16,gmina opolskie-zachodni-03-04,11555,46.8,1906,20.2,,0.0,,0.0,0.766,-14.3,0.0,0.0,0.2339999999999999,0.2693333333333333,21.24,monitoring,0,21.24
1219003,1219,12,gmina małopolskie-południowy-19-03,32361,46.73,3668,16.2,,0.0,,0.0,0.733,-14.6,0.0,0.0,0.267,0.216,21.24,monitoring,0,21.24
403001,403,4,gmina kujawsko-pomorskie-zachodni-03-01,23234,45.67,2977,21.5,,0.0,,0.0,0.8130000000000001,-15.5,0.0333333333333333,0.0,0.1869999999999999,0.2866666666666667,21.07,monitoring,0,21.236666666666668
1024004,1024,10,gmina łódzkie-północny-24-04,17447,44.92,2683,32.5,,0.0,,0.0,0.778,-14.9,0.0,0.0,0.2219999999999999,0.4333333333333333,21.23,monitoring,0,21.23
3008006,3008,30,gmina wielkopolskie-wschodni-08-06,14132,42.08,2112,14.0,,0.0,,0.0,0.848,-16.9,0.1266666666666665,0.0,0.152,0.1866666666666666,20.57,monitoring,0,21.203333333333333
3028003,3028,30,gmina wielkopolskie-centralny-28-03,43813,46.03,5416,10.6,,0.0,,0.0,0.787,-15.7,0.0466666666666666,0.0,0.2129999999999999,0.1413333333333333,20.96,monitoring,0,21.193333333333335
2414003,2414,24,gmina śląskie-wschodni-14-03,38423,50.32,7214,10.8,,0.0,,0.0,0.85,-14.5,0.0,0.0,0.15,0.144,21.19,monitoring,0,21.19
3016002,3016,30,gmina wielkopolskie-centralny-16-02,48620,38.11,6294,15.0,,0.0,,0.0,0.844,-17.8,0.1866666666666667,0.0,0.156,0.2,20.25,monitoring,0,21.183333333333334
1012005,1012,10,gmina łódzkie-północny-12-05,13825,39.69,2021,11.4,,0.0,,0.0,0.901,-17.9,0.1933333333333332,0.0,0.0989999999999999,0.152,20.21,monitoring,0,21.176666666666666
802002,802,8,gmina lubuskie-wschodni-02-02,5087,48.92,849,25.0,,0.0,,0.0,0.899,-14.4,0.0,0.0,0.1009999999999999,0.3333333333333333,21.17,monitoring,0,21.17
218001,218,2,gmina dolnośląskie-północny-18-01,32949,43.91,4066,8.0,,0.0,,0.0,0.8200000000000001,-16.5,0.1,0.0,0.1799999999999999,0.1066666666666666,20.64,monitoring,0,21.14
3002003,3002,30,gmina wielkopolskie-wschodni-02-03,30184,46.09,3549,6.8,,0.0,,0.0,0.767,-15.7,0.0466666666666666,0.0,0.2329999999999999,0.0906666666666666,20.9,monitoring,0,21.133333333333333
1010004,1010,10,gmina łódzkie-centralny-10-04,23001,44.86,3140,31.1,,0.0,,0.0,0.777,-13.0,0.0,0.0,0.2229999999999999,0.4146666666666667,21.13,monitoring,0,21.13
1823003,1823,18,gmina podkarpackie-miejski-23-03,42777,45.73,4020,9.5,,0.0,,0.0,0.8240000000000001,-16.0,0.0666666666666666,0.0,0.1759999999999999,0.1266666666666666,20.79,monitoring,0,21.12333333333333
1023004,1023,10,gmina łódzkie-miejski-23-04,6659,46.34,1034,22.1,,0.0,,0.0,0.859,-15.5,0.0333333333333333,0.0,0.141,0.2946666666666667,20.95,monitoring,0,21.116666666666667
410004,410,4,gmina kujawsko-pomorskie-centralny-10-04,11314,45.43,1812,28.1,,0.0,,0.0,0.781,-14.4,0.0,0.0,0.2189999999999999,0.3746666666666667,21.11,monitoring,0,21.11
814007,814,8,gmina lubuskie-wschodni-14-07,14218,49.05,2051,16.0,,0.0,,0.0,0.896,-15.3,0.02,0.0,0.1039999999999999,0.2133333333333333,21.0,monitoring,0,21.1
3035004,3035,30,gmina wielkopolskie-miejski-35-04,39136,49.54,3861,5.0,,0.0,,0.0,0.853,-15.4,0.0266666666666666,0.0,0.147,0.0666666666666666,20.96,monitoring,0,21.093333333333334
808007,808,8,gmina lubuskie-wschodni-08-07,11368,46.61,1475,29.8,,0.0,,0.0,0.847,-14.1,0.0,0.0,0.153,0.3973333333333333,21.08,monitoring,0,21.08
1004002,1004,10,gmina łódzkie-centralny-04-02,32906,46.93,3782,5.0,,0.0,,0.0,0.899,-16.3,0.0866666666666667,0.0,0.1009999999999999,0.0666666666666666,20.64,monitoring,0,21.073333333333334
3014003,3014,30,gmina wielkopolskie-wschodni-14-03,28770,47.2,4187,11.3,,0.0,,0.0,0.859,-15.7,0.0466666666666666,0.0,0.141,0.1506666666666666,20.8,monitoring,0,21.033333333333335
2203002,2203,22,gmina pomorskie-zachodni-03-02,25441,49.61,3319,14.7,,0.0,,0.0,0.867,-12.9,0.0,0.0,0.133,0.1959999999999999,21.03,monitoring,0,21.03
1005003,1005,10,gmina łódzkie-miejski-05-03,6489,44.19,899,37.1,,0.0,,0.0,0.8220000000000001,-15.1,0.0066666666666666,0.0,0.1779999999999999,0.4946666666666667,20.99,monitoring,0,21.023333333333333
1810005,1810,18,gmina podkarpackie-centralny-10-05,9855,34.36,1142,20.7,,0.0,,0.0,0.883,-18.6,0.2400000000000001,0.0,0.1169999999999999,0.2759999999999999,19.81,monitoring,0,21.009999999999998
1001003,1001,10,gmina łódzkie-południowy-01-03,29094,49.49,3967,15.8,,0.0,,0.0,0.873,-14.7,0.0,0.0,0.127,0.2106666666666666,21.0,monitoring,0,21.0
1821003,1821,18,gmina podkarpackie-zachodni-21-03,10275,39.22,1670,16.6,,0.0,,0.0,0.773,-16.9,0.1266666666666665,0.0,0.2269999999999999,0.2213333333333333,20.33,monitoring,0,20.96333333333333
2404005,2404,24,gmina śląskie-centralny-04-05,23693,46.58,3574,15.7,,0.0,,0.0,0.771,-15.1,0.0066666666666666,0.0,0.2289999999999999,0.2093333333333333,20.93,monitoring,0,20.96333333333333
1201003,1201,12,gmina małopolskie-południowy-01-03,5523,49.28,952,17.7,,0.0,,0.0,0.9,-15.1,0.0066666666666666,0.0,0.0999999999999999,0.236,20.93,monitoring,0,20.96333333333333
213007,213,2,gmina dolnośląskie-południowy-13-07,35567,50.42,4553,9.3,,0.0,,0.0,0.869,-14.2,0.0,0.0,0.131,0.124,20.96,monitoring,0,20.96
210005,210,2,gmina dolnośląskie-centralny-10-05,26826,45.11,3700,10.4,,0.0,,0.0,0.877,-16.3,0.0866666666666667,0.0,0.123,0.1386666666666666,20.5,monitoring,0,20.933333333333334
3004005,3004,30,gmina wielkopolskie-centralny-04-05,7204,45.05,802,15.9,,0.0,,0.0,0.762,-15.4,0.0266666666666666,0.0,0.238,0.212,20.8,monitoring,0,20.933333333333334
409004,409,4,gmina kujawsko-pomorskie-zachodni-09-04,27878,37.95,3573,10.7,,0.0,,0.0,0.919,-18.3,0.22,0.0,0.0809999999999999,0.1426666666666666,19.82,monitoring,0,20.92
2601002,2601,26,gmina świętokrzyskie-południowy-01-02,19615,38.18,3223,10.8,,0.0,,0.0,0.879,-18.0,0.2,0.0,0.121,0.144,19.92,monitoring,0,20.92
1212001,1212,12,gmina małopolskie-północny-12-01,33270,50.1,4536,21.6,,0.0,,0.0,0.952,-12.4,0.0,0.0,0.0479999999999999,0.288,20.91,monitoring,0,20.91
1022004,1022,10,gmina łódzkie-centralny-22-04,6887,40.68,973,23.4,,0.0,,0.0,0.791,-16.3,0.0866666666666667,0.0,0.2089999999999999,0.312,20.46,monitoring,0,20.893333333333334
202006,202,2,gmina dolnośląskie-wschodni-02-06,22073,42.76,3316,28.3,,0.0,,0.0,0.916,-16.3,0.0866666666666667,0.0,0.0839999999999999,0.3773333333333333,20.45,monitoring,0,20.883333333333333
1004006,1004,10,gmina łódzkie-centralny-04-06,22894,41.14,3814,18.8,,0.0,,0.0,0.778,-16.3,0.0866666666666667,0.0,0.2219999999999999,0.2506666666666666,20.44,monitoring,0,20.873333333333335
1212005,1212,12,gmina małopolskie-północny-12-05,20180,50.9,3012,6.1,,0.0,,0.0,0.877,-12.4,0.0,0.0,0.123,0.0813333333333333,20.86,monitoring,0,20.86
1007006,1007,10,gmina łódzkie-południowy-07-06,46695,44.63,4617,29.1,,0.0,,0.0,0.782,-14.7,0.0,0.0,0.2179999999999999,0.388,20.86,monitoring,0,20.86
218006,218,2,gmina dolnośląskie-północny-18-06,17158,39.85,2388,34.3,,0.0,,0.0,0.877,-16.5,0.1,0.0,0.123,0.4573333333333333,20.34,monitoring,0,20.84
3207004,3207,32,gmina zachodniopomorskie-południowy-07-04,5125,47.39,845,8.4,,0.0,,0.0,0.749,-13.4,0.0,0.0,0.251,0.112,20.83,monitoring,0,20.83
1609007,1609,16,gmina opolskie-zachodni-09-07,31278,36.78,3613,25.0,,0.0,,0.0,0.834,-17.4,0.1599999999999999,0.0,0.166,0.3333333333333333,20.02,monitoring,0,20.82
1211004,1211,12,gmina małopolskie-miejski-11-04,20563,42.5,3615,26.2,,0.0,,0.0,0.867,-16.1,0.0733333333333334,0.0,0.133,0.3493333333333333,20.41,monitoring,0,20.776666666666667
2406004,2406,24,gmina śląskie-północny-06-04,11966,41.3,1420,28.3,,0.0,,0.0,0.8180000000000001,-16.0,0.0666666666666666,0.0,0.1819999999999999,0.3773333333333333,20.42,monitoring,0,20.753333333333334
2413005,2413,24,gmina śląskie-południowy-13-05,8082,48.01,1413,5.1,,0.0,,0.0,0.777,-15.1,0.0066666666666666,0.0,0.2229999999999999,0.0679999999999999,20.71,monitoring,0,20.743333333333332
802007,802,8,gmina lubuskie-wschodni-02-07,30161,47.62,3879,16.8,,0.0,,0.0,0.8310000000000001,-14.4,0.0,0.0,0.1689999999999999,0.224,20.74,monitoring,0,20.74
2219002,2219,22,gmina pomorskie-południowy-19-02,11340,38.93,1313,21.6,,0.0,,0.0,0.909,-17.4,0.1599999999999999,0.0,0.0909999999999999,0.288,19.93,monitoring,0,20.73
3202001,3202,32,gmina zachodniopomorskie-wschodni-02-01,5599,48.95,846,12.7,,0.0,,0.0,0.858,-14.7,0.0,0.0,0.142,0.1693333333333333,20.73,monitoring,0,20.73
2436004,2436,24,gmina śląskie-północny-36-04,13730,46.4,1968,11.4,,0.0,,0.0,0.8280000000000001,-15.5,0.0333333333333333,0.0,0.1719999999999999,0.152,20.54,monitoring,0,20.706666666666667
3018006,3018,30,gmina wielkopolskie-północny-18-06,21856,38.92,2686,28.8,,0.0,,0.0,0.864,-16.8,0.12,0.0,0.136,0.384,20.09,monitoring,0,20.69
408005,408,4,gmina kujawsko-pomorskie-wschodni-08-05,26893,45.19,3334,21.5,,0.0,,0.0,0.771,-12.8,0.0,0.0,0.2289999999999999,0.2866666666666667,20.67,monitoring,0,20.67
3218005,3218,32,gmina zachodniopomorskie-północny-18-05,23544,44.37,2520,22.5,,0.0,,0.0,0.8290000000000001,-15.5,0.0333333333333333,0.0,0.1709999999999999,0.3,20.5,monitoring,0,20.666666666666668
814005,814,8,gmina lubuskie-wschodni-14-05,13049,44.16,1293,29.0,,0.0,,0.0,0.835,-15.3,0.02,0.0,0.165,0.3866666666666666,20.56,monitoring,0,20.66
2216003,2216,22,gmina pomorskie-centralny-16-03,4297,42.67,581,25.2,,0.0,,0.0,0.746,-15.3,0.02,0.0,0.254,0.3359999999999999,20.54,monitoring,0,20.64
1201007,1201,12,gmina małopolskie-południowy-01-07,4916,47.13,760,24.5,,0.0,,0.0,0.897,-15.1,0.0066666666666666,0.0,0.1029999999999999,0.3266666666666666,20.59,monitoring,0,20.623333333333335
1602003,1602,16,gmina opolskie-wschodni-02-03,22639,37.16,2825,27.7,,0.0,,0.0,0.809,-16.9,0.1266666666666665,0.0,0.1909999999999999,0.3693333333333333,19.97,monitoring,0,20.60333333333333
2608006,2608,26,gmina świętokrzyskie-wschodni-08-06,30936,47.25,4051,13.5,,0.0,,0.0,0.892,-15.5,0.0333333333333333,0.0,0.1079999999999999,0.18,20.43,monitoring,0,20.596666666666668
3024002,3024,30,gmina wielkopolskie-północny-24-02,6394,50.08,968,13.9,,0.0,,0.0,0.93,-15.0,0.0,0.0,0.0699999999999999,0.1853333333333333,20.59,monitoring,0,20.59
1208005,1208,12,gmina małopolskie-wschodni-08-05,39197,40.52,5391,20.7,,0.0,,0.0,0.866,-16.7,0.1133333333333332,0.0,0.134,0.2759999999999999,20.02,monitoring,0,20.586666666666666
1602002,1602,16,gmina opolskie-wschodni-02-02,28922,43.68,4948,5.0,,0.0,,0.0,0.918,-16.9,0.1266666666666665,0.0,0.0819999999999999,0.0666666666666666,19.95,monitoring,0,20.583333333333332
407005,407,4,gmina kujawsko-pomorskie-południowy-07-05,66613,38.64,6048,8.8,,0.0,,0.0,0.905,-17.9,0.1933333333333332,0.0,0.0949999999999999,0.1173333333333333,19.6,monitoring,0,20.566666666666666
212005,212,2,gmina dolnośląskie-północny-12-05,8677,43.16,1374,20.8,,0.0,,0.0,0.8140000000000001,-15.7,0.0466666666666666,0.0,0.1859999999999999,0.2773333333333333,20.3,monitoring,0,20.533333333333335
3204006,3204,32,gmina zachodniopomorskie-centralny-04-06,10147,46.92,1647,5.0,,0.0,,0.0,0.805,-15.4,0.0266666666666666,0.0,0.1949999999999999,0.0666666666666666,20.4,monitoring,0,20.53333333333333
3021001,3021,30,gmina wielkopolskie-zachodni-21-01,1800,45.37,297,20.3,,0.0,,0.0,0.801,-15.1,0.0066666666666666,0.0,0.1989999999999999,0.2706666666666666,20.5,monitoring,0,20.53333333333333
1007005,1007,10,gmina łódzkie-południowy-07-05,23431,49.05,4069,6.4,,0.0,,0.0,0.837,-14.7,0.0,0.0,0.163,0.0853333333333333,20.53,monitoring,0,20.53
806007,806,8,gmina lubuskie-północny-06-07,10613,43.11,1582,27.2,,0.0,,0.0,0.881,-15.8,0.0533333333333333,0.0,0.119,0.3626666666666666,20.23,monitoring,0,20.496666666666666
806001,806,8,gmina lubuskie-północny-06-01,5971,42.4,755,24.1,,0.0,,0.0,0.8290000000000001,-15.8,0.0533333333333333,0.0,0.1709999999999999,0.3213333333333333,20.22,monitoring,0,20.486666666666665
1815003,1815,18,gmina podkarpackie-zachodni-15-03,73540,48.2,10723,10.4,,0.0,,0.0,0.837,-15.0,0.0,0.0,0.163,0.1386666666666666,20.48,monitoring,0,20.48
3212005,3212,32,gmina zachodniopomorskie-północny-12-05,10161,42.9,1161,23.8,,0.0,,0.0,0.8150000000000001,-15.6,0.0399999999999999,0.0,0.1849999999999999,0.3173333333333333,20.27,monitoring,0,20.47
3215002,3215,32,gmina zachodniopomorskie-zachodni-15-02,35759,49.38,4655,12.0,,0.0,,0.0,0.901,-14.9,0.0,0.0,0.0989999999999999,0.16,20.46,monitoring,0,20.46
809004,809,8,gmina lubuskie-zachodni-09-04,91378,48.18,12605,9.4,,0.0,,0.0,0.917,-15.5,0.0333333333333333,0.0,0.0829999999999999,0.1253333333333333,20.28,monitoring,0,20.44666666666667
3210001,3210,32,gmina zachodniopomorskie-centralny-10-01,17344,39.83,2339,20.3,,0.0,,0.0,0.8170000000000001,-16.5,0.1,0.0,0.1829999999999999,0.2706666666666666,19.94,monitoring,0,20.44
3203005,3203,32,gmina zachodniopomorskie-zachodni-03-05,19885,43.12,2894,24.8,,0.0,,0.0,0.838,-15.6,0.0399999999999999,0.0,0.162,0.3306666666666666,20.22,monitoring,0,20.419999999999998
3204003,3204,32,gmina zachodniopomorskie-centralny-04-03,15410,46.33,1954,13.7,,0.0,,0.0,0.863,-15.4,0.0266666666666666,0.0,0.137,0.1826666666666666,20.23,monitoring,0,20.363333333333333
1018002,1018,10,gmina łódzkie-północny-18-02,6170,43.26,884,18.4,,0.0,,0.0,0.855,-15.9,0.06,0.0,0.145,0.2453333333333333,20.05,monitoring,0,20.35
419006,419,4,gmina kujawsko-pomorskie-południowy-19-06,13081,46.05,1555,21.4,,0.0,,0.0,0.854,-13.9,0.0,0.0,0.146,0.2853333333333333,20.24,monitoring,0,20.24
414004,414,4,gmina kujawsko-pomorskie-wschodni-14-04,22244,42.78,3482,24.9,,0.0,,0.0,0.811,-15.4,0.0266666666666666,0.0,0.1889999999999999,0.3319999999999999,20.1,monitoring,0,20.233333333333334
1602001,1602,16,gmina opolskie-wschodni-02-01,26011,38.58,2928,19.1,,0.0,,0.0,0.847,-16.9,0.1266666666666665,0.0,0.153,0.2546666666666667,19.59,monitoring,0,20.223333333333333
421004,421,4,gmina kujawsko-pomorskie-zachodni-21-04,9323,38.37,1358,10.5,,0.0,,0.0,0.811,-17.1,0.1400000000000001,0.0,0.1889999999999999,0.14,19.5,monitoring,0,20.2
2608001,2608,26,gmina świętokrzyskie-wschodni-08-01,21946,43.43,3537,30.4,,0.0,,0.0,0.901,-15.5,0.0333333333333333,0.0,0.0989999999999999,0.4053333333333333,20.02,monitoring,0,20.186666666666667
1805004,1805,18,gmina podkarpackie-miejski-05-04,8866,44.35,1481,26.2,,0.0,,0.0,0.8260000000000001,-14.0,0.0,0.0,0.1739999999999999,0.3493333333333333,20.17,monitoring,0,20.17
3218001,3218,32,gmina zachodniopomorskie-północny-18-01,28629,45.82,4331,15.0,,0.0,,0.0,0.895,-15.5,0.0333333333333333,0.0,0.1049999999999999,0.2,19.96,monitoring,0,20.12666666666667
3202003,3202,32,gmina zachodniopomorskie-wschodni-02-03,43293,44.5,6261,16.2,,0.0,,0.0,0.765,-14.7,0.0,0.0,0.235,0.216,20.1,monitoring,0,20.1
1017001,1017,10,gmina łódzkie-miejski-17-01,6039,39.27,739,22.7,,0.0,,0.0,0.8170000000000001,-16.3,0.0866666666666667,0.0,0.1829999999999999,0.3026666666666666,19.64,monitoring,0,20.073333333333334
804001,804,8,gmina lubuskie-centralny-04-01,12055,43.48,1766,24.1,,0.0,,0.0,0.785,-13.3,0.0,0.0,0.2149999999999999,0.3213333333333333,20.06,monitoring,0,20.06
2420002,2420,24,gmina śląskie-wschodni-20-02,1800,42.77,263,28.7,,0.0,,0.0,0.8240000000000001,-15.2,0.0133333333333332,0.0,0.1759999999999999,0.3826666666666666,19.99,monitoring,0,20.056666666666665
1805006,1805,18,gmina podkarpackie-miejski-05-06,5498,42.96,649,27.7,,0.0,,0.0,0.791,-14.0,0.0,0.0,0.2089999999999999,0.3693333333333333,20.05,monitoring,0,20.05
2412005,2412,24,gmina śląskie-północny-12-05,7312,37.62,880,24.9,,0.0,,0.0,0.872,-16.9,0.1266666666666665,0.0,0.128,0.3319999999999999,19.39,monitoring,0,20.023333333333333
1210001,1210,12,gmina małopolskie-centralny-10-01,32415,47.79,5443,13.5,,0.0,,0.0,0.944,-15.3,0.02,0.0,0.0559999999999999,0.18,19.92,monitoring,0,20.020000000000003
1806003,1806,18,gmina podkarpackie-północny-06-03,26407,35.4,3723,20.6,,0.0,,0.0,0.968,-18.2,0.2133333333333333,0.0,0.032,0.2746666666666666,18.95,monitoring,0,20.016666666666666
1809001,1809,18,gmina podkarpackie-zachodni-09-01,13226,40.21,1640,22.8,,0.0,,0.0,0.849,-16.2,0.0799999999999999,0.0,0.151,0.304,19.6,monitoring,0,20.0
1020003,1020,10,gmina łódzkie-wschodni-20-03,31128,44.48,4334,19.0,,0.0,,0.0,0.868,-15.4,0.0266666666666666,0.0,0.132,0.2533333333333333,19.84,monitoring,0,19.973333333333333
2431005,2431,24,gmina śląskie-południowy-31-05,12482,43.66,1744,15.6,,0.0,,0.0,0.861,-15.7,0.0466666666666666,0.0,0.139,0.208,19.72,monitoring,0,19.953333333333333
1007003,1007,10,gmina łódzkie-południowy-07-03,48077,46.02,6159,5.9,,0.0,,0.0,0.77,-14.7,0.0,0.0,0.2299999999999999,0.0786666666666666,19.95,monitoring,0,19.95
1607003,1607,16,gmina opolskie-południowy-07-03,6971,40.74,1075,15.7,,0.0,,0.0,0.893,-16.6,0.1066666666666667,0.0,0.1069999999999999,0.2093333333333333,19.41,monitoring,0,19.943333333333335
1221001,1221,12,gmina małopolskie-zachodni-21-01,22491,40.85,2833,6.7,,0.0,,0.0,0.748,-16.1,0.0733333333333334,0.0,0.252,0.0893333333333333,19.56,monitoring,0,19.926666666666666
2427002,2427,24,gmina śląskie-zachodni-27-02,11694,46.11,1787,9.7,,0.0,,0.0,0.842,-15.2,0.0133333333333332,0.0,0.158,0.1293333333333333,19.83,monitoring,0,19.896666666666665
1205005,1205,12,gmina małopolskie-miejski-05-05,20463,43.03,1879,18.3,,0.0,,0.0,0.811,-15.4,0.0266666666666666,0.0,0.1889999999999999,0.244,19.75,monitoring,0,19.883333333333333
220007,220,2,gmina dolnośląskie-wschodni-20-07,38199,44.37,4201,17.4,,0.0,,0.0,0.796,-13.9,0.0,0.0,0.2039999999999999,0.2319999999999999,19.86,monitoring,0,19.86
2405004,2405,24,gmina śląskie-miejski-05-04,5557,43.82,881,32.6,,0.0,,0.0,0.886,-14.9,0.0,0.0,0.1139999999999999,0.4346666666666667,19.85,monitoring,0,19.85
2433002,2433,24,gmina śląskie-zachodni-33-02,6122,37.78,979,11.8,,0.0,,0.0,0.886,-17.4,0.1599999999999999,0.0,0.1139999999999999,0.1573333333333333,19.05,monitoring,0,19.85
3007005,3007,30,gmina wielkopolskie-południowy-07-05,12177,37.08,1727,29.1,,0.0,,0.0,0.951,-17.2,0.1466666666666666,0.0,0.0489999999999999,0.388,19.11,monitoring,0,19.843333333333334
221005,221,2,gmina dolnośląskie-zachodni-21-05,10461,46.99,1664,17.7,,0.0,,0.0,0.918,-12.3,0.0,0.0,0.0819999999999999,0.236,19.77,monitoring,0,19.77
1608006,1608,16,gmina opolskie-wschodni-08-06,6287,44.2,959,12.3,,0.0,,0.0,0.915,-15.9,0.06,0.0,0.0849999999999999,0.164,19.46,monitoring,0,19.76
2206004,2206,22,gmina pomorskie-północny-06-04,16014,45.66,2547,14.3,,0.0,,0.0,0.874,-15.2,0.0133333333333332,0.0,0.126,0.1906666666666666,19.68,monitoring,0,19.746666666666666
3011001,3011,30,gmina wielkopolskie-miejski-11-01,39984,43.89,6190,18.5,,0.0,,0.0,0.865,-15.4,0.0266666666666666,0.0,0.135,0.2466666666666666,19.61,monitoring,0,19.743333333333332
1603007,1603,16,gmina opolskie-zachodni-03-07,2509,43.43,352,23.3,,0.0,,0.0,0.8140000000000001,-14.3,0.0,0.0,0.1859999999999999,0.3106666666666667,19.73,monitoring,0,19.73
2212003,2212,22,gmina pomorskie-północny-12-03,25769,41.56,3855,22.7,,0.0,,0.0,0.867,-15.8,0.0533333333333333,0.0,0.133,0.3026666666666666,19.46,monitoring,0,19.726666666666667
3215006,3215,32,gmina zachodniopomorskie-zachodni-15-06,3568,46.25,525,12.2,,0.0,,0.0,0.853,-14.9,0.0,0.0,0.147,0.1626666666666666,19.71,monitoring,0,19.71
204005,204,2,gmina dolnośląskie-centralny-04-05,4407,42.47,692,19.4,,0.0,,0.0,0.849,-15.6,0.0399999999999999,0.0,0.151,0.2586666666666666,19.51,monitoring,0,19.71
3019004,3019,30,gmina wielkopolskie-południowy-19-04,9042,39.11,1036,16.0,,0.0,,0.0,0.809,-16.3,0.0866666666666667,0.0,0.1909999999999999,0.2133333333333333,19.21,monitoring,0,19.643333333333334
1808004,1808,18,gmina podkarpackie-wschodni-08-04,39573,45.5,4852,18.6,,0.0,,0.0,0.877,-14.4,0.0,0.0,0.123,0.248,19.64,monitoring,0,19.64
1218006,1218,12,gmina małopolskie-północny-18-06,38781,46.89,6022,16.0,,0.0,,0.0,0.916,-13.9,0.0,0.0,0.0839999999999999,0.2133333333333333,19.64,monitoring,0,19.64
814004,814,8,gmina lubuskie-wschodni-14-04,7272,43.5,1053,16.6,,0.0,,0.0,0.8280000000000001,-15.3,0.02,0.0,0.1719999999999999,0.2213333333333333,19.54,monitoring,0,19.64
2427004,2427,24,gmina śląskie-zachodni-27-04,12365,44.65,1611,20.8,,0.0,,0.0,0.893,-15.2,0.0133333333333332,0.0,0.1069999999999999,0.2773333333333333,19.56,monitoring,0,19.626666666666665
1601006,1601,16,gmina opolskie-południowy-01-06,6532,45.66,967,15.5,,0.0,,0.0,0.866,-13.5,0.0,0.0,0.134,0.2066666666666666,19.59,monitoring,0,19.59
3028006,3028,30,gmina wielkopolskie-centralny-28-06,6125,42.27,648,28.7,,0.0,,0.0,0.943,-15.7,0.0466666666666666,0.0,0.0569999999999999,0.3826666666666666,19.33,monitoring,0,19.563333333333333
3012001,3012,30,gmina wielkopolskie-północny-12-01,2918,43.74,316,20.8,,0.0,,0.0,0.8270000000000001,-13.3,0.0,0.0,0.1729999999999999,0.2773333333333333,19.56,monitoring,0,19.56
403007,403,4,gmina kujawsko-pomorskie-zachodni-03-07,17152,42.83,2155,14.9,,0.0,,0.0,0.835,-15.5,0.0333333333333333,0.0,0.165,0.1986666666666666,19.35,monitoring,0,19.51666666666667
3024003,3024,30,gmina wielkopolskie-północny-24-03,6930,44.42,993,21.2,,0.0,,0.0,0.868,-15.0,0.0,0.0,0.132,0.2826666666666667,19.48,monitoring,0,19.48
410002,410,4,gmina kujawsko-pomorskie-centralny-10-02,31051,46.48,4719,24.4,,0.0,,0.0,0.979,-14.4,0.0,0.0,0.021,0.3253333333333333,19.48,monitoring,0,19.48
2216001,2216,22,gmina pomorskie-centralny-16-01,29506,42.58,4370,10.8,,0.0,,0.0,0.764,-15.3,0.02,0.0,0.236,0.144,19.38,monitoring,0,19.48
1610003,1610,16,gmina opolskie-centralny-10-03,4225,36.97,520,11.4,,0.0,,0.0,0.793,-16.8,0.12,0.0,0.2069999999999999,0.152,18.83,monitoring,0,19.43
414006,414,4,gmina kujawsko-pomorskie-wschodni-14-06,10970,44.21,1333,18.7,,0.0,,0.0,0.915,-15.4,0.0266666666666666,0.0,0.0849999999999999,0.2493333333333333,19.29,monitoring,0,19.423333333333332
217002,217,2,gmina dolnośląskie-miejski-17-02,23973,45.2,3632,15.8,,0.0,,0.0,0.873,-12.9,0.0,0.0,0.127,0.2106666666666666,19.37,monitoring,0,19.37
3003004,3003,30,gmina wielkopolskie-zachodni-03-04,5379,41.72,609,25.7,,0.0,,0.0,0.854,-15.3,0.02,0.0,0.146,0.3426666666666667,19.24,monitoring,0,19.34
2213004,2213,22,gmina pomorskie-południowy-13-04,1800,41.03,205,35.6,,0.0,,0.0,0.852,-14.3,0.0,0.0,0.148,0.4746666666666667,19.3,monitoring,0,19.3
2423002,2423,24,gmina śląskie-miejski-23-02,37649,37.81,4815,11.1,,0.0,,0.0,0.894,-17.1,0.1400000000000001,0.0,0.1059999999999999,0.148,18.58,monitoring,0,19.279999999999998
2423003,2423,24,gmina śląskie-miejski-23-03,31462,37.31,3029,10.6,,0.0,,0.0,0.872,-17.1,0.1400000000000001,0.0,0.128,0.1413333333333333,18.56,monitoring,0,19.259999999999998
410003,410,4,gmina kujawsko-pomorskie-centralny-10-03,17518,42.22,1702,26.1,,0.0,,0.0,0.838,-14.4,0.0,0.0,0.162,0.348,19.24,monitoring,0,19.24
1807006,1807,18,gmina podkarpackie-południowy-07-06,35096,42.09,3771,5.8,,0.0,,0.0,0.921,-16.4,0.0933333333333332,0.0,0.0789999999999999,0.0773333333333333,18.77,monitoring,0,19.236666666666665
3213005,3213,32,gmina zachodniopomorskie-południowy-13-05,13487,32.15,1563,25.0,,0.0,,0.0,0.797,-17.3,0.1533333333333333,0.0,0.2029999999999999,0.3333333333333333,18.47,monitoring,0,19.236666666666665
2429003,2429,24,gmina śląskie-miejski-29-03,27504,41.49,3051,14.7,,0.0,,0.0,0.792,-15.4,0.0266666666666666,0.0,0.2079999999999999,0.1959999999999999,19.1,monitoring,0,19.233333333333334
3213002,3213,32,gmina zachodniopomorskie-południowy-13-02,42287,35.96,4310,15.2,,0.0,,0.0,0.887,-17.3,0.1533333333333333,0.0,0.1129999999999999,0.2026666666666666,18.46,monitoring,0,19.226666666666667
1207005,1207,12,gmina małopolskie-południowy-07-05,21247,40.19,2889,28.0,,0.0,,0.0,0.854,-15.5,0.0333333333333333,0.0,0.146,0.3733333333333333,19.05,monitoring,0,19.21666666666667
215003,215,2,gmina dolnośląskie-zachodni-15-03,12887,34.4,1504,11.3,,0.0,,0.0,0.708,-16.8,0.12,0.0,0.292,0.1506666666666666,18.61,monitoring,0,19.21
412001,412,4,gmina kujawsko-pomorskie-północny-12-01,24819,42.87,3799,23.6,,0.0,,0.0,0.92,-15.4,0.0266666666666666,0.0,0.0799999999999999,0.3146666666666667,19.06,monitoring,0,19.19333333333333
1015003,1015,10,gmina łódzkie-zachodni-15-03,25512,42.07,2860,22.5,,0.0,,0.0,0.847,-15.2,0.0133333333333332,0.0,0.153,0.3,19.1,monitoring,0,19.166666666666668
1222005,1222,12,gmina małopolskie-centralny-22-05,32776,46.94,4284,15.3,,0.0,,0.0,0.966,-12.1,0.0,0.0,0.034,0.204,19.16,monitoring,0,19.16
3034004,3034,30,gmina wielkopolskie-centralny-34-04,9045,43.83,1164,8.5,,0.0,,0.0,0.787,-12.8,0.0,0.0,0.2129999999999999,0.1133333333333333,19.14,monitoring,0,19.14
2209006,2209,22,gmina pomorskie-zachodni-09-06,5501,40.83,774,10.5,,0.0,,0.0,0.848,-16.0,0.0666666666666666,0.0,0.152,0.14,18.78,monitoring,0,19.113333333333333
3217005,3217,32,gmina zachodniopomorskie-miejski-17-05,8905,42.98,1075,25.0,,0.0,,0.0,0.882,-14.7,0.0,0.0,0.118,0.3333333333333333,19.06,monitoring,0,19.06
2424005,2424,24,gmina śląskie-północny-24-05,17049,41.86,2055,8.9,,0.0,,0.0,0.8180000000000001,-15.6,0.0399999999999999,0.0,0.1819999999999999,0.1186666666666666,18.86,monitoring,0,19.06
202004,202,2,gmina dolnośląskie-wschodni-02-04,4798,39.5,629,22.3,,0.0,,0.0,0.939,-16.3,0.0866666666666667,0.0,0.0609999999999999,0.2973333333333333,18.61,monitoring,0,19.043333333333333
2605001,2605,26,gmina świętokrzyskie-miejski-05-01,14583,39.46,2026,13.0,,0.0,,0.0,0.803,-15.9,0.06,0.0,0.1969999999999999,0.1733333333333333,18.71,monitoring,0,19.01
2612003,2612,26,gmina świętokrzyskie-północny-12-03,19345,36.43,2228,22.2,,0.0,,0.0,0.764,-16.0,0.0666666666666666,0.0,0.236,0.296,18.65,monitoring,0,18.98333333333333
1801001,1801,18,gmina podkarpackie-południowy-01-01,4896,39.67,658,20.5,,0.0,,0.0,0.891,-16.0,0.0666666666666666,0.0,0.1089999999999999,0.2733333333333333,18.62,monitoring,0,18.953333333333333
3201006,3201,32,gmina zachodniopomorskie-południowy-01-06,13573,41.74,1529,25.5,,0.0,,0.0,0.849,-14.3,0.0,0.0,0.151,0.34,18.92,monitoring,0,18.92
204007,204,2,gmina dolnośląskie-centralny-04-07,18720,42.83,2603,5.0,,0.0,,0.0,0.845,-15.6,0.0399999999999999,0.0,0.155,0.0666666666666666,18.72,monitoring,0,18.919999999999998
2201001,2201,22,gmina pomorskie-południowy-01-01,38601,43.1,4690,11.5,,0.0,,0.0,0.804,-13.3,0.0,0.0,0.1959999999999999,0.1533333333333333,18.91,monitoring,0,18.91
2217005,2217,22,gmina pomorskie-miejski-17-05,16911,39.61,2028,25.9,,0.0,,0.0,0.767,-14.9,0.0,0.0,0.2329999999999999,0.3453333333333333,18.88,monitoring,0,18.88
1825003,1825,18,gmina podkarpackie-południowy-25-03,44711,39.75,4127,12.0,,0.0,,0.0,0.909,-16.4,0.0933333333333332,0.0,0.0909999999999999,0.16,18.4,monitoring,0,18.866666666666664
802004,802,8,gmina lubuskie-wschodni-02-04,34958,44.07,3834,20.7,,0.0,,0.0,0.92,-14.4,0.0,0.0,0.0799999999999999,0.2759999999999999,18.85,monitoring,0,18.85
2406006,2406,24,gmina śląskie-północny-06-06,12117,36.52,1383,17.3,,0.0,,0.0,0.748,-16.0,0.0666666666666666,0.0,0.252,0.2306666666666667,18.5,monitoring,0,18.833333333333332
1221003,1221,12,gmina małopolskie-zachodni-21-03,23238,39.69,2378,9.8,,0.0,,0.0,0.848,-16.1,0.0733333333333334,0.0,0.152,0.1306666666666666,18.42,monitoring,0,18.78666666666667
223001,223,2,gmina dolnośląskie-miejski-23-01,26500,38.28,2964,30.5,,0.0,,0.0,0.911,-15.9,0.06,0.0,0.0889999999999999,0.4066666666666667,18.46,monitoring,0,18.76
2428002,2428,24,gmina śląskie-centralny-28-02,20655,34.43,2708,15.1,,0.0,,0.0,0.846,-17.1,0.1400000000000001,0.0,0.154,0.2013333333333333,18.0,monitoring,0,18.7
2208005,2208,22,gmina pomorskie-wschodni-08-05,7188,37.65,964,24.2,,0.0,,0.0,0.8160000000000001,-15.7,0.0466666666666666,0.0,0.1839999999999999,0.3226666666666666,18.42,monitoring,0,18.653333333333336
1818006,1818,18,gmina podkarpackie-północny-18-06,22469,40.16,2563,19.5,,0.0,,0.0,0.768,-14.5,0.0,0.0,0.2319999999999999,0.26,18.65,monitoring,0,18.65
209003,209,2,gmina dolnośląskie-zachodni-09-03,81839,46.17,10194,5.0,,0.0,,0.0,0.92,-14.7,0.0,0.0,0.0799999999999999,0.0666666666666666,18.6,monitoring,0,18.6
1021003,1021,10,gmina łódzkie-zachodni-21-03,13194,43.39,1782,5.4,,0.0,,0.0,0.805,-14.9,0.0,0.0,0.1949999999999999,0.072,18.6,monitoring,0,18.6
2201005,2201,22,gmina pomorskie-południowy-01-05,25976,40.1,2472,29.5,,0.0,,0.0,0.846,-13.3,0.0,0.0,0.154,0.3933333333333333,18.59,monitoring,0,18.59
202001,202,2,gmina dolnośląskie-wschodni-02-01,13751,37.55,2138,14.9,,0.0,,0.0,0.855,-16.3,0.0866666666666667,0.0,0.145,0.1986666666666666,18.13,monitoring,0,18.563333333333333
3003002,3003,30,gmina wielkopolskie-zachodni-03-02,8100,39.56,1008,21.2,,0.0,,0.0,0.8190000000000001,-15.3,0.02,0.0,0.1809999999999999,0.2826666666666667,18.44,monitoring,0,18.540000000000003
3206004,3206,32,gmina zachodniopomorskie-północny-06-04,50321,38.82,5021,20.2,,0.0,,0.0,0.866,-15.8,0.0533333333333333,0.0,0.134,0.2693333333333333,18.26,monitoring,0,18.526666666666667
2414006,2414,24,gmina śląskie-wschodni-14-06,11634,41.15,1363,20.6,,0.0,,0.0,0.841,-14.5,0.0,0.0,0.159,0.2746666666666666,18.44,monitoring,0,18.44
1808001,1808,18,gmina podkarpackie-wschodni-08-01,10214,41.45,1552,14.0,,0.0,,0.0,0.8130000000000001,-14.4,0.0,0.0,0.1869999999999999,0.1866666666666666,18.37,monitoring,0,18.37
812006,812,8,gmina lubuskie-północny-12-06,10930,34.18,1206,24.4,,0.0,,0.0,0.959,-17.2,0.1466666666666666,0.0,0.0409999999999999,0.3253333333333333,17.62,monitoring,0,18.353333333333335
1020006,1020,10,gmina łódzkie-wschodni-20-06,11415,40.22,1779,14.0,,0.0,,0.0,0.8320000000000001,-15.4,0.0266666666666666,0.0,0.1679999999999999,0.1866666666666666,18.21,monitoring,0,18.343333333333334
2404003,2404,24,gmina śląskie-centralny-04-03,47771,40.94,6560,15.8,,0.0,,0.0,0.8280000000000001,-15.1,0.0066666666666666,0.0,0.1719999999999999,0.2106666666666666,18.28,monitoring,0,18.313333333333333
1007004,1007,10,gmina łódzkie-południowy-07-04,37845,42.94,4947,5.0,,0.0,,0.0,0.8170000000000001,-14.7,0.0,0.0,0.1829999999999999,0.0666666666666666,18.3,monitoring,0,18.3
212002,212,2,gmina dolnośląskie-północny-12-02,7029,38.27,989,18.3,,0.0,,0.0,0.838,-15.7,0.0466666666666666,0.0,0.162,0.244,18.06,monitoring,0,18.293333333333333
1003005,1003,10,gmina łódzkie-zachodni-03-05,3660,38.78,331,10.6,,0.0,,0.0,0.791,-15.6,0.0399999999999999,0.0,0.2089999999999999,0.1413333333333333,18.04,monitoring,0,18.24
3216002,3216,32,gmina zachodniopomorskie-centralny-16-02,14757,40.05,2233,21.8,,0.0,,0.0,0.8270000000000001,-13.2,0.0,0.0,0.1729999999999999,0.2906666666666667,18.23,monitoring,0,18.23
413005,413,4,gmina kujawsko-pomorskie-południowy-13-05,15311,33.87,1898,12.0,,0.0,,0.0,0.733,-16.4,0.0933333333333332,0.0,0.267,0.16,17.75,monitoring,0,18.216666666666665
2202001,2202,22,gmina pomorskie-wschodni-02-01,23902,39.41,3217,19.7,,0.0,,0.0,0.806,-15.1,0.0066666666666666,0.0,0.1939999999999999,0.2626666666666666,18.16,monitoring,0,18.193333333333335
1819002,1819,18,gmina podkarpackie-południowy-19-02,23265,43.41,3128,5.6,,0.0,,0.0,0.857,-14.5,0.0,0.0,0.143,0.0746666666666666,18.16,monitoring,0,18.16
2206001,2206,22,gmina pomorskie-północny-06-01,15047,40.79,1866,20.3,,0.0,,0.0,0.892,-15.2,0.0133333333333332,0.0,0.1079999999999999,0.2706666666666666,18.07,monitoring,0,18.136666666666667
2425004,2425,24,gmina śląskie-południowy-25-04,21975,36.61,3299,30.7,,0.0,,0.0,0.947,-16.1,0.0733333333333334,0.0,0.0529999999999999,0.4093333333333333,17.76,monitoring,0,18.12666666666667
3015001,3015,30,gmina wielkopolskie-zachodni-15-01,32565,39.67,3900,15.6,,0.0,,0.0,0.899,-15.7,0.0466666666666666,0.0,0.1009999999999999,0.208,17.86,monitoring,0,18.093333333333334
1818002,1818,18,gmina podkarpackie-północny-18-02,8143,38.12,986,26.3,,0.0,,0.0,0.796,-14.5,0.0,0.0,0.2039999999999999,0.3506666666666667,18.07,monitoring,0,18.07
2435006,2435,24,gmina śląskie-miejski-35-06,34977,39.05,3711,19.9,,0.0,,0.0,0.876,-15.5,0.0333333333333333,0.0,0.124,0.2653333333333333,17.88,monitoring,0,18.046666666666667
1219002,1219,12,gmina małopolskie-południowy-19-02,26703,39.67,3555,26.1,,0.0,,0.0,0.864,-14.6,0.0,0.0,0.136,0.348,18.04,monitoring,0,18.04
3024006,3024,30,gmina wielkopolskie-północny-24-06,38154,41.42,4118,13.8,,0.0,,0.0,0.848,-15.0,0.0,0.0,0.152,0.184,18.03,monitoring,0,18.03
2205006,2205,22,gmina pomorskie-miejski-05-06,16514,41.14,2223,21.5,,0.0,,0.0,0.93,-15.2,0.0133333333333332,0.0,0.0699999999999999,0.2866666666666667,17.94,monitoring,0,18.006666666666668
1024003,1024,10,gmina łódzkie-północny-24-03,8702,41.21,1173,20.1,,0.0,,0.0,0.889,-14.9,0.0,0.0,0.1109999999999999,0.268,18.0,monitoring,0,18.0
412004,412,4,gmina kujawsko-pomorskie-północny-12-04,4066,38.62,668,20.8,,0.0,,0.0,0.858,-15.4,0.0266666666666666,0.0,0.142,0.2773333333333333,17.82,monitoring,0,17.953333333333333
216002,216,2,gmina dolnośląskie-centralny-16-02,26726,38.75,3374,13.5,,0.0,,0.0,0.795,-15.2,0.0133333333333332,0.0,0.2049999999999999,0.18,17.71,monitoring,0,17.776666666666667
214004,214,2,gmina dolnośląskie-wschodni-14-04,27952,37.36,3400,23.5,,0.0,,0.0,0.896,-15.7,0.0466666666666666,0.0,0.1039999999999999,0.3133333333333333,17.54,monitoring,0,17.773333333333333
801001,801,8,gmina lubuskie-południowy-01-01,27239,40.35,2451,20.1,,0.0,,0.0,0.884,-14.9,0.0,0.0,0.1159999999999999,0.268,17.72,monitoring,0,17.72
1010005,1010,10,gmina łódzkie-centralny-10-05,16117,39.93,2017,20.8,,0.0,,0.0,0.875,-13.0,0.0,0.0,0.125,0.2773333333333333,17.69,monitoring,0,17.69
3003001,3003,30,gmina wielkopolskie-zachodni-03-01,16214,39.01,2091,17.0,,0.0,,0.0,0.86,-15.3,0.02,0.0,0.14,0.2266666666666666,17.58,monitoring,0,17.68
3203001,3203,32,gmina zachodniopomorskie-zachodni-03-01,21740,38.72,2675,7.1,,0.0,,0.0,0.835,-15.6,0.0399999999999999,0.0,0.165,0.0946666666666666,17.39,monitoring,0,17.59
3203004,3203,32,gmina zachodniopomorskie-zachodni-03-04,25248,37.11,3364,12.3,,0.0,,0.0,0.806,-15.6,0.0399999999999999,0.0,0.1939999999999999,0.164,17.39,monitoring,0,17.59
414005,414,4,gmina kujawsko-pomorskie-wschodni-14-05,43360,38.81,6386,10.0,,0.0,,0.0,0.8280000000000001,-15.4,0.0266666666666666,0.0,0.1719999999999999,0.1333333333333333,17.44,monitoring,0,17.573333333333334
1811006,1811,18,gmina podkarpackie-miejski-11-06,22916,38.39,2974,18.9,,0.0,,0.0,0.8130000000000001,-14.5,0.0,0.0,0.1869999999999999,0.252,17.53,monitoring,0,17.53
3034005,3034,30,gmina wielkopolskie-centralny-34-05,15168,39.02,2673,5.0,,0.0,,0.0,0.739,-12.8,0.0,0.0,0.261,0.0666666666666666,17.51,monitoring,0,17.51
3221006,3221,32,gmina zachodniopomorskie-zachodni-21-06,5653,38.8,736,12.5,,0.0,,0.0,0.791,-13.4,0.0,0.0,0.2089999999999999,0.1666666666666666,17.46,monitoring,0,17.46
1020002,1020,10,gmina łódzkie-wschodni-20-02,6607,38.1,754,15.2,,0.0,,0.0,0.86,-15.4,0.0266666666666666,0.0,0.14,0.2026666666666666,17.23,monitoring,0,17.363333333333333
213005,213,2,gmina dolnośląskie-południowy-13-05,13168,37.93,1448,16.6,,0.0,,0.0,0.8,-14.2,0.0,0.0,0.1999999999999999,0.2213333333333333,17.32,monitoring,0,17.32
2602003,2602,26,gmina świętokrzyskie-wschodni-02-03,27403,39.18,2787,11.2,,0.0,,0.0,0.847,-15.2,0.0133333333333332,0.0,0.153,0.1493333333333333,17.25,monitoring,0,17.316666666666666
2430002,2430,24,gmina śląskie-północny-30-02,42157,36.52,5261,7.8,,0.0,,0.0,0.8310000000000001,-15.9,0.06,0.0,0.1689999999999999,0.104,17.0,monitoring,0,17.3
2433006,2433,24,gmina śląskie-zachodni-33-06,20082,30.04,2381,19.7,,0.0,,0.0,0.902,-17.4,0.1599999999999999,0.0,0.0979999999999999,0.2626666666666666,16.49,monitoring,0,17.29
406005,406,4,gmina kujawsko-pomorskie-północny-06-05,5706,33.5,801,17.4,,0.0,,0.0,0.898,-16.6,0.1066666666666667,0.0,0.1019999999999999,0.2319999999999999,16.73,monitoring,0,17.263333333333335
223005,223,2,gmina dolnośląskie-miejski-23-05,5342,36.04,648,5.0,,0.0,,0.0,0.795,-15.9,0.06,0.0,0.2049999999999999,0.0666666666666666,16.95,monitoring,0,17.25
1817002,1817,18,gmina podkarpackie-miejski-17-02,50338,41.17,6250,11.3,,0.0,,0.0,0.906,-12.9,0.0,0.0,0.0939999999999999,0.1506666666666666,17.24,monitoring,0,17.24
1001001,1001,10,gmina łódzkie-południowy-01-01,37928,39.49,5590,12.4,,0.0,,0.0,0.844,-14.7,0.0,0.0,0.156,0.1653333333333333,17.24,monitoring,0,17.24
2405002,2405,24,gmina śląskie-miejski-05-02,31541,40.91,4590,5.0,,0.0,,0.0,0.854,-14.9,0.0,0.0,0.146,0.0666666666666666,17.19,monitoring,0,17.19
2208006,2208,22,gmina pomorskie-wschodni-08-06,23401,37.92,2399,17.6,,0.0,,0.0,0.946,-15.7,0.0466666666666666,0.0,0.0539999999999999,0.2346666666666667,16.91,monitoring,0,17.143333333333334
204006,204,2,gmina dolnośląskie-centralny-04-06,17501,34.08,2517,20.4,,0.0,,0.0,0.788,-15.6,0.0399999999999999,0.0,0.2119999999999999,0.2719999999999999,16.94,monitoring,0,17.14
1603006,1603,16,gmina opolskie-zachodni-03-06,21221,39.45,2431,17.7,,0.0,,0.0,0.897,-14.3,0.0,0.0,0.1029999999999999,0.236,17.1,monitoring,0,17.1
2215001,2215,22,gmina pomorskie-zachodni-15-01,25137,40.17,3821,8.9,,0.0,,0.0,0.863,-13.2,0.0,0.0,0.137,0.1186666666666666,17.09,monitoring,0,17.09
3205001,3205,32,gmina zachodniopomorskie-miejski-05-01,8612,38.26,1117,15.1,,0.0,,0.0,0.841,-14.6,0.0,0.0,0.159,0.2013333333333333,16.98,monitoring,0,16.98
2430003,2430,24,gmina śląskie-północny-30-03,17971,37.12,1786,9.7,,0.0,,0.0,0.916,-15.9,0.06,0.0,0.0839999999999999,0.1293333333333333,16.59,monitoring,0,16.89
3211002,3211,32,gmina zachodniopomorskie-miejski-11-02,12628,34.39,1639,5.0,,0.0,,0.0,0.874,-16.5,0.1,0.0,0.126,0.0666666666666666,16.34,monitoring,0,16.84
1807001,1807,18,gmina podkarpackie-południowy-07-01,15852,33.3,2023,19.4,,0.0,,0.0,0.918,-16.4,0.0933333333333332,0.0,0.0819999999999999,0.2586666666666666,16.37,monitoring,0,16.836666666666666
3015006,3015,30,gmina wielkopolskie-zachodni-15-06,37331,35.68,4093,16.9,,0.0,,0.0,0.884,-15.7,0.0466666666666666,0.0,0.1159999999999999,0.2253333333333333,16.57,monitoring,0,16.803333333333335
3026003,3026,30,gmina wielkopolskie-wschodni-26-03,5092,31.4,479,35.6,,0.0,,0.0,0.723,-13.5,0.0,0.0,0.277,0.4746666666666667,16.8,monitoring,0,16.8
809006,809,8,gmina lubuskie-zachodni-09-06,25068,35.29,3174,8.7,,0.0,,0.0,0.776,-15.5,0.0333333333333333,0.0,0.2239999999999999,0.1159999999999999,16.61,monitoring,0,16.776666666666667
2434006,2434,24,gmina śląskie-centralny-34-06,21178,38.04,2190,9.7,,0.0,,0.0,0.919,-15.6,0.0399999999999999,0.0,0.0809999999999999,0.1293333333333333,16.55,monitoring,0,16.75
2203003,2203,22,gmina pomorskie-zachodni-03-03,27260,40.17,4079,9.3,,0.0,,0.0,0.909,-12.9,0.0,0.0,0.0909999999999999,0.124,16.7,monitoring,0,16.7
2404001,2404,24,gmina śląskie-centralny-04-01,16493,37.06,2212,18.1,,0.0,,0.0,0.868,-15.1,0.0066666666666666,0.0,0.132,0.2413333333333333,16.6,monitoring,0,16.633333333333333
3005003,3005,30,gmina wielkopolskie-miejski-05-03,17498,37.85,2215,15.2,,0.0,,0.0,0.864,-14.5,0.0,0.0,0.136,0.2026666666666666,16.62,monitoring,0,16.62
3035002,3035,30,gmina wielkopolskie-miejski-35-02,14238,36.57,2036,15.0,,0.0,,0.0,0.894,-15.4,0.0266666666666666,0.0,0.1059999999999999,0.2,16.33,monitoring,0,16.46333333333333
1612002,1612,16,gmina opolskie-północny-12-02,19286,34.04,2413,13.7,,0.0,,0.0,0.925,-16.2,0.0799999999999999,0.0,0.0749999999999999,0.1826666666666666,15.96,monitoring,0,16.36
3014002,3014,30,gmina wielkopolskie-wschodni-14-02,9333,35.15,1354,6.1,,0.0,,0.0,0.8310000000000001,-15.7,0.0466666666666666,0.0,0.1689999999999999,0.0813333333333333,16.12,monitoring,0,16.353333333333335
417003,417,4,gmina kujawsko-pomorskie-miejski-17-03,12590,34.59,1445,11.8,,0.0,,0.0,0.873,-15.8,0.0533333333333333,0.0,0.127,0.1573333333333333,16.03,monitoring,0,16.296666666666667
1813003,1813,18,gmina podkarpackie-południowy-13-03,14223,35.14,1599,16.6,,0.0,,0.0,0.8130000000000001,-13.9,0.0,0.0,0.1869999999999999,0.2213333333333333,16.14,monitoring,0,16.14
1816005,1816,18,gmina podkarpackie-centralny-16-05,19197,36.24,2595,8.2,,0.0,,0.0,0.8180000000000001,-14.8,0.0,0.0,0.1819999999999999,0.1093333333333333,15.96,monitoring,0,15.96
2434003,2434,24,gmina śląskie-centralny-34-03,16535,32.0,1637,24.7,,0.0,,0.0,0.863,-15.6,0.0399999999999999,0.0,0.137,0.3293333333333333,15.76,monitoring,0,15.959999999999999
3012004,3012,30,gmina wielkopolskie-północny-12-04,5295,36.34,878,20.9,,0.0,,0.0,0.92,-13.3,0.0,0.0,0.0799999999999999,0.2786666666666667,15.92,monitoring,0,15.92
2602001,2602,26,gmina świętokrzyskie-wschodni-02-01,19583,35.53,2093,9.4,,0.0,,0.0,0.863,-15.2,0.0133333333333332,0.0,0.137,0.1253333333333333,15.6,monitoring,0,15.666666666666666
415006,415,4,gmina kujawsko-pomorskie-zachodni-15-06,13510,36.67,1486,8.8,,0.0,,0.0,0.881,-15.0,0.0,0.0,0.119,0.1173333333333333,15.59,monitoring,0,15.59
230005,230,2,gmina dolnośląskie-północny-30-05,6288,29.45,887,10.0,,0.0,,0.0,0.893,-16.8,0.12,0.0,0.1069999999999999,0.1333333333333333,14.98,monitoring,0,15.58
1014001,1014,10,gmina łódzkie-wschodni-14-01,33380,34.3,3938,9.9,,0.0,,0.0,0.804,-14.1,0.0,0.0,0.1959999999999999,0.132,15.46,monitoring,0,15.46
2612004,2612,26,gmina świętokrzyskie-północny-12-04,34204,30.13,2908,9.4,,0.0,,0.0,0.798,-16.0,0.0666666666666666,0.0,0.2019999999999999,0.1253333333333333,15.09,monitoring,0,15.423333333333334
3004002,3004,30,gmina wielkopolskie-centralny-04-02,19663,35.97,1683,5.0,,0.0,,0.0,0.929,-15.4,0.0266666666666666,0.0,0.0709999999999999,0.0666666666666666,15.12,monitoring,0,15.253333333333332
1003001,1003,10,gmina łódzkie-zachodni-03-01,15236,33.1,1776,8.4,,0.0,,0.0,0.894,-15.6,0.0399999999999999,0.0,0.1059999999999999,0.112,14.81,monitoring,0,15.01
1813005,1813,18,gmina podkarpackie-południowy-13-05,20544,32.39,2778,19.9,,0.0,,0.0,0.882,-13.9,0.0,0.0,0.118,0.2653333333333333,14.7,monitoring,0,14.7
2407004,2407,24,gmina śląskie-południowy-07-04,5822,29.29,659,13.3,,0.0,,0.0,0.893,-16.1,0.0733333333333334,0.0,0.1069999999999999,0.1773333333333333,14.3,monitoring,0,14.666666666666668
3221005,3221,32,gmina zachodniopomorskie-zachodni-21-05,12430,30.47,1314,36.6,,0.0,,0.0,0.931,-13.4,0.0,0.0,0.0689999999999999,0.488,14.64,monitoring,0,14.64
1809002,1809,18,gmina podkarpackie-zachodni-09-02,49401,29.92,4422,6.6,,0.0,,0.0,0.911,-16.2,0.0799999999999999,0.0,0.0889999999999999,0.088,14.05,monitoring,0,14.450000000000001
2404006,2404,24,gmina śląskie-centralny-04-06,22516,32.02,2828,11.9,,0.0,,0.0,0.869,-15.1,0.0066666666666666,0.0,0.131,0.1586666666666666,14.26,monitoring,0,14.293333333333333
2207005,2207,22,gmina pomorskie-południowy-07-05,85369,32.87,5921,5.8,,0.0,,0.0,0.862,-15.1,0.0066666666666666,0.0,0.138,0.0773333333333333,14.24,monitoring,0,14.273333333333333
1603001,1603,16,gmina opolskie-zachodni-03-01,20102,31.87,2685,6.6,,0.0,,0.0,0.841,-14.3,0.0,0.0,0.159,0.088,13.98,monitoring,0,13.98
419007,419,4,gmina kujawsko-pomorskie-południowy-19-07,28055,31.57,3345,7.6,,0.0,,0.0,0.841,-13.9,0.0,0.0,0.159,0.1013333333333333,13.93,monitoring,0,13.93
229002,229,2,gmina dolnośląskie-miejski-29-02,8919,32.39,1126,5.0,,0.0,,0.0,0.878,-15.0,0.0,0.0,0.122,0.0666666666666666,13.74,monitoring,0,13.74
1001007,1001,10,gmina łódzkie-południowy-01-07,17758,30.34,2343,7.1,,0.0,,0.0,0.8240000000000001,-14.7,0.0,0.0,0.1759999999999999,0.0946666666666666,13.59,monitoring,0,13.59
3002006,3002,30,gmina wielkopolskie-wschodni-02-06,33558,31.03,3644,5.0,,0.0,,0.0,0.975,-15.7,0.0466666666666666,0.0,0.025,0.0666666666666666,13.19,monitoring,0,13.423333333333332
801005,801,8,gmina lubuskie-południowy-01-05,18041,29.92,2226,7.0,,0.0,,0.0,0.87,-14.9,0.0,0.0,0.13,0.0933333333333333,13.01,monitoring,0,13.01
402002,402,4,gmina kujawsko-pomorskie-wschodni-02-02,12628,26.49,1344,9.2,,0.0,,0.0,0.8170000000000001,-14.8,0.0,0.0,0.1829999999999999,0.1226666666666666,12.33,monitoring,0,12.33
