gmina_code,powiat_code,voivodeship_code,gmina_name,gmina_type,population,population_density,lat,lon,rurality_index
0201001,0201,02,gmina dolnośląskie-południowy-01-01,wiejska,17584,72.2,51.30459,16.44265,1
0201002,0201,02,gmina dolnośląskie-południowy-01-02,miejska,33232,472.8,51.22582,16.2279,0.08
0201003,0201,02,gmina dolnośląskie-południowy-01-03,miejsko-wiejska,3664,16.7,51.42327,16.57267,0.45
0201004,0201,02,gmina dolnośląskie-południowy-01-04,miejsko-wiejska,9492,49.5,51.21724,16.36451,0.45
0201005,0201,02,gmina dolnośląskie-południowy-01-05,wiejska,4113,27.5,51.22304,16.09353,1
0201006,0201,02,gmina dolnośląskie-południowy-01-06,wiejska,7849,88.9,51.4315,16.48897,1
0201007,0201,02,gmina dolnośląskie-południowy-01-07,wiejska,8160,18.9,51.2211,16.29149,1
0202001,0202,02,gmina dolnośląskie-wschodni-02-01,miejska,13751,225.3,51.29564,17.19225,0.08
0202002,0202,02,gmina dolnośląskie-wschodni-02-02,miejsko-wiejska,11125,53.3,51.17077,17.39523,0.45
0202003,0202,02,gmina dolnośląskie-wschodni-02-03,miejska,49877,895.1,51.50827,17.42431,0.08
0202004,0202,02,gmina dolnośląskie-wschodni-02-04,miejsko-wiejska,4798,26.3,51.42652,17.48558,0.45
0202005,0202,02,gmina dolnośląskie-wschodni-02-05,wiejska,18000,59.3,51.3693,17.19335,1
0202006,0202,02,gmina dolnośląskie-wschodni-02-06,miejska,22073,241.1,51.36092,17.31329,0.08
0202007,0202,02,gmina dolnośląskie-wschodni-02-07,miejsko-wiejska,9478,64.3,51.3098,17.47337,0.45
0203001,0203,02,gmina dolnośląskie-zachodni-03-01,wiejska,6315,18.1,50.39139,15.9787,1
0203002,0203,02,gmina dolnośląskie-zachodni-03-02,wiejska,6012,37.6,50.21916,15.8028,1
0203003,0203,02,gmina dolnośląskie-zachodni-03-03,miejsko-wiejska,2554,12,50.36232,16.16263,0.45
0203004,0203,02,gmina dolnośląskie-zachodni-03-04,wiejska,17202,46.8,50.40612,16.46486,1
0203005,0203,02,gmina dolnośląskie-zachodni-03-05,wiejska,4026,12,50.26826,16.02282,1
0203006,0203,02,gmina dolnośląskie-zachodni-03-06,miejska,21976,420.0,50.5791,16.12333,0.08
0203007,0203,02,gmina dolnośląskie-zachodni-03-07,wiejska,26400,115.2,50.56905,16.16701,1
0204001,0204,02,gmina dolnośląskie-centralny-04-01,wiejska,8788,42.5,51.53004,16.8793,1
0204002,0204,02,gmina dolnośląskie-centralny-04-02,miejsko-wiejska,5226,27.0,51.10516,16.63791,0.45
0204003,0204,02,gmina dolnośląskie-centralny-04-03,miejska,47255,637.1,51.18201,16.72859,0.08
0204004,0204,02,gmina dolnośląskie-centralny-04-04,wiejska,9983,28.6,50.91614,16.84605,1
0204005,0204,02,gmina dolnośląskie-centralny-04-05,miejsko-wiejska,4407,59.9,51.14157,16.74119,0.45
0204006,0204,02,gmina dolnośląskie-centralny-04-06,miejska,17501,336.4,50.98752,16.65282,0.08
0204007,0204,02,gmina dolnośląskie-centralny-04-07,miejska,18720,315.8,51.18204,16.54465,0.08
0205001,0205,02,gmina dolnośląskie-miejski-05-01,wiejska,12696,37.7,50.86659,16.07828,1
0205002,0205,02,gmina dolnośląskie-miejski-05-02,wiejska,8041,40.8,51.08121,16.42579,1
0205003,0205,02,gmina dolnośląskie-miejski-05-03,wiejska,9319,20.0,50.96029,16.21988,1
0205004,0205,02,gmina dolnośląskie-miejski-05-04,wiejska,4113,30.3,51.24301,16.35319,1
0205005,0205,02,gmina dolnośląskie-miejski-05-05,wiejska,1800,12,50.99366,16.33044,1
0205006,0205,02,gmina dolnośląskie-miejski-05-06,wiejska,6290,34.8,51.05621,16.61971,1
0205007,0205,02,gmina dolnośląskie-miejski-05-07,miejsko-wiejska,5328,23.6,51.15109,16.15441,0.45
0206001,0206,02,gmina dolnośląskie-północny-06-01,wiejska,10317,27.2,51.41648,17.61368,1
0206002,0206,02,gmina dolnośląskie-północny-06-02,wiejska,5509,42.7,51.40712,17.09793,1
0206003,0206,02,gmina dolnośląskie-północny-06-03,wiejska,8462,20.5,51.34396,17.39926,1
0206004,0206,02,gmina dolnośląskie-północny-06-04,wiejska,11435,64.4,51.55266,17.53614,1
0206005,0206,02,gmina dolnośląskie-północny-06-05,wiejska,19742,68.2,51.59778,16.98925,1
0206006,0206,02,gmina dolnośląskie-północny-06-06,wiejska,6653,14.8,51.44848,17.22493,1
0206007,0206,02,gmina dolnośląskie-północny-06-07,miejska,24269,274.2,51.4138,17.40227,0.08
0207001,0207,02,gmina dolnośląskie-południowy-07-01,miejsko-wiejska,7016,86.1,51.12581,17.60068,0.45
0207002,0207,02,gmina dolnośląskie-południowy-07-02,miejsko-wiejska,16688,60.1,51.16224,17.6261,0.45
0207003,0207,02,gmina dolnośląskie-południowy-07-03,miejska,13180,225.3,51.23792,17.67585,0.08
0207004,0207,02,gmina dolnośląskie-południowy-07-04,miejsko-wiejska,9239,72.9,51.18398,17.73604,0.45
0207005,0207,02,gmina dolnośląskie-południowy-07-05,miejska,32189,343.4,51.16539,16.99247,0.08
0207006,0207,02,gmina dolnośląskie-południowy-07-06,miejsko-wiejska,10274,45.2,50.91827,17.6013,0.45
0207007,0207,02,gmina dolnośląskie-południowy-07-07,wiejska,10895,50.6,51.03964,17.76668,1
0208001,0208,02,gmina dolnośląskie-wschodni-08-01,miejsko-wiejska,6002,30.2,51.27742,16.50084,0.45
0208002,0208,02,gmina dolnośląskie-wschodni-08-02,miejsko-wiejska,22080,81.6,51.15737,16.40764,0.45
0208003,0208,02,gmina dolnośląskie-wschodni-08-03,miejsko-wiejska,7926,27.6,51.24695,16.2938,0.45
0208004,0208,02,gmina dolnośląskie-wschodni-08-04,miejsko-wiejska,14372,177.8,51.24371,16.40828,0.45
0208005,0208,02,gmina dolnośląskie-wschodni-08-05,wiejska,9305,21.0,51.15768,16.2399,1
0208006,0208,02,gmina dolnośląskie-wschodni-08-06,wiejska,16073,47.3,51.10763,16.50728,1
0208007,0208,02,gmina dolnośląskie-wschodni-08-07,wiejska,10799,50.0,51.30519,16.55979,1
0209001,0209,02,gmina dolnośląskie-zachodni-09-01,miejska,33932,1075.1,51.07162,16.4322,0.08
0209002,0209,02,gmina dolnośląskie-zachodni-09-02,wiejska,6716,19.8,51.3446,16.63888,1
0209003,0209,02,gmina dolnośląskie-zachodni-09-03,miejska,81839,682.7,51.22696,16.4361,0.08
0209004,0209,02,gmina dolnośląskie-zachodni-09-04,miejsko-wiejska,13035,76.0,51.25582,16.52089,0.45
0209005,0209,02,gmina dolnośląskie-zachodni-09-05,wiejska,7810,36.2,51.19039,16.48671,1
0209006,0209,02,gmina dolnośląskie-zachodni-09-06,wiejska,8118,69.0,51.32054,16.30514,1
0209007,0209,02,gmina dolnośląskie-zachodni-09-07,wiejska,12950,144.6,51.09195,16.63222,1
0210001,0210,02,gmina dolnośląskie-centralny-10-01,wiejska,5940,14.2,51.3084,16.68875,1
0210002,0210,02,gmina dolnośląskie-centralny-10-02,wiejska,8369,44.2,51.39339,16.98409,1
0210003,0210,02,gmina dolnośląskie-centralny-10-03,wiejska,10003,22.9,51.48299,16.98344,1
0210004,0210,02,gmina dolnośląskie-centralny-10-04,miejsko-wiejska,2193,12,51.17218,16.87903,0.45
0210005,0210,02,gmina dolnośląskie-centralny-10-05,miejska,26826,400.4,51.57633,16.90904,0.08
0210006,0210,02,gmina dolnośląskie-centralny-10-06,miejsko-wiejska,5941,107.0,51.37046,16.87229,0.45
0210007,0210,02,gmina dolnośląskie-centralny-10-07,miejsko-wiejska,14934,95.7,51.53049,16.99447,0.45
0211001,0211,02,gmina dolnośląskie-miejski-11-01,miejsko-wiejska,4482,24.9,51.11358,16.54384,0.45
0211002,0211,02,gmina dolnośląskie-miejski-11-02,wiejska,5051,28.5,50.96523,16.62316,1
0211003,0211,02,gmina dolnośląskie-miejski-11-03,wiejska,4480,12,50.88074,16.48876,1
0211004,0211,02,gmina dolnośląskie-miejski-11-04,miejsko-wiejska,8673,52.6,50.86447,16.79045,0.45
0211005,0211,02,gmina dolnośląskie-miejski-11-05,wiejska,8891,45.6,51.04395,16.60554,1
0211006,0211,02,gmina dolnośląskie-miejski-11-06,miejsko-wiejska,7366,72.0,50.97497,16.72929,0.45
0211007,0211,02,gmina dolnośląskie-miejski-11-07,wiejska,5434,64.1,50.90111,16.60739,1
0212001,0212,02,gmina dolnośląskie-północny-12-01,wiejska,19850,146.1,51.54094,16.61438,1
0212002,0212,02,gmina dolnośląskie-północny-12-02,miejsko-wiejska,7029,24.4,51.45502,16.85583,0.45
0212003,0212,02,gmina dolnośląskie-północny-12-03,miejsko-wiejska,18357,92.7,51.49418,17.07336,0.45
0212004,0212,02,gmina dolnośląskie-północny-12-04,wiejska,9425,69.4,51.61648,16.82615,1
0212005,0212,02,gmina dolnośląskie-północny-12-05,miejsko-wiejska,8677,41.6,51.3968,16.53716,0.45
0212006,0212,02,gmina dolnośląskie-północny-12-06,wiejska,12149,49.1,51.49304,16.81654,1
0212007,0212,02,gmina dolnośląskie-północny-12-07,wiejska,13264,39.4,51.48584,17.03574,1
0213001,0213,02,gmina dolnośląskie-południowy-13-01,miejsko-wiejska,21570,96.3,51.05408,16.92988,0.45
0213002,0213,02,gmina dolnośląskie-południowy-13-02,miejsko-wiejska,16328,107.8,51.00904,16.79987,0.45
0213003,0213,02,gmina dolnośląskie-południowy-13-03,wiejska,4103,12,50.77454,16.5633,1
0213004,0213,02,gmina dolnośląskie-południowy-13-04,wiejska,18182,87.6,51.11573,16.65743,1
0213005,0213,02,gmina dolnośląskie-południowy-13-05,miejska,13168,94.5,50.94948,16.72055,0.08
0213006,0213,02,gmina dolnośląskie-południowy-13-06,miejska,54332,1184.0,50.97948,16.52838,0.08
0213007,0213,02,gmina dolnośląskie-południowy-13-07,miejska,35567,1340.3,50.84726,16.66388,0.08
0214001,0214,02,gmina dolnośląskie-wschodni-14-01,wiejska,7228,21.5,51.51484,17.08327,1
0214002,0214,02,gmina dolnośląskie-wschodni-14-02,wiejska,6965,16.7,51.19498,17.05364,1
0214003,0214,02,gmina dolnośląskie-wschodni-14-03,miejsko-wiejska,5296,73.4,51.28249,17.33291,0.45
0214004,0214,02,gmina dolnośląskie-wschodni-14-04,miejska,27952,229.8,51.29162,17.10167,0.08
0214005,0214,02,gmina dolnośląskie-wschodni-14-05,miejsko-wiejska,23521,170.6,51.06209,17.00322,0.45
0214006,0214,02,gmina dolnośląskie-wschodni-14-06,wiejska,8176,63.7,51.35905,17.03183,1
0214007,0214,02,gmina dolnośląskie-wschodni-14-07,wiejska,15241,37.8,51.32437,17.27427,1
0215001,0215,02,gmina dolnośląskie-zachodni-15-01,wiejska,9595,28.4,51.34058,17.15686,1
0215002,0215,02,gmina dolnośląskie-zachodni-15-02,wiejska,8109,17.5,50.96274,16.88177,1
0215003,0215,02,gmina dolnośląskie-zachodni-15-03,miejska,12887,117.7,51.22629,16.86563,0.08
0215004,0215,02,gmina dolnośląskie-zachodni-15-04,wiejska,4399,14.8,51.55173,17.46126,1
0215005,0215,02,gmina dolnośląskie-zachodni-15-05,wiejska,6277,62.1,51.11894,16.79349,1
0215006,0215,02,gmina dolnośląskie-zachodni-15-06,wiejska,7536,30.7,51.24666,16.84891,1
0215007,0215,02,gmina dolnośląskie-zachodni-15-07,miejsko-wiejska,5052,35.6,51.30079,17.21209,0.45
0216001,0216,02,gmina dolnośląskie-centralny-16-01,wiejska,3573,12,51.8178,16.79038,1
0216002,0216,02,gmina dolnośląskie-centralny-16-02,miejska,26726,501.3,51.87589,16.74224,0.08
0216003,0216,02,gmina dolnośląskie-centralny-16-03,miejsko-wiejska,11849,45.1,52.09764,16.85782,0.45
0216004,0216,02,gmina dolnośląskie-centralny-16-04,wiejska,6911,65.8,52.14589,17.02936,1
0216005,0216,02,gmina dolnośląskie-centralny-16-05,wiejska,3784,12,52.09202,16.48598,1
0216006,0216,02,gmina dolnośląskie-centralny-16-06,wiejska,3568,14.4,51.96426,16.65804,1
0216007,0216,02,gmina dolnośląskie-centralny-16-07,miejsko-wiejska,5413,42.8,51.82835,16.51816,0.45
0217001,0217,02,gmina dolnośląskie-miejski-17-01,wiejska,33343,179.9,51.01176,16.36439,1
0217002,0217,02,gmina dolnośląskie-miejski-17-02,miejska,23973,166.4,50.58714,16.20438,0.08
0217003,0217,02,gmina dolnośląskie-miejski-17-03,wiejska,2637,12,50.76191,16.69091,1
0217004,0217,02,gmina dolnośląskie-miejski-17-04,wiejska,7882,19.6,50.95467,16.59328,1
0217005,0217,02,gmina dolnośląskie-miejski-17-05,miejsko-wiejska,4635,31.8,50.9928,16.34862,0.45
0217006,0217,02,gmina dolnośląskie-miejski-17-06,wiejska,11463,28.9,50.8394,16.25032,1
0217007,0217,02,gmina dolnośląskie-miejski-17-07,wiejska,3888,14.1,50.63117,16.46799,1
0218001,0218,02,gmina dolnośląskie-północny-18-01,miejska,32949,328.1,51.33726,17.62363,0.08
0218002,0218,02,gmina dolnośląskie-północny-18-02,wiejska,11887,97.3,51.48731,17.3407,1
0218003,0218,02,gmina dolnośląskie-północny-18-03,wiejska,23013,95.3,51.45945,17.53317,1
0218004,0218,02,gmina dolnośląskie-północny-18-04,wiejska,6275,14.1,51.31348,17.24024,1
0218005,0218,02,gmina dolnośląskie-północny-18-05,wiejska,14760,48.6,51.23844,17.57528,1
0218006,0218,02,gmina dolnośląskie-północny-18-06,miejska,17158,256.0,51.42701,17.51399,0.08
0218007,0218,02,gmina dolnośląskie-północny-18-07,miejsko-wiejska,23827,265.7,51.45399,17.53846,0.45
0219001,0219,02,gmina dolnośląskie-południowy-19-01,miejska,44063,451.3,51.05075,16.41712,0.08
0219002,0219,02,gmina dolnośląskie-południowy-19-02,wiejska,4825,12,51.13473,16.54475,1
0219003,0219,02,gmina dolnośląskie-południowy-19-03,wiejska,21013,46.5,51.01171,16.50506,1
0219004,0219,02,gmina dolnośląskie-południowy-19-04,wiejska,5504,65.8,50.98473,16.72952,1
0219005,0219,02,gmina dolnośląskie-południowy-19-05,miejsko-wiejska,10152,180.2,51.19993,16.0472,0.45
0219006,0219,02,gmina dolnośląskie-południowy-19-06,miejska,7717,90.4,51.06396,16.48299,0.08
0219007,0219,02,gmina dolnośląskie-południowy-19-07,wiejska,3560,12,51.29712,16.58627,1
0220001,0220,02,gmina dolnośląskie-wschodni-20-01,wiejska,9002,62.3,50.73935,16.87457,1
0220002,0220,02,gmina dolnośląskie-wschodni-20-02,miejska,31562,212.4,50.59763,17.13877,0.08
0220003,0220,02,gmina dolnośląskie-wschodni-20-03,wiejska,3953,12.6,50.79312,16.88264,1
0220004,0220,02,gmina dolnośląskie-wschodni-20-04,miejska,39373,450.5,50.75657,16.8113,0.08
0220005,0220,02,gmina dolnośląskie-wschodni-20-05,wiejska,4368,17.6,50.45334,17.19528,1
0220006,0220,02,gmina dolnośląskie-wschodni-20-06,wiejska,3898,12,50.70569,17.33054,1
0220007,0220,02,gmina dolnośląskie-wschodni-20-07,miejska,38199,278.7,50.76235,17.32552,0.08
0221001,0221,02,gmina dolnośląskie-zachodni-21-01,wiejska,3226,12,51.29118,17.09779,1
0221002,0221,02,gmina dolnośląskie-zachodni-21-02,wiejska,7992,24.7,51.40989,17.37287,1
0221003,0221,02,gmina dolnośląskie-zachodni-21-03,miejsko-wiejska,9716,96.0,51.36758,17.3323,0.45
0221004,0221,02,gmina dolnośląskie-zachodni-21-04,wiejska,2529,21.1,51.48763,17.24735,1
0221005,0221,02,gmina dolnośląskie-zachodni-21-05,miejsko-wiejska,10461,37.0,51.43867,17.31715,0.45
0221006,0221,02,gmina dolnośląskie-zachodni-21-06,miejsko-wiejska,43506,215.9,51.28669,17.27573,0.45
0221007,0221,02,gmina dolnośląskie-zachodni-21-07,wiejska,10637,36.6,51.25855,17.6145,1
0222001,0222,02,gmina dolnośląskie-centralny-22-01,wiejska,9923,27.7,50.95702,17.00804,1
0222002,0222,02,gmina dolnośląskie-centralny-22-02,miejsko-wiejska,6927,25.3,50.69208,17.09116,0.45
0222003,0222,02,gmina dolnośląskie-centralny-22-03,miejsko-wiejska,26530,304.2,50.80196,16.93641,0.45
0222004,0222,02,gmina dolnośląskie-centralny-22-04,wiejska,6282,26.5,50.80177,17.19263,1
0222005,0222,02,gmina dolnośląskie-centralny-22-05,wiejska,2766,13.6,50.80155,17.09554,1
0222006,0222,02,gmina dolnośląskie-centralny-22-06,miejsko-wiejska,4028,55.5,50.99659,17.20042,0.45
0222007,0222,02,gmina dolnośląskie-centralny-22-07,wiejska,3167,12,50.89569,16.73874,1
0223001,0223,02,gmina dolnośląskie-miejski-23-01,miejska,26500,208.5,51.21107,17.05219,0.08
0223002,0223,02,gmina dolnośląskie-miejski-23-02,miejsko-wiejska,9706,34.4,51.29146,16.50421,0.45
0223003,0223,02,gmina dolnośląskie-miejski-23-03,miejsko-wiejska,6655,46.8,50.93409,17.03723,0.45
0223004,0223,02,gmina dolnośląskie-miejski-23-04,wiejska,17574,156.8,51.18471,16.85543,1
0223005,0223,02,gmina dolnośląskie-miejski-23-05,miejsko-wiejska,5342,27.2,51.07923,17.10348,0.45
0223006,0223,02,gmina dolnośląskie-miejski-23-06,miejsko-wiejska,2539,12,51.21666,16.98743,0.45
0223007,0223,02,gmina dolnośląskie-miejski-23-07,miejska,38439,256.2,51.28624,16.96196,0.08
0224001,0224,02,gmina dolnośląskie-północny-24-01,wiejska,7140,67.0,51.36146,17.14802,1
0224002,0224,02,gmina dolnośląskie-północny-24-02,miejsko-wiejska,9496,53.2,51.43008,17.11536,0.45
0224003,0224,02,gmina dolnośląskie-północny-24-03,wiejska,6249,19.3,51.24299,17.24995,1
0224004,0224,02,gmina dolnośląskie-północny-24-04,wiejska,18922,161.4,51.69865,17.20217,1
0224005,0224,02,gmina dolnośląskie-północny-24-05,miejska,49124,661.0,51.40507,16.98529,0.08
0224006,0224,02,gmina dolnośląskie-północny-24-06,miejsko-wiejska,10322,81.5,51.4529,16.85892,0.45
0224007,0224,02,gmina dolnośląskie-północny-24-07,wiejska,13509,78.9,51.5097,17.15717,1
0225001,0225,02,gmina dolnośląskie-południowy-25-01,miejsko-wiejska,6850,72.2,51.25381,16.64279,0.45
0225002,0225,02,gmina dolnośląskie-południowy-25-02,miejska,31160,343.4,51.30519,16.40516,0.08
0225003,0225,02,gmina dolnośląskie-południowy-25-03,wiejska,3739,13.9,51.27823,17.00208,1
0225004,0225,02,gmina dolnośląskie-południowy-25-04,wiejska,3421,20.0,51.34071,16.98938,1
0225005,0225,02,gmina dolnośląskie-południowy-25-05,wiejska,34268,129.2,51.3212,16.83039,1
0225006,0225,02,gmina dolnośląskie-południowy-25-06,wiejska,6622,16.4,51.34536,16.86603,1
0225007,0225,02,gmina dolnośląskie-południowy-25-07,wiejska,20123,60.8,51.63394,16.9535,1
0226001,0226,02,gmina dolnośląskie-wschodni-26-01,miejsko-wiejska,24511,117.7,51.32543,17.11678,0.45
0226002,0226,02,gmina dolnośląskie-wschodni-26-02,miejska,15845,197.5,51.3285,17.25446,0.08
0226003,0226,02,gmina dolnośląskie-wschodni-26-03,miejsko-wiejska,3649,22.8,51.03861,16.92904,0.45
0226004,0226,02,gmina dolnośląskie-wschodni-26-04,miejsko-wiejska,8672,89.0,51.20826,16.84034,0.45
0226005,0226,02,gmina dolnośląskie-wschodni-26-05,wiejska,7199,38.2,51.46139,16.98493,1
0226006,0226,02,gmina dolnośląskie-wschodni-26-06,wiejska,6359,40.0,51.26387,17.34861,1
0226007,0226,02,gmina dolnośląskie-wschodni-26-07,wiejska,8699,22.9,51.30318,17.1015,1
0227001,0227,02,gmina dolnośląskie-zachodni-27-01,wiejska,13966,52.0,50.58568,16.75635,1
0227002,0227,02,gmina dolnośląskie-zachodni-27-02,miejska,18359,431.3,50.47158,16.53127,0.08
0227003,0227,02,gmina dolnośląskie-zachodni-27-03,miejsko-wiejska,6507,39.5,50.58502,16.51716,0.45
0227004,0227,02,gmina dolnośląskie-zachodni-27-04,miejsko-wiejska,12599,80.2,50.47832,16.61175,0.45
0227005,0227,02,gmina dolnośląskie-zachodni-27-05,wiejska,18427,122.2,50.52087,16.81395,1
0227006,0227,02,gmina dolnośląskie-zachodni-27-06,miejsko-wiejska,2194,12,50.78598,16.748,0.45
0227007,0227,02,gmina dolnośląskie-zachodni-27-07,miejsko-wiejska,8451,54.6,50.65375,16.36464,0.45
0228001,0228,02,gmina dolnośląskie-centralny-28-01,wiejska,2855,12,50.83547,16.78478,1
0228002,0228,02,gmina dolnośląskie-centralny-28-02,miejsko-wiejska,6664,25.9,50.7691,16.05368,0.45
0228003,0228,02,gmina dolnośląskie-centralny-28-03,miejsko-wiejska,7008,26.2,50.87032,16.74282,0.45
0228004,0228,02,gmina dolnośląskie-centralny-28-04,miejsko-wiejska,17035,316.8,50.6651,16.65973,0.45
0228005,0228,02,gmina dolnośląskie-centralny-28-05,wiejska,11433,37.6,51.03904,16.33895,1
0228006,0228,02,gmina dolnośląskie-centralny-28-06,wiejska,28153,165.8,51.01117,16.2449,1
0228007,0228,02,gmina dolnośląskie-centralny-28-07,wiejska,4551,12,50.88995,16.69981,1
0229001,0229,02,gmina dolnośląskie-miejski-29-01,wiejska,9385,50.3,51.15911,17.67962,1
0229002,0229,02,gmina dolnośląskie-miejski-29-02,miejska,8919,92.0,51.06159,17.79341,0.08
0229003,0229,02,gmina dolnośląskie-miejski-29-03,wiejska,3066,29.3,50.92564,17.65644,1
0229004,0229,02,gmina dolnośląskie-miejski-29-04,wiejska,3452,12,50.90802,17.8611,1
0229005,0229,02,gmina dolnośląskie-miejski-29-05,wiejska,13381,72.2,50.94841,17.74741,1
0229006,0229,02,gmina dolnośląskie-miejski-29-06,wiejska,4884,12.2,50.88262,17.60795,1
0229007,0229,02,gmina dolnośląskie-miejski-29-07,wiejska,3938,21.3,51.08302,17.43654,1
0230001,0230,02,gmina dolnośląskie-północny-30-01,miejska,27325,219.3,50.81196,17.43022,0.08
0230002,0230,02,gmina dolnośląskie-północny-30-02,wiejska,3290,19.9,50.77451,17.61773,1
0230003,0230,02,gmina dolnośląskie-północny-30-03,miejsko-wiejska,2053,34.7,50.91373,17.40501,0.45
0230004,0230,02,gmina dolnośląskie-północny-30-04,miejsko-wiejska,11397,159.9,50.75666,17.14079,0.45
0230005,0230,02,gmina dolnośląskie-północny-30-05,miejska,6288,124.9,50.65278,17.35055,0.08
0230006,0230,02,gmina dolnośląskie-północny-30-06,miejsko-wiejska,3430,13.4,50.75012,17.30123,0.45
0230007,0230,02,gmina dolnośląskie-północny-30-07,wiejska,10242,42.2,50.80948,17.4755,1
0401001,0401,04,gmina kujawsko-pomorskie-południowy-01-01,miejsko-wiejska,21551,96.1,52.35392,18.51969,0.45
0401002,0401,04,gmina kujawsko-pomorskie-południowy-01-02,wiejska,17747,110.8,52.32303,18.56027,1
0401003,0401,04,gmina kujawsko-pomorskie-południowy-01-03,wiejska,11103,28.3,52.33439,18.24673,1
0401004,0401,04,gmina kujawsko-pomorskie-południowy-01-04,miejsko-wiejska,9688,83.9,52.3554,18.32996,0.45
0401005,0401,04,gmina kujawsko-pomorskie-południowy-01-05,wiejska,5321,22.3,52.71022,17.99595,1
0401006,0401,04,gmina kujawsko-pomorskie-południowy-01-06,wiejska,9905,103.7,52.4298,18.32419,1
0401007,0401,04,gmina kujawsko-pomorskie-południowy-01-07,wiejska,12995,79.1,52.3836,18.51958,1
0402001,0402,04,gmina kujawsko-pomorskie-wschodni-02-01,wiejska,1894,12,53.10686,19.01643,1
0402002,0402,04,gmina kujawsko-pomorskie-wschodni-02-02,miejska,12628,120.6,53.07936,18.81935,0.08
0402003,0402,04,gmina kujawsko-pomorskie-wschodni-02-03,miejsko-wiejska,9657,35.2,52.85002,18.99771,0.45
0402004,0402,04,gmina kujawsko-pomorskie-wschodni-02-04,wiejska,8144,28.3,52.88532,18.91297,1
0402005,0402,04,gmina kujawsko-pomorskie-wschodni-02-05,wiejska,1813,14.2,52.8828,18.83204,1
0402006,0402,04,gmina kujawsko-pomorskie-wschodni-02-06,wiejska,7525,24.3,53.04041,18.69748,1
0402007,0402,04,gmina kujawsko-pomorskie-wschodni-02-07,wiejska,5918,33.2,53.12621,18.75301,1
0403001,0403,04,gmina kujawsko-pomorskie-zachodni-03-01,miejska,23234,461.8,53.31689,18.61957,0.08
0403002,0403,04,gmina kujawsko-pomorskie-zachodni-03-02,wiejska,12914,29.3,53.5567,18.73832,1
0403003,0403,04,gmina kujawsko-pomorskie-zachodni-03-03,wiejska,7603,28.5,53.41324,18.81102,1
0403004,0403,04,gmina kujawsko-pomorskie-zachodni-03-04,wiejska,9310,22.0,53.3041,18.81058,1
0403005,0403,04,gmina kujawsko-pomorskie-zachodni-03-05,miejska,25453,169.2,53.28648,19.01734,0.08
0403006,0403,04,gmina kujawsko-pomorskie-zachodni-03-06,wiejska,7037,33.0,53.38889,19.00195,1
0403007,0403,04,gmina kujawsko-pomorskie-zachodni-03-07,miejska,17152,580.2,53.09019,18.75177,0.08
0404001,0404,04,gmina kujawsko-pomorskie-centralny-04-01,miejsko-wiejska,5805,34.5,52.79074,18.36095,0.45
0404002,0404,04,gmina kujawsko-pomorskie-centralny-04-02,wiejska,5803,61.8,52.85051,18.40286,1
0404003,0404,04,gmina kujawsko-pomorskie-centralny-04-03,wiejska,5816,15.5,52.84885,17.99696,1
0404004,0404,04,gmina kujawsko-pomorskie-centralny-04-04,miejsko-wiejska,5826,57.4,52.91671,18.16187,0.45
0404005,0404,04,gmina kujawsko-pomorskie-centralny-04-05,miejska,117272,2107.2,52.89192,18.04268,0.08
0404006,0404,04,gmina kujawsko-pomorskie-centralny-04-06,wiejska,5967,18.1,52.58844,18.28834,1
0404007,0404,04,gmina kujawsko-pomorskie-centralny-04-07,miejsko-wiejska,26365,167.5,52.89866,18.4302,0.45
0405001,0405,04,gmina kujawsko-pomorskie-miejski-05-01,wiejska,7319,18.3,53.05294,18.51016,1
0405002,0405,04,gmina kujawsko-pomorskie-miejski-05-02,wiejska,7554,16.4,53.34122,18.28972,1
0405003,0405,04,gmina kujawsko-pomorskie-miejski-05-03,miejsko-wiejska,5839,64.6,53.16542,18.5833,0.45
0405004,0405,04,gmina kujawsko-pomorskie-miejski-05-04,wiejska,3406,31.1,53.55678,18.5977,1
0405005,0405,04,gmina kujawsko-pomorskie-miejski-05-05,wiejska,8608,21.2,53.26252,18.40797,1
0405006,0405,04,gmina kujawsko-pomorskie-miejski-05-06,wiejska,8293,19.4,53.32233,18.35619,1
0405007,0405,04,gmina kujawsko-pomorskie-miejski-05-07,miejsko-wiejska,3314,21.1,53.43578,18.14848,0.45
0406001,0406,04,gmina kujawsko-pomorskie-północny-06-01,wiejska,7204,18.3,52.5286,17.80674,1
0406002,0406,04,gmina kujawsko-pomorskie-północny-06-02,miejsko-wiejska,20251,80.6,52.35782,17.99751,0.45
0406003,0406,04,gmina kujawsko-pomorskie-północny-06-03,miejsko-wiejska,5012,73.1,52.5529,17.78818,0.45
0406004,0406,04,gmina kujawsko-pomorskie-północny-06-04,wiejska,14094,40.1,52.44097,17.75854,1
0406005,0406,04,gmina kujawsko-pomorskie-północny-06-05,miejsko-wiejska,5706,47.9,52.5907,18.18448,0.45
0406006,0406,04,gmina kujawsko-pomorskie-północny-06-06,miejsko-wiejska,33055,166.1,52.52369,17.66497,0.45
0406007,0406,04,gmina kujawsko-pomorskie-północny-06-07,wiejska,5003,14.3,52.38838,17.68735,1
0407001,0407,04,gmina kujawsko-pomorskie-południowy-07-01,miejska,24601,657.1,52.75167,18.60824,0.08
0407002,0407,04,gmina kujawsko-pomorskie-południowy-07-02,wiejska,46255,265.1,52.61329,18.69219,1
0407003,0407,04,gmina kujawsko-pomorskie-południowy-07-03,wiejska,8473,31.8,52.85534,18.97495,1
0407004,0407,04,gmina kujawsko-pomorskie-południowy-07-04,wiejska,9740,35.5,52.67589,18.57158,1
0407005,0407,04,gmina kujawsko-pomorskie-południowy-07-05,miejska,66613,1873.4,52.66206,18.33489,0.08
0407006,0407,04,gmina kujawsko-pomorskie-południowy-07-06,miejsko-wiejska,4404,26.2,52.79616,18.97309,0.45
0407007,0407,04,gmina kujawsko-pomorskie-południowy-07-07,miejsko-wiejska,3019,32.4,52.77247,18.47494,0.45
0408001,0408,04,gmina kujawsko-pomorskie-wschodni-08-01,wiejska,8063,32.2,53.01803,18.54638,1
0408002,0408,04,gmina kujawsko-pomorskie-wschodni-08-02,wiejska,6621,21.7,53.03635,18.77835,1
0408003,0408,04,gmina kujawsko-pomorskie-wschodni-08-03,wiejska,6156,18.8,53.10721,18.82497,1
0408004,0408,04,gmina kujawsko-pomorskie-wschodni-08-04,miejsko-wiejska,6285,27.2,52.82361,18.96564,0.45
0408005,0408,04,gmina kujawsko-pomorskie-wschodni-08-05,miejska,26893,220.3,53.16941,18.52826,0.08
0408006,0408,04,gmina kujawsko-pomorskie-wschodni-08-06,wiejska,2383,12.3,53.05327,18.9104,1
0408007,0408,04,gmina kujawsko-pomorskie-wschodni-08-07,wiejska,6084,12.9,53.16604,18.96689,1
0409001,0409,04,gmina kujawsko-pomorskie-zachodni-09-01,wiejska,6893,16.5,52.92995,18.80711,1
0409002,0409,04,gmina kujawsko-pomorskie-zachodni-09-02,wiejska,12083,29.7,52.9185,18.7421,1
0409003,0409,04,gmina kujawsko-pomorskie-zachodni-09-03,wiejska,21300,45.6,52.81047,18.72171,1
0409004,0409,04,gmina kujawsko-pomorskie-zachodni-09-04,miejska,27878,415.8,52.88739,18.69136,0.08
0409005,0409,04,gmina kujawsko-pomorskie-zachodni-09-05,wiejska,8557,25.9,52.8066,18.85329,1
0409006,0409,04,gmina kujawsko-pomorskie-zachodni-09-06,miejsko-wiejska,4635,35.9,52.83896,18.74541,0.45
0409007,0409,04,gmina kujawsko-pomorskie-zachodni-09-07,wiejska,3202,12.5,52.59311,18.59309,1
0410001,0410,04,gmina kujawsko-pomorskie-centralny-10-01,wiejska,4050,45.0,53.31709,18.21438,1
0410002,0410,04,gmina kujawsko-pomorskie-centralny-10-02,miejska,31051,506.9,53.31837,18.41538,0.08
0410003,0410,04,gmina kujawsko-pomorskie-centralny-10-03,miejska,17518,599.6,53.36297,18.40067,0.08
0410004,0410,04,gmina kujawsko-pomorskie-centralny-10-04,miejska,11314,136.8,53.10757,18.58411,0.08
0410005,0410,04,gmina kujawsko-pomorskie-centralny-10-05,wiejska,15289,35.5,53.25659,18.29223,1
0410006,0410,04,gmina kujawsko-pomorskie-centralny-10-06,miejsko-wiejska,12341,68.1,53.26599,18.48681,0.45
0410007,0410,04,gmina kujawsko-pomorskie-centralny-10-07,wiejska,5719,15.7,53.0944,18.13825,1
0411001,0411,04,gmina kujawsko-pomorskie-miejski-11-01,wiejska,2608,13.1,53.39064,18.3925,1
0411002,0411,04,gmina kujawsko-pomorskie-miejski-11-02,miejsko-wiejska,2956,48.5,53.34422,18.05371,0.45
0411003,0411,04,gmina kujawsko-pomorskie-miejski-11-03,wiejska,8629,34.0,53.20558,17.9445,1
0411004,0411,04,gmina kujawsko-pomorskie-miejski-11-04,miejsko-wiejska,9170,37.6,53.23871,18.32035,0.45
0411005,0411,04,gmina kujawsko-pomorskie-miejski-11-05,wiejska,4986,15.7,52.91485,18.08799,1
0411006,0411,04,gmina kujawsko-pomorskie-miejski-11-06,wiejska,5650,21.8,53.22793,18.05495,1
0411007,0411,04,gmina kujawsko-pomorskie-miejski-11-07,wiejska,4159,12,53.30213,18.24447,1
0412001,0412,04,gmina kujawsko-pomorskie-północny-12-01,miejska,24819,173.0,52.72273,18.29587,0.08
0412002,0412,04,gmina kujawsko-pomorskie-północny-12-02,miejsko-wiejska,8878,31.5,52.9143,18.14956,0.45
0412003,0412,04,gmina kujawsko-pomorskie-północny-12-03,miejsko-wiejska,11115,161.9,52.51198,18.5043,0.45
0412004,0412,04,gmina kujawsko-pomorskie-północny-12-04,miejska,4066,51.3,52.98508,18.23293,0.08
0412005,0412,04,gmina kujawsko-pomorskie-północny-12-05,wiejska,3264,29.4,52.98527,17.94417,1
0412006,0412,04,gmina kujawsko-pomorskie-północny-12-06,wiejska,16317,58.0,52.71895,18.18508,1
0412007,0412,04,gmina kujawsko-pomorskie-północny-12-07,miejsko-wiejska,4312,31.2,52.94993,17.98059,0.45
0413001,0413,04,gmina kujawsko-pomorskie-południowy-13-01,wiejska,6309,14.0,52.7008,18.52481,1
0413002,0413,04,gmina kujawsko-pomorskie-południowy-13-02,wiejska,21908,95.4,52.40615,18.64592,1
0413003,0413,04,gmina kujawsko-pomorskie-południowy-13-03,miejsko-wiejska,4929,18.2,52.55696,18.54681,0.45
0413004,0413,04,gmina kujawsko-pomorskie-południowy-13-04,miejska,6961,152.9,52.32924,18.63244,0.08
0413005,0413,04,gmina kujawsko-pomorskie-południowy-13-05,miejska,15311,431.5,52.7857,18.77798,0.08
0413006,0413,04,gmina kujawsko-pomorskie-południowy-13-06,wiejska,9434,44.3,52.4671,18.80658,1
0413007,0413,04,gmina kujawsko-pomorskie-południowy-13-07,wiejska,4293,16.7,52.40126,18.71628,1
0414001,0414,04,gmina kujawsko-pomorskie-wschodni-14-01,wiejska,5634,13.2,52.74477,18.45811,1
0414002,0414,04,gmina kujawsko-pomorskie-wschodni-14-02,wiejska,6999,20.0,52.87984,18.54978,1
0414003,0414,04,gmina kujawsko-pomorskie-wschodni-14-03,wiejska,7669,30.2,52.91722,18.46442,1
0414004,0414,04,gmina kujawsko-pomorskie-wschodni-14-04,miejska,22244,728.8,53.02522,18.26561,0.08
0414005,0414,04,gmina kujawsko-pomorskie-wschodni-14-05,miejska,43360,1078.2,52.8477,18.79038,0.08
0414006,0414,04,gmina kujawsko-pomorskie-wschodni-14-06,miejsko-wiejska,10970,76.1,52.75438,18.51246,0.45
0414007,0414,04,gmina kujawsko-pomorskie-wschodni-14-07,wiejska,6930,22.1,52.78684,18.54258,1
0415001,0415,04,gmina kujawsko-pomorskie-zachodni-15-01,wiejska,5035,20.4,53.01945,18.81592,1
0415002,0415,04,gmina kujawsko-pomorskie-zachodni-15-02,wiejska,11362,125.5,53.2985,18.76141,1
0415003,0415,04,gmina kujawsko-pomorskie-zachodni-15-03,wiejska,10332,26.5,53.1717,18.65004,1
0415004,0415,04,gmina kujawsko-pomorskie-zachodni-15-04,miejsko-wiejska,31977,531.9,53.10277,18.82371,0.45
0415005,0415,04,gmina kujawsko-pomorskie-zachodni-15-05,miejsko-wiejska,9472,72.7,53.3174,18.72863,0.45
0415006,0415,04,gmina kujawsko-pomorskie-zachodni-15-06,miejska,13510,101.5,53.25776,18.51797,0.08
0415007,0415,04,gmina kujawsko-pomorskie-zachodni-15-07,wiejska,24388,91.2,53.18146,19.03183,1
0416001,0416,04,gmina kujawsko-pomorskie-centralny-16-01,wiejska,8944,32.1,53.17361,18.55056,1
0416002,0416,04,gmina kujawsko-pomorskie-centralny-16-02,miejsko-wiejska,10888,64.0,53.15805,18.46922,0.45
0416003,0416,04,gmina kujawsko-pomorskie-centralny-16-03,wiejska,7759,18.6,53.07623,18.54756,1
0416004,0416,04,gmina kujawsko-pomorskie-centralny-16-04,miejska,5360,70.7,53.19548,18.68131,0.08
0416005,0416,04,gmina kujawsko-pomorskie-centralny-16-05,wiejska,5967,29.9,53.20522,18.4663,1
0416006,0416,04,gmina kujawsko-pomorskie-centralny-16-06,wiejska,12795,36.8,53.37244,18.26696,1
0416007,0416,04,gmina kujawsko-pomorskie-centralny-16-07,wiejska,9726,44.1,53.33205,18.79079,1
0417001,0417,04,gmina kujawsko-pomorskie-miejski-17-01,wiejska,5047,22.6,52.71983,18.57503,1
0417002,0417,04,gmina kujawsko-pomorskie-miejski-17-02,wiejska,11033,25.4,52.7044,18.59419,1
0417003,0417,04,gmina kujawsko-pomorskie-miejski-17-03,miejska,12590,298.7,53.18204,18.52211,0.08
0417004,0417,04,gmina kujawsko-pomorskie-miejski-17-04,wiejska,11632,26.0,52.62192,18.34766,1
0417005,0417,04,gmina kujawsko-pomorskie-miejski-17-05,miejsko-wiejska,4115,14.3,53.04583,18.50527,0.45
0417006,0417,04,gmina kujawsko-pomorskie-miejski-17-06,wiejska,10253,35.3,52.81841,18.62977,1
0417007,0417,04,gmina kujawsko-pomorskie-miejski-17-07,wiejska,7942,17.9,52.81563,18.39456,1
0418001,0418,04,gmina kujawsko-pomorskie-północny-18-01,wiejska,3387,19.3,52.32742,17.71426,1
0418002,0418,04,gmina kujawsko-pomorskie-północny-18-02,wiejska,3650,15.9,52.36526,17.31601,1
0418003,0418,04,gmina kujawsko-pomorskie-północny-18-03,miejsko-wiejska,4594,64.3,52.40526,17.49643,0.45
0418004,0418,04,gmina kujawsko-pomorskie-północny-18-04,wiejska,8939,19.1,52.45206,17.68694,1
0418005,0418,04,gmina kujawsko-pomorskie-północny-18-05,miejska,20127,303.8,52.41495,17.73921,0.08
0418006,0418,04,gmina kujawsko-pomorskie-północny-18-06,wiejska,11970,27.7,52.45706,17.72112,1
0418007,0418,04,gmina kujawsko-pomorskie-północny-18-07,wiejska,13180,65.1,52.26227,17.37862,1
0419001,0419,04,gmina kujawsko-pomorskie-południowy-19-01,miejsko-wiejska,21098,90.2,52.29163,17.82302,0.45
0419002,0419,04,gmina kujawsko-pomorskie-południowy-19-02,wiejska,13076,34.2,52.43592,18.20367,1
0419003,0419,04,gmina kujawsko-pomorskie-południowy-19-03,wiejska,4233,35.3,52.52274,18.02179,1
0419004,0419,04,gmina kujawsko-pomorskie-południowy-19-04,miejsko-wiejska,11022,70.2,52.5212,18.0396,0.45
0419005,0419,04,gmina kujawsko-pomorskie-południowy-19-05,wiejska,6900,16.2,52.51027,17.99023,1
0419006,0419,04,gmina kujawsko-pomorskie-południowy-19-06,miejsko-wiejska,13081,101.9,52.50268,17.80587,0.45
0419007,0419,04,gmina kujawsko-pomorskie-południowy-19-07,miejska,28055,311.6,52.52055,18.34868,0.08
0420001,0420,04,gmina kujawsko-pomorskie-wschodni-20-01,miejsko-wiejska,5856,39.4,53.28013,18.01963,0.45
0420002,0420,04,gmina kujawsko-pomorskie-wschodni-20-02,miejsko-wiejska,34525,145.4,53.1908,17.8582,0.45
0420003,0420,04,gmina kujawsko-pomorskie-wschodni-20-03,wiejska,6516,22.7,53.25347,18.05943,1
0420004,0420,04,gmina kujawsko-pomorskie-wschodni-20-04,wiejska,17688,95.7,53.11205,18.48871,1
0420005,0420,04,gmina kujawsko-pomorskie-wschodni-20-05,miejsko-wiejska,10346,46.6,53.0686,17.83231,0.45
0420006,0420,04,gmina kujawsko-pomorskie-wschodni-20-06,wiejska,14482,133.8,53.16719,17.99056,1
0420007,0420,04,gmina kujawsko-pomorskie-wschodni-20-07,miejsko-wiejska,12753,162.8,53.02284,18.04236,0.45
0421001,0421,04,gmina kujawsko-pomorskie-zachodni-21-01,wiejska,11761,56.5,52.75917,19.33653,1
0421002,0421,04,gmina kujawsko-pomorskie-zachodni-21-02,wiejska,5109,35.7,52.74303,19.44879,1
0421003,0421,04,gmina kujawsko-pomorskie-zachodni-21-03,wiejska,12000,27.1,53.00597,19.72086,1
0421004,0421,04,gmina kujawsko-pomorskie-zachodni-21-04,miejska,9323,63.7,52.78236,19.06143,0.08
0421005,0421,04,gmina kujawsko-pomorskie-zachodni-21-05,wiejska,4154,17.0,52.71031,19.27489,1
0421006,0421,04,gmina kujawsko-pomorskie-zachodni-21-06,miejska,27779,240.2,52.91723,19.32312,0.08
0421007,0421,04,gmina kujawsko-pomorskie-zachodni-21-07,wiejska,6428,30.0,52.88443,18.87933,1
0422001,0422,04,gmina kujawsko-pomorskie-centralny-22-01,miejsko-wiejska,4352,19.0,52.8667,18.88371,0.45
0422002,0422,04,gmina kujawsko-pomorskie-centralny-22-02,miejska,20122,275.4,52.9305,19.03633,0.08
0422003,0422,04,gmina kujawsko-pomorskie-centralny-22-03,miejsko-wiejska,4549,32.9,52.86904,18.93677,0.45
0422004,0422,04,gmina kujawsko-pomorskie-centralny-22-04,wiejska,2563,13.9,52.86631,18.8669,1
0422005,0422,04,gmina kujawsko-pomorskie-centralny-22-05,miejsko-wiejska,4893,27.6,52.8434,18.92197,0.45
0422006,0422,04,gmina kujawsko-pomorskie-centralny-22-06,wiejska,11789,25.7,52.8293,18.82352,1
0422007,0422,04,gmina kujawsko-pomorskie-centralny-22-07,wiejska,10629,101.4,52.81252,19.0479,1
0423001,0423,04,gmina kujawsko-pomorskie-miejski-23-01,miejsko-wiejska,14873,93.2,52.85863,18.23106,0.45
0423002,0423,04,gmina kujawsko-pomorskie-miejski-23-02,wiejska,8173,21.8,52.63346,18.27014,1
0423003,0423,04,gmina kujawsko-pomorskie-miejski-23-03,miejsko-wiejska,3225,16.1,52.55303,18.40249,0.45
0423004,0423,04,gmina kujawsko-pomorskie-miejski-23-04,wiejska,4952,12,52.67335,18.41418,1
0423005,0423,04,gmina kujawsko-pomorskie-miejski-23-05,miejska,38528,284.8,52.6785,18.47432,0.08
0423006,0423,04,gmina kujawsko-pomorskie-miejski-23-06,wiejska,4154,19.4,52.83517,18.22078,1
0423007,0423,04,gmina kujawsko-pomorskie-miejski-23-07,wiejska,4241,12,52.63441,18.22456,1
0601001,0601,06,gmina lubelskie-południowy-01-01,wiejska,6707,14.5,50.74227,22.16267,1
0601002,0601,06,gmina lubelskie-południowy-01-02,wiejska,14536,73.1,50.76453,22.12874,1
0601003,0601,06,gmina lubelskie-południowy-01-03,wiejska,5106,61.0,50.97887,22.22695,1
0601004,0601,06,gmina lubelskie-południowy-01-04,miejsko-wiejska,7689,47.3,50.55324,22.59961,0.45
0601005,0601,06,gmina lubelskie-południowy-01-05,miejska,12924,139.8,50.86859,22.60876,0.08
0601006,0601,06,gmina lubelskie-południowy-01-06,wiejska,11402,24.2,50.74482,22.43841,1
0601007,0601,06,gmina lubelskie-południowy-01-07,miejsko-wiejska,7180,53.5,50.93371,22.52305,0.45
0602001,0602,06,gmina lubelskie-wschodni-02-01,miejsko-wiejska,7095,42.1,51.46466,21.72492,0.45
0602002,0602,06,gmina lubelskie-wschodni-02-02,wiejska,4121,17.2,51.62833,21.67281,1
0602003,0602,06,gmina lubelskie-wschodni-02-03,wiejska,1800,12,51.74566,21.55159,1
0602004,0602,06,gmina lubelskie-wschodni-02-04,miejsko-wiejska,2368,12.6,51.52092,21.84886,0.45
0602005,0602,06,gmina lubelskie-wschodni-02-05,miejsko-wiejska,9621,63.2,51.56288,21.77552,0.45
0602006,0602,06,gmina lubelskie-wschodni-02-06,miejsko-wiejska,33256,179.2,51.32968,21.73037,0.45
0602007,0602,06,gmina lubelskie-wschodni-02-07,miejsko-wiejska,16444,73.4,51.46813,21.85966,0.45
0603001,0603,06,gmina lubelskie-zachodni-03-01,miejsko-wiejska,14403,56.3,51.27508,22.63942,0.45
0603002,0603,06,gmina lubelskie-zachodni-03-02,miejska,22252,662.5,51.25828,22.23347,0.08
0603003,0603,06,gmina lubelskie-zachodni-03-03,miejsko-wiejska,6188,40.8,51.30589,23.07912,0.45
0603004,0603,06,gmina lubelskie-zachodni-03-04,wiejska,8170,17.4,51.39645,22.8795,1
0603005,0603,06,gmina lubelskie-zachodni-03-05,wiejska,9634,35.9,51.37179,22.82005,1
0603006,0603,06,gmina lubelskie-zachodni-03-06,wiejska,10169,55.0,51.41368,23.13294,1
0603007,0603,06,gmina lubelskie-zachodni-03-07,wiejska,6852,26.1,51.51601,22.936,1
0604001,0604,06,gmina lubelskie-centralny-04-01,miejsko-wiejska,8162,59.5,51.03622,21.40516,0.45
0604002,0604,06,gmina lubelskie-centralny-04-02,wiejska,20158,150.3,51.09418,21.64229,1
0604003,0604,06,gmina lubelskie-centralny-04-03,miejska,10274,225.7,50.97019,21.71619,0.08
0604004,0604,06,gmina lubelskie-centralny-04-04,miejsko-wiejska,8539,29.9,51.07436,21.99358,0.45
0604005,0604,06,gmina lubelskie-centralny-04-05,miejsko-wiejska,13673,71.4,50.95141,21.43481,0.45
0604006,0604,06,gmina lubelskie-centralny-04-06,wiejska,7208,22.9,50.85784,21.77292,1
0604007,0604,06,gmina lubelskie-centralny-04-07,wiejska,5276,40.5,51.06415,21.92195,1
0605001,0605,06,gmina lubelskie-miejski-05-01,wiejska,11913,31.7,51.25112,22.09545,1
0605002,0605,06,gmina lubelskie-miejski-05-02,wiejska,2088,12,51.26629,22.52645,1
0605003,0605,06,gmina lubelskie-miejski-05-03,miejsko-wiejska,21466,100.8,51.10765,22.24537,0.45
0605004,0605,06,gmina lubelskie-miejski-05-04,wiejska,10914,40.1,51.40502,22.51027,1
0605005,0605,06,gmina lubelskie-miejski-05-05,wiejska,6371,58.9,51.32208,22.11066,1
0605006,0605,06,gmina lubelskie-miejski-05-06,wiejska,6989,18.3,51.41856,22.24493,1
0605007,0605,06,gmina lubelskie-miejski-05-07,miejska,5929,168.7,51.14353,22.31645,0.08
0606001,0606,06,gmina lubelskie-północny-06-01,miejska,25495,194.3,51.38326,22.3361,0.08
0606002,0606,06,gmina lubelskie-północny-06-02,wiejska,5880,16.6,51.21473,22.32243,1
0606003,0606,06,gmina lubelskie-północny-06-03,wiejska,12264,48.5,51.28302,22.25907,1
0606004,0606,06,gmina lubelskie-północny-06-04,miejsko-wiejska,12552,127.6,51.32548,22.45228,0.45
0606005,0606,06,gmina lubelskie-północny-06-05,wiejska,3947,39.1,51.26642,22.49606,1
0606006,0606,06,gmina lubelskie-północny-06-06,wiejska,11672,34.5,51.40604,22.66263,1
0606007,0606,06,gmina lubelskie-północny-06-07,wiejska,5258,16.1,51.35754,22.45615,1
0607001,0607,06,gmina lubelskie-południowy-07-01,miejsko-wiejska,2917,25.3,51.76613,22.04135,0.45
0607002,0607,06,gmina lubelskie-południowy-07-02,miejsko-wiejska,5813,81.2,51.99776,22.16185,0.45
0607003,0607,06,gmina lubelskie-południowy-07-03,miejska,11007,83.9,51.97149,22.33425,0.08
0607004,0607,06,gmina lubelskie-południowy-07-04,miejsko-wiejska,5475,35.0,51.52943,22.13334,0.45
0607005,0607,06,gmina lubelskie-południowy-07-05,wiejska,6808,30.2,51.75639,22.48652,1
0607006,0607,06,gmina lubelskie-południowy-07-06,wiejska,16365,71.8,51.73946,22.46532,1
0607007,0607,06,gmina lubelskie-południowy-07-07,miejska,83255,2089.5,51.93199,22.28505,0.08
0608001,0608,06,gmina lubelskie-wschodni-08-01,miejsko-wiejska,8634,36.8,50.69611,22.52164,0.45
0608002,0608,06,gmina lubelskie-wschodni-08-02,wiejska,9617,94.5,50.7955,22.71122,1
0608003,0608,06,gmina lubelskie-wschodni-08-03,miejsko-wiejska,11546,63.5,50.89983,22.84608,0.45
0608004,0608,06,gmina lubelskie-wschodni-08-04,wiejska,40710,428.2,50.7561,22.83701,1
0608005,0608,06,gmina lubelskie-wschodni-08-05,wiejska,13464,70.8,50.76269,22.796,1
0608006,0608,06,gmina lubelskie-wschodni-08-06,miejsko-wiejska,4850,27.4,50.82182,22.87787,0.45
0608007,0608,06,gmina lubelskie-wschodni-08-07,wiejska,5569,43.3,50.58108,22.47191,1
0609001,0609,06,gmina lubelskie-zachodni-09-01,miejska,11918,265.4,51.14093,23.22105,0.08
0609002,0609,06,gmina lubelskie-zachodni-09-02,wiejska,5014,34.4,51.4423,23.4667,1
0609003,0609,06,gmina lubelskie-zachodni-09-03,wiejska,8184,18.7,51.23161,23.40654,1
0609004,0609,06,gmina lubelskie-zachodni-09-04,miejska,38645,294.3,51.28798,22.98186,0.08
0609005,0609,06,gmina lubelskie-zachodni-09-05,miejsko-wiejska,9239,43.0,51.24999,23.67452,0.45
0609006,0609,06,gmina lubelskie-zachodni-09-06,miejska,15578,124.3,51.2793,23.3295,0.08
0609007,0609,06,gmina lubelskie-zachodni-09-07,wiejska,7548,26.9,51.38536,23.59554,1
0610001,0610,06,gmina lubelskie-centralny-10-01,wiejska,8091,17.6,51.43313,22.93415,1
0610002,0610,06,gmina lubelskie-centralny-10-02,miejska,16773,176.2,51.78262,22.7743,0.08
0610003,0610,06,gmina lubelskie-centralny-10-03,miejsko-wiejska,2081,17.6,51.66517,22.89583,0.45
0610004,0610,06,gmina lubelskie-centralny-10-04,wiejska,9455,35.9,51.57547,23.01547,1
0610005,0610,06,gmina lubelskie-centralny-10-05,wiejska,14329,38.3,51.5604,22.95923,1
0610006,0610,06,gmina lubelskie-centralny-10-06,wiejska,6698,68.4,51.72215,22.8352,1
0610007,0610,06,gmina lubelskie-centralny-10-07,wiejska,13346,151.7,51.44696,22.79826,1
0611001,0611,06,gmina lubelskie-miejski-11-01,wiejska,19738,66.9,51.55068,21.90744,1
0611002,0611,06,gmina lubelskie-miejski-11-02,wiejska,24465,188.7,51.82128,21.9077,1
0611003,0611,06,gmina lubelskie-miejski-11-03,wiejska,2653,23.7,51.83795,21.93358,1
0611004,0611,06,gmina lubelskie-miejski-11-04,wiejska,6436,30.3,51.69102,22.15287,1
0611005,0611,06,gmina lubelskie-miejski-11-05,wiejska,11340,29.7,51.77352,21.91469,1
0611006,0611,06,gmina lubelskie-miejski-11-06,wiejska,15495,35.3,51.56143,22.05678,1
0611007,0611,06,gmina lubelskie-miejski-11-07,wiejska,11984,26.4,51.80499,21.88848,1
0612001,0612,06,gmina lubelskie-północny-12-01,wiejska,13203,35.1,50.89844,22.03424,1
0612002,0612,06,gmina lubelskie-północny-12-02,wiejska,28361,164.2,51.01686,21.78814,1
0612003,0612,06,gmina lubelskie-północny-12-03,wiejska,7577,18.8,50.70669,22.16041,1
0612004,0612,06,gmina lubelskie-północny-12-04,wiejska,6402,23.3,51.05764,22.34868,1
0612005,0612,06,gmina lubelskie-północny-12-05,wiejska,20411,47.0,50.96242,22.32945,1
0612006,0612,06,gmina lubelskie-północny-12-06,miejsko-wiejska,22996,84.4,50.84391,22.12662,0.45
0612007,0612,06,gmina lubelskie-północny-12-07,miejsko-wiejska,10641,80.7,51.01321,22.49952,0.45
0613001,0613,06,gmina lubelskie-południowy-13-01,wiejska,12049,43.7,51.07382,21.82964,1
0613002,0613,06,gmina lubelskie-południowy-13-02,wiejska,10263,41.2,50.93622,22.07075,1
0613003,0613,06,gmina lubelskie-południowy-13-03,wiejska,18974,119.1,51.16803,21.82717,1
0613004,0613,06,gmina lubelskie-południowy-13-04,wiejska,10003,23.9,51.17119,21.85771,1
0613005,0613,06,gmina lubelskie-południowy-13-05,miejsko-wiejska,19424,80.7,51.12677,21.69283,0.45
0613006,0613,06,gmina lubelskie-południowy-13-06,miejska,102576,1288.5,51.13743,21.55335,0.08
0613007,0613,06,gmina lubelskie-południowy-13-07,miejsko-wiejska,4865,17.9,51.0863,21.49834,0.45
0614001,0614,06,gmina lubelskie-wschodni-14-01,miejsko-wiejska,15424,148.4,51.61072,22.46197,0.45
0614002,0614,06,gmina lubelskie-wschodni-14-02,miejsko-wiejska,9199,84.6,51.33366,22.29907,0.45
0614003,0614,06,gmina lubelskie-wschodni-14-03,wiejska,7173,65.7,51.28165,22.17753,1
0614004,0614,06,gmina lubelskie-wschodni-14-04,miejska,44833,539.9,51.39429,22.14355,0.08
0614005,0614,06,gmina lubelskie-wschodni-14-05,miejsko-wiejska,5318,31.3,51.55301,22.33896,0.45
0614006,0614,06,gmina lubelskie-wschodni-14-06,wiejska,22642,105.2,51.35939,22.7545,1
0614007,0614,06,gmina lubelskie-wschodni-14-07,wiejska,9238,29.8,51.42274,22.72133,1
0615001,0615,06,gmina lubelskie-zachodni-15-01,miejska,66772,599.5,50.636,22.05766,0.08
0615002,0615,06,gmina lubelskie-zachodni-15-02,miejsko-wiejska,4396,31.2,50.64173,22.24667,0.45
0615003,0615,06,gmina lubelskie-zachodni-15-03,wiejska,17130,181.5,50.61542,22.161,1
0615004,0615,06,gmina lubelskie-zachodni-15-04,miejsko-wiejska,5637,31.8,50.63054,21.86694,0.45
0615005,0615,06,gmina lubelskie-zachodni-15-05,miejsko-wiejska,4477,27.7,50.62232,22.33669,0.45
0615006,0615,06,gmina lubelskie-zachodni-15-06,miejsko-wiejska,5893,28.9,50.92821,21.8511,0.45
0615007,0615,06,gmina lubelskie-zachodni-15-07,wiejska,2498,12,50.54187,22.0377,1
0616001,0616,06,gmina lubelskie-centralny-16-01,wiejska,5634,65.1,51.20508,23.02858,1
0616002,0616,06,gmina lubelskie-centralny-16-02,wiejska,10709,48.5,51.23513,22.99844,1
0616003,0616,06,gmina lubelskie-centralny-16-03,wiejska,3341,12,51.3334,22.98905,1
0616004,0616,06,gmina lubelskie-centralny-16-04,wiejska,6848,82.6,51.24045,23.18536,1
0616005,0616,06,gmina lubelskie-centralny-16-05,miejsko-wiejska,19738,171.7,51.37736,23.01784,0.45
0616006,0616,06,gmina lubelskie-centralny-16-06,miejska,33745,291.3,51.38018,22.74176,0.08
0616007,0616,06,gmina lubelskie-centralny-16-07,miejsko-wiejska,10737,117.0,51.29255,23.24018,0.45
0617001,0617,06,gmina lubelskie-miejski-17-01,wiejska,5282,32.5,51.9757,23.88645,1
0617002,0617,06,gmina lubelskie-miejski-17-02,wiejska,6983,41.1,51.72959,23.97231,1
0617003,0617,06,gmina lubelskie-miejski-17-03,wiejska,4273,12,51.91487,24.45446,1
0617004,0617,06,gmina lubelskie-miejski-17-04,miejsko-wiejska,14642,69.4,51.97624,24.2734,0.45
0617005,0617,06,gmina lubelskie-miejski-17-05,wiejska,4748,39.2,51.82531,24.35299,1
0617006,0617,06,gmina lubelskie-miejski-17-06,wiejska,16905,66.1,51.93761,24.27468,1
0617007,0617,06,gmina lubelskie-miejski-17-07,wiejska,1800,12.4,51.94516,24.19351,1
0618001,0618,06,gmina lubelskie-północny-18-01,miejsko-wiejska,12557,54.6,51.22066,22.0303,0.45
0618002,0618,06,gmina lubelskie-północny-18-02,miejsko-wiejska,8449,75.4,51.37691,22.24284,0.45
0618003,0618,06,gmina lubelskie-północny-18-03,miejsko-wiejska,4132,20.4,51.51227,21.74352,0.45
0618004,0618,06,gmina lubelskie-północny-18-04,miejska,30072,265.3,51.31299,21.89288,0.08
0618005,0618,06,gmina lubelskie-północny-18-05,miejsko-wiejska,7294,29.2,51.20575,21.84522,0.45
0618006,0618,06,gmina lubelskie-północny-18-06,wiejska,3614,12,51.302,22.05113,1
0618007,0618,06,gmina lubelskie-północny-18-07,miejsko-wiejska,6312,29.7,51.32926,22.49823,0.45
0619001,0619,06,gmina lubelskie-południowy-19-01,miejska,63772,1863.4,50.46753,22.59757,0.08
0619002,0619,06,gmina lubelskie-południowy-19-02,wiejska,2693,12.8,50.52903,22.93553,1
0619003,0619,06,gmina lubelskie-południowy-19-03,miejska,20104,625.2,50.47979,22.81771,0.08
0619004,0619,06,gmina lubelskie-południowy-19-04,wiejska,6348,21.1,50.40349,22.94146,1
0619005,0619,06,gmina lubelskie-południowy-19-05,miejska,12803,89.4,50.42961,22.88227,0.08
0619006,0619,06,gmina lubelskie-południowy-19-06,miejsko-wiejska,13913,50.0,50.19578,22.65121,0.45
0619007,0619,06,gmina lubelskie-południowy-19-07,wiejska,14062,83.8,50.30653,22.4194,1
0620001,0620,06,gmina lubelskie-wschodni-20-01,miejska,79749,954.7,50.98347,22.54574,0.08
0620002,0620,06,gmina lubelskie-wschodni-20-02,wiejska,11586,34.8,50.87143,22.29459,1
0620003,0620,06,gmina lubelskie-wschodni-20-03,miejska,137797,3200,50.83542,22.45534,0.08
0620004,0620,06,gmina lubelskie-wschodni-20-04,wiejska,4329,24.4,50.81175,22.46175,1
0620005,0620,06,gmina lubelskie-wschodni-20-05,miejska,52099,1506.1,50.90242,22.37349,0.08
0620006,0620,06,gmina lubelskie-wschodni-20-06,miejsko-wiejska,7824,51.1,50.83714,22.63788,0.45
0620007,0620,06,gmina lubelskie-wschodni-20-07,miejsko-wiejska,7575,27.6,50.82912,22.56962,0.45
0621001,0621,06,gmina lubelskie-zachodni-21-01,miejsko-wiejska,12318,82.7,50.9365,22.62578,0.45
0621002,0621,06,gmina lubelskie-zachodni-21-02,wiejska,5437,22.3,51.08378,22.67994,1
0621003,0621,06,gmina lubelskie-zachodni-21-03,miejsko-wiejska,4408,16.2,50.98044,22.83327,0.45
0621004,0621,06,gmina lubelskie-zachodni-21-04,wiejska,2470,27.5,50.80227,22.40839,1
0621005,0621,06,gmina lubelskie-zachodni-21-05,wiejska,6464,27.1,50.90334,22.52387,1
0621006,0621,06,gmina lubelskie-zachodni-21-06,miejsko-wiejska,5814,80.4,51.06098,22.65809,0.45
0621007,0621,06,gmina lubelskie-zachodni-21-07,miejska,45377,832.2,51.00327,22.64425,0.08
0622001,0622,06,gmina lubelskie-centralny-22-01,miejska,14195,333.9,51.59112,23.01797,0.08
0622002,0622,06,gmina lubelskie-centralny-22-02,wiejska,26720,83.4,51.90434,22.52164,1
0622003,0622,06,gmina lubelskie-centralny-22-03,wiejska,14883,92.1,51.48559,22.77517,1
0622004,0622,06,gmina lubelskie-centralny-22-04,miejsko-wiejska,7580,27.8,51.63275,22.90172,0.45
0622005,0622,06,gmina lubelskie-centralny-22-05,wiejska,8490,25.3,51.7366,22.79085,1
0622006,0622,06,gmina lubelskie-centralny-22-06,wiejska,12755,42.0,51.47964,22.58419,1
0622007,0622,06,gmina lubelskie-centralny-22-07,wiejska,5514,16.0,51.72219,22.65846,1
0623001,0623,06,gmina lubelskie-miejski-23-01,wiejska,19676,47.3,51.16893,21.88245,1
0623002,0623,06,gmina lubelskie-miejski-23-02,wiejska,21519,253.9,51.15486,21.96926,1
0623003,0623,06,gmina lubelskie-miejski-23-03,miejsko-wiejska,4667,24.4,51.21566,21.88938,0.45
0623004,0623,06,gmina lubelskie-miejski-23-04,miejska,179316,1563.9,50.98883,22.12221,0.08
0623005,0623,06,gmina lubelskie-miejski-23-05,miejska,69436,503.1,51.20839,21.69855,0.08
0623006,0623,06,gmina lubelskie-miejski-23-06,miejska,17675,473.4,50.91231,22.05145,0.08
0623007,0623,06,gmina lubelskie-miejski-23-07,wiejska,2017,12,51.07526,21.88076,1
0624001,0624,06,gmina lubelskie-północny-24-01,wiejska,10360,42.2,50.67088,22.46796,1
0624002,0624,06,gmina lubelskie-północny-24-02,miejsko-wiejska,16437,63.4,50.60004,22.4246,0.45
0624003,0624,06,gmina lubelskie-północny-24-03,wiejska,8846,20.2,50.52373,22.18537,1
0624004,0624,06,gmina lubelskie-północny-24-04,wiejska,10523,121.7,50.48404,22.21333,1
0624005,0624,06,gmina lubelskie-północny-24-05,miejska,12702,125.3,50.57305,22.17723,0.08
0624006,0624,06,gmina lubelskie-północny-24-06,wiejska,13377,69.4,50.39484,22.51635,1
0624007,0624,06,gmina lubelskie-północny-24-07,wiejska,5808,17.3,50.56856,22.5382,1
0801001,0801,08,gmina lubuskie-południowy-01-01,miejska,27239,209.3,52.24483,16.38506,0.08
0801002,0801,08,gmina lubuskie-południowy-01-02,wiejska,26121,61.6,51.91136,16.53669,1
0801003,0801,08,gmina lubuskie-południowy-01-03,wiejska,27055,84.9,52.39927,16.2888,1
0801004,0801,08,gmina lubuskie-południowy-01-04,miejska,47360,493.9,52.20647,16.24323,0.08
0801005,0801,08,gmina lubuskie-południowy-01-05,miejska,18041,138.3,52.28739,16.61649,0.08
0801006,0801,08,gmina lubuskie-południowy-01-06,miejsko-wiejska,9620,59.0,52.14216,16.33806,0.45
0801007,0801,08,gmina lubuskie-południowy-01-07,wiejska,13893,115.6,52.30633,16.33642,1
0802001,0802,08,gmina lubuskie-wschodni-02-01,wiejska,1800,12,52.4201,15.96828,1
0802002,0802,08,gmina lubuskie-wschodni-02-02,miejsko-wiejska,5087,66.5,52.40132,16.04491,0.45
0802003,0802,08,gmina lubuskie-wschodni-02-03,wiejska,6755,15.7,52.27676,16.32852,1
0802004,0802,08,gmina lubuskie-wschodni-02-04,miejska,34958,301.0,52.38981,15.82997,0.08
0802005,0802,08,gmina lubuskie-wschodni-02-05,wiejska,12939,74.6,52.21013,15.58761,1
0802006,0802,08,gmina lubuskie-wschodni-02-06,wiejska,2165,12,52.31325,16.06099,1
0802007,0802,08,gmina lubuskie-wschodni-02-07,miejska,30161,223.1,52.09721,16.03557,0.08
0803001,0803,08,gmina lubuskie-zachodni-03-01,wiejska,9786,91.4,52.01367,14.56029,1
0803002,0803,08,gmina lubuskie-zachodni-03-02,wiejska,19421,54.3,52.25404,14.84243,1
0803003,0803,08,gmina lubuskie-zachodni-03-03,wiejska,15327,46.4,52.00658,14.74315,1
0803004,0803,08,gmina lubuskie-zachodni-03-04,miejska,28965,348.8,51.91616,14.82577,0.08
0803005,0803,08,gmina lubuskie-zachodni-03-05,wiejska,5551,31.0,51.9995,15.12642,1
0803006,0803,08,gmina lubuskie-zachodni-03-06,wiejska,7177,18.5,51.85171,14.76781,1
0803007,0803,08,gmina lubuskie-zachodni-03-07,miejsko-wiejska,9232,91.0,52.03691,15.09735,0.45
0804001,0804,08,gmina lubuskie-centralny-04-01,miejsko-wiejska,12055,111.2,51.82617,15.53137,0.45
0804002,0804,08,gmina lubuskie-centralny-04-02,miejsko-wiejska,5997,40.6,51.68805,15.52071,0.45
0804003,0804,08,gmina lubuskie-centralny-04-03,wiejska,13467,152.7,51.98314,15.22491,1
0804004,0804,08,gmina lubuskie-centralny-04-04,miejsko-wiejska,27419,106.4,51.80142,15.01788,0.45
0804005,0804,08,gmina lubuskie-centralny-04-05,wiejska,2383,12,51.80081,15.23426,1
0804006,0804,08,gmina lubuskie-centralny-04-06,wiejska,34998,103.1,51.78272,15.12249,1
0804007,0804,08,gmina lubuskie-centralny-04-07,miejska,49617,946.3,51.75754,15.29142,0.08
0805001,0805,08,gmina lubuskie-miejski-05-01,wiejska,10247,24.2,52.94506,14.68019,1
0805002,0805,08,gmina lubuskie-miejski-05-02,wiejska,3790,14.4,53.05705,14.91104,1
0805003,0805,08,gmina lubuskie-miejski-05-03,wiejska,7290,39.9,52.94346,15.18067,1
0805004,0805,08,gmina lubuskie-miejski-05-04,wiejska,3490,12,53.04157,15.03027,1
0805005,0805,08,gmina lubuskie-miejski-05-05,miejsko-wiejska,11551,89.4,53.05168,15.24473,0.45
0805006,0805,08,gmina lubuskie-miejski-05-06,wiejska,10958,54.8,52.99731,14.89797,1
0805007,0805,08,gmina lubuskie-miejski-05-07,wiejska,7749,30.0,52.99454,14.88808,1
0806001,0806,08,gmina lubuskie-północny-06-01,miejsko-wiejska,5971,52.1,52.47381,15.09074,0.45
0806002,0806,08,gmina lubuskie-północny-06-02,wiejska,11205,53.0,52.68946,15.18264,1
0806003,0806,08,gmina lubuskie-północny-06-03,wiejska,4540,15.5,52.50954,14.92218,1
0806004,0806,08,gmina lubuskie-północny-06-04,wiejska,4000,16.1,52.46169,14.88246,1
0806005,0806,08,gmina lubuskie-północny-06-05,miejsko-wiejska,6662,30.0,52.54254,15.44832,0.45
0806006,0806,08,gmina lubuskie-północny-06-06,wiejska,9006,23.4,52.51913,15.04956,1
0806007,0806,08,gmina lubuskie-północny-06-07,miejsko-wiejska,10613,36.9,52.41719,15.15802,0.45
0807001,0807,08,gmina lubuskie-południowy-07-01,wiejska,9217,25.0,52.64648,15.93989,1
0807002,0807,08,gmina lubuskie-południowy-07-02,wiejska,4762,58.0,52.34696,15.48513,1
0807003,0807,08,gmina lubuskie-południowy-07-03,miejska,51522,1030.2,52.42094,15.75302,0.08
0807004,0807,08,gmina lubuskie-południowy-07-04,wiejska,5861,13.3,52.64272,15.50261,1
0807005,0807,08,gmina lubuskie-południowy-07-05,miejsko-wiejska,4622,55.0,52.67033,15.93459,0.45
0807006,0807,08,gmina lubuskie-południowy-07-06,wiejska,5365,44.9,52.4599,16.04044,1
0807007,0807,08,gmina lubuskie-południowy-07-07,wiejska,4012,12,52.47522,16.0741,1
0808001,0808,08,gmina lubuskie-wschodni-08-01,miejsko-wiejska,11691,55.2,52.07781,15.61819,0.45
0808002,0808,08,gmina lubuskie-wschodni-08-02,miejska,51670,1912.1,52.14584,15.61408,0.08
0808003,0808,08,gmina lubuskie-wschodni-08-03,wiejska,8793,32.1,52.04292,15.5199,1
0808004,0808,08,gmina lubuskie-wschodni-08-04,miejsko-wiejska,17216,77.0,52.23402,15.52929,0.45
0808005,0808,08,gmina lubuskie-wschodni-08-05,miejsko-wiejska,12890,133.5,52.12209,15.32924,0.45
0808006,0808,08,gmina lubuskie-wschodni-08-06,wiejska,3736,12,52.16274,15.60136,1
0808007,0808,08,gmina lubuskie-wschodni-08-07,miejsko-wiejska,11368,130.9,52.20727,15.4699,0.45
0809001,0809,08,gmina lubuskie-zachodni-09-01,wiejska,10467,23.8,51.99554,15.86566,1
0809002,0809,08,gmina lubuskie-zachodni-09-02,wiejska,5349,64.3,51.87635,15.65057,1
0809003,0809,08,gmina lubuskie-zachodni-09-03,miejsko-wiejska,4034,30.1,52.07906,15.84208,0.45
0809004,0809,08,gmina lubuskie-zachodni-09-04,miejska,91378,2031.1,52.31499,15.70438,0.08
0809005,0809,08,gmina lubuskie-zachodni-09-05,wiejska,9492,45.0,51.99586,15.89575,1
0809006,0809,08,gmina lubuskie-zachodni-09-06,miejska,25068,219.1,51.97988,15.79403,0.08
0809007,0809,08,gmina lubuskie-zachodni-09-07,wiejska,4612,29.2,51.9351,15.63586,1
0810001,0810,08,gmina lubuskie-centralny-10-01,wiejska,5006,39.8,51.99549,14.56366,1
0810002,0810,08,gmina lubuskie-centralny-10-02,wiejska,5255,39.3,52.09271,14.92578,1
0810003,0810,08,gmina lubuskie-centralny-10-03,wiejska,12326,59.3,52.06796,14.66823,1
0810004,0810,08,gmina lubuskie-centralny-10-04,wiejska,5518,27.7,51.8845,15.01748,1
0810005,0810,08,gmina lubuskie-centralny-10-05,wiejska,12418,31.4,52.03183,14.96575,1
0810006,0810,08,gmina lubuskie-centralny-10-06,wiejska,2718,12,52.04836,14.9388,1
0810007,0810,08,gmina lubuskie-centralny-10-07,miejska,34050,265.7,51.84735,14.69775,0.08
0811001,0811,08,gmina lubuskie-miejski-11-01,miejsko-wiejska,11501,190.8,51.55023,15.41832,0.45
0811002,0811,08,gmina lubuskie-miejski-11-02,wiejska,5174,19.3,51.55093,15.33895,1
0811003,0811,08,gmina lubuskie-miejski-11-03,miejsko-wiejska,4868,20.9,51.57271,15.57408,0.45
0811004,0811,08,gmina lubuskie-miejski-11-04,wiejska,15619,49.7,51.68961,15.77938,1
0811005,0811,08,gmina lubuskie-miejski-11-05,wiejska,6252,15.5,51.854,15.5398,1
0811006,0811,08,gmina lubuskie-miejski-11-06,wiejska,16071,130.7,51.67324,15.68126,1
0811007,0811,08,gmina lubuskie-miejski-11-07,miejsko-wiejska,9884,136.3,51.64858,15.60234,0.45
0812001,0812,08,gmina lubuskie-północny-12-01,wiejska,7799,31.7,52.67703,15.77106,1
0812002,0812,08,gmina lubuskie-północny-12-02,miejsko-wiejska,10819,48.7,52.94504,15.99014,0.45
0812003,0812,08,gmina lubuskie-północny-12-03,wiejska,15080,32.8,52.81029,15.28893,1
0812004,0812,08,gmina lubuskie-północny-12-04,miejsko-wiejska,2582,45.8,52.72901,15.42338,0.45
0812005,0812,08,gmina lubuskie-północny-12-05,miejsko-wiejska,7793,27.0,52.64429,15.69881,0.45
0812006,0812,08,gmina lubuskie-północny-12-06,miejska,10930,368.1,52.98123,15.39445,0.08
0812007,0812,08,gmina lubuskie-północny-12-07,miejsko-wiejska,13894,50.7,52.86555,15.78552,0.45
0813001,0813,08,gmina lubuskie-południowy-13-01,miejska,42599,1232.6,52.01673,15.85766,0.08
0813002,0813,08,gmina lubuskie-południowy-13-02,wiejska,4775,23.5,52.18591,15.74452,1
0813003,0813,08,gmina lubuskie-południowy-13-03,wiejska,9985,25.3,51.99294,15.81422,1
0813004,0813,08,gmina lubuskie-południowy-13-04,miejsko-wiejska,9092,36.0,52.14955,15.40427,0.45
0813005,0813,08,gmina lubuskie-południowy-13-05,miejsko-wiejska,14750,127.5,52.19596,15.54066,0.45
0813006,0813,08,gmina lubuskie-południowy-13-06,wiejska,22459,102.5,52.11443,15.67654,1
0813007,0813,08,gmina lubuskie-południowy-13-07,wiejska,4116,14.4,52.34835,15.56892,1
0814001,0814,08,gmina lubuskie-wschodni-14-01,wiejska,10352,84.7,52.69161,15.56431,1
0814002,0814,08,gmina lubuskie-wschodni-14-02,wiejska,4878,15.6,52.65713,15.58871,1
0814003,0814,08,gmina lubuskie-wschodni-14-03,miejsko-wiejska,6413,82.5,52.56044,15.79366,0.45
0814004,0814,08,gmina lubuskie-wschodni-14-04,miejska,7272,101.7,52.64831,15.93451,0.08
0814005,0814,08,gmina lubuskie-wschodni-14-05,miejsko-wiejska,13049,62.3,52.85282,15.48737,0.45
0814006,0814,08,gmina lubuskie-wschodni-14-06,miejsko-wiejska,15148,78.7,52.82507,15.54756,0.45
0814007,0814,08,gmina lubuskie-wschodni-14-07,miejska,14218,131.2,52.72956,15.53161,0.08
1001001,1001,10,gmina łódzkie-południowy-01-01,miejska,37928,1221.0,51.71829,20.18806,0.08
1001002,1001,10,gmina łódzkie-południowy-01-02,wiejska,7802,31.5,51.66203,20.20751,1
1001003,1001,10,gmina łódzkie-południowy-01-03,miejsko-wiejska,29094,104.7,51.76097,20.66439,0.45
1001004,1001,10,gmina łódzkie-południowy-01-04,wiejska,11157,37.3,51.72833,19.92685,1
1001005,1001,10,gmina łódzkie-południowy-01-05,wiejska,6153,13.6,51.72156,20.07711,1
1001006,1001,10,gmina łódzkie-południowy-01-06,wiejska,8828,24.9,51.74743,20.07935,1
1001007,1001,10,gmina łódzkie-południowy-01-07,miejska,17758,123.6,51.73672,19.81933,0.08
1002001,1002,10,gmina łódzkie-wschodni-02-01,wiejska,6673,19.9,52.05639,20.50849,1
1002002,1002,10,gmina łódzkie-wschodni-02-02,wiejska,9662,22.1,51.97063,20.22338,1
1002003,1002,10,gmina łódzkie-wschodni-02-03,wiejska,6891,38.2,51.95877,20.00527,1
1002004,1002,10,gmina łódzkie-wschodni-02-04,wiejska,6333,47.2,51.92917,20.30024,1
1002005,1002,10,gmina łódzkie-wschodni-02-05,wiejska,10965,63.6,51.76756,20.282,1
1002006,1002,10,gmina łódzkie-wschodni-02-06,wiejska,13013,31.4,52.05679,20.08038,1
1002007,1002,10,gmina łódzkie-wschodni-02-07,miejsko-wiejska,7015,48.0,51.98424,20.44174,0.45
1003001,1003,10,gmina łódzkie-zachodni-03-01,miejska,15236,110.7,51.92007,18.97516,0.08
1003002,1003,10,gmina łódzkie-zachodni-03-02,wiejska,4917,16.4,51.54517,18.71468,1
1003003,1003,10,gmina łódzkie-zachodni-03-03,wiejska,5853,27.8,51.8895,18.81647,1
1003004,1003,10,gmina łódzkie-zachodni-03-04,wiejska,1996,12,51.75823,18.91396,1
1003005,1003,10,gmina łódzkie-zachodni-03-05,miejsko-wiejska,3660,14.1,51.83565,18.8811,0.45
1003006,1003,10,gmina łódzkie-zachodni-03-06,miejska,29065,427.6,51.68528,18.56064,0.08
1003007,1003,10,gmina łódzkie-zachodni-03-07,wiejska,5641,68.6,51.79664,18.93908,1
1004001,1004,10,gmina łódzkie-centralny-04-01,miejska,22626,156.0,51.24673,20.44866,0.08
1004002,1004,10,gmina łódzkie-centralny-04-02,miejska,32906,394.0,51.19983,20.39478,0.08
1004003,1004,10,gmina łódzkie-centralny-04-03,wiejska,10553,28.1,51.22003,20.12914,1
1004004,1004,10,gmina łódzkie-centralny-04-04,miejsko-wiejska,5903,47.6,51.07291,20.26479,0.45
1004005,1004,10,gmina łódzkie-centralny-04-05,wiejska,4233,14.2,51.35223,20.24531,1
1004006,1004,10,gmina łódzkie-centralny-04-06,miejska,22894,174.7,51.22078,20.47983,0.08
1004007,1004,10,gmina łódzkie-centralny-04-07,wiejska,13513,53.1,51.40632,20.13519,1
1005001,1005,10,gmina łódzkie-miejski-05-01,wiejska,3738,12,52.65552,19.49008,1
1005002,1005,10,gmina łódzkie-miejski-05-02,wiejska,7902,19.0,52.2123,19.42455,1
1005003,1005,10,gmina łódzkie-miejski-05-03,miejsko-wiejska,6489,29.3,52.46285,19.42198,0.45
1005004,1005,10,gmina łódzkie-miejski-05-04,wiejska,14552,59.7,52.6024,19.4027,1
1005005,1005,10,gmina łódzkie-miejski-05-05,wiejska,7543,20.8,52.33758,19.90786,1
1005006,1005,10,gmina łódzkie-miejski-05-06,wiejska,10225,29.4,52.518,19.73914,1
1005007,1005,10,gmina łódzkie-miejski-05-07,wiejska,13244,28.3,52.62341,19.3399,1
1006001,1006,10,gmina łódzkie-północny-06-01,wiejska,8659,27.1,51.71753,20.18654,1
1006002,1006,10,gmina łódzkie-północny-06-02,miejsko-wiejska,8622,49.4,51.88539,20.6606,0.45
1006003,1006,10,gmina łódzkie-północny-06-03,wiejska,8340,29.8,51.60958,20.50287,1
1006004,1006,10,gmina łódzkie-północny-06-04,wiejska,6608,16.1,51.77182,20.2069,1
1006005,1006,10,gmina łódzkie-północny-06-05,wiejska,7915,29.7,51.73889,20.65315,1
1006006,1006,10,gmina łódzkie-północny-06-06,wiejska,12672,74.1,51.55286,20.34633,1
1006007,1006,10,gmina łódzkie-północny-06-07,miejsko-wiejska,4515,17.2,51.74706,20.32212,0.45
1007001,1007,10,gmina łódzkie-południowy-07-01,miejsko-wiejska,3375,26.2,51.21358,19.09636,0.45
1007002,1007,10,gmina łódzkie-południowy-07-02,wiejska,29132,230.2,51.1518,19.26369,1
1007003,1007,10,gmina łódzkie-południowy-07-03,miejska,48077,687.0,51.34294,19.20509,0.08
1007004,1007,10,gmina łódzkie-południowy-07-04,miejska,37845,422.9,51.45261,18.62315,0.08
1007005,1007,10,gmina łódzkie-południowy-07-05,miejska,23431,201.3,51.38153,18.91809,0.08
1007006,1007,10,gmina łódzkie-południowy-07-06,miejska,46695,312.2,51.53652,19.16528,0.08
1007007,1007,10,gmina łódzkie-południowy-07-07,wiejska,15842,38.7,51.41118,19.02401,1
1008001,1008,10,gmina łódzkie-wschodni-08-01,wiejska,6994,34.6,51.92982,19.23221,1
1008002,1008,10,gmina łódzkie-wschodni-08-02,miejsko-wiejska,9411,38.3,52.03944,19.4636,0.45
1008003,1008,10,gmina łódzkie-wschodni-08-03,miejsko-wiejska,15822,67.9,52.11582,19.23913,0.45
1008004,1008,10,gmina łódzkie-wschodni-08-04,wiejska,18392,41.8,51.9016,19.31204,1
1008005,1008,10,gmina łódzkie-wschodni-08-05,wiejska,22512,58.2,52.09819,19.38123,1
1008006,1008,10,gmina łódzkie-wschodni-08-06,wiejska,4261,12,51.8772,19.17036,1
1008007,1008,10,gmina łódzkie-wschodni-08-07,wiejska,15787,37.4,52.02906,19.34719,1
1009001,1009,10,gmina łódzkie-zachodni-09-01,wiejska,6709,34.6,51.79084,19.41237,1
1009002,1009,10,gmina łódzkie-zachodni-09-02,wiejska,12176,27.2,51.80289,19.3539,1
1009003,1009,10,gmina łódzkie-zachodni-09-03,wiejska,3031,19.0,51.98623,19.47936,1
1009004,1009,10,gmina łódzkie-zachodni-09-04,wiejska,3566,12,51.78459,19.69112,1
1009005,1009,10,gmina łódzkie-zachodni-09-05,wiejska,7217,32.1,51.84028,19.49494,1
1009006,1009,10,gmina łódzkie-zachodni-09-06,miejsko-wiejska,3539,17.8,51.75786,19.56547,0.45
1009007,1009,10,gmina łódzkie-zachodni-09-07,wiejska,4891,14.3,51.84029,19.38238,1
1010001,1010,10,gmina łódzkie-centralny-10-01,wiejska,10413,31.3,51.85039,20.56311,1
1010002,1010,10,gmina łódzkie-centralny-10-02,wiejska,15527,49.1,51.99649,20.14044,1
1010003,1010,10,gmina łódzkie-centralny-10-03,wiejska,3887,12,51.72379,20.44095,1
1010004,1010,10,gmina łódzkie-centralny-10-04,miejska,23001,374.3,51.97745,20.37874,0.08
1010005,1010,10,gmina łódzkie-centralny-10-05,miejska,16117,488.1,51.94188,20.04803,0.08
1010006,1010,10,gmina łódzkie-centralny-10-06,miejsko-wiejska,7293,66.9,52.12947,20.40324,0.45
1010007,1010,10,gmina łódzkie-centralny-10-07,wiejska,3873,19.1,52.03038,20.40475,1
1011001,1011,10,gmina łódzkie-miejski-11-01,wiejska,13182,91.7,51.82573,19.74466,1
1011002,1011,10,gmina łódzkie-miejski-11-02,miejsko-wiejska,2498,12,51.85675,19.95453,0.45
1011003,1011,10,gmina łódzkie-miejski-11-03,miejska,11739,147.5,52.08097,19.86829,0.08
1011004,1011,10,gmina łódzkie-miejski-11-04,wiejska,7799,25.4,52.0783,19.66991,1
1011005,1011,10,gmina łódzkie-miejski-11-05,wiejska,9191,42.4,51.76878,19.84524,1
1011006,1011,10,gmina łódzkie-miejski-11-06,wiejska,18682,61.2,51.8882,19.78638,1
1011007,1011,10,gmina łódzkie-miejski-11-07,wiejska,38005,255.6,51.76588,19.53468,1
1012001,1012,10,gmina łódzkie-północny-12-01,wiejska,19255,162.1,51.31107,19.22309,1
1012002,1012,10,gmina łódzkie-północny-12-02,miejska,66440,889.3,51.11766,19.1766,0.08
1012003,1012,10,gmina łódzkie-północny-12-03,miejska,66850,703.0,51.01626,19.58932,0.08
1012004,1012,10,gmina łódzkie-północny-12-04,miejsko-wiejska,5041,82.2,50.96532,19.13971,0.45
1012005,1012,10,gmina łódzkie-północny-12-05,miejsko-wiejska,13825,64.8,50.93677,19.53588,0.45
1012006,1012,10,gmina łódzkie-północny-12-06,miejsko-wiejska,6873,32.7,50.94562,19.31418,0.45
1012007,1012,10,gmina łódzkie-północny-12-07,miejska,51652,422.1,51.26358,19.48154,0.08
1013001,1013,10,gmina łódzkie-południowy-13-01,wiejska,4563,12,51.55527,18.96049,1
1013002,1013,10,gmina łódzkie-południowy-13-02,wiejska,16952,63.4,51.4643,18.79879,1
1013003,1013,10,gmina łódzkie-południowy-13-03,wiejska,3639,14.5,51.63994,18.87237,1
1013004,1013,10,gmina łódzkie-południowy-13-04,wiejska,3517,19.6,51.67934,18.81339,1
1013005,1013,10,gmina łódzkie-południowy-13-05,wiejska,5424,12.4,51.30229,19.08581,1
1013006,1013,10,gmina łódzkie-południowy-13-06,wiejska,6350,13.7,51.48577,19.08697,1
1013007,1013,10,gmina łódzkie-południowy-13-07,miejsko-wiejska,9500,61.1,51.56586,18.94184,0.45
1014001,1014,10,gmina łódzkie-wschodni-14-01,miejska,33380,366.5,51.69615,19.15298,0.08
1014002,1014,10,gmina łódzkie-wschodni-14-02,wiejska,8124,19.1,51.51459,19.23892,1
1014003,1014,10,gmina łódzkie-wschodni-14-03,wiejska,9849,35.0,51.27647,19.31795,1
1014004,1014,10,gmina łódzkie-wschodni-14-04,wiejska,4095,18.9,51.48272,19.40405,1
1014005,1014,10,gmina łódzkie-wschodni-14-05,wiejska,11232,76.7,51.23439,19.07125,1
1014006,1014,10,gmina łódzkie-wschodni-14-06,miejsko-wiejska,27545,251.8,51.5396,19.19258,0.45
1014007,1014,10,gmina łódzkie-wschodni-14-07,wiejska,8513,39.9,51.53368,19.34085,1
1015001,1015,10,gmina łódzkie-zachodni-15-01,wiejska,6136,13.4,52.18017,18.55219,1
1015002,1015,10,gmina łódzkie-zachodni-15-02,wiejska,10562,38.6,52.31006,18.89978,1
1015003,1015,10,gmina łódzkie-zachodni-15-03,miejska,25512,172.2,51.98937,19.00138,0.08
1015004,1015,10,gmina łódzkie-zachodni-15-04,miejsko-wiejska,4965,47.7,52.12816,18.57931,0.45
1015005,1015,10,gmina łódzkie-zachodni-15-05,miejsko-wiejska,3787,47.0,52.04106,18.6371,0.45
1015006,1015,10,gmina łódzkie-zachodni-15-06,wiejska,4992,23.9,52.12018,18.73834,1
1015007,1015,10,gmina łódzkie-zachodni-15-07,wiejska,11732,34.8,52.11465,18.85516,1
1016001,1016,10,gmina łódzkie-centralny-16-01,miejsko-wiejska,12262,106.3,51.82131,19.09299,0.45
1016002,1016,10,gmina łódzkie-centralny-16-02,wiejska,4752,31.4,51.86503,19.31566,1
1016003,1016,10,gmina łódzkie-centralny-16-03,miejsko-wiejska,9644,48.1,51.89521,19.40203,0.45
1016004,1016,10,gmina łódzkie-centralny-16-04,wiejska,14256,105.1,51.97808,19.27483,1
1016005,1016,10,gmina łódzkie-centralny-16-05,wiejska,11992,51.2,51.84128,19.10127,1
1016006,1016,10,gmina łódzkie-centralny-16-06,wiejska,12516,30.5,51.76666,19.24649,1
1016007,1016,10,gmina łódzkie-centralny-16-07,wiejska,6144,65.4,51.99697,19.11258,1
1017001,1017,10,gmina łódzkie-miejski-17-01,miejsko-wiejska,6039,47.1,51.58457,19.74401,0.45
1017002,1017,10,gmina łódzkie-miejski-17-02,miejsko-wiejska,11988,60.4,51.63148,19.7515,0.45
1017003,1017,10,gmina łódzkie-miejski-17-03,wiejska,14157,55.8,51.8314,20.00075,1
1017004,1017,10,gmina łódzkie-miejski-17-04,miejsko-wiejska,5476,46.6,51.76641,20.01058,0.45
1017005,1017,10,gmina łódzkie-miejski-17-05,wiejska,5955,18.6,51.6581,19.82259,1
1017006,1017,10,gmina łódzkie-miejski-17-06,wiejska,10364,59.5,51.62219,20.18821,1
1017007,1017,10,gmina łódzkie-miejski-17-07,wiejska,9777,43.4,51.66767,20.26207,1
1018001,1018,10,gmina łódzkie-północny-18-01,wiejska,14375,36.3,52.11579,20.37065,1
1018002,1018,10,gmina łódzkie-północny-18-02,miejsko-wiejska,6170,38.0,52.05492,20.33387,0.45
1018003,1018,10,gmina łódzkie-północny-18-03,miejsko-wiejska,15932,57.6,51.89571,20.31835,0.45
1018004,1018,10,gmina łódzkie-północny-18-04,miejsko-wiejska,7753,39.1,52.04949,19.90213,0.45
1018005,1018,10,gmina łódzkie-północny-18-05,wiejska,4509,36.0,52.22347,20.01675,1
1018006,1018,10,gmina łódzkie-północny-18-06,wiejska,6606,80.0,52.21823,20.14685,1
1018007,1018,10,gmina łódzkie-północny-18-07,wiejska,6028,16.6,51.95951,20.36557,1
1019001,1019,10,gmina łódzkie-południowy-19-01,miejsko-wiejska,3242,12,51.8157,18.8185,0.45
1019002,1019,10,gmina łódzkie-południowy-19-02,wiejska,4211,12,51.7353,19.05979,1
1019003,1019,10,gmina łódzkie-południowy-19-03,wiejska,5093,18.0,51.77742,19.29415,1
1019004,1019,10,gmina łódzkie-południowy-19-04,miejsko-wiejska,1800,14.5,51.76038,19.09943,0.45
1019005,1019,10,gmina łódzkie-południowy-19-05,wiejska,10405,75.5,51.70471,19.0224,1
1019006,1019,10,gmina łódzkie-południowy-19-06,miejska,23104,313.0,51.69043,18.98547,0.08
1019007,1019,10,gmina łódzkie-południowy-19-07,wiejska,7793,26.4,51.92853,19.06317,1
1020001,1020,10,gmina łódzkie-wschodni-20-01,wiejska,14683,34.9,51.70728,19.59544,1
1020002,1020,10,gmina łódzkie-wschodni-20-02,miejsko-wiejska,6607,38.0,51.81744,19.67495,0.45
1020003,1020,10,gmina łódzkie-wschodni-20-03,miejska,31128,576.2,51.59883,20.01919,0.08
1020004,1020,10,gmina łódzkie-wschodni-20-04,wiejska,7257,44.6,51.88666,19.6841,1
1020005,1020,10,gmina łódzkie-wschodni-20-05,wiejska,11596,85.2,51.67669,19.60284,1
1020006,1020,10,gmina łódzkie-wschodni-20-06,miejska,11415,125.5,51.75045,19.96645,0.08
1020007,1020,10,gmina łódzkie-wschodni-20-07,wiejska,8546,39.6,51.70365,20.12648,1
1021001,1021,10,gmina łódzkie-zachodni-21-01,wiejska,13865,125.6,51.93803,18.77003,1
1021002,1021,10,gmina łódzkie-zachodni-21-02,wiejska,3500,23.1,51.87808,18.5666,1
1021003,1021,10,gmina łódzkie-zachodni-21-03,miejska,13194,96.1,51.81812,18.97466,0.08
1021004,1021,10,gmina łódzkie-zachodni-21-04,wiejska,3815,12,51.72505,19.19928,1
1021005,1021,10,gmina łódzkie-zachodni-21-05,wiejska,2796,12,51.91718,19.20315,1
1021006,1021,10,gmina łódzkie-zachodni-21-06,wiejska,9850,48.0,51.8692,18.71884,1
1021007,1021,10,gmina łódzkie-zachodni-21-07,wiejska,5979,27.6,51.71365,18.9759,1
1022001,1022,10,gmina łódzkie-centralny-22-01,miejsko-wiejska,4038,47.9,51.67817,19.67888,0.45
1022002,1022,10,gmina łódzkie-centralny-22-02,wiejska,5985,37.7,51.87324,19.84797,1
1022003,1022,10,gmina łódzkie-centralny-22-03,wiejska,5072,37.2,51.71666,19.55108,1
1022004,1022,10,gmina łódzkie-centralny-22-04,miejsko-wiejska,6887,44.3,51.68853,19.3711,0.45
1022005,1022,10,gmina łódzkie-centralny-22-05,wiejska,1899,17.3,51.90969,19.3378,1
1022006,1022,10,gmina łódzkie-centralny-22-06,miejsko-wiejska,3469,12.0,51.75801,19.68332,0.45
1022007,1022,10,gmina łódzkie-centralny-22-07,wiejska,12067,57.9,51.65171,19.58394,1
1023001,1023,10,gmina łódzkie-miejski-23-01,wiejska,2971,12,52.56525,20.34365,1
1023002,1023,10,gmina łódzkie-miejski-23-02,wiejska,4250,19.2,52.91895,20.9683,1
1023003,1023,10,gmina łódzkie-miejski-23-03,wiejska,6033,39.2,52.48821,20.48832,1
1023004,1023,10,gmina łódzkie-miejski-23-04,miejsko-wiejska,6659,33.9,52.78321,20.60339,0.45
1023005,1023,10,gmina łódzkie-miejski-23-05,wiejska,9900,100.4,52.62445,20.65211,1
1023006,1023,10,gmina łódzkie-miejski-23-06,miejsko-wiejska,8166,51.6,52.85145,20.27634,0.45
1023007,1023,10,gmina łódzkie-miejski-23-07,wiejska,3330,21.2,52.62989,20.66821,1
1024001,1024,10,gmina łódzkie-północny-24-01,wiejska,10074,22.3,51.52335,19.3795,1
1024002,1024,10,gmina łódzkie-północny-24-02,wiejska,17048,39.1,51.48394,19.60842,1
1024003,1024,10,gmina łódzkie-północny-24-03,miejsko-wiejska,8702,48.2,51.37523,19.46848,0.45
1024004,1024,10,gmina łódzkie-północny-24-04,miejsko-wiejska,17447,124.2,51.63272,18.98734,0.45
1024005,1024,10,gmina łódzkie-północny-24-05,wiejska,7829,58.1,51.38853,19.77103,1
1024006,1024,10,gmina łódzkie-północny-24-06,wiejska,7777,44.1,51.47889,18.98143,1
1024007,1024,10,gmina łódzkie-północny-24-07,wiejska,5058,14.7,51.4003,19.19274,1
1201001,1201,12,gmina małopolskie-południowy-01-01,miejska,60591,452.4,49.60593,19.49319,0.08
1201002,1201,12,gmina małopolskie-południowy-01-02,wiejska,6985,17.7,49.42452,19.38712,1
1201003,1201,12,gmina małopolskie-południowy-01-03,miejsko-wiejska,5523,29.1,49.35625,19.6146,0.45
1201004,1201,12,gmina małopolskie-południowy-01-04,wiejska,9371,26.5,49.46369,19.62841,1
1201005,1201,12,gmina małopolskie-południowy-01-05,wiejska,9836,29.4,49.63321,19.71465,1
1201006,1201,12,gmina małopolskie-południowy-01-06,wiejska,9926,41.2,49.50099,19.32891,1
1201007,1201,12,gmina małopolskie-południowy-01-07,miejsko-wiejska,4916,31.2,49.40901,19.6543,0.45
1202001,1202,12,gmina małopolskie-wschodni-02-01,miejsko-wiejska,17015,137.2,50.25394,20.37708,0.45
1202002,1202,12,gmina małopolskie-wschodni-02-02,wiejska,6707,20.8,50.29216,20.44104,1
1202003,1202,12,gmina małopolskie-wschodni-02-03,wiejska,15172,39.8,50.14198,20.33763,1
1202004,1202,12,gmina małopolskie-wschodni-02-04,miejsko-wiejska,9480,74.5,50.25273,20.96621,0.45
1202005,1202,12,gmina małopolskie-wschodni-02-05,wiejska,19662,45.1,50.18177,20.64777,1
1202006,1202,12,gmina małopolskie-wschodni-02-06,miejska,16001,245.6,50.26332,20.60938,0.08
1202007,1202,12,gmina małopolskie-wschodni-02-07,wiejska,12405,33.9,50.24044,20.54287,1
1203001,1203,12,gmina małopolskie-zachodni-03-01,wiejska,20648,50.9,49.78443,19.54115,1
1203002,1203,12,gmina małopolskie-zachodni-03-02,wiejska,9146,49.0,49.66016,19.26257,1
1203003,1203,12,gmina małopolskie-zachodni-03-03,miejsko-wiejska,4674,28.2,49.74569,19.65447,0.45
1203004,1203,12,gmina małopolskie-zachodni-03-04,wiejska,7297,31.4,49.67603,19.45712,1
1203005,1203,12,gmina małopolskie-zachodni-03-05,wiejska,11662,43.3,49.736,19.56932,1
1203006,1203,12,gmina małopolskie-zachodni-03-06,wiejska,31675,96.9,49.73977,19.50894,1
1203007,1203,12,gmina małopolskie-zachodni-03-07,wiejska,8579,95.6,49.81919,19.2804,1
1204001,1204,12,gmina małopolskie-centralny-04-01,miejska,14811,116.5,49.2642,19.70862,0.08
1204002,1204,12,gmina małopolskie-centralny-04-02,wiejska,7260,31.4,49.39076,19.79267,1
1204003,1204,12,gmina małopolskie-centralny-04-03,wiejska,10378,29.5,49.35268,19.87816,1
1204004,1204,12,gmina małopolskie-centralny-04-04,wiejska,13860,51.9,49.35468,19.79281,1
1204005,1204,12,gmina małopolskie-centralny-04-05,wiejska,9431,86.0,49.20578,19.69742,1
1204006,1204,12,gmina małopolskie-centralny-04-06,wiejska,9067,47.4,49.18514,19.79707,1
1204007,1204,12,gmina małopolskie-centralny-04-07,wiejska,7644,42.7,49.25768,19.78221,1
1205001,1205,12,gmina małopolskie-miejski-05-01,wiejska,7336,28.1,49.55038,19.46038,1
1205002,1205,12,gmina małopolskie-miejski-05-02,wiejska,1800,12,49.6488,19.51701,1
1205003,1205,12,gmina małopolskie-miejski-05-03,miejsko-wiejska,16102,56.4,49.70562,19.5421,0.45
1205004,1205,12,gmina małopolskie-miejski-05-04,wiejska,15309,116.3,49.59809,19.29989,1
1205005,1205,12,gmina małopolskie-miejski-05-05,miejska,20463,159.2,49.96946,19.6199,0.08
1205006,1205,12,gmina małopolskie-miejski-05-06,wiejska,5041,18.4,49.76251,19.29118,1
1205007,1205,12,gmina małopolskie-miejski-05-07,wiejska,11398,27.9,49.74863,19.56927,1
1206001,1206,12,gmina małopolskie-północny-06-01,miejsko-wiejska,11501,44.0,49.67342,20.18123,0.45
1206002,1206,12,gmina małopolskie-północny-06-02,wiejska,6515,16.4,49.47656,20.07792,1
1206003,1206,12,gmina małopolskie-północny-06-03,wiejska,20143,53.7,49.83384,19.94869,1
1206004,1206,12,gmina małopolskie-północny-06-04,wiejska,5439,33.8,49.66975,19.73858,1
1206005,1206,12,gmina małopolskie-północny-06-05,wiejska,16296,129.1,49.68202,19.71612,1
1206006,1206,12,gmina małopolskie-północny-06-06,wiejska,5430,49.5,49.64679,19.91237,1
1206007,1206,12,gmina małopolskie-północny-06-07,miejsko-wiejska,12875,241.3,49.888,19.79338,0.45
1207001,1207,12,gmina małopolskie-południowy-07-01,miejsko-wiejska,7096,27.5,49.55412,18.95516,0.45
1207002,1207,12,gmina małopolskie-południowy-07-02,wiejska,10065,55.4,49.30573,18.98349,1
1207003,1207,12,gmina małopolskie-południowy-07-03,wiejska,19098,49.7,49.31096,19.14809,1
1207004,1207,12,gmina małopolskie-południowy-07-04,wiejska,7401,17.6,49.40673,19.14445,1
1207005,1207,12,gmina małopolskie-południowy-07-05,miejska,21247,161.9,49.21114,19.11011,0.08
1207006,1207,12,gmina małopolskie-południowy-07-06,miejska,92646,1549.9,49.22406,19.02186,0.08
1207007,1207,12,gmina małopolskie-południowy-07-07,wiejska,19966,50.6,49.3314,18.96979,1
1208001,1208,12,gmina małopolskie-wschodni-08-01,wiejska,5727,19.8,51.06969,19.38136,1
1208002,1208,12,gmina małopolskie-wschodni-08-02,wiejska,10750,40.8,50.74976,19.28791,1
1208003,1208,12,gmina małopolskie-wschodni-08-03,wiejska,3518,12,50.94561,18.98715,1
1208004,1208,12,gmina małopolskie-wschodni-08-04,miejsko-wiejska,4293,24.9,50.96955,19.38299,0.45
1208005,1208,12,gmina małopolskie-wschodni-08-05,miejska,39197,320.8,50.81957,18.99916,0.08
1208006,1208,12,gmina małopolskie-wschodni-08-06,wiejska,5903,60.1,50.9495,18.81394,1
1208007,1208,12,gmina małopolskie-wschodni-08-07,wiejska,4978,14.0,50.91862,18.93686,1
1209001,1209,12,gmina małopolskie-zachodni-09-01,wiejska,34912,263.4,49.72934,20.98221,1
1209002,1209,12,gmina małopolskie-zachodni-09-02,wiejska,6451,38.8,49.93782,21.09088,1
1209003,1209,12,gmina małopolskie-zachodni-09-03,wiejska,13488,125.7,49.56282,21.14026,1
1209004,1209,12,gmina małopolskie-zachodni-09-04,miejska,15950,206.0,49.48649,20.54295,0.08
1209005,1209,12,gmina małopolskie-zachodni-09-05,wiejska,9870,28.1,49.44452,21.00761,1
1209006,1209,12,gmina małopolskie-zachodni-09-06,miejsko-wiejska,30165,225.6,49.65234,20.91189,0.45
1209007,1209,12,gmina małopolskie-zachodni-09-07,miejsko-wiejska,14050,106.2,49.642,20.91645,0.45
1210001,1210,12,gmina małopolskie-centralny-10-01,miejska,32415,254.4,51.18796,19.23402,0.08
1210002,1210,12,gmina małopolskie-centralny-10-02,wiejska,19062,42.6,51.26122,19.56508,1
1210003,1210,12,gmina małopolskie-centralny-10-03,wiejska,6376,15.8,51.26903,19.84442,1
1210004,1210,12,gmina małopolskie-centralny-10-04,wiejska,3868,24.1,51.25419,19.32714,1
1210005,1210,12,gmina małopolskie-centralny-10-05,miejska,90137,679.2,51.31252,19.46488,0.08
1210006,1210,12,gmina małopolskie-centralny-10-06,miejska,41642,1189.0,51.37286,19.47692,0.08
1210007,1210,12,gmina małopolskie-centralny-10-07,wiejska,11751,132.1,51.23106,19.24147,1
1211001,1211,12,gmina małopolskie-miejski-11-01,wiejska,12055,91.6,49.85825,19.89911,1
1211002,1211,12,gmina małopolskie-miejski-11-02,miejsko-wiejska,5083,21.8,49.95684,20.12662,0.45
1211003,1211,12,gmina małopolskie-miejski-11-03,wiejska,11053,72.1,50.13595,20.03967,1
1211004,1211,12,gmina małopolskie-miejski-11-04,miejska,20563,147.6,49.73969,19.94556,0.08
1211005,1211,12,gmina małopolskie-miejski-11-05,wiejska,14887,54.8,50.09418,20.35986,1
1211006,1211,12,gmina małopolskie-miejski-11-06,miejsko-wiejska,6444,31.0,50.09436,20.00384,0.45
1211007,1211,12,gmina małopolskie-miejski-11-07,miejsko-wiejska,13877,72.8,49.90276,19.94398,0.45
1212001,1212,12,gmina małopolskie-północny-12-01,miejska,33270,801.7,50.73482,19.12841,0.08
1212002,1212,12,gmina małopolskie-północny-12-02,wiejska,4141,28.0,50.9782,19.4281,1
1212003,1212,12,gmina małopolskie-północny-12-03,wiejska,6374,69.2,50.72817,19.28914,1
1212004,1212,12,gmina małopolskie-północny-12-04,wiejska,4472,16.8,50.45221,19.50084,1
1212005,1212,12,gmina małopolskie-północny-12-05,miejska,20180,438.9,50.95999,19.22869,0.08
1212006,1212,12,gmina małopolskie-północny-12-06,wiejska,5315,14.0,50.80657,19.2777,1
1212007,1212,12,gmina małopolskie-północny-12-07,miejsko-wiejska,3053,19.7,50.91067,19.37069,0.45
1213001,1213,12,gmina małopolskie-południowy-13-01,wiejska,10717,27.8,49.92765,20.6295,1
1213002,1213,12,gmina małopolskie-południowy-13-02,wiejska,7210,38.2,50.13833,20.19752,1
1213003,1213,12,gmina małopolskie-południowy-13-03,miejsko-wiejska,5604,40.1,50.00682,20.37427,0.45
1213004,1213,12,gmina małopolskie-południowy-13-04,miejsko-wiejska,29638,474.3,49.72142,20.38627,0.45
1213005,1213,12,gmina małopolskie-południowy-13-05,wiejska,8295,21.6,50.05125,20.37181,1
1213006,1213,12,gmina małopolskie-południowy-13-06,miejsko-wiejska,7960,46.3,50.08036,20.22997,0.45
1213007,1213,12,gmina małopolskie-południowy-13-07,miejsko-wiejska,4502,43.1,49.92089,20.34557,0.45
1214001,1214,12,gmina małopolskie-wschodni-14-01,wiejska,3205,23.6,50.15322,19.61346,1
1214002,1214,12,gmina małopolskie-wschodni-14-02,miejsko-wiejska,15489,58.3,50.33342,19.37429,0.45
1214003,1214,12,gmina małopolskie-wschodni-14-03,wiejska,25307,83.4,50.44864,19.87699,1
1214004,1214,12,gmina małopolskie-wschodni-14-04,wiejska,11590,58.0,50.2834,19.60834,1
1214005,1214,12,gmina małopolskie-wschodni-14-05,wiejska,8250,18.8,50.02058,19.89503,1
1214006,1214,12,gmina małopolskie-wschodni-14-06,miejsko-wiejska,7705,46.2,50.19797,19.75763,0.45
1214007,1214,12,gmina małopolskie-wschodni-14-07,wiejska,4655,12,50.31407,19.78655,1
1215001,1215,12,gmina małopolskie-zachodni-15-01,wiejska,7159,33.7,50.05982,18.88019,1
1215002,1215,12,gmina małopolskie-zachodni-15-02,miejsko-wiejska,4286,17.4,50.15042,19.07854,0.45
1215003,1215,12,gmina małopolskie-zachodni-15-03,wiejska,6138,13.3,50.09145,19.20483,1
1215004,1215,12,gmina małopolskie-zachodni-15-04,wiejska,6443,19.0,49.78678,19.31818,1
1215005,1215,12,gmina małopolskie-zachodni-15-05,wiejska,10699,56.1,50.03268,19.27632,1
1215006,1215,12,gmina małopolskie-zachodni-15-06,miejska,10260,93.9,49.91279,19.46268,0.08
1215007,1215,12,gmina małopolskie-zachodni-15-07,wiejska,13945,30.2,49.8675,19.11999,1
1216001,1216,12,gmina małopolskie-centralny-16-01,wiejska,6045,34.3,50.24286,19.80975,1
1216002,1216,12,gmina małopolskie-centralny-16-02,wiejska,10876,86.6,50.09616,19.68501,1
1216003,1216,12,gmina małopolskie-centralny-16-03,miejsko-wiejska,6797,26.8,49.81401,20.04096,0.45
1216004,1216,12,gmina małopolskie-centralny-16-04,wiejska,9073,40.9,49.88044,19.58732,1
1216005,1216,12,gmina małopolskie-centralny-16-05,wiejska,3942,12,50.01741,19.6699,1
1216006,1216,12,gmina małopolskie-centralny-16-06,miejsko-wiejska,4321,27.0,50.00367,19.66968,0.45
1216007,1216,12,gmina małopolskie-centralny-16-07,wiejska,5297,34.1,49.99961,19.9821,1
1217001,1217,12,gmina małopolskie-miejski-17-01,wiejska,5821,20.5,50.18156,19.289,1
1217002,1217,12,gmina małopolskie-miejski-17-02,wiejska,19644,98.6,50.27779,19.4592,1
1217003,1217,12,gmina małopolskie-miejski-17-03,wiejska,7315,41.2,50.33654,19.65062,1
1217004,1217,12,gmina małopolskie-miejski-17-04,wiejska,10173,24.6,50.32698,19.73233,1
1217005,1217,12,gmina małopolskie-miejski-17-05,wiejska,3356,12,50.06775,19.72553,1
1217006,1217,12,gmina małopolskie-miejski-17-06,wiejska,9007,43.8,50.16557,19.32563,1
1217007,1217,12,gmina małopolskie-miejski-17-07,wiejska,7840,67.0,50.25168,19.6626,1
1218001,1218,12,gmina małopolskie-północny-18-01,wiejska,26447,262.3,50.22843,20.60424,1
1218002,1218,12,gmina małopolskie-północny-18-02,miejsko-wiejska,3406,25.2,50.31916,20.06851,0.45
1218003,1218,12,gmina małopolskie-północny-18-03,wiejska,7918,21.7,50.29134,20.263,1
1218004,1218,12,gmina małopolskie-północny-18-04,wiejska,10541,127.8,50.44722,20.4582,1
1218005,1218,12,gmina małopolskie-północny-18-05,wiejska,5031,13.1,50.11787,20.53009,1
1218006,1218,12,gmina małopolskie-północny-18-06,miejska,38781,255.7,50.20456,20.40879,0.08
1218007,1218,12,gmina małopolskie-północny-18-07,miejsko-wiejska,5670,64.2,50.32498,20.44738,0.45
1219001,1219,12,gmina małopolskie-południowy-19-01,wiejska,15891,53.3,50.2774,20.1904,1
1219002,1219,12,gmina małopolskie-południowy-19-02,miejska,26703,567.5,50.45026,19.94641,0.08
1219003,1219,12,gmina małopolskie-południowy-19-03,miejska,32361,248.3,50.37333,20.2531,0.08
1219004,1219,12,gmina małopolskie-południowy-19-04,wiejska,5321,15.3,50.18998,20.00048,1
1219005,1219,12,gmina małopolskie-południowy-19-05,wiejska,12965,37.6,50.18494,20.08592,1
1219006,1219,12,gmina małopolskie-południowy-19-06,wiejska,10585,31.7,50.16615,19.97809,1
1219007,1219,12,gmina małopolskie-południowy-19-07,wiejska,23158,63.1,50.21038,20.03583,1
1220001,1220,12,gmina małopolskie-wschodni-20-01,wiejska,24122,95.8,50.03197,19.72548,1
1220002,1220,12,gmina małopolskie-wschodni-20-02,miejsko-wiejska,9902,49.8,50.06278,19.51262,0.45
1220003,1220,12,gmina małopolskie-wschodni-20-03,wiejska,9405,26.5,49.94163,20.09546,1
1220004,1220,12,gmina małopolskie-wschodni-20-04,wiejska,3602,29.2,50.03608,20.18833,1
1220005,1220,12,gmina małopolskie-wschodni-20-05,wiejska,12896,37.3,50.01015,20.00904,1
1220006,1220,12,gmina małopolskie-wschodni-20-06,wiejska,6886,51.0,50.27287,19.76529,1
1220007,1220,12,gmina małopolskie-wschodni-20-07,miejsko-wiejska,8574,84.5,50.21729,19.87132,0.45
1221001,1221,12,gmina małopolskie-zachodni-21-01,miejska,22491,558.2,49.69906,20.13137,0.08
1221002,1221,12,gmina małopolskie-zachodni-21-02,wiejska,7439,39.5,49.95052,19.86035,1
1221003,1221,12,gmina małopolskie-zachodni-21-03,miejska,23238,214.2,49.74131,20.33174,0.08
1221004,1221,12,gmina małopolskie-zachodni-21-04,wiejska,14233,94.5,50.04112,19.80427,1
1221005,1221,12,gmina małopolskie-zachodni-21-05,wiejska,8064,30.2,49.71606,20.1282,1
1221006,1221,12,gmina małopolskie-zachodni-21-06,wiejska,4080,12,49.95275,20.12309,1
1221007,1221,12,gmina małopolskie-zachodni-21-07,wiejska,2568,12,49.89358,20.07789,1
1222001,1222,12,gmina małopolskie-centralny-22-01,wiejska,1800,12,50.07943,20.90381,1
1222002,1222,12,gmina małopolskie-centralny-22-02,wiejska,15016,105.2,49.98042,21.11574,1
1222003,1222,12,gmina małopolskie-centralny-22-03,miejsko-wiejska,24446,350.0,50.1062,21.13447,0.45
1222004,1222,12,gmina małopolskie-centralny-22-04,wiejska,13236,61.6,50.14033,20.91911,1
1222005,1222,12,gmina małopolskie-centralny-22-05,miejska,32776,528.3,50.12317,21.0725,0.08
1222006,1222,12,gmina małopolskie-centralny-22-06,wiejska,1800,13.5,50.14009,21.13151,1
1222007,1222,12,gmina małopolskie-centralny-22-07,wiejska,7603,20.5,50.10039,21.13002,1
1401001,1401,14,gmina mazowieckie-południowy-01-01,wiejska,15484,42.2,52.69011,20.77332,1
1401002,1401,14,gmina mazowieckie-południowy-01-02,wiejska,6028,14.5,52.7555,21.35643,1
1401003,1401,14,gmina mazowieckie-południowy-01-03,wiejska,8885,33.0,52.76244,21.29639,1
1401004,1401,14,gmina mazowieckie-południowy-01-04,wiejska,11088,43.4,52.59307,21.12971,1
1401005,1401,14,gmina mazowieckie-południowy-01-05,wiejska,13712,118.6,52.82668,21.15953,1
1401006,1401,14,gmina mazowieckie-południowy-01-06,miejska,43019,414.2,52.75471,21.27168,0.08
1401007,1401,14,gmina mazowieckie-południowy-01-07,miejsko-wiejska,16846,127.3,52.88698,21.22017,0.45
1402001,1402,14,gmina mazowieckie-wschodni-02-01,miejska,26016,313.5,51.89616,20.42231,0.08
1402002,1402,14,gmina mazowieckie-wschodni-02-02,wiejska,4205,38.5,51.77322,20.31039,1
1402003,1402,14,gmina mazowieckie-wschodni-02-03,wiejska,8608,27.0,51.85932,20.26829,1
1402004,1402,14,gmina mazowieckie-wschodni-02-04,wiejska,5758,26.7,51.57256,20.20768,1
1402005,1402,14,gmina mazowieckie-wschodni-02-05,miejsko-wiejska,44064,207.0,51.77732,20.38062,0.45
1402006,1402,14,gmina mazowieckie-wschodni-02-06,miejska,28052,529.7,52.13078,20.45811,0.08
1402007,1402,14,gmina mazowieckie-wschodni-02-07,wiejska,5798,52.8,51.82625,20.20217,1
1403001,1403,14,gmina mazowieckie-zachodni-03-01,wiejska,2721,12,52.54506,20.93251,1
1403002,1403,14,gmina mazowieckie-zachodni-03-02,miejsko-wiejska,9839,71.8,52.27539,20.95661,0.45
1403003,1403,14,gmina mazowieckie-zachodni-03-03,miejsko-wiejska,6047,40.5,52.83497,21.03407,0.45
1403004,1403,14,gmina mazowieckie-zachodni-03-04,miejska,46451,516.6,52.64755,20.99414,0.08
1403005,1403,14,gmina mazowieckie-zachodni-03-05,wiejska,7813,30.9,52.67303,21.10199,1
1403006,1403,14,gmina mazowieckie-zachodni-03-06,miejsko-wiejska,4511,44.6,52.70385,21.06386,0.45
1403007,1403,14,gmina mazowieckie-zachodni-03-07,wiejska,8868,106.2,52.54852,21.1572,1
1404001,1404,14,gmina mazowieckie-centralny-04-01,miejska,18305,226.2,52.18772,19.97593,0.08
1404002,1404,14,gmina mazowieckie-centralny-04-02,wiejska,11516,56.9,52.68494,20.1999,1
1404003,1404,14,gmina mazowieckie-centralny-04-03,miejska,60396,406.0,52.60479,19.89882,0.08
1404004,1404,14,gmina mazowieckie-centralny-04-04,wiejska,1800,12,52.44944,20.06775,1
1404005,1404,14,gmina mazowieckie-centralny-04-05,wiejska,9612,21.1,52.4283,20.18428,1
1404006,1404,14,gmina mazowieckie-centralny-04-06,wiejska,4525,16.8,52.57614,20.05864,1
1404007,1404,14,gmina mazowieckie-centralny-04-07,wiejska,5506,33.7,52.30456,19.91287,1
1405001,1405,14,gmina mazowieckie-miejski-05-01,miejsko-wiejska,3657,16.3,52.52903,21.1432,0.45
1405002,1405,14,gmina mazowieckie-miejski-05-02,wiejska,16097,52.2,52.58427,21.11617,1
1405003,1405,14,gmina mazowieckie-miejski-05-03,miejska,24958,171.6,52.63837,21.23303,0.08
1405004,1405,14,gmina mazowieckie-miejski-05-04,miejsko-wiejska,15820,93.3,52.64757,21.16176,0.45
1405005,1405,14,gmina mazowieckie-miejski-05-05,miejska,8744,142.9,52.63947,21.35349,0.08
1405006,1405,14,gmina mazowieckie-miejski-05-06,wiejska,10527,44.0,52.45562,21.34924,1
1405007,1405,14,gmina mazowieckie-miejski-05-07,miejsko-wiejska,10555,39.5,52.68556,21.09101,0.45
1406001,1406,14,gmina mazowieckie-północny-06-01,wiejska,5643,15.2,51.88227,20.67622,1
1406002,1406,14,gmina mazowieckie-północny-06-02,miejska,32150,1155.2,51.44857,20.57749,0.08
1406003,1406,14,gmina mazowieckie-północny-06-03,miejsko-wiejska,7851,51.8,51.80769,20.94397,0.45
1406004,1406,14,gmina mazowieckie-północny-06-04,wiejska,6638,33.2,51.81702,20.68187,1
1406005,1406,14,gmina mazowieckie-północny-06-05,wiejska,7355,19.1,52.04706,20.33733,1
1406006,1406,14,gmina mazowieckie-północny-06-06,wiejska,6369,48.7,51.6843,20.90263,1
1406007,1406,14,gmina mazowieckie-północny-06-07,miejska,44543,419.5,51.74556,20.72051,0.08
1407001,1407,14,gmina mazowieckie-południowy-07-01,wiejska,7593,17.7,52.27765,21.0743,1
1407002,1407,14,gmina mazowieckie-południowy-07-02,wiejska,12925,101.9,52.17413,20.71413,1
1407003,1407,14,gmina mazowieckie-południowy-07-03,wiejska,13865,42.0,52.36084,20.77155,1
1407004,1407,14,gmina mazowieckie-południowy-07-04,miejsko-wiejska,24505,129.2,52.32039,21.18265,0.45
1407005,1407,14,gmina mazowieckie-południowy-07-05,miejsko-wiejska,4394,20.7,52.32171,21.54321,0.45
1407006,1407,14,gmina mazowieckie-południowy-07-06,miejsko-wiejska,9766,50.7,52.44489,21.0951,0.45
1407007,1407,14,gmina mazowieckie-południowy-07-07,miejska,14569,109.2,52.12044,21.31702,0.08
1408001,1408,14,gmina mazowieckie-wschodni-08-01,wiejska,9172,19.4,52.3096,20.88179,1
1408002,1408,14,gmina mazowieckie-wschodni-08-02,wiejska,12154,65.0,52.17477,20.79008,1
1408003,1408,14,gmina mazowieckie-wschodni-08-03,wiejska,3605,12.9,52.09276,20.88037,1
1408004,1408,14,gmina mazowieckie-wschodni-08-04,wiejska,17342,89.1,52.12655,20.95531,1
1408005,1408,14,gmina mazowieckie-wschodni-08-05,wiejska,3086,12,52.0904,21.2997,1
1408006,1408,14,gmina mazowieckie-wschodni-08-06,miejska,38528,715.1,51.71571,21.07503,0.08
1408007,1408,14,gmina mazowieckie-wschodni-08-07,wiejska,7633,17.0,51.98328,21.00612,1
1409001,1409,14,gmina mazowieckie-zachodni-09-01,miejsko-wiejska,13692,50.7,52.05312,21.08846,0.45
1409002,1409,14,gmina mazowieckie-zachodni-09-02,miejska,37663,273.4,52.22113,21.00076,0.08
1409003,1409,14,gmina mazowieckie-zachodni-09-03,wiejska,3556,13.1,52.03169,20.98159,1
1409004,1409,14,gmina mazowieckie-zachodni-09-04,miejska,25827,243.4,52.05785,21.08077,0.08
1409005,1409,14,gmina mazowieckie-zachodni-09-05,wiejska,7905,55.7,51.82135,21.42247,1
1409006,1409,14,gmina mazowieckie-zachodni-09-06,miejsko-wiejska,7395,77.9,51.93888,20.99913,0.45
1409007,1409,14,gmina mazowieckie-zachodni-09-07,miejsko-wiejska,5340,18.7,52.03395,21.22036,0.45
1410001,1410,14,gmina mazowieckie-centralny-10-01,wiejska,5413,14.0,52.7297,19.81943,1
1410002,1410,14,gmina mazowieckie-centralny-10-02,miejsko-wiejska,2510,12,52.52549,19.39259,0.45
1410003,1410,14,gmina mazowieckie-centralny-10-03,miejska,16265,288.4,52.67107,19.22569,0.08
1410004,1410,14,gmina mazowieckie-centralny-10-04,wiejska,4310,12,52.8076,19.62208,1
1410005,1410,14,gmina mazowieckie-centralny-10-05,miejska,14447,252.2,52.62247,19.58056,0.08
1410006,1410,14,gmina mazowieckie-centralny-10-06,wiejska,13880,67.3,52.83484,19.45558,1
1410007,1410,14,gmina mazowieckie-centralny-10-07,miejska,27315,771.1,52.73503,19.95502,0.08
1411001,1411,14,gmina mazowieckie-miejski-11-01,miejska,9023,114.8,52.25541,20.83322,0.08
1411002,1411,14,gmina mazowieckie-miejski-11-02,miejsko-wiejska,5436,20.3,52.08321,20.80981,0.45
1411003,1411,14,gmina mazowieckie-miejski-11-03,miejska,38912,831.7,52.17101,20.94041,0.08
1411004,1411,14,gmina mazowieckie-miejski-11-04,wiejska,8549,54.8,52.07009,21.4847,1
1411005,1411,14,gmina mazowieckie-miejski-11-05,miejska,28547,212.1,52.13164,20.85376,0.08
1411006,1411,14,gmina mazowieckie-miejski-11-06,miejska,12792,233.7,52.05668,21.26573,0.08
1411007,1411,14,gmina mazowieckie-miejski-11-07,wiejska,11598,36.0,51.97813,20.99964,1
1412001,1412,14,gmina mazowieckie-północny-12-01,miejsko-wiejska,9591,106.8,52.27908,20.87489,0.45
1412002,1412,14,gmina mazowieckie-północny-12-02,miejsko-wiejska,6527,31.8,52.50361,20.76452,0.45
1412003,1412,14,gmina mazowieckie-północny-12-03,miejska,55892,596.3,52.13641,20.59707,0.08
1412004,1412,14,gmina mazowieckie-północny-12-04,miejska,16045,253.4,52.30165,20.90609,0.08
1412005,1412,14,gmina mazowieckie-północny-12-05,wiejska,17644,69.8,52.259,20.42065,1
1412006,1412,14,gmina mazowieckie-północny-12-06,wiejska,8465,25.8,52.33443,21.17457,1
1412007,1412,14,gmina mazowieckie-północny-12-07,wiejska,17486,84.2,52.19703,20.70311,1
1413001,1413,14,gmina mazowieckie-południowy-13-01,wiejska,7640,18.4,51.59251,21.24464,1
1413002,1413,14,gmina mazowieckie-południowy-13-02,wiejska,4126,25.9,51.54473,20.86917,1
1413003,1413,14,gmina mazowieckie-południowy-13-03,wiejska,7849,20.7,51.64919,21.11965,1
1413004,1413,14,gmina mazowieckie-południowy-13-04,miejska,44950,585.3,51.37464,20.92567,0.08
1413005,1413,14,gmina mazowieckie-południowy-13-05,wiejska,16252,40.0,51.5712,21.44963,1
1413006,1413,14,gmina mazowieckie-południowy-13-06,wiejska,15601,63.2,51.42309,21.49206,1
1413007,1413,14,gmina mazowieckie-południowy-13-07,miejska,37515,612.9,51.45226,21.22662,0.08
1414001,1414,14,gmina mazowieckie-wschodni-14-01,wiejska,2875,27.8,52.74196,20.22309,1
1414002,1414,14,gmina mazowieckie-wschodni-14-02,wiejska,5864,42.3,52.76556,20.12736,1
1414003,1414,14,gmina mazowieckie-wschodni-14-03,wiejska,26145,118.0,52.89893,20.15183,1
1414004,1414,14,gmina mazowieckie-wschodni-14-04,wiejska,13676,63.3,52.75681,20.14244,1
1414005,1414,14,gmina mazowieckie-wschodni-14-05,wiejska,2618,15.5,53.10419,20.17079,1
1414006,1414,14,gmina mazowieckie-wschodni-14-06,miejska,7204,61.5,52.7479,20.03698,0.08
1414007,1414,14,gmina mazowieckie-wschodni-14-07,wiejska,11949,117.2,52.79782,20.03945,1
1415001,1415,14,gmina mazowieckie-zachodni-15-01,miejsko-wiejska,8760,58.6,52.39514,20.75945,0.45
1415002,1415,14,gmina mazowieckie-zachodni-15-02,wiejska,10002,26.4,52.35863,20.99734,1
1415003,1415,14,gmina mazowieckie-zachodni-15-03,wiejska,1800,12,52.45383,20.84598,1
1415004,1415,14,gmina mazowieckie-zachodni-15-04,wiejska,11478,27.4,52.44276,20.92489,1
1415005,1415,14,gmina mazowieckie-zachodni-15-05,miejska,30375,291.6,52.75631,20.56033,0.08
1415006,1415,14,gmina mazowieckie-zachodni-15-06,miejska,34894,554.7,52.56133,20.73029,0.08
1415007,1415,14,gmina mazowieckie-zachodni-15-07,wiejska,13533,42.1,52.52035,20.71781,1
1416001,1416,14,gmina mazowieckie-centralny-16-01,miejska,17677,123.1,52.306,20.35912,0.08
1416002,1416,14,gmina mazowieckie-centralny-16-02,miejsko-wiejska,13147,76.9,52.06957,20.37448,0.45
1416003,1416,14,gmina mazowieckie-centralny-16-03,wiejska,6729,22.5,52.22812,20.46315,1
1416004,1416,14,gmina mazowieckie-centralny-16-04,wiejska,3022,18.3,52.22766,20.27416,1
1416005,1416,14,gmina mazowieckie-centralny-16-05,miejsko-wiejska,9771,106.4,52.02419,20.16683,0.45
1416006,1416,14,gmina mazowieckie-centralny-16-06,wiejska,22882,221.1,52.12639,20.2528,1
1416007,1416,14,gmina mazowieckie-centralny-16-07,wiejska,5904,18.2,52.28271,20.28109,1
1417001,1417,14,gmina mazowieckie-miejski-17-01,wiejska,15962,75.5,51.94771,21.63829,1
1417002,1417,14,gmina mazowieckie-miejski-17-02,wiejska,1800,12,52.0525,21.86347,1
1417003,1417,14,gmina mazowieckie-miejski-17-03,miejska,8353,96.7,52.17138,21.94039,0.08
1417004,1417,14,gmina mazowieckie-miejski-17-04,wiejska,7842,37.6,51.89636,21.84337,1
1417005,1417,14,gmina mazowieckie-miejski-17-05,wiejska,5023,12,51.93801,21.71602,1
1417006,1417,14,gmina mazowieckie-miejski-17-06,wiejska,4860,14.5,51.85592,21.33214,1
1417007,1417,14,gmina mazowieckie-miejski-17-07,wiejska,18975,145.6,51.95179,21.52615,1
1418001,1418,14,gmina mazowieckie-północny-18-01,wiejska,8088,19.8,52.47171,21.97945,1
1418002,1418,14,gmina mazowieckie-północny-18-02,miejsko-wiejska,15978,166.6,52.42515,21.94956,0.45
1418003,1418,14,gmina mazowieckie-północny-18-03,wiejska,6842,20.2,52.43015,21.95896,1
1418004,1418,14,gmina mazowieckie-północny-18-04,miejsko-wiejska,4230,67.2,52.30424,21.91349,0.45
1418005,1418,14,gmina mazowieckie-północny-18-05,miejsko-wiejska,6747,25.6,52.16712,22.11313,0.45
1418006,1418,14,gmina mazowieckie-północny-18-06,wiejska,5325,41.1,52.36403,21.94398,1
1418007,1418,14,gmina mazowieckie-północny-18-07,miejsko-wiejska,26543,170.3,52.57007,21.9598,0.45
1419001,1419,14,gmina mazowieckie-południowy-19-01,miejska,34806,589.8,52.74916,21.1181,0.08
1419002,1419,14,gmina mazowieckie-południowy-19-02,miejsko-wiejska,4402,48.6,52.65939,21.20175,0.45
1419003,1419,14,gmina mazowieckie-południowy-19-03,wiejska,12586,114.1,52.53032,21.10939,1
1419004,1419,14,gmina mazowieckie-południowy-19-04,miejsko-wiejska,3326,12,52.68398,21.32786,0.45
1419005,1419,14,gmina mazowieckie-południowy-19-05,miejska,11720,158.6,52.70853,21.196,0.08
1419006,1419,14,gmina mazowieckie-południowy-19-06,wiejska,15786,129.6,52.53377,21.05752,1
1419007,1419,14,gmina mazowieckie-południowy-19-07,miejska,15611,178.9,52.7725,21.2171,0.08
1420001,1420,14,gmina mazowieckie-wschodni-20-01,wiejska,8288,52.7,52.9695,21.17307,1
1420002,1420,14,gmina mazowieckie-wschodni-20-02,miejska,22896,294.3,52.84014,21.19916,0.08
1420003,1420,14,gmina mazowieckie-wschodni-20-03,miejska,27080,544.2,53.06028,21.34684,0.08
1420004,1420,14,gmina mazowieckie-wschodni-20-04,wiejska,13333,98.0,52.77776,21.35917,1
1420005,1420,14,gmina mazowieckie-wschodni-20-05,wiejska,9010,34.4,52.82333,21.22653,1
1420006,1420,14,gmina mazowieckie-wschodni-20-06,wiejska,5904,48.4,52.92028,21.48862,1
1420007,1420,14,gmina mazowieckie-wschodni-20-07,wiejska,9540,52.2,52.75031,21.2436,1
1421001,1421,14,gmina mazowieckie-zachodni-21-01,wiejska,8168,25.8,52.4499,20.7787,1
1421002,1421,14,gmina mazowieckie-zachodni-21-02,miejsko-wiejska,10470,51.0,52.44488,20.92129,0.45
1421003,1421,14,gmina mazowieckie-zachodni-21-03,miejska,24031,328.9,52.45648,21.03111,0.08
1421004,1421,14,gmina mazowieckie-zachodni-21-04,miejsko-wiejska,2856,12,52.70487,20.69998,0.45
1421005,1421,14,gmina mazowieckie-zachodni-21-05,wiejska,8113,20.1,52.70991,20.82189,1
1421006,1421,14,gmina mazowieckie-zachodni-21-06,wiejska,8340,27.1,52.59402,20.67928,1
1421007,1421,14,gmina mazowieckie-zachodni-21-07,wiejska,5424,12,52.43975,20.45579,1
1422001,1422,14,gmina mazowieckie-centralny-22-01,wiejska,7839,49.0,52.41924,20.64824,1
1422002,1422,14,gmina mazowieckie-centralny-22-02,wiejska,4622,22.9,51.99856,20.41852,1
1422003,1422,14,gmina mazowieckie-centralny-22-03,wiejska,15216,36.3,52.31246,20.59985,1
1422004,1422,14,gmina mazowieckie-centralny-22-04,miejsko-wiejska,6199,21.6,52.47246,20.58245,0.45
1422005,1422,14,gmina mazowieckie-centralny-22-05,wiejska,30082,100.8,52.01639,20.49655,1
1422006,1422,14,gmina mazowieckie-centralny-22-06,miejsko-wiejska,5351,101.1,52.21805,21.15574,0.45
1422007,1422,14,gmina mazowieckie-centralny-22-07,wiejska,4155,21.6,52.29927,20.61614,1
1423001,1423,14,gmina mazowieckie-miejski-23-01,miejsko-wiejska,8675,65.5,52.58882,20.44398,0.45
1423002,1423,14,gmina mazowieckie-miejski-23-02,miejska,32962,423.0,52.74555,20.52058,0.08
1423003,1423,14,gmina mazowieckie-miejski-23-03,wiejska,8469,20.2,52.50404,20.3124,1
1423004,1423,14,gmina mazowieckie-miejski-23-04,miejsko-wiejska,9475,48.9,52.46375,20.13805,0.45
1423005,1423,14,gmina mazowieckie-miejski-23-05,wiejska,2911,12,52.39968,20.17184,1
1423006,1423,14,gmina mazowieckie-miejski-23-06,wiejska,6347,28.6,52.62161,20.48517,1
1423007,1423,14,gmina mazowieckie-miejski-23-07,wiejska,5763,14.2,52.64053,20.22341,1
1424001,1424,14,gmina mazowieckie-północny-24-01,wiejska,4987,12,52.60339,21.00342,1
1424002,1424,14,gmina mazowieckie-północny-24-02,wiejska,14384,39.5,52.65975,20.96571,1
1424003,1424,14,gmina mazowieckie-północny-24-03,wiejska,15164,34.6,52.50316,20.84558,1
1424004,1424,14,gmina mazowieckie-północny-24-04,wiejska,10174,23.4,52.60144,20.60958,1
1424005,1424,14,gmina mazowieckie-północny-24-05,wiejska,5791,25.9,52.42216,20.85218,1
1424006,1424,14,gmina mazowieckie-północny-24-06,miejska,15565,350.1,52.40894,20.86173,0.08
1424007,1424,14,gmina mazowieckie-północny-24-07,wiejska,13715,55.1,52.59192,21.04314,1
1425001,1425,14,gmina mazowieckie-południowy-25-01,wiejska,15585,112.4,53.03402,21.6028,1
1425002,1425,14,gmina mazowieckie-południowy-25-02,miejsko-wiejska,9911,46.6,52.63342,21.66972,0.45
1425003,1425,14,gmina mazowieckie-południowy-25-03,miejsko-wiejska,23386,94.3,52.73929,21.18696,0.45
1425004,1425,14,gmina mazowieckie-południowy-25-04,wiejska,10960,70.4,52.46657,21.45603,1
1425005,1425,14,gmina mazowieckie-południowy-25-05,miejsko-wiejska,11208,117.3,52.70473,21.50867,0.45
1425006,1425,14,gmina mazowieckie-południowy-25-06,miejsko-wiejska,4400,30.9,52.46422,21.05237,0.45
1425007,1425,14,gmina mazowieckie-południowy-25-07,miejska,42582,542.2,52.74977,21.61248,0.08
1426001,1426,14,gmina mazowieckie-wschodni-26-01,wiejska,5519,56.4,52.81251,21.06967,1
1426002,1426,14,gmina mazowieckie-wschodni-26-02,wiejska,8746,62.9,52.83904,21.75749,1
1426003,1426,14,gmina mazowieckie-wschodni-26-03,miejsko-wiejska,3146,35.3,52.77247,21.56542,0.45
1426004,1426,14,gmina mazowieckie-wschodni-26-04,miejska,32371,260.1,52.77846,21.26412,0.08
1426005,1426,14,gmina mazowieckie-wschodni-26-05,wiejska,14398,54.3,52.94949,21.24039,1
1426006,1426,14,gmina mazowieckie-wschodni-26-06,miejska,33194,466.4,52.90414,21.66506,0.08
1426007,1426,14,gmina mazowieckie-wschodni-26-07,wiejska,5120,60.8,52.9662,21.47345,1
1427001,1427,14,gmina mazowieckie-zachodni-27-01,miejsko-wiejska,5038,20.5,51.72121,21.17766,0.45
1427002,1427,14,gmina mazowieckie-zachodni-27-02,miejsko-wiejska,20692,132.8,51.61877,20.90716,0.45
1427003,1427,14,gmina mazowieckie-zachodni-27-03,miejsko-wiejska,18724,260.3,51.48473,20.77713,0.45
1427004,1427,14,gmina mazowieckie-zachodni-27-04,miejsko-wiejska,10992,126.1,51.59945,21.15624,0.45
1427005,1427,14,gmina mazowieckie-zachodni-27-05,wiejska,12972,35.0,51.37084,21.00879,1
1427006,1427,14,gmina mazowieckie-zachodni-27-06,wiejska,12465,56.8,51.52403,20.81189,1
1427007,1427,14,gmina mazowieckie-zachodni-27-07,wiejska,8212,26.8,51.84533,20.81661,1
1428001,1428,14,gmina mazowieckie-centralny-28-01,miejska,37289,398.6,51.80116,20.78677,0.08
1428002,1428,14,gmina mazowieckie-centralny-28-02,miejska,32478,941.2,51.88694,20.52412,0.08
1428003,1428,14,gmina mazowieckie-centralny-28-03,miejska,44061,367.0,51.79244,20.91861,0.08
1428004,1428,14,gmina mazowieckie-centralny-28-04,wiejska,9105,66.4,51.76919,20.35167,1
1428005,1428,14,gmina mazowieckie-centralny-28-05,wiejska,7709,72.4,51.61227,20.97307,1
1428006,1428,14,gmina mazowieckie-centralny-28-06,miejsko-wiejska,11076,137.3,51.68686,20.76826,0.45
1428007,1428,14,gmina mazowieckie-centralny-28-07,wiejska,14983,31.7,51.7307,20.71408,1
1429001,1429,14,gmina mazowieckie-miejski-29-01,wiejska,13879,61.7,52.76736,21.27337,1
1429002,1429,14,gmina mazowieckie-miejski-29-02,wiejska,7457,54.1,52.79078,21.69689,1
1429003,1429,14,gmina mazowieckie-miejski-29-03,miejsko-wiejska,6628,31.8,53.01364,21.25164,0.45
1429004,1429,14,gmina mazowieckie-miejski-29-04,wiejska,24961,138.9,52.9881,21.48568,1
1429005,1429,14,gmina mazowieckie-miejski-29-05,miejska,32545,554.4,52.69939,21.36428,0.08
1429006,1429,14,gmina mazowieckie-miejski-29-06,miejsko-wiejska,14134,70.8,52.73628,21.3055,0.45
1429007,1429,14,gmina mazowieckie-miejski-29-07,miejsko-wiejska,14992,78.4,52.69421,21.23029,0.45
1430001,1430,14,gmina mazowieckie-północny-30-01,wiejska,10251,48.9,52.07193,20.21713,1
1430002,1430,14,gmina mazowieckie-północny-30-02,wiejska,6879,43.8,51.90231,20.73125,1
1430003,1430,14,gmina mazowieckie-północny-30-03,wiejska,3354,18.7,51.85771,20.29332,1
1430004,1430,14,gmina mazowieckie-północny-30-04,miejska,32148,226.0,51.9869,20.65408,0.08
1430005,1430,14,gmina mazowieckie-północny-30-05,miejsko-wiejska,2715,12,51.89696,20.57413,0.45
1430006,1430,14,gmina mazowieckie-północny-30-06,wiejska,3566,12,51.96276,20.6505,1
1430007,1430,14,gmina mazowieckie-północny-30-07,miejska,10068,378.4,51.80418,20.53345,0.08
1431001,1431,14,gmina mazowieckie-południowy-31-01,miejsko-wiejska,13119,67.9,52.14826,20.49779,0.45
1431002,1431,14,gmina mazowieckie-południowy-31-02,miejsko-wiejska,18840,94.9,52.28594,20.50342,0.45
1431003,1431,14,gmina mazowieckie-południowy-31-03,miejska,22915,662.1,52.32561,20.11498,0.08
1431004,1431,14,gmina mazowieckie-południowy-31-04,miejsko-wiejska,7254,27.9,52.29832,20.2181,0.45
1431005,1431,14,gmina mazowieckie-południowy-31-05,miejsko-wiejska,5300,61.9,52.33323,20.74263,0.45
1431006,1431,14,gmina mazowieckie-południowy-31-06,miejska,10565,217.6,52.08208,20.51428,0.08
1431007,1431,14,gmina mazowieckie-południowy-31-07,wiejska,4528,31.7,52.14175,20.31717,1
1432001,1432,14,gmina mazowieckie-wschodni-32-01,miejska,32872,1139.7,51.94428,20.93223,0.08
1432002,1432,14,gmina mazowieckie-wschodni-32-02,miejsko-wiejska,12723,157.8,52.08438,21.04422,0.45
1432003,1432,14,gmina mazowieckie-wschodni-32-03,wiejska,3000,12,52.10048,21.20058,1
1432004,1432,14,gmina mazowieckie-wschodni-32-04,wiejska,7159,19.8,52.1559,20.98628,1
1432005,1432,14,gmina mazowieckie-wschodni-32-05,wiejska,5168,26.2,51.72225,21.40104,1
1432006,1432,14,gmina mazowieckie-wschodni-32-06,wiejska,11932,30.5,52.01194,21.14261,1
1432007,1432,14,gmina mazowieckie-wschodni-32-07,miejska,13916,130.5,51.82794,21.25912,0.08
1433001,1433,14,gmina mazowieckie-zachodni-33-01,wiejska,13362,50.0,52.68363,21.50124,1
1433002,1433,14,gmina mazowieckie-zachodni-33-02,miejska,22376,158.0,52.69586,21.26525,0.08
1433003,1433,14,gmina mazowieckie-zachodni-33-03,miejska,31789,311.4,52.53322,21.44919,0.08
1433004,1433,14,gmina mazowieckie-zachodni-33-04,wiejska,14041,39.0,52.71949,21.23893,1
1433005,1433,14,gmina mazowieckie-zachodni-33-05,wiejska,8186,48.0,52.73592,21.47808,1
1433006,1433,14,gmina mazowieckie-zachodni-33-06,wiejska,26461,243.5,52.52072,21.20484,1
1433007,1433,14,gmina mazowieckie-zachodni-33-07,wiejska,6920,21.5,52.61413,21.2368,1
1434001,1434,14,gmina mazowieckie-centralny-34-01,wiejska,13173,34.5,51.25723,21.27359,1
1434002,1434,14,gmina mazowieckie-centralny-34-02,miejsko-wiejska,12688,136.5,51.27015,20.76683,0.45
1434003,1434,14,gmina mazowieckie-centralny-34-03,miejska,13681,123.2,51.33821,20.99723,0.08
1434004,1434,14,gmina mazowieckie-centralny-34-04,miejska,19568,200.4,51.34984,21.24403,0.08
1434005,1434,14,gmina mazowieckie-centralny-34-05,miejsko-wiejska,10399,74.4,51.14438,21.05581,0.45
1434006,1434,14,gmina mazowieckie-centralny-34-06,wiejska,6294,41.1,51.33831,21.424,1
1434007,1434,14,gmina mazowieckie-centralny-34-07,wiejska,13406,60.2,51.41072,21.28265,1
1435001,1435,14,gmina mazowieckie-miejski-35-01,wiejska,4915,12.5,52.20812,20.97385,1
1435002,1435,14,gmina mazowieckie-miejski-35-02,wiejska,10745,122.3,52.20005,21.2209,1
1435003,1435,14,gmina mazowieckie-miejski-35-03,miejska,17225,150.4,52.22216,21.2576,0.08
1435004,1435,14,gmina mazowieckie-miejski-35-04,wiejska,10111,24.8,52.12006,20.82985,1
1435005,1435,14,gmina mazowieckie-miejski-35-05,miejsko-wiejska,11500,63.5,52.24328,21.29442,0.45
1435006,1435,14,gmina mazowieckie-miejski-35-06,wiejska,11771,38.2,52.21955,21.52829,1
1435007,1435,14,gmina mazowieckie-miejski-35-07,wiejska,23455,103.0,52.26787,21.04672,1
1436001,1436,14,gmina mazowieckie-północny-36-01,miejsko-wiejska,12651,235.9,52.88142,19.75131,0.45
1436002,1436,14,gmina mazowieckie-północny-36-02,miejsko-wiejska,7279,27.7,52.84371,19.95409,0.45
1436003,1436,14,gmina mazowieckie-północny-36-03,miejsko-wiejska,5658,22.2,53.00913,20.31329,0.45
1436004,1436,14,gmina mazowieckie-północny-36-04,miejsko-wiejska,10693,42.1,52.72138,19.95686,0.45
1436005,1436,14,gmina mazowieckie-północny-36-05,miejska,61789,1792.3,52.79924,19.90049,0.08
1436006,1436,14,gmina mazowieckie-północny-36-06,wiejska,13849,31.8,52.6265,19.97704,1
1436007,1436,14,gmina mazowieckie-północny-36-07,miejska,54034,435.3,52.86279,19.77981,0.08
1437001,1437,14,gmina mazowieckie-południowy-37-01,wiejska,4796,39.1,52.02188,21.41327,1
1437002,1437,14,gmina mazowieckie-południowy-37-02,wiejska,20564,171.0,51.90914,21.35343,1
1437003,1437,14,gmina mazowieckie-południowy-37-03,miejsko-wiejska,5710,86.0,51.95289,21.14634,0.45
1437004,1437,14,gmina mazowieckie-południowy-37-04,wiejska,8440,25.1,52.08754,21.39577,1
1437005,1437,14,gmina mazowieckie-południowy-37-05,wiejska,10784,56.9,51.95279,21.19608,1
1437006,1437,14,gmina mazowieckie-południowy-37-06,wiejska,9692,67.9,52.17816,21.56659,1
1437007,1437,14,gmina mazowieckie-południowy-37-07,miejsko-wiejska,11996,44.7,51.96482,21.098,0.45
1438001,1438,14,gmina mazowieckie-wschodni-38-01,miejska,23528,186.6,51.62652,21.89629,0.08
1438002,1438,14,gmina mazowieckie-wschodni-38-02,miejsko-wiejska,14345,153.0,51.51702,22.07292,0.45
1438003,1438,14,gmina mazowieckie-wschodni-38-03,wiejska,13069,135.8,51.58612,21.79328,1
1438004,1438,14,gmina mazowieckie-wschodni-38-04,wiejska,8263,71.6,51.90319,21.84593,1
1438005,1438,14,gmina mazowieckie-wschodni-38-05,wiejska,12219,69.6,51.5408,22.03296,1
1438006,1438,14,gmina mazowieckie-wschodni-38-06,miejska,34524,286.2,51.71601,21.49197,0.08
1438007,1438,14,gmina mazowieckie-wschodni-38-07,wiejska,12306,55.5,51.35948,22.08526,1
1439001,1439,14,gmina mazowieckie-zachodni-39-01,wiejska,1800,12,52.33894,21.04263,1
1439002,1439,14,gmina mazowieckie-zachodni-39-02,wiejska,10685,63.2,52.38365,21.57089,1
1439003,1439,14,gmina mazowieckie-zachodni-39-03,wiejska,6277,17.2,52.423,21.78058,1
1439004,1439,14,gmina mazowieckie-zachodni-39-04,wiejska,16323,61.9,52.15819,21.31335,1
1439005,1439,14,gmina mazowieckie-zachodni-39-05,wiejska,3018,12,52.38719,21.20817,1
1439006,1439,14,gmina mazowieckie-zachodni-39-06,wiejska,13119,32.6,52.2742,21.43457,1
1439007,1439,14,gmina mazowieckie-zachodni-39-07,wiejska,2419,12,52.34087,21.49599,1
1440001,1440,14,gmina mazowieckie-centralny-40-01,wiejska,10248,30.2,51.95132,21.49909,1
1440002,1440,14,gmina mazowieckie-centralny-40-02,wiejska,15082,39.8,52.02115,21.41406,1
1440003,1440,14,gmina mazowieckie-centralny-40-03,wiejska,5426,15.2,51.91641,21.51708,1
1440004,1440,14,gmina mazowieckie-centralny-40-04,miejska,27378,299.4,51.94366,21.35611,0.08
1440005,1440,14,gmina mazowieckie-centralny-40-05,miejska,9697,104.6,52.01083,21.60051,0.08
1440006,1440,14,gmina mazowieckie-centralny-40-06,wiejska,5828,26.6,51.93747,21.29005,1
1440007,1440,14,gmina mazowieckie-centralny-40-07,miejsko-wiejska,4376,19.7,52.16696,21.69436,0.45
1441001,1441,14,gmina mazowieckie-miejski-41-01,miejsko-wiejska,11760,54.9,52.82337,21.06477,0.45
1441002,1441,14,gmina mazowieckie-miejski-41-02,miejska,22770,204.5,52.68509,21.52428,0.08
1441003,1441,14,gmina mazowieckie-miejski-41-03,wiejska,9454,31.9,52.5326,20.79562,1
1441004,1441,14,gmina mazowieckie-miejski-41-04,miejsko-wiejska,6817,41.8,52.67788,21.13174,0.45
1441005,1441,14,gmina mazowieckie-miejski-41-05,wiejska,4372,23.3,52.72756,21.20561,1
1441006,1441,14,gmina mazowieckie-miejski-41-06,miejska,29833,205.0,52.71008,20.56434,0.08
1441007,1441,14,gmina mazowieckie-miejski-41-07,wiejska,10273,21.8,52.42502,21.08463,1
1442001,1442,14,gmina mazowieckie-północny-42-01,miejska,26771,837.8,52.41343,21.23373,0.08
1442002,1442,14,gmina mazowieckie-północny-42-02,wiejska,8905,29.8,52.29108,21.72107,1
1442003,1442,14,gmina mazowieckie-północny-42-03,wiejska,8900,26.6,52.08381,21.05087,1
1442004,1442,14,gmina mazowieckie-północny-42-04,wiejska,16504,40.8,52.03016,21.15451,1
1442005,1442,14,gmina mazowieckie-północny-42-05,wiejska,18955,57.3,52.24874,20.81416,1
1442006,1442,14,gmina mazowieckie-północny-42-06,wiejska,10725,73.2,52.07526,21.35291,1
1442007,1442,14,gmina mazowieckie-północny-42-07,wiejska,13026,36.1,52.35909,21.26635,1
1601001,1601,16,gmina opolskie-południowy-01-01,wiejska,11190,28.8,50.15368,17.54867,1
1601002,1601,16,gmina opolskie-południowy-01-02,wiejska,5134,28.0,50.41851,17.8773,1
1601003,1601,16,gmina opolskie-południowy-01-03,wiejska,16197,35.2,50.26724,17.8618,1
1601004,1601,16,gmina opolskie-południowy-01-04,wiejska,4790,51.7,50.41054,17.20529,1
1601005,1601,16,gmina opolskie-południowy-01-05,wiejska,36133,125.2,50.30045,18.16579,1
1601006,1601,16,gmina opolskie-południowy-01-06,miejsko-wiejska,6532,78.6,50.31348,18.11622,0.45
1601007,1601,16,gmina opolskie-południowy-01-07,wiejska,7592,23.0,50.51638,17.92419,1
1602001,1602,16,gmina opolskie-wschodni-02-01,miejska,26011,175.7,50.94666,18.168,0.08
1602002,1602,16,gmina opolskie-wschodni-02-02,miejska,28922,483.0,50.79929,18.00301,0.08
1602003,1602,16,gmina opolskie-wschodni-02-03,miejska,22639,166.0,50.49998,18.01767,0.08
1602004,1602,16,gmina opolskie-wschodni-02-04,wiejska,7826,20.9,50.70636,17.9467,1
1602005,1602,16,gmina opolskie-wschodni-02-05,miejsko-wiejska,5159,21.0,50.77723,18.11594,0.45
1602006,1602,16,gmina opolskie-wschodni-02-06,wiejska,6158,13.1,50.52284,18.18144,1
1602007,1602,16,gmina opolskie-wschodni-02-07,wiejska,33158,111.3,50.54897,18.18474,1
1603001,1603,16,gmina opolskie-zachodni-03-01,miejska,20102,152.1,51.16405,17.51902,0.08
1603002,1603,16,gmina opolskie-zachodni-03-02,miejsko-wiejska,6682,27.3,50.96454,17.29082,0.45
1603003,1603,16,gmina opolskie-zachodni-03-03,miejsko-wiejska,5717,27.3,51.30699,17.40178,0.45
1603004,1603,16,gmina opolskie-zachodni-03-04,miejsko-wiejska,11555,72.7,51.17245,17.24345,0.45
1603005,1603,16,gmina opolskie-zachodni-03-05,wiejska,9594,28.9,51.13255,17.37931,1
1603006,1603,16,gmina opolskie-zachodni-03-06,miejska,21221,323.8,51.09748,17.28104,0.08
1603007,1603,16,gmina opolskie-zachodni-03-07,miejsko-wiejska,2509,20.2,51.19577,17.77291,0.45
1604001,1604,16,gmina opolskie-centralny-04-01,miejsko-wiejska,6357,53.7,50.51937,18.75236,0.45
1604002,1604,16,gmina opolskie-centralny-04-02,miejsko-wiejska,9186,150.1,50.63151,18.35864,0.45
1604003,1604,16,gmina opolskie-centralny-04-03,miejsko-wiejska,14390,140.0,50.64834,18.458,0.45
1604004,1604,16,gmina opolskie-centralny-04-04,wiejska,5647,16.5,50.65115,18.80115,1
1604005,1604,16,gmina opolskie-centralny-04-05,wiejska,19776,92.7,50.76796,18.9751,1
1604006,1604,16,gmina opolskie-centralny-04-06,wiejska,11535,50.2,50.77359,18.90794,1
1604007,1604,16,gmina opolskie-centralny-04-07,miejska,40219,354.5,50.55152,18.66533,0.08
1605001,1605,16,gmina opolskie-miejski-05-01,miejska,43624,589.0,50.55386,17.6845,0.08
1605002,1605,16,gmina opolskie-miejski-05-02,wiejska,17042,42.4,50.293,17.53463,1
1605003,1605,16,gmina opolskie-miejski-05-03,miejsko-wiejska,5559,32.9,50.38294,17.68621,0.45
1605004,1605,16,gmina opolskie-miejski-05-04,wiejska,10782,25.9,50.43871,17.88836,1
1605005,1605,16,gmina opolskie-miejski-05-05,wiejska,9045,27.7,50.26391,17.64766,1
1605006,1605,16,gmina opolskie-miejski-05-06,wiejska,5935,14.7,50.57119,17.65624,1
1605007,1605,16,gmina opolskie-miejski-05-07,wiejska,16348,37.9,50.41132,17.43699,1
1606001,1606,16,gmina opolskie-północny-06-01,miejsko-wiejska,13162,51.0,50.82106,18.71989,0.45
1606002,1606,16,gmina opolskie-północny-06-02,wiejska,14132,94.4,50.87633,18.67148,1
1606003,1606,16,gmina opolskie-północny-06-03,miejska,92868,610.2,50.77996,18.32541,0.08
1606004,1606,16,gmina opolskie-północny-06-04,miejsko-wiejska,11581,112.9,50.82893,18.44623,0.45
1606005,1606,16,gmina opolskie-północny-06-05,wiejska,8365,21.6,50.75742,18.38879,1
1606006,1606,16,gmina opolskie-północny-06-06,wiejska,23510,126.5,50.78319,18.20864,1
1606007,1606,16,gmina opolskie-północny-06-07,miejsko-wiejska,12636,50.0,50.97182,18.40102,0.45
1607001,1607,16,gmina opolskie-południowy-07-01,wiejska,11569,86.2,50.7677,18.68744,1
1607002,1607,16,gmina opolskie-południowy-07-02,wiejska,8401,25.5,50.75857,18.57798,1
1607003,1607,16,gmina opolskie-południowy-07-03,miejsko-wiejska,6971,53.9,51.02961,18.41414,0.45
1607004,1607,16,gmina opolskie-południowy-07-04,miejsko-wiejska,3711,31.2,50.69195,18.79217,0.45
1607005,1607,16,gmina opolskie-południowy-07-05,wiejska,11691,134.6,50.76781,18.50635,1
1607006,1607,16,gmina opolskie-południowy-07-06,wiejska,6964,21.3,50.51423,18.42189,1
1607007,1607,16,gmina opolskie-południowy-07-07,wiejska,4042,25.8,50.73378,18.74092,1
1608001,1608,16,gmina opolskie-wschodni-08-01,wiejska,2590,21.7,51.10517,17.86284,1
1608002,1608,16,gmina opolskie-wschodni-08-02,wiejska,17313,79.4,51.12678,18.20305,1
1608003,1608,16,gmina opolskie-wschodni-08-03,wiejska,15526,48.1,50.7528,18.48817,1
1608004,1608,16,gmina opolskie-wschodni-08-04,wiejska,2641,12,51.00077,18.38636,1
1608005,1608,16,gmina opolskie-wschodni-08-05,wiejska,4604,28.9,50.85178,18.58649,1
1608006,1608,16,gmina opolskie-wschodni-08-06,miejsko-wiejska,6287,22.4,51.21697,18.35088,0.45
1608007,1608,16,gmina opolskie-wschodni-08-07,miejsko-wiejska,26442,136.7,50.9298,18.3477,0.45
1609001,1609,16,gmina opolskie-zachodni-09-01,miejsko-wiejska,8734,31.5,50.96306,19.21194,0.45
1609002,1609,16,gmina opolskie-zachodni-09-02,miejsko-wiejska,7158,87.8,51.06711,19.18088,0.45
1609003,1609,16,gmina opolskie-zachodni-09-03,miejsko-wiejska,6342,46.3,50.84411,18.92783,0.45
1609004,1609,16,gmina opolskie-zachodni-09-04,wiejska,5088,24.7,50.88577,19.307,1
1609005,1609,16,gmina opolskie-zachodni-09-05,wiejska,1800,12,50.8912,19.09355,1
1609006,1609,16,gmina opolskie-zachodni-09-06,miejsko-wiejska,9065,70.5,50.6557,19.34621,0.45
1609007,1609,16,gmina opolskie-zachodni-09-07,miejska,31278,630.1,50.79462,18.91564,0.08
1610001,1610,16,gmina opolskie-centralny-10-01,miejska,30909,800.8,50.64642,16.54916,0.08
1610002,1610,16,gmina opolskie-centralny-10-02,wiejska,9316,24.3,50.72573,16.90727,1
1610003,1610,16,gmina opolskie-centralny-10-03,miejska,4225,32.9,50.50162,16.54215,0.08
1610004,1610,16,gmina opolskie-centralny-10-04,wiejska,7209,29.2,50.42515,16.92488,1
1610005,1610,16,gmina opolskie-centralny-10-05,wiejska,13007,156.0,50.51793,16.62177,1
1610006,1610,16,gmina opolskie-centralny-10-06,wiejska,15307,71.1,50.74978,16.76832,1
1610007,1610,16,gmina opolskie-centralny-10-07,miejska,25351,246.9,50.60443,16.90851,0.08
1611001,1611,16,gmina opolskie-miejski-11-01,miejsko-wiejska,3538,23.4,51.3203,17.53239,0.45
1611002,1611,16,gmina opolskie-miejski-11-02,wiejska,13765,29.3,51.35122,17.93977,1
1611003,1611,16,gmina opolskie-miejski-11-03,miejska,65694,811.5,51.27342,17.53383,0.08
1611004,1611,16,gmina opolskie-miejski-11-04,miejsko-wiejska,6715,32.3,51.21275,17.78461,0.45
1611005,1611,16,gmina opolskie-miejski-11-05,miejska,100968,1692.0,51.14829,17.40622,0.08
1611006,1611,16,gmina opolskie-miejski-11-06,wiejska,13114,97.1,51.41484,17.55222,1
1611007,1611,16,gmina opolskie-miejski-11-07,wiejska,13561,55.5,51.22172,17.57609,1
1612001,1612,16,gmina opolskie-północny-12-01,wiejska,3857,12,50.72942,18.73626,1
1612002,1612,16,gmina opolskie-północny-12-02,miejska,19286,172.0,50.71292,18.81846,0.08
1612003,1612,16,gmina opolskie-północny-12-03,miejsko-wiejska,5867,23.3,50.75965,18.71007,0.45
1612004,1612,16,gmina opolskie-północny-12-04,miejsko-wiejska,22439,257.6,50.81827,18.74972,0.45
1612005,1612,16,gmina opolskie-północny-12-05,wiejska,3964,15.7,50.61092,18.38046,1
1612006,1612,16,gmina opolskie-północny-12-06,miejsko-wiejska,13268,156.3,50.75053,18.15356,0.45
1612007,1612,16,gmina opolskie-północny-12-07,wiejska,28980,142.3,50.98721,18.35939,1
1801001,1801,18,gmina podkarpackie-południowy-01-01,miejsko-wiejska,4896,29.3,49.43459,21.11336,0.45
1801002,1801,18,gmina podkarpackie-południowy-01-02,wiejska,4166,37.5,49.48442,21.43965,1
1801003,1801,18,gmina podkarpackie-południowy-01-03,wiejska,24920,82.2,49.4174,21.07951,1
1801004,1801,18,gmina podkarpackie-południowy-01-04,wiejska,6583,16.8,49.44687,21.49465,1
1801005,1801,18,gmina podkarpackie-południowy-01-05,miejsko-wiejska,14979,53.5,49.51096,21.30365,0.45
1801006,1801,18,gmina podkarpackie-południowy-01-06,wiejska,6625,40.9,49.32395,21.62521,1
1801007,1801,18,gmina podkarpackie-południowy-01-07,wiejska,9804,22.2,49.35967,21.75187,1
1802001,1802,18,gmina podkarpackie-wschodni-02-01,wiejska,18198,102.4,49.35868,21.52467,1
1802002,1802,18,gmina podkarpackie-wschodni-02-02,miejsko-wiejska,8870,40.6,49.44417,21.82461,0.45
1802003,1802,18,gmina podkarpackie-wschodni-02-03,wiejska,3588,12,49.33353,21.48461,1
1802004,1802,18,gmina podkarpackie-wschodni-02-04,wiejska,27974,166.2,49.50483,21.51564,1
1802005,1802,18,gmina podkarpackie-wschodni-02-05,wiejska,6785,18.5,49.48532,21.65162,1
1802006,1802,18,gmina podkarpackie-wschodni-02-06,miejsko-wiejska,17985,76.9,49.3745,21.59384,0.45
1802007,1802,18,gmina podkarpackie-wschodni-02-07,miejsko-wiejska,14086,56.3,49.47984,21.55954,0.45
1803001,1803,18,gmina podkarpackie-zachodni-03-01,wiejska,4203,19.8,50.15068,22.54889,1
1803002,1803,18,gmina podkarpackie-zachodni-03-02,wiejska,22886,52.4,50.4025,22.28057,1
1803003,1803,18,gmina podkarpackie-zachodni-03-03,wiejska,14633,36.9,50.10531,22.16635,1
1803004,1803,18,gmina podkarpackie-zachodni-03-04,wiejska,2258,14.0,50.09006,22.14404,1
1803005,1803,18,gmina podkarpackie-zachodni-03-05,miejska,12944,113.4,50.37868,22.66518,0.08
1803006,1803,18,gmina podkarpackie-zachodni-03-06,miejsko-wiejska,2893,33.1,50.04294,22.4662,0.45
1803007,1803,18,gmina podkarpackie-zachodni-03-07,wiejska,9678,27.5,50.17577,22.20236,1
1804001,1804,18,gmina podkarpackie-centralny-04-01,wiejska,22044,80.8,50.18536,20.74293,1
1804002,1804,18,gmina podkarpackie-centralny-04-02,wiejska,7774,18.5,50.26412,20.8905,1
1804003,1804,18,gmina podkarpackie-centralny-04-03,miejska,22151,165.9,50.31031,21.26695,0.08
1804004,1804,18,gmina podkarpackie-centralny-04-04,wiejska,5033,17.9,49.7921,21.02769,1
1804005,1804,18,gmina podkarpackie-centralny-04-05,wiejska,8288,33.3,49.87202,21.15437,1
1804006,1804,18,gmina podkarpackie-centralny-04-06,miejsko-wiejska,15153,58.6,50.13248,21.23486,0.45
1804007,1804,18,gmina podkarpackie-centralny-04-07,wiejska,23456,121.6,50.08439,21.37687,1
1805001,1805,18,gmina podkarpackie-miejski-05-01,miejsko-wiejska,3560,21.2,49.18604,21.99013,0.45
1805002,1805,18,gmina podkarpackie-miejski-05-02,wiejska,6108,16.1,49.22397,22.12964,1
1805003,1805,18,gmina podkarpackie-miejski-05-03,miejska,16912,186.4,49.30101,21.88024,0.08
1805004,1805,18,gmina podkarpackie-miejski-05-04,miejsko-wiejska,8866,50.9,49.1146,21.73637,0.45
1805005,1805,18,gmina podkarpackie-miejski-05-05,wiejska,19431,77.4,49.24529,21.91804,1
1805006,1805,18,gmina podkarpackie-miejski-05-06,miejsko-wiejska,5498,19.5,49.24143,22.06745,0.45
1805007,1805,18,gmina podkarpackie-miejski-05-07,wiejska,12989,65.7,49.12116,21.9108,1
1806001,1806,18,gmina podkarpackie-północny-06-01,miejsko-wiejska,14193,64.9,49.99895,22.19581,0.45
1806002,1806,18,gmina podkarpackie-północny-06-02,miejska,27247,563.1,49.82359,22.19904,0.08
1806003,1806,18,gmina podkarpackie-północny-06-03,miejska,26407,176.1,49.74119,22.22994,0.08
1806004,1806,18,gmina podkarpackie-północny-06-04,wiejska,8154,39.5,49.80875,22.57815,1
1806005,1806,18,gmina podkarpackie-północny-06-05,miejsko-wiejska,7353,30.7,49.80021,22.01566,0.45
1806006,1806,18,gmina podkarpackie-północny-06-06,wiejska,4260,29.4,49.95703,22.2467,1
1806007,1806,18,gmina podkarpackie-północny-06-07,miejsko-wiejska,6000,62.2,50.00687,22.47863,0.45
1807001,1807,18,gmina podkarpackie-południowy-07-01,miejska,15852,146.0,50.48439,22.11944,0.08
1807002,1807,18,gmina podkarpackie-południowy-07-02,wiejska,6864,27.3,50.38762,21.97317,1
1807003,1807,18,gmina podkarpackie-południowy-07-03,wiejska,9284,36.0,50.12751,22.07825,1
1807004,1807,18,gmina podkarpackie-południowy-07-04,wiejska,4060,18.9,50.19917,22.16191,1
1807005,1807,18,gmina podkarpackie-południowy-07-05,wiejska,6636,58.6,50.27293,21.86958,1
1807006,1807,18,gmina podkarpackie-południowy-07-06,miejska,35096,410.5,50.25724,22.03955,0.08
1808001,1808,18,gmina podkarpackie-wschodni-08-01,miejsko-wiejska,10214,134.3,50.35327,22.68441,0.45
1808002,1808,18,gmina podkarpackie-wschodni-08-02,wiejska,7509,26.8,50.37808,22.42223,1
1808003,1808,18,gmina podkarpackie-wschodni-08-03,wiejska,14831,53.9,50.35646,22.58902,1
1808004,1808,18,gmina podkarpackie-wschodni-08-04,miejska,39573,719.5,50.32267,21.89555,0.08
1808005,1808,18,gmina podkarpackie-wschodni-08-05,wiejska,17401,49.8,50.29776,21.97167,1
1808006,1808,18,gmina podkarpackie-wschodni-08-06,wiejska,5774,21.1,50.30126,22.02541,1
1809001,1809,18,gmina podkarpackie-zachodni-09-01,miejska,13226,153.5,50.05127,21.63258,0.08
1809002,1809,18,gmina podkarpackie-zachodni-09-02,miejska,49401,899.5,50.38989,21.48328,0.08
1809003,1809,18,gmina podkarpackie-zachodni-09-03,miejsko-wiejska,6991,38.2,50.32031,21.98998,0.45
1809004,1809,18,gmina podkarpackie-zachodni-09-04,wiejska,2718,12,50.35319,21.35198,1
1809005,1809,18,gmina podkarpackie-zachodni-09-05,wiejska,11514,90.8,50.21081,21.71148,1
1809006,1809,18,gmina podkarpackie-zachodni-09-06,wiejska,24143,110.9,50.19398,21.5166,1
1810001,1810,18,gmina podkarpackie-centralny-10-01,wiejska,4580,12.4,49.76714,22.06277,1
1810002,1810,18,gmina podkarpackie-centralny-10-02,miejska,28671,261.1,49.96533,22.56984,0.08
1810003,1810,18,gmina podkarpackie-centralny-10-03,miejsko-wiejska,7514,36.0,50.05359,22.15136,0.45
1810004,1810,18,gmina podkarpackie-centralny-10-04,miejsko-wiejska,19779,373.7,49.90194,21.78716,0.45
1810005,1810,18,gmina podkarpackie-centralny-10-05,miejska,9855,97.9,49.97727,21.86303,0.08
1810006,1810,18,gmina podkarpackie-centralny-10-06,miejsko-wiejska,17649,68.0,49.90245,21.95634,0.45
1811001,1811,18,gmina podkarpackie-miejski-11-01,wiejska,11917,119.1,50.19355,21.99734,1
1811002,1811,18,gmina podkarpackie-miejski-11-02,wiejska,10095,72.2,50.38877,21.78505,1
1811003,1811,18,gmina podkarpackie-miejski-11-03,miejska,34114,397.4,50.56025,21.67911,0.08
1811004,1811,18,gmina podkarpackie-miejski-11-04,wiejska,21263,106.0,50.40865,21.9156,1
1811005,1811,18,gmina podkarpackie-miejski-11-05,wiejska,16498,98.4,50.44088,22.1158,1
1811006,1811,18,gmina podkarpackie-miejski-11-06,miejska,22916,250.9,50.24899,21.72108,0.08
1812001,1812,18,gmina podkarpackie-północny-12-01,wiejska,23413,65.5,50.08499,22.14375,1
1812002,1812,18,gmina podkarpackie-północny-12-02,miejsko-wiejska,11934,150.4,50.14399,21.87652,0.45
1812003,1812,18,gmina podkarpackie-północny-12-03,miejska,17861,128.2,49.98515,21.97708,0.08
1812004,1812,18,gmina podkarpackie-północny-12-04,miejsko-wiejska,9902,88.5,50.1512,21.69273,0.45
1812005,1812,18,gmina podkarpackie-północny-12-05,wiejska,12723,35.0,50.25947,22.22719,1
1812006,1812,18,gmina podkarpackie-północny-12-06,miejsko-wiejska,20353,81.2,50.13363,21.92965,0.45
1813001,1813,18,gmina podkarpackie-południowy-13-01,miejsko-wiejska,7757,30.5,50.00157,22.45444,0.45
1813002,1813,18,gmina podkarpackie-południowy-13-02,wiejska,26552,102.6,50.09549,22.22816,1
1813003,1813,18,gmina podkarpackie-południowy-13-03,miejska,14223,173.7,50.08538,22.28391,0.08
1813004,1813,18,gmina podkarpackie-południowy-13-04,wiejska,8224,25.5,49.93358,22.60689,1
1813005,1813,18,gmina podkarpackie-południowy-13-05,miejska,20544,190.1,49.81975,22.33954,0.08
1813006,1813,18,gmina podkarpackie-południowy-13-06,wiejska,24101,63.8,49.83505,22.39958,1
1814001,1814,18,gmina podkarpackie-wschodni-14-01,wiejska,3009,12,49.40588,21.26129,1
1814002,1814,18,gmina podkarpackie-wschodni-14-02,wiejska,26166,143.5,49.23832,21.4023,1
1814003,1814,18,gmina podkarpackie-wschodni-14-03,wiejska,1800,12,49.23676,21.55443,1
1814004,1814,18,gmina podkarpackie-wschodni-14-04,miejsko-wiejska,14736,60.9,49.3917,21.23972,0.45
1814005,1814,18,gmina podkarpackie-wschodni-14-05,wiejska,4625,19.6,49.21831,21.56386,1
1814006,1814,18,gmina podkarpackie-wschodni-14-06,wiejska,10008,69.4,49.35072,21.48366,1
1815001,1815,18,gmina podkarpackie-zachodni-15-01,wiejska,13171,78.3,49.50981,20.74669,1
1815002,1815,18,gmina podkarpackie-zachodni-15-02,miejsko-wiejska,17470,157.0,49.44076,21.02639,0.45
1815003,1815,18,gmina podkarpackie-zachodni-15-03,miejska,73540,1737.4,49.38234,20.97988,0.08
1815004,1815,18,gmina podkarpackie-zachodni-15-04,wiejska,13309,71.5,49.39815,20.77622,1
1815005,1815,18,gmina podkarpackie-zachodni-15-05,miejsko-wiejska,7994,52.5,49.45226,20.76429,0.45
1815006,1815,18,gmina podkarpackie-zachodni-15-06,wiejska,6420,20.7,49.59143,20.89109,1
1816001,1816,18,gmina podkarpackie-centralny-16-01,wiejska,6827,64.7,49.75162,22.18976,1
1816002,1816,18,gmina podkarpackie-centralny-16-02,wiejska,12296,66.6,50.05349,22.6745,1
1816003,1816,18,gmina podkarpackie-centralny-16-03,wiejska,12593,54.1,49.76191,22.23153,1
1816004,1816,18,gmina podkarpackie-centralny-16-04,miejsko-wiejska,2756,21.0,49.73653,22.03319,0.45
1816005,1816,18,gmina podkarpackie-centralny-16-05,miejska,19197,645.9,49.71641,22.29308,0.08
1816006,1816,18,gmina podkarpackie-centralny-16-06,wiejska,6556,14.0,49.82172,22.31134,1
1817001,1817,18,gmina podkarpackie-miejski-17-01,wiejska,7766,33.9,49.79959,21.97034,1
1817002,1817,18,gmina podkarpackie-miejski-17-02,miejska,50338,628.3,49.76038,22.10101,0.08
1817003,1817,18,gmina podkarpackie-miejski-17-03,wiejska,8718,21.1,49.88685,22.26502,1
1817004,1817,18,gmina podkarpackie-miejski-17-04,wiejska,10718,40.0,50.04187,22.36959,1
1817005,1817,18,gmina podkarpackie-miejski-17-05,wiejska,45984,222.0,49.91131,22.28405,1
1817006,1817,18,gmina podkarpackie-miejski-17-06,wiejska,5728,42.3,49.81401,22.18042,1
1818001,1818,18,gmina podkarpackie-północny-18-01,wiejska,5408,20.8,50.46352,22.70544,1
1818002,1818,18,gmina podkarpackie-północny-18-02,miejska,8143,62.3,50.27623,22.5713,0.08
1818003,1818,18,gmina podkarpackie-północny-18-03,wiejska,10477,24.5,50.54173,22.86573,1
1818004,1818,18,gmina podkarpackie-północny-18-04,wiejska,15749,150.3,50.43906,22.92811,1
1818005,1818,18,gmina podkarpackie-północny-18-05,miejsko-wiejska,14328,122.7,50.56643,22.30799,0.45
1818006,1818,18,gmina podkarpackie-północny-18-06,miejska,22469,231.9,50.55222,23.01308,0.08
1819001,1819,18,gmina podkarpackie-południowy-19-01,miejsko-wiejska,3297,41.6,49.83316,22.53905,0.45
1819002,1819,18,gmina podkarpackie-południowy-19-02,miejska,23265,248.3,49.78672,22.86145,0.08
1819003,1819,18,gmina podkarpackie-południowy-19-03,wiejska,12347,29.6,49.92172,22.73735,1
1819004,1819,18,gmina podkarpackie-południowy-19-04,wiejska,7951,19.4,49.63362,22.57222,1
1819005,1819,18,gmina podkarpackie-południowy-19-05,wiejska,8130,31.6,49.94273,22.72178,1
1819006,1819,18,gmina podkarpackie-południowy-19-06,wiejska,5389,40.7,50.04911,22.70194,1
1820001,1820,18,gmina podkarpackie-wschodni-20-01,miejsko-wiejska,6118,52.9,50.03412,21.22617,0.45
1820002,1820,18,gmina podkarpackie-wschodni-20-02,wiejska,10787,36.7,50.18639,21.64582,1
1820003,1820,18,gmina podkarpackie-wschodni-20-03,miejsko-wiejska,16738,59.1,49.99044,21.31579,0.45
1820004,1820,18,gmina podkarpackie-wschodni-20-04,miejsko-wiejska,5233,40.5,50.21351,21.33277,0.45
1820005,1820,18,gmina podkarpackie-wschodni-20-05,wiejska,6098,71.6,50.10528,21.22266,1
1820006,1820,18,gmina podkarpackie-wschodni-20-06,wiejska,2999,12,49.80113,21.45901,1
1821001,1821,18,gmina podkarpackie-zachodni-21-01,miejsko-wiejska,8959,78.1,49.75712,21.11986,0.45
1821002,1821,18,gmina podkarpackie-zachodni-21-02,miejska,45416,1234.9,49.69649,21.19249,0.08
1821003,1821,18,gmina podkarpackie-zachodni-21-03,miejsko-wiejska,10275,95.0,49.86849,21.40432,0.45
1821004,1821,18,gmina podkarpackie-zachodni-21-04,wiejska,5549,16.0,49.74588,21.15986,1
1821005,1821,18,gmina podkarpackie-zachodni-21-05,wiejska,4337,16.2,49.88013,21.13068,1
1821006,1821,18,gmina podkarpackie-zachodni-21-06,wiejska,12062,38.9,49.86051,20.94372,1
1822001,1822,18,gmina podkarpackie-centralny-22-01,miejsko-wiejska,7403,52.1,49.73735,21.68997,0.45
1822002,1822,18,gmina podkarpackie-centralny-22-02,wiejska,1800,12,49.65518,21.81459,1
1822003,1822,18,gmina podkarpackie-centralny-22-03,wiejska,23015,217.9,49.67229,21.79726,1
1822004,1822,18,gmina podkarpackie-centralny-22-04,wiejska,16068,44.3,49.64568,21.60702,1
1822005,1822,18,gmina podkarpackie-centralny-22-05,wiejska,19530,54.1,49.57761,21.78249,1
1822006,1822,18,gmina podkarpackie-centralny-22-06,wiejska,11114,29.0,49.59837,21.68532,1
1823001,1823,18,gmina podkarpackie-miejski-23-01,wiejska,9998,41.5,50.25091,22.70593,1
1823002,1823,18,gmina podkarpackie-miejski-23-02,wiejska,8502,19.9,50.26676,22.9822,1
1823003,1823,18,gmina podkarpackie-miejski-23-03,miejska,42777,533.8,50.37169,22.9031,0.08
1823004,1823,18,gmina podkarpackie-miejski-23-04,wiejska,5701,26.6,50.23418,22.94996,1
1823005,1823,18,gmina podkarpackie-miejski-23-05,wiejska,4976,15.1,50.18951,22.64744,1
1823006,1823,18,gmina podkarpackie-miejski-23-06,wiejska,13467,39.7,50.20492,22.74953,1
1824001,1824,18,gmina podkarpackie-północny-24-01,miejsko-wiejska,10533,56.3,49.4264,22.17726,0.45
1824002,1824,18,gmina podkarpackie-północny-24-02,miejska,52282,498.5,49.71079,22.656,0.08
1824003,1824,18,gmina podkarpackie-północny-24-03,wiejska,1800,12,49.3885,22.1684,1
1824004,1824,18,gmina podkarpackie-północny-24-04,miejsko-wiejska,6251,98.7,49.46126,22.0521,0.45
1824005,1824,18,gmina podkarpackie-północny-24-05,wiejska,7282,20.4,49.33272,21.91974,1
1824006,1824,18,gmina podkarpackie-północny-24-06,miejsko-wiejska,27875,144.0,49.45829,22.14446,0.45
1825001,1825,18,gmina podkarpackie-południowy-25-01,wiejska,11382,25.0,49.67418,21.98777,1
1825002,1825,18,gmina podkarpackie-południowy-25-02,miejsko-wiejska,3435,23.3,49.5724,21.95113,0.45
1825003,1825,18,gmina podkarpackie-południowy-25-03,miejska,44711,657.9,49.78379,22.58879,0.08
1825004,1825,18,gmina podkarpackie-południowy-25-04,wiejska,6947,15.9,49.45676,22.37334,1
1825005,1825,18,gmina podkarpackie-południowy-25-05,miejsko-wiejska,5949,44.2,49.56987,22.17725,0.45
1825006,1825,18,gmina podkarpackie-południowy-25-06,wiejska,6623,21.9,49.51035,22.57338,1
2001001,2001,20,gmina podlaskie-południowy-01-01,miejsko-wiejska,3563,26.7,52.92821,22.19282,0.45
2001002,2001,20,gmina podlaskie-południowy-01-02,wiejska,5979,28.5,53.14635,22.46297,1
2001003,2001,20,gmina podlaskie-południowy-01-03,wiejska,16951,50.3,53.0723,22.05223,1
2001004,2001,20,gmina podlaskie-południowy-01-04,miejska,14548,98.6,52.99768,22.23793,0.08
2001005,2001,20,gmina podlaskie-południowy-01-05,wiejska,2476,12,53.23211,22.39494,1
2001006,2001,20,gmina podlaskie-południowy-01-06,miejsko-wiejska,5637,56.3,53.10537,21.77586,0.45
2002001,2002,20,gmina podlaskie-wschodni-02-01,wiejska,16127,184.9,53.67251,22.5564,1
2002002,2002,20,gmina podlaskie-wschodni-02-02,wiejska,14317,49.7,53.41302,22.62068,1
2002003,2002,20,gmina podlaskie-wschodni-02-03,wiejska,11723,29.2,53.66697,23.0487,1
2002004,2002,20,gmina podlaskie-wschodni-02-04,miejska,18616,253.9,53.28853,23.13243,0.08
2002005,2002,20,gmina podlaskie-wschodni-02-05,wiejska,5001,13.5,53.51576,22.92663,1
2002006,2002,20,gmina podlaskie-wschodni-02-06,wiejska,6699,21.3,53.45089,22.80079,1
2003001,2003,20,gmina podlaskie-zachodni-03-01,miejska,41420,456.1,52.80132,22.71961,0.08
2003002,2003,20,gmina podlaskie-zachodni-03-02,miejska,25856,182.3,52.84266,22.394,0.08
2003003,2003,20,gmina podlaskie-zachodni-03-03,wiejska,23759,65.2,53.00317,22.54183,1
2003004,2003,20,gmina podlaskie-zachodni-03-04,miejsko-wiejska,6726,30.7,52.85466,22.49778,0.45
2003005,2003,20,gmina podlaskie-zachodni-03-05,miejsko-wiejska,25868,225.5,53.10933,22.35993,0.45
2003006,2003,20,gmina podlaskie-zachodni-03-06,wiejska,11173,35.5,52.90069,22.56412,1
2004001,2004,20,gmina podlaskie-centralny-04-01,wiejska,3928,12,52.75895,23.41827,1
2004002,2004,20,gmina podlaskie-centralny-04-02,wiejska,3769,12,52.98996,23.42965,1
2004003,2004,20,gmina podlaskie-centralny-04-03,wiejska,3961,14.8,52.80746,23.2364,1
2004004,2004,20,gmina podlaskie-centralny-04-04,miejsko-wiejska,2717,12,52.67681,23.32323,0.45
2004005,2004,20,gmina podlaskie-centralny-04-05,wiejska,12855,54.3,52.89405,23.30514,1
2004006,2004,20,gmina podlaskie-centralny-04-06,wiejska,8437,26.7,52.80955,23.50454,1
2005001,2005,20,gmina podlaskie-miejski-05-01,wiejska,3069,17.1,52.97083,23.56986,1
2005002,2005,20,gmina podlaskie-miejski-05-02,miejsko-wiejska,7507,30.5,53.10861,23.29932,0.45
2005003,2005,20,gmina podlaskie-miejski-05-03,wiejska,15946,34.6,53.12144,23.31052,1
2005004,2005,20,gmina podlaskie-miejski-05-04,miejsko-wiejska,10064,80.1,53.03409,23.18732,0.45
2005005,2005,20,gmina podlaskie-miejski-05-05,miejska,31366,1156.3,52.96327,23.37085,0.08
2005006,2005,20,gmina podlaskie-miejski-05-06,wiejska,8805,20.2,53.01264,23.19976,1
2006001,2006,20,gmina podlaskie-północny-06-01,wiejska,34695,94.0,53.2703,24.13734,1
2006002,2006,20,gmina podlaskie-północny-06-02,miejsko-wiejska,2375,12,53.18962,23.67822,0.45
2006003,2006,20,gmina podlaskie-północny-06-03,wiejska,6997,16.3,53.34798,23.72147,1
2006004,2006,20,gmina podlaskie-północny-06-04,miejsko-wiejska,10381,206.3,53.27923,23.8328,0.45
2006005,2006,20,gmina podlaskie-północny-06-05,miejsko-wiejska,19101,372.2,53.45043,23.78409,0.45
2006006,2006,20,gmina podlaskie-północny-06-06,wiejska,12842,55.6,53.1982,24.04018,1
2007001,2007,20,gmina podlaskie-południowy-07-01,wiejska,6731,14.4,52.6022,22.61677,1
2007002,2007,20,gmina podlaskie-południowy-07-02,miejsko-wiejska,17374,234.8,52.93349,22.72745,0.45
2007003,2007,20,gmina podlaskie-południowy-07-03,wiejska,8015,25.0,52.91939,22.38979,1
2007004,2007,20,gmina podlaskie-południowy-07-04,wiejska,4340,26.5,53.23848,22.47382,1
2007005,2007,20,gmina podlaskie-południowy-07-05,miejska,26722,677.2,53.15531,22.40147,0.08
2007006,2007,20,gmina podlaskie-południowy-07-06,wiejska,6773,19.9,52.89945,22.41417,1
2008001,2008,20,gmina podlaskie-wschodni-08-01,wiejska,3313,12,53.49301,23.22626,1
2008002,2008,20,gmina podlaskie-wschodni-08-02,wiejska,7153,36.5,53.36006,23.15444,1
2008003,2008,20,gmina podlaskie-wschodni-08-03,wiejska,4707,18.9,53.50567,23.0395,1
2008004,2008,20,gmina podlaskie-wschodni-08-04,miejska,9341,211.2,53.60097,22.94958,0.08
2008005,2008,20,gmina podlaskie-wschodni-08-05,wiejska,7049,81.4,53.49042,22.83219,1
2008006,2008,20,gmina podlaskie-wschodni-08-06,wiejska,7922,19.9,53.3794,22.95027,1
2009001,2009,20,gmina podlaskie-zachodni-09-01,miejsko-wiejska,3440,15.7,53.51247,23.25782,0.45
2009002,2009,20,gmina podlaskie-zachodni-09-02,miejsko-wiejska,8580,35.7,53.39953,23.14804,0.45
2009003,2009,20,gmina podlaskie-zachodni-09-03,miejska,13885,337.9,53.43558,23.49478,0.08
2009004,2009,20,gmina podlaskie-zachodni-09-04,wiejska,4824,12.3,53.40042,23.41792,1
2009005,2009,20,gmina podlaskie-zachodni-09-05,wiejska,8373,22.4,53.5992,23.30414,1
2009006,2009,20,gmina podlaskie-zachodni-09-06,wiejska,12391,46.0,53.32799,23.25921,1
2010001,2010,20,gmina podlaskie-centralny-10-01,wiejska,6996,20.2,53.01024,23.15707,1
2010002,2010,20,gmina podlaskie-centralny-10-02,wiejska,19350,111.4,53.02614,23.58008,1
2010003,2010,20,gmina podlaskie-centralny-10-03,wiejska,7952,26.0,52.88833,23.35043,1
2010004,2010,20,gmina podlaskie-centralny-10-04,wiejska,5067,15.2,52.882,23.53818,1
2010005,2010,20,gmina podlaskie-centralny-10-05,wiejska,8704,19.1,53.2231,23.31303,1
2010006,2010,20,gmina podlaskie-centralny-10-06,miejska,17154,133.5,53.02707,23.37546,0.08
2011001,2011,20,gmina podlaskie-miejski-11-01,miejsko-wiejska,4841,46.1,53.77407,24.40711,0.45
2011002,2011,20,gmina podlaskie-miejski-11-02,miejska,29274,198.7,54.07604,24.47902,0.08
2011003,2011,20,gmina podlaskie-miejski-11-03,wiejska,19094,92.8,54.04657,24.67549,1
2011004,2011,20,gmina podlaskie-miejski-11-04,miejska,48519,581.4,53.81675,24.3349,0.08
2011005,2011,20,gmina podlaskie-miejski-11-05,wiejska,6571,32.4,53.75494,24.30794,1
2011006,2011,20,gmina podlaskie-miejski-11-06,miejsko-wiejska,1881,12,53.81492,24.42434,0.45
2012001,2012,20,gmina podlaskie-północny-12-01,wiejska,20006,52.5,53.29968,23.06459,1
2012002,2012,20,gmina podlaskie-północny-12-02,wiejska,35824,167.0,53.15146,23.54461,1
2012003,2012,20,gmina podlaskie-północny-12-03,wiejska,3926,13.1,53.29967,22.95203,1
2012004,2012,20,gmina podlaskie-północny-12-04,miejska,38081,295.8,53.36267,23.00317,0.08
2012005,2012,20,gmina podlaskie-północny-12-05,miejsko-wiejska,21981,228.7,53.07272,23.06814,0.45
2012006,2012,20,gmina podlaskie-północny-12-06,wiejska,4127,13.5,52.99288,23.42135,1
2013001,2013,20,gmina podlaskie-południowy-13-01,wiejska,5372,14.8,53.44563,22.7955,1
2013002,2013,20,gmina podlaskie-południowy-13-02,wiejska,6822,24.5,53.59251,22.92973,1
2013003,2013,20,gmina podlaskie-południowy-13-03,wiejska,6685,30.1,53.5181,22.81961,1
2013004,2013,20,gmina podlaskie-południowy-13-04,wiejska,3275,12,53.42267,22.69748,1
2013005,2013,20,gmina podlaskie-południowy-13-05,miejska,16783,147.6,53.31635,22.45054,0.08
2013006,2013,20,gmina podlaskie-południowy-13-06,wiejska,6587,35.9,53.33441,22.62568,1
2014001,2014,20,gmina podlaskie-wschodni-14-01,wiejska,6319,22.0,53.2448,23.0667,1
2014002,2014,20,gmina podlaskie-wschodni-14-02,wiejska,20257,51.5,53.12972,23.20279,1
2014003,2014,20,gmina podlaskie-wschodni-14-03,wiejska,8750,24.5,53.15452,23.3239,1
2014004,2014,20,gmina podlaskie-wschodni-14-04,miejsko-wiejska,8316,29.2,53.38148,23.22124,0.45
2014005,2014,20,gmina podlaskie-wschodni-14-05,wiejska,6886,70.5,53.20492,23.48824,1
2014006,2014,20,gmina podlaskie-wschodni-14-06,wiejska,8507,21.8,53.17142,22.96743,1
2015001,2015,20,gmina podlaskie-zachodni-15-01,wiejska,11442,105.5,53.35107,22.50892,1
2015002,2015,20,gmina podlaskie-zachodni-15-02,miejsko-wiejska,8768,90.6,52.96102,23.10494,0.45
2015003,2015,20,gmina podlaskie-zachodni-15-03,wiejska,6224,46.2,53.28786,22.87235,1
2015004,2015,20,gmina podlaskie-zachodni-15-04,miejsko-wiejska,9602,76.0,53.28158,23.05861,0.45
2015005,2015,20,gmina podlaskie-zachodni-15-05,wiejska,11201,66.4,53.32742,22.41661,1
2015006,2015,20,gmina podlaskie-zachodni-15-06,miejska,135792,1083.2,53.39876,22.74647,0.08
2016001,2016,20,gmina podlaskie-centralny-16-01,miejska,51941,389.0,52.57105,22.01429,0.08
2016002,2016,20,gmina podlaskie-centralny-16-02,miejska,71609,550.1,52.60827,21.67033,0.08
2016003,2016,20,gmina podlaskie-centralny-16-03,miejska,25513,496.6,52.52279,22.23287,0.08
2016004,2016,20,gmina podlaskie-centralny-16-04,miejsko-wiejska,6458,37.4,52.63771,21.6497,0.45
2016005,2016,20,gmina podlaskie-centralny-16-05,wiejska,11677,115.7,52.38648,22.12044,1
2016006,2016,20,gmina podlaskie-centralny-16-06,miejsko-wiejska,17344,279.0,52.47975,22.21749,0.45
2017001,2017,20,gmina podlaskie-miejski-17-01,wiejska,13879,153.2,52.59222,22.83339,1
2017002,2017,20,gmina podlaskie-miejski-17-02,wiejska,13622,41.6,52.54985,22.64445,1
2017003,2017,20,gmina podlaskie-miejski-17-03,wiejska,13571,30.8,52.71504,23.17088,1
2017004,2017,20,gmina podlaskie-miejski-17-04,miejsko-wiejska,3599,15.6,52.65491,23.01608,0.45
2017005,2017,20,gmina podlaskie-miejski-17-05,wiejska,17470,47.1,52.74377,23.1334,1
2017006,2017,20,gmina podlaskie-miejski-17-06,wiejska,7218,54.0,52.7256,23.0098,1
2201001,2201,22,gmina pomorskie-południowy-01-01,miejska,38601,936.2,54.17075,19.84373,0.08
2201002,2201,22,gmina pomorskie-południowy-01-02,miejsko-wiejska,16704,146.8,54.10929,19.64483,0.45
2201003,2201,22,gmina pomorskie-południowy-01-03,wiejska,9141,19.6,54.24537,19.41179,1
2201004,2201,22,gmina pomorskie-południowy-01-04,wiejska,11807,35.4,54.0911,19.72874,1
2201005,2201,22,gmina pomorskie-południowy-01-05,miejska,25976,299.2,54.24161,19.52121,0.08
2201006,2201,22,gmina pomorskie-południowy-01-06,wiejska,5024,12.9,54.29085,19.69211,1
2202001,2202,22,gmina pomorskie-wschodni-02-01,miejska,23902,386.2,54.77811,18.52224,0.08
2202002,2202,22,gmina pomorskie-wschodni-02-02,wiejska,5024,33.7,55.21554,18.14663,1
2202003,2202,22,gmina pomorskie-wschodni-02-03,wiejska,3444,16.4,54.71108,18.23448,1
2202004,2202,22,gmina pomorskie-wschodni-02-04,wiejska,7109,16.0,55.01338,18.1728,1
2202005,2202,22,gmina pomorskie-wschodni-02-05,wiejska,14812,59.4,54.76695,18.18089,1
2202006,2202,22,gmina pomorskie-wschodni-02-06,wiejska,17149,40.1,55.03648,18.22394,1
2203001,2203,22,gmina pomorskie-zachodni-03-01,wiejska,9241,21.3,54.5486,18.15089,1
2203002,2203,22,gmina pomorskie-zachodni-03-02,miejska,25441,181.0,54.4822,18.43689,0.08
2203003,2203,22,gmina pomorskie-zachodni-03-03,miejska,27260,817.3,54.6117,18.4062,0.08
2203004,2203,22,gmina pomorskie-zachodni-03-04,wiejska,3471,12.9,54.5151,18.36155,1
2203005,2203,22,gmina pomorskie-zachodni-03-05,wiejska,6552,45.7,54.71742,18.6256,1
2203006,2203,22,gmina pomorskie-zachodni-03-06,wiejska,10673,46.0,54.60642,18.38939,1
2204001,2204,22,gmina pomorskie-centralny-04-01,wiejska,7201,21.3,54.239,18.74734,1
2204002,2204,22,gmina pomorskie-centralny-04-02,miejsko-wiejska,9196,37.3,54.21764,18.82975,0.45
2204003,2204,22,gmina pomorskie-centralny-04-03,wiejska,4619,12,54.22847,18.50896,1
2204004,2204,22,gmina pomorskie-centralny-04-04,wiejska,15210,37.1,54.20807,18.9279,1
2204005,2204,22,gmina pomorskie-centralny-04-05,wiejska,5688,41.0,54.1705,18.85186,1
2204006,2204,22,gmina pomorskie-centralny-04-06,miejsko-wiejska,13697,102.4,54.35644,18.71518,0.45
2205001,2205,22,gmina pomorskie-miejski-05-01,wiejska,5854,55.1,54.79008,18.55107,1
2205002,2205,22,gmina pomorskie-miejski-05-02,wiejska,5271,39.9,54.59928,18.21033,1
2205003,2205,22,gmina pomorskie-miejski-05-03,wiejska,9046,103.5,54.52099,18.14717,1
2205004,2205,22,gmina pomorskie-miejski-05-04,wiejska,3073,12,54.62508,18.25586,1
2205005,2205,22,gmina pomorskie-miejski-05-05,miejsko-wiejska,12130,109.4,54.70452,18.38049,0.45
2205006,2205,22,gmina pomorskie-miejski-05-06,miejska,16514,585.6,54.48377,18.51051,0.08
2206001,2206,22,gmina pomorskie-północny-06-01,miejska,15047,282.8,54.76365,18.16319,0.08
2206002,2206,22,gmina pomorskie-północny-06-02,miejsko-wiejska,4039,21.0,54.84997,18.18262,0.45
2206003,2206,22,gmina pomorskie-północny-06-03,wiejska,22772,53.6,55.02479,17.91979,1
2206004,2206,22,gmina pomorskie-północny-06-04,miejsko-wiejska,16014,164.7,54.85468,17.55043,0.45
2206005,2206,22,gmina pomorskie-północny-06-05,wiejska,4042,26.1,54.64677,18.04878,1
2206006,2206,22,gmina pomorskie-północny-06-06,miejsko-wiejska,14214,52.3,54.68799,17.88658,0.45
2207001,2207,22,gmina pomorskie-południowy-07-01,wiejska,4452,33.2,54.41466,19.97364,1
2207002,2207,22,gmina pomorskie-południowy-07-02,wiejska,22881,103.2,54.56938,19.8413,1
2207003,2207,22,gmina pomorskie-południowy-07-03,wiejska,8477,21.1,54.53817,19.95307,1
2207004,2207,22,gmina pomorskie-południowy-07-04,wiejska,11431,33.9,54.33762,20.13959,1
2207005,2207,22,gmina pomorskie-południowy-07-05,miejska,85369,1289.5,54.47037,20.14971,0.08
2207006,2207,22,gmina pomorskie-południowy-07-06,miejsko-wiejska,3275,18.3,54.2804,19.92254,0.45
2208001,2208,22,gmina pomorskie-wschodni-08-01,wiejska,30958,91.8,54.39595,19.59573,1
2208002,2208,22,gmina pomorskie-wschodni-08-02,miejsko-wiejska,4502,16.9,54.63466,19.39597,0.45
2208003,2208,22,gmina pomorskie-wschodni-08-03,wiejska,3077,20.2,54.43719,19.66544,1
2208004,2208,22,gmina pomorskie-wschodni-08-04,miejsko-wiejska,5564,22.8,54.69785,19.2351,0.45
2208005,2208,22,gmina pomorskie-wschodni-08-05,miejsko-wiejska,7188,41.2,54.38189,19.43692,0.45
2208006,2208,22,gmina pomorskie-wschodni-08-06,miejska,23401,165.6,54.49064,19.4011,0.08
2209001,2209,22,gmina pomorskie-zachodni-09-01,miejsko-wiejska,8969,74.7,54.36816,18.89808,0.45
2209002,2209,22,gmina pomorskie-zachodni-09-02,miejsko-wiejska,7881,89.2,54.47365,18.59277,0.45
2209003,2209,22,gmina pomorskie-zachodni-09-03,wiejska,5151,12,54.33205,19.21269,1
2209004,2209,22,gmina pomorskie-zachodni-09-04,miejsko-wiejska,8198,39.4,54.37679,18.91659,0.45
2209005,2209,22,gmina pomorskie-zachodni-09-05,wiejska,3814,24.5,54.32234,18.8695,1
2209006,2209,22,gmina pomorskie-zachodni-09-06,miejska,5501,37.1,54.61045,19.0689,0.08
2210001,2210,22,gmina pomorskie-centralny-10-01,miejsko-wiejska,18357,94.6,54.45918,18.42476,0.45
2210002,2210,22,gmina pomorskie-centralny-10-02,wiejska,4259,12,54.38617,18.9552,1
2210003,2210,22,gmina pomorskie-centralny-10-03,miejsko-wiejska,6461,47.3,54.3596,18.74677,0.45
2210004,2210,22,gmina pomorskie-centralny-10-04,wiejska,23200,88.4,54.32022,18.32034,1
2210005,2210,22,gmina pomorskie-centralny-10-05,wiejska,3779,12,54.35482,18.51571,1
2210006,2210,22,gmina pomorskie-centralny-10-06,wiejska,11439,91.4,54.53283,18.44344,1
2211001,2211,22,gmina pomorskie-miejski-11-01,wiejska,11272,53.1,54.2683,18.8178,1
2211002,2211,22,gmina pomorskie-miejski-11-02,miejsko-wiejska,2171,26.8,54.12788,18.6505,0.45
2211003,2211,22,gmina pomorskie-miejski-11-03,miejska,29479,271.8,53.94267,18.95754,0.08
2211004,2211,22,gmina pomorskie-miejski-11-04,wiejska,5712,19.7,54.04829,19.05906,1
2211005,2211,22,gmina pomorskie-miejski-11-05,wiejska,7900,18.5,54.05092,18.91999,1
2211006,2211,22,gmina pomorskie-miejski-11-06,wiejska,18705,53.6,54.18622,18.94579,1
2212001,2212,22,gmina pomorskie-północny-12-01,miejsko-wiejska,3443,13.6,54.05182,18.83541,0.45
2212002,2212,22,gmina pomorskie-północny-12-02,miejsko-wiejska,4188,53.2,53.91484,18.9199,0.45
2212003,2212,22,gmina pomorskie-północny-12-03,miejska,25769,828.5,54.08589,18.88798,0.08
2212004,2212,22,gmina pomorskie-północny-12-04,wiejska,15933,47.4,54.15998,19.00265,1
2212005,2212,22,gmina pomorskie-północny-12-05,wiejska,3397,39.9,53.92815,18.94661,1
2212006,2212,22,gmina pomorskie-północny-12-06,wiejska,5105,57.4,53.91534,18.96872,1
2213001,2213,22,gmina pomorskie-południowy-13-01,wiejska,11555,29.6,54.72071,18.80479,1
2213002,2213,22,gmina pomorskie-południowy-13-02,wiejska,9083,19.3,54.63465,18.63759,1
2213003,2213,22,gmina pomorskie-południowy-13-03,wiejska,46109,105.8,54.58549,18.69673,1
2213004,2213,22,gmina pomorskie-południowy-13-04,miejsko-wiejska,1800,12,54.90958,18.63749,0.45
2213005,2213,22,gmina pomorskie-południowy-13-05,wiejska,6052,19.1,54.60238,18.56371,1
2213006,2213,22,gmina pomorskie-południowy-13-06,wiejska,7034,23.0,54.77715,18.57411,1
2214001,2214,22,gmina pomorskie-wschodni-14-01,wiejska,9254,86.2,54.35713,18.88575,1
2214002,2214,22,gmina pomorskie-wschodni-14-02,miejsko-wiejska,9210,40.5,54.35034,18.79012,0.45
2214003,2214,22,gmina pomorskie-wschodni-14-03,miejsko-wiejska,7307,30.0,54.2049,19.09289,0.45
2214004,2214,22,gmina pomorskie-wschodni-14-04,wiejska,19842,48.2,54.17356,18.45615,1
2214005,2214,22,gmina pomorskie-wschodni-14-05,miejsko-wiejska,15817,190.6,54.20181,19.06092,0.45
2214006,2214,22,gmina pomorskie-wschodni-14-06,wiejska,4749,12,54.35422,18.64923,1
2215001,2215,22,gmina pomorskie-zachodni-15-01,miejska,25137,218.1,54.30803,19.33909,0.08
2215002,2215,22,gmina pomorskie-zachodni-15-02,wiejska,16363,197.6,54.00229,18.91551,1
2215003,2215,22,gmina pomorskie-zachodni-15-03,wiejska,13007,57.1,54.2435,19.17548,1
2215004,2215,22,gmina pomorskie-zachodni-15-04,miejsko-wiejska,20153,92.3,54.20548,19.10511,0.45
2215005,2215,22,gmina pomorskie-zachodni-15-05,wiejska,10072,43.4,54.40861,18.9707,1
2215006,2215,22,gmina pomorskie-zachodni-15-06,wiejska,8729,30.3,54.23467,19.2657,1
2216001,2216,22,gmina pomorskie-centralny-16-01,miejska,29506,232.7,53.72736,18.48317,0.08
2216002,2216,22,gmina pomorskie-centralny-16-02,wiejska,5474,22.2,53.851,18.52981,1
2216003,2216,22,gmina pomorskie-centralny-16-03,miejsko-wiejska,4297,50.7,53.41922,18.31211,0.45
2216004,2216,22,gmina pomorskie-centralny-16-04,wiejska,14703,44.7,53.71822,17.87247,1
2216005,2216,22,gmina pomorskie-centralny-16-05,miejsko-wiejska,6353,23.2,53.7599,18.58864,0.45
2216006,2216,22,gmina pomorskie-centralny-16-06,wiejska,7112,38.3,53.54422,18.37861,1
2217001,2217,22,gmina pomorskie-miejski-17-01,wiejska,3706,12,53.51327,18.04928,1
2217002,2217,22,gmina pomorskie-miejski-17-02,miejsko-wiejska,6851,123.0,53.58187,17.45542,0.45
2217003,2217,22,gmina pomorskie-miejski-17-03,wiejska,14478,63.5,53.57691,17.76789,1
2217004,2217,22,gmina pomorskie-miejski-17-04,wiejska,9347,55.1,53.42293,17.63352,1
2217005,2217,22,gmina pomorskie-miejski-17-05,miejska,16911,128.6,53.7599,17.55927,0.08
2217006,2217,22,gmina pomorskie-miejski-17-06,miejska,32422,347.6,53.75874,17.75376,0.08
2218001,2218,22,gmina pomorskie-północny-18-01,miejsko-wiejska,13233,77.1,54.9704,18.82182,0.45
2218002,2218,22,gmina pomorskie-północny-18-02,wiejska,1800,12,54.97001,19.17794,1
2218003,2218,22,gmina pomorskie-północny-18-03,wiejska,5852,33.6,54.86308,19.16811,1
2218004,2218,22,gmina pomorskie-północny-18-04,wiejska,11715,28.8,54.88023,18.97478,1
2218005,2218,22,gmina pomorskie-północny-18-05,wiejska,3200,12,54.96884,19.1739,1
2218006,2218,22,gmina pomorskie-północny-18-06,miejsko-wiejska,55957,388.8,54.76199,19.05709,0.45
2219001,2219,22,gmina pomorskie-południowy-19-01,wiejska,4427,31.3,54.07829,17.66796,1
2219002,2219,22,gmina pomorskie-południowy-19-02,miejska,11340,199.2,54.16246,17.73304,0.08
2219003,2219,22,gmina pomorskie-południowy-19-03,wiejska,12961,51.0,54.15968,17.89692,1
2219004,2219,22,gmina pomorskie-południowy-19-04,wiejska,8804,33.8,54.21697,17.80291,1
2219005,2219,22,gmina pomorskie-południowy-19-05,miejsko-wiejska,7068,37.4,54.06925,17.84406,0.45
2219006,2219,22,gmina pomorskie-południowy-19-06,miejsko-wiejska,10473,42.9,54.02966,17.70993,0.45
2220001,2220,22,gmina pomorskie-wschodni-20-01,wiejska,5971,14.4,53.1953,18.349,1
2220002,2220,22,gmina pomorskie-wschodni-20-02,wiejska,17763,191.5,52.96154,18.41651,1
2220003,2220,22,gmina pomorskie-wschodni-20-03,wiejska,5732,12.7,53.27178,18.2664,1
2220004,2220,22,gmina pomorskie-wschodni-20-04,miejsko-wiejska,7605,149.3,53.43481,18.29754,0.45
2220005,2220,22,gmina pomorskie-wschodni-20-05,wiejska,15883,45.1,53.35353,17.97949,1
2220006,2220,22,gmina pomorskie-wschodni-20-06,miejsko-wiejska,16192,58.3,53.35937,18.12602,0.45
2401001,2401,24,gmina śląskie-południowy-01-01,wiejska,3886,12,51.10492,19.44549,1
2401002,2401,24,gmina śląskie-południowy-01-02,wiejska,8720,44.3,51.21438,19.00499,1
2401003,2401,24,gmina śląskie-południowy-01-03,wiejska,8034,17.5,51.17231,19.40574,1
2401004,2401,24,gmina śląskie-południowy-01-04,wiejska,9486,54.1,51.32194,19.23791,1
2401005,2401,24,gmina śląskie-południowy-01-05,wiejska,5789,23.8,51.1997,19.02937,1
2401006,2401,24,gmina śląskie-południowy-01-06,wiejska,25479,60.1,51.20999,19.16627,1
2402001,2402,24,gmina śląskie-wschodni-02-01,miejska,55914,436.2,49.90196,19.13363,0.08
2402002,2402,24,gmina śląskie-wschodni-02-02,wiejska,18445,52.7,50.05676,19.50298,1
2402003,2402,24,gmina śląskie-wschodni-02-03,wiejska,12883,137.4,50.06745,19.31507,1
2402004,2402,24,gmina śląskie-wschodni-02-04,wiejska,4837,26.9,50.12438,18.95214,1
2402005,2402,24,gmina śląskie-wschodni-02-05,wiejska,7205,21.2,50.21073,18.92378,1
2402006,2402,24,gmina śląskie-wschodni-02-06,wiejska,6396,20.8,50.20257,19.24795,1
2403001,2403,24,gmina śląskie-zachodni-03-01,wiejska,24675,151.7,49.65761,18.87961,1
2403002,2403,24,gmina śląskie-zachodni-03-02,wiejska,6505,42.1,49.54698,18.6882,1
2403003,2403,24,gmina śląskie-zachodni-03-03,miejska,35686,312.7,49.4426,19.08387,0.08
2403004,2403,24,gmina śląskie-zachodni-03-04,wiejska,7428,20.5,49.34663,18.56118,1
2403005,2403,24,gmina śląskie-zachodni-03-05,wiejska,8004,42.8,49.78282,18.73756,1
2403006,2403,24,gmina śląskie-zachodni-03-06,wiejska,4076,21.5,49.71087,18.87801,1
2404001,2404,24,gmina śląskie-centralny-04-01,miejska,16493,142.9,50.26323,18.79609,0.08
2404002,2404,24,gmina śląskie-centralny-04-02,wiejska,5789,21.4,50.32186,18.82763,1
2404003,2404,24,gmina śląskie-centralny-04-03,miejska,47771,836.5,50.36296,19.17473,0.08
2404004,2404,24,gmina śląskie-centralny-04-04,wiejska,15403,158.7,50.341,18.72178,1
2404005,2404,24,gmina śląskie-centralny-04-05,miejska,23693,476.0,50.28945,18.81766,0.08
2404006,2404,24,gmina śląskie-centralny-04-06,miejska,22516,704.7,50.32346,18.61705,0.08
2405001,2405,24,gmina śląskie-miejski-05-01,miejsko-wiejska,5102,64.1,50.6298,19.28015,0.45
2405002,2405,24,gmina śląskie-miejski-05-02,miejska,31541,215.4,50.63013,19.10493,0.08
2405003,2405,24,gmina śląskie-miejski-05-03,wiejska,4001,12,50.69867,19.36035,1
2405004,2405,24,gmina śląskie-miejski-05-04,miejsko-wiejska,5557,54.3,50.54128,19.30718,0.45
2405005,2405,24,gmina śląskie-miejski-05-05,wiejska,5903,13.5,50.30997,19.13521,1
2405006,2405,24,gmina śląskie-miejski-05-06,wiejska,8573,25.3,50.81125,18.98031,1
2406001,2406,24,gmina śląskie-północny-06-01,wiejska,5713,28.4,50.48631,18.80705,1
2406002,2406,24,gmina śląskie-północny-06-02,wiejska,20259,59.4,50.4672,18.41312,1
2406003,2406,24,gmina śląskie-północny-06-03,miejska,60469,460.5,50.54124,18.3701,0.08
2406004,2406,24,gmina śląskie-północny-06-04,miejska,11966,270.1,50.61988,18.24949,0.08
2406005,2406,24,gmina śląskie-północny-06-05,miejsko-wiejska,6639,23.4,50.52786,18.88953,0.45
2406006,2406,24,gmina śląskie-północny-06-06,miejsko-wiejska,12117,79.6,50.51884,18.59824,0.45
2407001,2407,24,gmina śląskie-południowy-07-01,wiejska,4489,14.6,50.82198,19.72,1
2407002,2407,24,gmina śląskie-południowy-07-02,wiejska,15813,62.3,50.63809,19.99705,1
2407003,2407,24,gmina śląskie-południowy-07-03,miejsko-wiejska,5590,30.5,50.3956,19.97507,0.45
2407004,2407,24,gmina śląskie-południowy-07-04,miejska,5822,89.4,50.74368,20.00793,0.08
2407005,2407,24,gmina śląskie-południowy-07-05,wiejska,3622,12,50.55853,19.92944,1
2407006,2407,24,gmina śląskie-południowy-07-06,miejsko-wiejska,2298,20.9,50.67854,19.84497,0.45
2408001,2408,24,gmina śląskie-wschodni-08-01,miejsko-wiejska,11222,42.2,49.86634,18.16326,0.45
2408002,2408,24,gmina śląskie-wschodni-08-02,wiejska,8801,84.1,49.86194,18.59801,1
2408003,2408,24,gmina śląskie-wschodni-08-03,wiejska,19511,107.2,49.99783,18.25176,1
2408004,2408,24,gmina śląskie-wschodni-08-04,wiejska,9435,51.5,50.07885,18.41449,1
2408005,2408,24,gmina śląskie-wschodni-08-05,wiejska,6975,17.4,49.9203,18.31218,1
2408006,2408,24,gmina śląskie-wschodni-08-06,wiejska,39419,399.9,49.92358,18.57417,1
2409001,2409,24,gmina śląskie-zachodni-09-01,miejsko-wiejska,9565,179.2,50.78543,18.85247,0.45
2409002,2409,24,gmina śląskie-zachodni-09-02,miejsko-wiejska,4056,14.5,50.7812,19.00221,0.45
2409003,2409,24,gmina śląskie-zachodni-09-03,wiejska,6584,15.2,50.75295,18.61579,1
2409004,2409,24,gmina śląskie-zachodni-09-04,miejsko-wiejska,7335,74.7,50.94818,18.67935,0.45
2409005,2409,24,gmina śląskie-zachodni-09-05,wiejska,5665,13.6,50.88237,18.73304,1
2409006,2409,24,gmina śląskie-zachodni-09-06,miejsko-wiejska,19818,77.3,50.87508,19.06939,0.45
2410001,2410,24,gmina śląskie-centralny-10-01,miejsko-wiejska,7401,45.0,50.66975,18.91137,0.45
2410002,2410,24,gmina śląskie-centralny-10-02,miejsko-wiejska,3708,14.0,50.84717,18.82449,0.45
2410003,2410,24,gmina śląskie-centralny-10-03,wiejska,10855,30.5,50.71639,18.8853,1
2410004,2410,24,gmina śląskie-centralny-10-04,miejsko-wiejska,5485,28.8,50.9113,18.57008,0.45
2410005,2410,24,gmina śląskie-centralny-10-05,miejsko-wiejska,10825,79.4,50.83546,18.93585,0.45
2410006,2410,24,gmina śląskie-centralny-10-06,wiejska,8913,24.8,50.706,18.75513,1
2411001,2411,24,gmina śląskie-miejski-11-01,wiejska,12300,66.5,50.99119,18.99455,1
2411002,2411,24,gmina śląskie-miejski-11-02,miejsko-wiejska,29231,175.7,50.88677,19.17179,0.45
2411003,2411,24,gmina śląskie-miejski-11-03,miejska,56321,555.9,50.69548,19.29848,0.08
2411004,2411,24,gmina śląskie-miejski-11-04,wiejska,9603,46.5,50.85425,18.64283,1
2411005,2411,24,gmina śląskie-miejski-11-05,miejsko-wiejska,7200,43.0,50.96309,19.25143,0.45
2411006,2411,24,gmina śląskie-miejski-11-06,wiejska,11585,47.8,50.67324,19.17864,1
2412001,2412,24,gmina śląskie-północny-12-01,wiejska,11970,73.1,50.65232,19.55593,1
2412002,2412,24,gmina śląskie-północny-12-02,wiejska,6368,18.1,50.41883,19.863,1
2412003,2412,24,gmina śląskie-północny-12-03,wiejska,7008,19.6,50.26596,19.67319,1
2412004,2412,24,gmina śląskie-północny-12-04,miejsko-wiejska,4294,35.0,50.2507,19.85185,0.45
2412005,2412,24,gmina śląskie-północny-12-05,miejsko-wiejska,7312,69.2,50.50298,19.84988,0.45
2412006,2412,24,gmina śląskie-północny-12-06,wiejska,15659,109.5,50.39523,19.75929,1
2413001,2413,24,gmina śląskie-południowy-13-01,miejsko-wiejska,8067,28.4,50.11317,18.57569,0.45
2413002,2413,24,gmina śląskie-południowy-13-02,wiejska,4895,19.0,50.09294,18.63568,1
2413003,2413,24,gmina śląskie-południowy-13-03,miejsko-wiejska,8415,78.0,50.02404,18.21667,0.45
2413004,2413,24,gmina śląskie-południowy-13-04,wiejska,5530,17.2,49.9966,18.59426,1
2413005,2413,24,gmina śląskie-południowy-13-05,miejsko-wiejska,8082,32.9,50.11609,18.37488,0.45
2413006,2413,24,gmina śląskie-południowy-13-06,wiejska,22544,185.2,50.00387,18.62567,1
2414001,2414,24,gmina śląskie-wschodni-14-01,wiejska,7088,15.1,50.06641,19.40106,1
2414002,2414,24,gmina śląskie-wschodni-14-02,wiejska,15850,54.9,50.0404,19.38223,1
2414003,2414,24,gmina śląskie-wschodni-14-03,miejska,38423,781.0,49.99414,18.79222,0.08
2414004,2414,24,gmina śląskie-wschodni-14-04,wiejska,11721,127.4,50.11009,18.94432,1
2414005,2414,24,gmina śląskie-wschodni-14-05,wiejska,4101,12.9,50.04887,19.26999,1
2414006,2414,24,gmina śląskie-wschodni-14-06,miejsko-wiejska,11634,52.0,50.12715,19.44955,0.45
2415001,2415,24,gmina śląskie-zachodni-15-01,wiejska,4843,22.8,49.66273,19.06302,1
2415002,2415,24,gmina śląskie-zachodni-15-02,wiejska,8177,26.5,49.4705,19.66309,1
2415003,2415,24,gmina śląskie-zachodni-15-03,wiejska,5806,26.3,49.81279,19.21946,1
2415004,2415,24,gmina śląskie-zachodni-15-04,miejska,52886,643.9,49.6401,19.41268,0.08
2415005,2415,24,gmina śląskie-zachodni-15-05,miejsko-wiejska,11705,47.4,49.69424,19.44576,0.45
2415006,2415,24,gmina śląskie-zachodni-15-06,wiejska,12865,129.8,49.68789,19.09046,1
2416001,2416,24,gmina śląskie-centralny-16-01,miejska,39006,658.2,50.04564,19.8613,0.08
2416002,2416,24,gmina śląskie-centralny-16-02,wiejska,3343,12,50.0926,19.68845,1
2416003,2416,24,gmina śląskie-centralny-16-03,miejska,21058,551.3,50.07852,19.69155,0.08
2416004,2416,24,gmina śląskie-centralny-16-04,wiejska,12323,28.8,49.83217,19.3538,1
2416005,2416,24,gmina śląskie-centralny-16-05,wiejska,28918,174.5,50.26652,19.46316,1
2416006,2416,24,gmina śląskie-centralny-16-06,miejsko-wiejska,7236,39.7,49.99685,19.9179,0.45
2417001,2417,24,gmina śląskie-miejski-17-01,wiejska,8492,24.6,49.35807,18.68596,1
2417002,2417,24,gmina śląskie-miejski-17-02,wiejska,21565,91.6,49.59775,18.4573,1
2417003,2417,24,gmina śląskie-miejski-17-03,wiejska,13013,44.4,49.26195,18.60588,1
2417004,2417,24,gmina śląskie-miejski-17-04,miejsko-wiejska,8140,43.6,49.43314,18.59372,0.45
2417005,2417,24,gmina śląskie-miejski-17-05,wiejska,7746,20.5,49.37938,18.5012,1
2417006,2417,24,gmina śląskie-miejski-17-06,miejsko-wiejska,8836,32.5,49.709,18.31371,0.45
2418001,2418,24,gmina śląskie-północny-18-01,wiejska,5639,16.4,49.904,18.30795,1
2418002,2418,24,gmina śląskie-północny-18-02,wiejska,10552,24.2,49.69917,18.76811,1
2418003,2418,24,gmina śląskie-północny-18-03,miejska,57171,1097.2,49.68242,18.21003,0.08
2418004,2418,24,gmina śląskie-północny-18-04,wiejska,8616,27.5,49.63677,18.2422,1
2418005,2418,24,gmina śląskie-północny-18-05,wiejska,10415,48.9,49.67693,18.3248,1
2418006,2418,24,gmina śląskie-północny-18-06,wiejska,4784,12,49.72969,18.75243,1
2419001,2419,24,gmina śląskie-południowy-19-01,wiejska,21312,200.3,50.57399,18.63764,1
2419002,2419,24,gmina śląskie-południowy-19-02,wiejska,12869,32.2,50.28247,19.01203,1
2419003,2419,24,gmina śląskie-południowy-19-03,miejska,48333,338.1,50.41989,18.92518,0.08
2419004,2419,24,gmina śląskie-południowy-19-04,wiejska,11233,77.2,50.45907,18.93815,1
2419005,2419,24,gmina śląskie-południowy-19-05,miejska,45366,857.9,50.37836,18.65234,0.08
2419006,2419,24,gmina śląskie-południowy-19-06,wiejska,9619,77.0,50.33722,18.92434,1
2420001,2420,24,gmina śląskie-wschodni-20-01,wiejska,12952,56.9,50.14107,18.97806,1
2420002,2420,24,gmina śląskie-wschodni-20-02,miejsko-wiejska,1800,13.1,50.33582,19.09299,0.45
2420003,2420,24,gmina śląskie-wschodni-20-03,wiejska,10219,92.6,50.22953,19.01242,1
2420004,2420,24,gmina śląskie-wschodni-20-04,wiejska,6662,49.0,50.12784,19.13988,1
2420005,2420,24,gmina śląskie-wschodni-20-05,wiejska,20813,129.9,50.15475,18.74077,1
2420006,2420,24,gmina śląskie-wschodni-20-06,wiejska,17885,156.3,50.24315,18.7984,1
2421001,2421,24,gmina śląskie-zachodni-21-01,wiejska,10550,23.0,50.45338,18.69351,1
2421002,2421,24,gmina śląskie-zachodni-21-02,miejska,73957,1046.8,50.21145,18.48083,0.08
2421003,2421,24,gmina śląskie-zachodni-21-03,wiejska,30534,83.5,50.37019,18.69974,1
2421004,2421,24,gmina śląskie-zachodni-21-04,miejska,39443,325.9,50.28935,18.26715,0.08
2421005,2421,24,gmina śląskie-zachodni-21-05,wiejska,17308,55.2,50.35368,18.43349,1
2421006,2421,24,gmina śląskie-zachodni-21-06,miejsko-wiejska,15402,171.0,50.43214,18.37287,0.45
2422001,2422,24,gmina śląskie-centralny-22-01,wiejska,17210,95.9,50.69262,19.48695,1
2422002,2422,24,gmina śląskie-centralny-22-02,wiejska,12439,146.0,50.41286,19.24972,1
2422003,2422,24,gmina śląskie-centralny-22-03,wiejska,7097,37.3,50.56667,19.68451,1
2422004,2422,24,gmina śląskie-centralny-22-04,wiejska,17557,74.6,50.42361,19.6052,1
2422005,2422,24,gmina śląskie-centralny-22-05,wiejska,7860,61.2,50.65409,19.54909,1
2422006,2422,24,gmina śląskie-centralny-22-06,wiejska,1800,12,50.55535,19.49668,1
2423001,2423,24,gmina śląskie-miejski-23-01,miejsko-wiejska,5885,47.6,50.53357,19.22179,0.45
2423002,2423,24,gmina śląskie-miejski-23-02,miejska,37649,275.7,50.28403,19.44204,0.08
2423003,2423,24,gmina śląskie-miejski-23-03,miejska,31462,330.2,50.3824,19.16297,0.08
2423004,2423,24,gmina śląskie-miejski-23-04,wiejska,18838,113.8,50.59649,19.54378,1
2423005,2423,24,gmina śląskie-miejski-23-05,miejsko-wiejska,13811,84.4,50.34833,19.26828,0.45
2423006,2423,24,gmina śląskie-miejski-23-06,miejsko-wiejska,3630,19.1,50.52368,19.42297,0.45
2424001,2424,24,gmina śląskie-północny-24-01,wiejska,4227,33.9,50.46716,20.39107,1
2424002,2424,24,gmina śląskie-północny-24-02,wiejska,11531,38.0,50.46989,20.29568,1
2424003,2424,24,gmina śląskie-północny-24-03,wiejska,3648,13.0,50.40796,20.07542,1
2424004,2424,24,gmina śląskie-północny-24-04,wiejska,10670,105.0,50.45971,20.08744,1
2424005,2424,24,gmina śląskie-północny-24-05,miejska,17049,329.7,50.45461,19.93594,0.08
2424006,2424,24,gmina śląskie-północny-24-06,wiejska,7186,56.6,50.41688,20.08358,1
2425001,2425,24,gmina śląskie-południowy-25-01,wiejska,5675,20.9,50.12816,18.95825,1
2425002,2425,24,gmina śląskie-południowy-25-02,wiejska,31437,244.5,50.26312,18.62697,1
2425003,2425,24,gmina śląskie-południowy-25-03,wiejska,3482,14.1,50.18446,18.70158,1
2425004,2425,24,gmina śląskie-południowy-25-04,miejska,21975,205.6,50.32513,18.6083,0.08
2425005,2425,24,gmina śląskie-południowy-25-05,wiejska,5308,22.0,50.24344,19.16166,1
2425006,2425,24,gmina śląskie-południowy-25-06,miejsko-wiejska,9358,123.3,50.31708,18.92932,0.45
2426001,2426,24,gmina śląskie-wschodni-26-01,miejska,24894,166.4,50.22463,18.23968,0.08
2426002,2426,24,gmina śląskie-wschodni-26-02,miejsko-wiejska,12205,58.2,50.08576,18.73949,0.45
2426003,2426,24,gmina śląskie-wschodni-26-03,miejsko-wiejska,11478,177.8,50.14638,18.31866,0.45
2426004,2426,24,gmina śląskie-wschodni-26-04,miejsko-wiejska,8967,31.5,49.88967,18.44151,0.45
2426005,2426,24,gmina śląskie-wschodni-26-05,miejsko-wiejska,10180,53.4,50.07333,18.28476,0.45
2426006,2426,24,gmina śląskie-wschodni-26-06,wiejska,17915,115.1,49.87883,18.4459,1
2427001,2427,24,gmina śląskie-zachodni-27-01,wiejska,4591,13.1,49.82716,18.48386,1
2427002,2427,24,gmina śląskie-zachodni-27-02,miejsko-wiejska,11694,164.2,49.6724,18.58466,0.45
2427003,2427,24,gmina śląskie-zachodni-27-03,wiejska,4097,19.3,49.92751,18.60567,1
2427004,2427,24,gmina śląskie-zachodni-27-04,miejska,12365,113.0,49.71865,18.8309,0.08
2427005,2427,24,gmina śląskie-zachodni-27-05,wiejska,14210,36.4,49.89624,18.26705,1
2427006,2427,24,gmina śląskie-zachodni-27-06,wiejska,5339,62.9,49.88137,18.49362,1
2428001,2428,24,gmina śląskie-centralny-28-01,miejska,31375,255.1,50.25351,19.13055,0.08
2428002,2428,24,gmina śląskie-centralny-28-02,miejska,20655,142.4,50.32244,19.21956,0.08
2428003,2428,24,gmina śląskie-centralny-28-03,miejsko-wiejska,3902,30.8,50.32101,19.44876,0.45
2428004,2428,24,gmina śląskie-centralny-28-04,miejsko-wiejska,8906,58.0,50.30006,18.97923,0.45
2428005,2428,24,gmina śląskie-centralny-28-05,wiejska,18243,128.8,50.19281,19.15384,1
2428006,2428,24,gmina śląskie-centralny-28-06,wiejska,5844,12.9,50.24887,19.21183,1
2429001,2429,24,gmina śląskie-miejski-29-01,wiejska,11564,26.2,50.34268,18.62836,1
2429002,2429,24,gmina śląskie-miejski-29-02,miejsko-wiejska,3091,15.0,50.31394,18.60235,0.45
2429003,2429,24,gmina śląskie-miejski-29-03,miejska,27504,297.2,50.47991,18.36665,0.08
2429004,2429,24,gmina śląskie-miejski-29-04,wiejska,6554,26.8,50.37714,18.66165,1
2429005,2429,24,gmina śląskie-miejski-29-05,miejsko-wiejska,44677,186.5,50.45514,18.52369,0.45
2429006,2429,24,gmina śląskie-miejski-29-06,wiejska,4378,49.0,50.40487,18.65219,1
2430001,2430,24,gmina śląskie-północny-30-01,miejsko-wiejska,10404,44.3,50.59721,19.37431,0.45
2430002,2430,24,gmina śląskie-północny-30-02,miejska,42157,330.5,50.52132,19.5439,0.08
2430003,2430,24,gmina śląskie-północny-30-03,miejska,17971,231.6,50.61903,19.68852,0.08
2430004,2430,24,gmina śląskie-północny-30-04,wiejska,6252,43.4,50.71486,19.24937,1
2430005,2430,24,gmina śląskie-północny-30-05,wiejska,7745,87.1,50.58041,19.32753,1
2430006,2430,24,gmina śląskie-północny-30-06,miejsko-wiejska,16146,75.9,50.71004,19.46331,0.45
2431001,2431,24,gmina śląskie-południowy-31-01,wiejska,3407,12,50.06971,18.75396,1
2431002,2431,24,gmina śląskie-południowy-31-02,wiejska,5916,21.3,50.08402,18.66293,1
2431003,2431,24,gmina śląskie-południowy-31-03,wiejska,14396,32.4,50.16647,18.72273,1
2431004,2431,24,gmina śląskie-południowy-31-04,wiejska,10909,33.8,50.48118,18.73604,1
2431005,2431,24,gmina śląskie-południowy-31-05,miejsko-wiejska,12482,151.2,50.01669,18.76235,0.45
2431006,2431,24,gmina śląskie-południowy-31-06,miejsko-wiejska,5707,24.9,50.21097,18.60152,0.45
2432001,2432,24,gmina śląskie-wschodni-32-01,wiejska,9391,59.1,50.61213,18.88948,1
2432002,2432,24,gmina śląskie-wschodni-32-02,wiejska,32606,260.1,50.70432,19.33298,1
2432003,2432,24,gmina śląskie-wschodni-32-03,miejska,25529,515.0,50.49686,18.82376,0.08
2432004,2432,24,gmina śląskie-wschodni-32-04,wiejska,20578,95.5,50.50464,18.88286,1
2432005,2432,24,gmina śląskie-wschodni-32-05,wiejska,5633,15.1,50.62181,18.81479,1
2432006,2432,24,gmina śląskie-wschodni-32-06,miejska,32139,252.0,50.3372,19.14629,0.08
2433001,2433,24,gmina śląskie-zachodni-33-01,wiejska,6588,19.0,49.5976,18.82629,1
2433002,2433,24,gmina śląskie-zachodni-33-02,miejska,6122,106.8,49.96549,19.33766,0.08
2433003,2433,24,gmina śląskie-zachodni-33-03,wiejska,8582,38.0,49.7139,19.11985,1
2433004,2433,24,gmina śląskie-zachodni-33-04,wiejska,5890,15.0,49.74818,18.86022,1
2433005,2433,24,gmina śląskie-zachodni-33-05,wiejska,5847,24.5,49.63248,19.04392,1
2433006,2433,24,gmina śląskie-zachodni-33-06,miejska,20082,338.3,49.91579,18.93234,0.08
2434001,2434,24,gmina śląskie-centralny-34-01,miejsko-wiejska,14332,105.1,50.34313,18.51015,0.45
2434002,2434,24,gmina śląskie-centralny-34-02,wiejska,26701,119.6,50.38802,18.76737,1
2434003,2434,24,gmina śląskie-centralny-34-03,miejska,16535,154.4,50.43938,18.53838,0.08
2434004,2434,24,gmina śląskie-centralny-34-04,miejsko-wiejska,21392,134.5,50.5589,18.44037,0.45
2434005,2434,24,gmina śląskie-centralny-34-05,wiejska,5119,15.2,50.26048,18.5922,1
2434006,2434,24,gmina śląskie-centralny-34-06,miejska,21178,644.3,50.45941,18.2993,0.08
2435001,2435,24,gmina śląskie-miejski-35-01,wiejska,13065,53.2,50.51123,18.12916,1
2435002,2435,24,gmina śląskie-miejski-35-02,wiejska,11989,84.3,50.46141,18.21964,1
2435003,2435,24,gmina śląskie-miejski-35-03,wiejska,2889,22.8,50.36162,18.34196,1
2435004,2435,24,gmina śląskie-miejski-35-04,wiejska,12431,82.1,50.26236,18.31781,1
2435005,2435,24,gmina śląskie-miejski-35-05,wiejska,6714,42.4,50.35076,18.38406,1
2435006,2435,24,gmina śląskie-miejski-35-06,miejska,34977,540.5,50.32726,18.24169,0.08
2436001,2436,24,gmina śląskie-północny-36-01,wiejska,16976,60.5,50.87149,19.69471,1
2436002,2436,24,gmina śląskie-północny-36-02,wiejska,8753,70.6,50.95196,19.70066,1
2436003,2436,24,gmina śląskie-północny-36-03,wiejska,9255,31.7,50.78699,19.74206,1
2436004,2436,24,gmina śląskie-północny-36-04,miejsko-wiejska,13730,215.5,50.67464,19.86223,0.45
2436005,2436,24,gmina śląskie-północny-36-05,wiejska,7669,21.9,50.96812,19.94976,1
2436006,2436,24,gmina śląskie-północny-36-06,wiejska,9542,45.9,50.89984,19.93761,1
2601001,2601,26,gmina świętokrzyskie-południowy-01-01,wiejska,12726,58.9,51.04522,20.99172,1
2601002,2601,26,gmina świętokrzyskie-południowy-01-02,miejska,19615,200.6,50.86462,20.74981,0.08
2601003,2601,26,gmina świętokrzyskie-południowy-01-03,miejsko-wiejska,9942,34.6,50.73607,20.599,0.45
2601004,2601,26,gmina świętokrzyskie-południowy-01-04,miejska,34173,405.6,50.82157,20.5581,0.08
2601005,2601,26,gmina świętokrzyskie-południowy-01-05,wiejska,6930,64.2,50.87675,20.658,1
2601006,2601,26,gmina świętokrzyskie-południowy-01-06,wiejska,3927,29.8,50.87136,20.87283,1
2602001,2602,26,gmina świętokrzyskie-wschodni-02-01,miejska,19583,157.1,50.16451,20.00094,0.08
2602002,2602,26,gmina świętokrzyskie-wschodni-02-02,wiejska,2943,12,50.2295,19.73228,1
2602003,2602,26,gmina świętokrzyskie-wschodni-02-03,miejska,27403,218.8,49.99574,19.99898,0.08
2602004,2602,26,gmina świętokrzyskie-wschodni-02-04,miejsko-wiejska,16428,96.1,50.1375,19.94283,0.45
2602005,2602,26,gmina świętokrzyskie-wschodni-02-05,wiejska,6521,16.6,49.76618,20.01365,1
2602006,2602,26,gmina świętokrzyskie-wschodni-02-06,wiejska,28954,197.7,50.06664,19.88966,1
2603001,2603,26,gmina świętokrzyskie-zachodni-03-01,wiejska,6964,42.5,51.0294,20.27816,1
2603002,2603,26,gmina świętokrzyskie-zachodni-03-02,wiejska,13349,101.1,50.81353,19.8747,1
2603003,2603,26,gmina świętokrzyskie-zachodni-03-03,miejsko-wiejska,3301,14.9,50.79434,19.95777,0.45
2603004,2603,26,gmina świętokrzyskie-zachodni-03-04,wiejska,3258,39.1,50.75015,19.79922,1
2603005,2603,26,gmina świętokrzyskie-zachodni-03-05,miejsko-wiejska,6441,36.4,50.71436,20.17713,0.45
2603006,2603,26,gmina świętokrzyskie-zachodni-03-06,wiejska,2490,12,50.78875,20.02763,1
2604001,2604,26,gmina świętokrzyskie-centralny-04-01,wiejska,10410,22.2,51.06132,21.69719,1
2604002,2604,26,gmina świętokrzyskie-centralny-04-02,miejsko-wiejska,6162,59.6,51.13256,21.68894,0.45
2604003,2604,26,gmina świętokrzyskie-centralny-04-03,wiejska,37599,98.9,51.23821,21.81485,1
2604004,2604,26,gmina świętokrzyskie-centralny-04-04,wiejska,12752,32.8,51.19473,21.71657,1
2604005,2604,26,gmina świętokrzyskie-centralny-04-05,wiejska,5669,38.2,51.41491,21.91643,1
2604006,2604,26,gmina świętokrzyskie-centralny-04-06,wiejska,9783,27.7,51.06717,21.65162,1
2605001,2605,26,gmina świętokrzyskie-miejski-05-01,miejsko-wiejska,14583,65.5,50.36039,20.05235,0.45
2605002,2605,26,gmina świętokrzyskie-miejski-05-02,miejska,104031,2373.3,50.67169,20.17663,0.08
2605003,2605,26,gmina świętokrzyskie-miejski-05-03,wiejska,9439,40.1,50.566,20.3838,1
2605004,2605,26,gmina świętokrzyskie-miejski-05-04,wiejska,4265,22.8,50.5627,20.11608,1
2605005,2605,26,gmina świętokrzyskie-miejski-05-05,wiejska,5967,15.2,50.5853,20.05846,1
2605006,2605,26,gmina świętokrzyskie-miejski-05-06,miejsko-wiejska,9243,123.9,50.34543,20.16175,0.45
2606001,2606,26,gmina świętokrzyskie-północny-06-01,miejska,27432,245.1,50.90355,21.2944,0.08
2606002,2606,26,gmina świętokrzyskie-północny-06-02,miejska,35672,262.2,50.86808,21.15078,0.08
2606003,2606,26,gmina świętokrzyskie-północny-06-03,miejsko-wiejska,10506,37.7,50.99328,21.78122,0.45
2606004,2606,26,gmina świętokrzyskie-północny-06-04,wiejska,22868,70.9,51.02528,21.3081,1
2606005,2606,26,gmina świętokrzyskie-północny-06-05,wiejska,3867,12,51.13686,21.59405,1
2606006,2606,26,gmina świętokrzyskie-północny-06-06,wiejska,5201,17.3,50.72023,21.35058,1
2607001,2607,26,gmina świętokrzyskie-południowy-07-01,wiejska,4861,36.0,50.41116,20.71151,1
2607002,2607,26,gmina świętokrzyskie-południowy-07-02,miejsko-wiejska,7271,90.3,50.50032,20.76385,0.45
2607003,2607,26,gmina świętokrzyskie-południowy-07-03,miejsko-wiejska,6793,122.1,50.53463,20.63689,0.45
2607004,2607,26,gmina świętokrzyskie-południowy-07-04,miejsko-wiejska,7810,31.7,50.30317,21.06182,0.45
2607005,2607,26,gmina świętokrzyskie-południowy-07-05,wiejska,3532,12,50.32148,21.1308,1
2607006,2607,26,gmina świętokrzyskie-południowy-07-06,wiejska,5930,15.4,50.39101,20.75418,1
2608001,2608,26,gmina świętokrzyskie-wschodni-08-01,miejska,21946,204.3,51.16858,19.70182,0.08
2608002,2608,26,gmina świętokrzyskie-wschodni-08-02,wiejska,8193,22.5,51.74918,19.65774,1
2608003,2608,26,gmina świętokrzyskie-wschodni-08-03,miejsko-wiejska,13440,205.7,51.68417,19.58848,0.45
2608004,2608,26,gmina świętokrzyskie-wschodni-08-04,wiejska,3887,16.6,51.76015,19.72411,1
2608005,2608,26,gmina świętokrzyskie-wschodni-08-05,wiejska,20492,136.7,51.71783,19.57414,1
2608006,2608,26,gmina świętokrzyskie-wschodni-08-06,miejska,30936,685.8,51.67147,19.73666,0.08
2609001,2609,26,gmina świętokrzyskie-zachodni-09-01,miejsko-wiejska,5124,21.1,50.62099,20.26194,0.45
2609002,2609,26,gmina świętokrzyskie-zachodni-09-02,miejska,8622,113.6,50.37345,20.34342,0.08
2609003,2609,26,gmina świętokrzyskie-zachodni-09-03,miejska,37980,397.0,50.38093,20.349,0.08
2609004,2609,26,gmina świętokrzyskie-zachodni-09-04,wiejska,20155,111.5,50.26491,20.15176,1
2609005,2609,26,gmina świętokrzyskie-zachodni-09-05,wiejska,8833,21.3,50.22571,20.48142,1
2609006,2609,26,gmina świętokrzyskie-zachodni-09-06,miejska,41125,1085.2,50.44843,20.40088,0.08
2610001,2610,26,gmina świętokrzyskie-centralny-10-01,wiejska,11772,39.7,50.38949,21.00364,1
2610002,2610,26,gmina świętokrzyskie-centralny-10-02,miejsko-wiejska,11171,91.0,50.70652,21.18206,0.45
2610003,2610,26,gmina świętokrzyskie-centralny-10-03,miejsko-wiejska,8520,38.3,50.83742,21.02559,0.45
2610004,2610,26,gmina świętokrzyskie-centralny-10-04,miejsko-wiejska,7166,42.3,50.77987,20.98816,0.45
2610005,2610,26,gmina świętokrzyskie-centralny-10-05,wiejska,3501,12,50.72052,21.17218,1
2610006,2610,26,gmina świętokrzyskie-centralny-10-06,miejska,63955,526.1,50.97583,21.08877,0.08
2611001,2611,26,gmina świętokrzyskie-miejski-11-01,wiejska,3596,20.5,50.9471,19.73035,1
2611002,2611,26,gmina świętokrzyskie-miejski-11-02,miejsko-wiejska,4503,47.4,50.97251,19.54311,0.45
2611003,2611,26,gmina świętokrzyskie-miejski-11-03,wiejska,13400,29.6,51.13182,19.56419,1
2611004,2611,26,gmina świętokrzyskie-miejski-11-04,wiejska,17078,67.0,50.82522,19.40529,1
2611005,2611,26,gmina świętokrzyskie-miejski-11-05,miejsko-wiejska,8149,41.1,50.91957,19.53797,0.45
2611006,2611,26,gmina świętokrzyskie-miejski-11-06,wiejska,7087,24.3,50.93451,19.52775,1
2612001,2612,26,gmina świętokrzyskie-północny-12-01,wiejska,3518,14.5,51.23716,20.29872,1
2612002,2612,26,gmina świętokrzyskie-północny-12-02,miejsko-wiejska,5121,33.0,51.02563,20.53794,0.45
2612003,2612,26,gmina świętokrzyskie-północny-12-03,miejsko-wiejska,19345,137.4,50.91603,20.69446,0.45
2612004,2612,26,gmina świętokrzyskie-północny-12-04,miejska,34204,771.3,51.2106,20.40876,0.08
2612005,2612,26,gmina świętokrzyskie-północny-12-05,wiejska,18265,109.4,51.13408,20.06889,1
2612006,2612,26,gmina świętokrzyskie-północny-12-06,miejsko-wiejska,12248,147.5,51.21053,20.33293,0.45
2613001,2613,26,gmina świętokrzyskie-południowy-13-01,miejsko-wiejska,7400,31.1,51.2801,20.39711,0.45
2613002,2613,26,gmina świętokrzyskie-południowy-13-02,miejska,67752,814.2,51.45071,20.33262,0.08
2613003,2613,26,gmina świętokrzyskie-południowy-13-03,wiejska,8143,38.7,51.2281,20.11425,1
2613004,2613,26,gmina świętokrzyskie-południowy-13-04,wiejska,2151,12,51.42841,20.24944,1
2613005,2613,26,gmina świętokrzyskie-południowy-13-05,wiejska,2084,12,51.38401,20.60952,1
2613006,2613,26,gmina świętokrzyskie-południowy-13-06,wiejska,5254,23.3,51.3267,20.26477,1
2614001,2614,26,gmina świętokrzyskie-wschodni-14-01,miejsko-wiejska,17207,64.2,50.57528,21.15287,0.45
2614002,2614,26,gmina świętokrzyskie-wschodni-14-02,wiejska,8335,20.6,50.57586,21.15082,1
2614003,2614,26,gmina świętokrzyskie-wschodni-14-03,wiejska,9601,101.9,50.67389,20.80663,1
2614004,2614,26,gmina świętokrzyskie-wschodni-14-04,wiejska,8094,27.9,50.77324,20.86107,1
2614005,2614,26,gmina świętokrzyskie-wschodni-14-05,wiejska,3204,12,50.45088,21.00885,1
2614006,2614,26,gmina świętokrzyskie-wschodni-14-06,wiejska,3968,42.1,50.67448,20.88597,1
2801001,2801,28,gmina warmińsko-mazurskie-południowy-01-01,miejsko-wiejska,10633,126.9,53.76474,20.6882,0.45
2801002,2801,28,gmina warmińsko-mazurskie-południowy-01-02,miejsko-wiejska,10546,42.2,54.29228,20.50108,0.45
2801003,2801,28,gmina warmińsko-mazurskie-południowy-01-03,miejska,21658,158.1,54.2723,20.92876,0.08
2801004,2801,28,gmina warmińsko-mazurskie-południowy-01-04,miejsko-wiejska,10070,193.2,54.25559,20.96449,0.45
2801005,2801,28,gmina warmińsko-mazurskie-południowy-01-05,wiejska,16613,46.9,54.048,20.88453,1
2801006,2801,28,gmina warmińsko-mazurskie-południowy-01-06,wiejska,13439,31.3,54.04776,20.95045,1
2802001,2802,28,gmina warmińsko-mazurskie-wschodni-02-01,wiejska,22737,67.6,53.12786,20.85909,1
2802002,2802,28,gmina warmińsko-mazurskie-wschodni-02-02,miejsko-wiejska,10956,89.5,53.38549,20.8719,0.45
2802003,2802,28,gmina warmińsko-mazurskie-wschodni-02-03,wiejska,11265,30.9,53.10558,20.78,1
2802004,2802,28,gmina warmińsko-mazurskie-wschodni-02-04,wiejska,3725,41.0,52.9808,20.93053,1
2802005,2802,28,gmina warmińsko-mazurskie-wschodni-02-05,wiejska,10513,44.3,53.14742,20.93298,1
2802006,2802,28,gmina warmińsko-mazurskie-wschodni-02-06,wiejska,4007,12,53.24341,20.47511,1
2803001,2803,28,gmina warmińsko-mazurskie-zachodni-03-01,wiejska,12390,99.0,53.39285,20.41999,1
2803002,2803,28,gmina warmińsko-mazurskie-zachodni-03-02,wiejska,19680,97.4,53.20894,20.6534,1
2803003,2803,28,gmina warmińsko-mazurskie-zachodni-03-03,miejska,20816,137.0,53.47006,20.27093,0.08
2803004,2803,28,gmina warmińsko-mazurskie-zachodni-03-04,miejsko-wiejska,4262,15.8,53.50323,20.86258,0.45
2803005,2803,28,gmina warmińsko-mazurskie-zachodni-03-05,miejsko-wiejska,16054,79.5,53.11568,20.69975,0.45
2803006,2803,28,gmina warmińsko-mazurskie-zachodni-03-06,wiejska,20166,48.4,53.46251,20.41529,1
2804001,2804,28,gmina warmińsko-mazurskie-centralny-04-01,wiejska,5850,37.0,53.08897,20.53887,1
2804002,2804,28,gmina warmińsko-mazurskie-centralny-04-02,wiejska,14535,42.0,53.11717,21.02051,1
2804003,2804,28,gmina warmińsko-mazurskie-centralny-04-03,miejska,35805,324.2,53.12149,21.11401,0.08
2804004,2804,28,gmina warmińsko-mazurskie-centralny-04-04,wiejska,7981,19.9,53.36622,20.65172,1
2804005,2804,28,gmina warmińsko-mazurskie-centralny-04-05,miejsko-wiejska,5895,36.5,53.43448,20.40764,0.45
2804006,2804,28,gmina warmińsko-mazurskie-centralny-04-06,miejsko-wiejska,11394,203.9,53.13498,20.79259,0.45
2805001,2805,28,gmina warmińsko-mazurskie-miejski-05-01,wiejska,3509,12.2,53.39767,19.70459,1
2805002,2805,28,gmina warmińsko-mazurskie-miejski-05-02,wiejska,7751,45.9,53.68227,19.88334,1
2805003,2805,28,gmina warmińsko-mazurskie-miejski-05-03,wiejska,24652,105.7,53.42764,20.11106,1
2805004,2805,28,gmina warmińsko-mazurskie-miejski-05-04,miejsko-wiejska,5662,32.5,53.5799,19.57176,0.45
2805005,2805,28,gmina warmińsko-mazurskie-miejski-05-05,wiejska,12594,34.3,53.64581,19.95476,1
2805006,2805,28,gmina warmińsko-mazurskie-miejski-05-06,wiejska,18142,78.5,53.38997,20.17435,1
2806001,2806,28,gmina warmińsko-mazurskie-północny-06-01,wiejska,3144,12,54.13907,20.9254,1
2806002,2806,28,gmina warmińsko-mazurskie-północny-06-02,wiejska,9113,30.0,53.83175,20.54298,1
2806003,2806,28,gmina warmińsko-mazurskie-północny-06-03,wiejska,2535,12,53.88558,20.40289,1
2806004,2806,28,gmina warmińsko-mazurskie-północny-06-04,miejsko-wiejska,11144,39.9,54.05217,20.73553,0.45
2806005,2806,28,gmina warmińsko-mazurskie-północny-06-05,wiejska,11309,33.7,53.93989,20.73458,1
2806006,2806,28,gmina warmińsko-mazurskie-północny-06-06,miejska,39344,390.5,54.1087,20.42257,0.08
2807001,2807,28,gmina warmińsko-mazurskie-południowy-07-01,wiejska,12431,38.1,53.50876,21.24512,1
2807002,2807,28,gmina warmińsko-mazurskie-południowy-07-02,wiejska,5281,12,53.39652,21.11932,1
2807003,2807,28,gmina warmińsko-mazurskie-południowy-07-03,miejska,21942,187.1,53.6932,21.0028,0.08
2807004,2807,28,gmina warmińsko-mazurskie-południowy-07-04,wiejska,18729,148.7,53.42581,20.84429,1
2807005,2807,28,gmina warmińsko-mazurskie-południowy-07-05,wiejska,7748,16.8,53.75764,21.1414,1
2807006,2807,28,gmina warmińsko-mazurskie-południowy-07-06,miejsko-wiejska,24010,317.2,53.52252,21.22305,0.45
2808001,2808,28,gmina warmińsko-mazurskie-wschodni-08-01,wiejska,16555,39.4,53.74706,20.27456,1
2808002,2808,28,gmina warmińsko-mazurskie-wschodni-08-02,miejsko-wiejska,13833,95.5,53.432,20.1456,0.45
2808003,2808,28,gmina warmińsko-mazurskie-wschodni-08-03,wiejska,15422,103.7,53.47833,20.48019,1
2808004,2808,28,gmina warmińsko-mazurskie-wschodni-08-04,wiejska,10154,23.4,53.44631,20.85706,1
2808005,2808,28,gmina warmińsko-mazurskie-wschodni-08-05,wiejska,15102,39.3,53.59714,20.58237,1
2808006,2808,28,gmina warmińsko-mazurskie-wschodni-08-06,miejsko-wiejska,4022,27.6,53.47286,20.50496,0.45
2809001,2809,28,gmina warmińsko-mazurskie-zachodni-09-01,wiejska,3926,12,54.09968,20.16984,1
2809002,2809,28,gmina warmińsko-mazurskie-zachodni-09-02,miejsko-wiejska,9215,57.3,53.83055,20.2422,0.45
2809003,2809,28,gmina warmińsko-mazurskie-zachodni-09-03,miejsko-wiejska,9139,55.0,53.92705,20.22516,0.45
2809004,2809,28,gmina warmińsko-mazurskie-zachodni-09-04,wiejska,17960,91.4,53.63314,19.97976,1
2809005,2809,28,gmina warmińsko-mazurskie-zachodni-09-05,wiejska,4104,16.0,53.57618,20.07848,1
2809006,2809,28,gmina warmińsko-mazurskie-zachodni-09-06,miejska,65120,616.5,54.00975,19.86366,0.08
2810001,2810,28,gmina warmińsko-mazurskie-centralny-10-01,wiejska,3001,12,53.99118,20.22519,1
2810002,2810,28,gmina warmińsko-mazurskie-centralny-10-02,wiejska,4051,48.1,53.84152,20.42024,1
2810003,2810,28,gmina warmińsko-mazurskie-centralny-10-03,wiejska,43969,113.2,53.90284,19.75054,1
2810004,2810,28,gmina warmińsko-mazurskie-centralny-10-04,wiejska,2851,13.4,53.85553,20.13985,1
2810005,2810,28,gmina warmińsko-mazurskie-centralny-10-05,miejsko-wiejska,12164,42.2,53.95508,20.13376,0.45
2810006,2810,28,gmina warmińsko-mazurskie-centralny-10-06,miejsko-wiejska,8471,128.8,53.91017,20.28074,0.45
2811001,2811,28,gmina warmińsko-mazurskie-miejski-11-01,wiejska,9089,71.5,53.69624,21.45666,1
2811002,2811,28,gmina warmińsko-mazurskie-miejski-11-02,miejsko-wiejska,4170,17.5,53.55682,21.32063,0.45
2811003,2811,28,gmina warmińsko-mazurskie-miejski-11-03,miejska,41228,1368.2,53.64789,21.68277,0.08
2811004,2811,28,gmina warmińsko-mazurskie-miejski-11-04,miejsko-wiejska,19640,120.9,53.73529,21.56685,0.45
2811005,2811,28,gmina warmińsko-mazurskie-miejski-11-05,wiejska,3324,18.9,53.52463,21.14787,1
2811006,2811,28,gmina warmińsko-mazurskie-miejski-11-06,wiejska,11476,28.4,53.50515,21.15719,1
2812001,2812,28,gmina warmińsko-mazurskie-północny-12-01,miejsko-wiejska,8608,59.9,53.50706,19.79144,0.45
2812002,2812,28,gmina warmińsko-mazurskie-północny-12-02,miejska,34890,301.5,53.249,19.11442,0.08
2812003,2812,28,gmina warmińsko-mazurskie-północny-12-03,miejsko-wiejska,4523,27.9,53.45882,19.0896,0.45
2812004,2812,28,gmina warmińsko-mazurskie-północny-12-04,miejsko-wiejska,27741,424.3,53.39025,19.28802,0.45
2812005,2812,28,gmina warmińsko-mazurskie-północny-12-05,wiejska,14087,44.5,53.456,19.36213,1
2812006,2812,28,gmina warmińsko-mazurskie-północny-12-06,wiejska,5364,26.2,53.51315,19.44529,1
2813001,2813,28,gmina warmińsko-mazurskie-południowy-13-01,wiejska,2880,12,54.51094,21.42488,1
2813002,2813,28,gmina warmińsko-mazurskie-południowy-13-02,wiejska,10993,26.0,54.34299,21.8247,1
2813003,2813,28,gmina warmińsko-mazurskie-południowy-13-03,miejsko-wiejska,4163,28.4,54.35305,21.77922,0.45
2813004,2813,28,gmina warmińsko-mazurskie-południowy-13-04,wiejska,5128,35.5,54.37819,22.23947,1
2813005,2813,28,gmina warmińsko-mazurskie-południowy-13-05,wiejska,6346,18.8,54.34293,21.796,1
2813006,2813,28,gmina warmińsko-mazurskie-południowy-13-06,wiejska,2816,15.9,54.26732,21.9352,1
2814001,2814,28,gmina warmińsko-mazurskie-wschodni-14-01,wiejska,15791,38.4,53.58011,19.1887,1
2814002,2814,28,gmina warmińsko-mazurskie-wschodni-14-02,miejska,22837,414.0,53.59237,19.42619,0.08
2814003,2814,28,gmina warmińsko-mazurskie-wschodni-14-03,wiejska,19975,134.1,53.55479,19.46334,1
2814004,2814,28,gmina warmińsko-mazurskie-wschodni-14-04,miejska,16105,129.2,53.70784,19.18865,0.08
2814005,2814,28,gmina warmińsko-mazurskie-wschodni-14-05,wiejska,9032,67.0,53.71136,19.58438,1
2814006,2814,28,gmina warmińsko-mazurskie-wschodni-14-06,wiejska,10894,38.2,53.758,19.27759,1
2815001,2815,28,gmina warmińsko-mazurskie-zachodni-15-01,wiejska,3573,12,53.73166,20.32995,1
2815002,2815,28,gmina warmińsko-mazurskie-zachodni-15-02,wiejska,4868,14.4,53.44547,20.22609,1
2815003,2815,28,gmina warmińsko-mazurskie-zachodni-15-03,wiejska,10846,35.2,53.73113,20.24232,1
2815004,2815,28,gmina warmińsko-mazurskie-zachodni-15-04,miejska,26361,199.4,53.79636,20.35923,0.08
2815005,2815,28,gmina warmińsko-mazurskie-zachodni-15-05,miejska,16241,210.9,53.75845,20.15875,0.08
2815006,2815,28,gmina warmińsko-mazurskie-zachodni-15-06,wiejska,7256,18.8,53.66962,20.16091,1
2816001,2816,28,gmina warmińsko-mazurskie-centralny-16-01,wiejska,2570,12,53.84353,19.56505,1
2816002,2816,28,gmina warmińsko-mazurskie-centralny-16-02,wiejska,10185,32.0,53.79934,19.81264,1
2816003,2816,28,gmina warmińsko-mazurskie-centralny-16-03,wiejska,4514,13.7,53.75756,19.90489,1
2816004,2816,28,gmina warmińsko-mazurskie-centralny-16-04,miejsko-wiejska,7246,33.3,53.77855,19.97239,0.45
2816005,2816,28,gmina warmińsko-mazurskie-centralny-16-05,wiejska,9177,21.4,53.92934,19.77525,1
2816006,2816,28,gmina warmińsko-mazurskie-centralny-16-06,miejsko-wiejska,17934,95.9,53.8609,20.10965,0.45
2817001,2817,28,gmina warmińsko-mazurskie-miejski-17-01,wiejska,6756,31.7,54.07651,20.63057,1
2817002,2817,28,gmina warmińsko-mazurskie-miejski-17-02,miejska,21333,240.8,54.131,20.59803,0.08
2817003,2817,28,gmina warmińsko-mazurskie-miejski-17-03,wiejska,7432,17.3,53.95932,21.21288,1
2817004,2817,28,gmina warmińsko-mazurskie-miejski-17-04,miejsko-wiejska,9366,46.7,54.16313,20.72274,0.45
2817005,2817,28,gmina warmińsko-mazurskie-miejski-17-05,wiejska,15132,40.7,53.96579,20.97731,1
2817006,2817,28,gmina warmińsko-mazurskie-miejski-17-06,wiejska,21450,55.2,53.91345,20.89062,1
2818001,2818,28,gmina warmińsko-mazurskie-północny-18-01,wiejska,5506,19.2,53.3373,20.78662,1
2818002,2818,28,gmina warmińsko-mazurskie-północny-18-02,wiejska,2395,12,53.23332,20.54914,1
2818003,2818,28,gmina warmińsko-mazurskie-północny-18-03,wiejska,6739,31.3,53.42892,21.27429,1
2818004,2818,28,gmina warmińsko-mazurskie-północny-18-04,miejska,13959,180.7,53.11688,20.82888,0.08
2818005,2818,28,gmina warmińsko-mazurskie-północny-18-05,wiejska,24788,239.8,53.19781,20.7149,1
2818006,2818,28,gmina warmińsko-mazurskie-północny-18-06,miejska,54755,532.1,53.17899,20.8763,0.08
2819001,2819,28,gmina warmińsko-mazurskie-południowy-19-01,wiejska,5378,15.3,54.72426,20.34041,1
2819002,2819,28,gmina warmińsko-mazurskie-południowy-19-02,miejsko-wiejska,29672,156.2,54.73466,20.62155,0.45
2819003,2819,28,gmina warmińsko-mazurskie-południowy-19-03,wiejska,5929,31.0,54.576,20.6321,1
2819004,2819,28,gmina warmińsko-mazurskie-południowy-19-04,miejska,15206,155.7,54.48754,20.37587,0.08
2819005,2819,28,gmina warmińsko-mazurskie-południowy-19-05,wiejska,4881,13.6,54.5296,20.67243,1
2819006,2819,28,gmina warmińsko-mazurskie-południowy-19-06,wiejska,8732,48.9,54.31477,20.67906,1
2820001,2820,28,gmina warmińsko-mazurskie-wschodni-20-01,wiejska,8135,20.6,53.7578,20.3922,1
2820002,2820,28,gmina warmińsko-mazurskie-wschodni-20-02,wiejska,9018,55.7,53.74546,20.0837,1
2820003,2820,28,gmina warmińsko-mazurskie-wschodni-20-03,miejska,43548,316.9,53.61337,20.38004,0.08
2820004,2820,28,gmina warmińsko-mazurskie-wschodni-20-04,miejska,24374,162.6,54.05984,20.64148,0.08
2820005,2820,28,gmina warmińsko-mazurskie-wschodni-20-05,miejska,18948,195.7,53.75262,20.25537,0.08
2820006,2820,28,gmina warmińsko-mazurskie-wschodni-20-06,miejsko-wiejska,3708,67.9,53.76874,20.13177,0.45
2821001,2821,28,gmina warmińsko-mazurskie-zachodni-21-01,wiejska,5182,17.5,54.03881,19.80306,1
2821002,2821,28,gmina warmińsko-mazurskie-zachodni-21-02,wiejska,3377,12,53.84924,19.18288,1
2821003,2821,28,gmina warmińsko-mazurskie-zachodni-21-03,miejsko-wiejska,7812,34.1,54.02915,19.53486,0.45
2821004,2821,28,gmina warmińsko-mazurskie-zachodni-21-04,miejsko-wiejska,7176,25.8,54.08572,19.49101,0.45
2821005,2821,28,gmina warmińsko-mazurskie-zachodni-21-05,miejsko-wiejska,16062,61.5,53.91804,19.24434,0.45
2821006,2821,28,gmina warmińsko-mazurskie-zachodni-21-06,miejsko-wiejska,7282,106.5,53.8718,19.64307,0.45
3001001,3001,30,gmina wielkopolskie-południowy-01-01,wiejska,2691,12,52.48164,16.67735,1
3001002,3001,30,gmina wielkopolskie-południowy-01-02,wiejska,4266,13.8,52.46212,16.56174,1
3001003,3001,30,gmina wielkopolskie-południowy-01-03,miejsko-wiejska,9171,41.2,52.26623,16.48361,0.45
3001004,3001,30,gmina wielkopolskie-południowy-01-04,wiejska,10063,56.0,52.58835,16.51964,1
3001005,3001,30,gmina wielkopolskie-południowy-01-05,wiejska,11571,27.1,52.3493,16.7546,1
3001006,3001,30,gmina wielkopolskie-południowy-01-06,wiejska,7778,17.7,52.46751,16.66192,1
3002001,3002,30,gmina wielkopolskie-wschodni-02-01,wiejska,7366,63.9,52.94558,16.81766,1
3002002,3002,30,gmina wielkopolskie-wschodni-02-02,wiejska,4926,12.3,53.07329,16.93632,1
3002003,3002,30,gmina wielkopolskie-wschodni-02-03,miejska,30184,203.7,53.03361,16.91865,0.08
3002004,3002,30,gmina wielkopolskie-wschodni-02-04,miejsko-wiejska,1833,12,52.87729,16.54943,0.45
3002005,3002,30,gmina wielkopolskie-wschodni-02-05,wiejska,5890,12.6,53.30346,16.93137,1
3002006,3002,30,gmina wielkopolskie-wschodni-02-06,miejska,33558,328.8,53.12098,16.70534,0.08
3003001,3003,30,gmina wielkopolskie-zachodni-03-01,miejska,16214,174.6,52.97727,16.44941,0.08
3003002,3003,30,gmina wielkopolskie-zachodni-03-02,miejska,8100,76.4,52.92831,16.21921,0.08
3003003,3003,30,gmina wielkopolskie-zachodni-03-03,wiejska,9787,43.7,53.05351,16.25472,1
3003004,3003,30,gmina wielkopolskie-zachodni-03-04,miejsko-wiejska,5379,25.5,53.01525,16.15473,0.45
3003005,3003,30,gmina wielkopolskie-zachodni-03-05,wiejska,8138,24.1,52.96045,16.57911,1
3003006,3003,30,gmina wielkopolskie-zachodni-03-06,wiejska,10482,94.1,53.0513,16.10811,1
3004001,3004,30,gmina wielkopolskie-centralny-04-01,wiejska,6180,25.2,52.47354,17.14539,1
3004002,3004,30,gmina wielkopolskie-centralny-04-02,miejska,19663,439.0,52.55491,17.60831,0.08
3004003,3004,30,gmina wielkopolskie-centralny-04-03,wiejska,5373,14.9,52.43117,17.21234,1
3004004,3004,30,gmina wielkopolskie-centralny-04-04,miejska,61611,478.1,52.77663,17.20916,0.08
3004005,3004,30,gmina wielkopolskie-centralny-04-05,miejsko-wiejska,7204,30.7,52.64486,17.23361,0.45
3004006,3004,30,gmina wielkopolskie-centralny-04-06,wiejska,10366,23.6,52.60226,17.4323,1
3005001,3005,30,gmina wielkopolskie-miejski-05-01,wiejska,9468,43.6,52.13455,17.04677,1
3005002,3005,30,gmina wielkopolskie-miejski-05-02,wiejska,8667,54.8,52.156,17.04507,1
3005003,3005,30,gmina wielkopolskie-miejski-05-03,miejska,17498,120.0,52.06172,16.94208,0.08
3005004,3005,30,gmina wielkopolskie-miejski-05-04,miejska,141611,1944.9,52.18478,16.84229,0.08
3005005,3005,30,gmina wielkopolskie-miejski-05-05,wiejska,8789,50.7,51.95428,16.86727,1
3005006,3005,30,gmina wielkopolskie-miejski-05-06,wiejska,8015,25.5,52.17585,16.90135,1
3006001,3006,30,gmina wielkopolskie-północny-06-01,wiejska,12154,26.8,52.64394,16.68069,1
3006002,3006,30,gmina wielkopolskie-północny-06-02,miejska,10173,185.3,52.67718,16.53513,0.08
3006003,3006,30,gmina wielkopolskie-północny-06-03,wiejska,10471,26.8,52.67855,17.0891,1
3006004,3006,30,gmina wielkopolskie-północny-06-04,miejsko-wiejska,4354,21.3,52.83566,16.84977,0.45
3006005,3006,30,gmina wielkopolskie-północny-06-05,wiejska,10793,29.6,52.82166,16.68106,1
3006006,3006,30,gmina wielkopolskie-północny-06-06,wiejska,12891,30.7,53.10293,16.58526,1
3007001,3007,30,gmina wielkopolskie-południowy-07-01,wiejska,8059,50.3,51.60127,16.73294,1
3007002,3007,30,gmina wielkopolskie-południowy-07-02,wiejska,4439,30.5,51.63957,17.01554,1
3007003,3007,30,gmina wielkopolskie-południowy-07-03,miejsko-wiejska,4986,18.3,51.70989,17.06905,0.45
3007004,3007,30,gmina wielkopolskie-południowy-07-04,miejska,30737,513.5,51.58508,16.68465,0.08
3007005,3007,30,gmina wielkopolskie-południowy-07-05,miejska,12177,81.9,51.82072,16.73525,0.08
3007006,3007,30,gmina wielkopolskie-południowy-07-06,miejsko-wiejska,5710,20.3,51.65075,16.97319,0.45
3008001,3008,30,gmina wielkopolskie-wschodni-08-01,wiejska,6779,54.4,52.20712,16.94742,1
3008002,3008,30,gmina wielkopolskie-wschodni-08-02,miejsko-wiejska,12286,83.6,52.12881,16.64892,0.45
3008003,3008,30,gmina wielkopolskie-wschodni-08-03,wiejska,22264,114.1,52.08856,16.73458,1
3008004,3008,30,gmina wielkopolskie-wschodni-08-04,miejsko-wiejska,23836,93.0,52.27767,16.6782,0.45
3008005,3008,30,gmina wielkopolskie-wschodni-08-05,wiejska,3388,21.9,51.85898,16.82937,1
3008006,3008,30,gmina wielkopolskie-wschodni-08-06,miejska,14132,188.7,52.19319,16.59075,0.08
3009001,3009,30,gmina wielkopolskie-zachodni-09-01,wiejska,6862,40.9,52.3224,16.42521,1
3009002,3009,30,gmina wielkopolskie-zachodni-09-02,wiejska,13125,68.6,52.2956,15.95422,1
3009003,3009,30,gmina wielkopolskie-zachodni-09-03,wiejska,8783,19.8,52.43261,15.79027,1
3009004,3009,30,gmina wielkopolskie-zachodni-09-04,wiejska,4472,18.6,52.22876,16.09311,1
3009005,3009,30,gmina wielkopolskie-zachodni-09-05,miejska,26666,302.5,52.38214,15.65856,0.08
3009006,3009,30,gmina wielkopolskie-zachodni-09-06,miejsko-wiejska,12455,240.0,52.59113,16.15473,0.45
3010001,3010,30,gmina wielkopolskie-centralny-10-01,wiejska,4198,18.5,51.69544,16.94531,1
3010002,3010,30,gmina wielkopolskie-centralny-10-02,miejsko-wiejska,25133,228.7,51.89806,17.11383,0.45
3010003,3010,30,gmina wielkopolskie-centralny-10-03,wiejska,7248,31.6,51.91883,17.22123,1
3010004,3010,30,gmina wielkopolskie-centralny-10-04,wiejska,4206,13.5,51.75091,17.08315,1
3010005,3010,30,gmina wielkopolskie-centralny-10-05,miejsko-wiejska,1800,12,51.79817,17.18313,0.45
3010006,3010,30,gmina wielkopolskie-centralny-10-06,wiejska,6312,18.9,51.7417,17.24851,1
3011001,3011,30,gmina wielkopolskie-miejski-11-01,miejska,39984,286.5,52.31524,15.47517,0.08
3011002,3011,30,gmina wielkopolskie-miejski-11-02,miejsko-wiejska,5927,22.5,52.03824,15.53128,0.45
3011003,3011,30,gmina wielkopolskie-miejski-11-03,wiejska,3114,12.3,51.95913,15.45787,1
3011004,3011,30,gmina wielkopolskie-miejski-11-04,wiejska,21981,51.5,52.2786,15.91281,1
3011005,3011,30,gmina wielkopolskie-miejski-11-05,miejsko-wiejska,10409,65.8,52.12606,15.48951,0.45
3011006,3011,30,gmina wielkopolskie-miejski-11-06,wiejska,5473,15.5,52.3196,15.6741,1
3012001,3012,30,gmina wielkopolskie-północny-12-01,miejsko-wiejska,2918,13.1,52.64256,17.15764,0.45
3012002,3012,30,gmina wielkopolskie-północny-12-02,wiejska,16460,128.6,52.64236,16.97497,1
3012003,3012,30,gmina wielkopolskie-północny-12-03,wiejska,11671,76.5,52.68132,16.97509,1
3012004,3012,30,gmina wielkopolskie-północny-12-04,miejska,5295,57.7,52.67636,17.27862,0.08
3012005,3012,30,gmina wielkopolskie-północny-12-05,wiejska,8130,48.9,52.66727,16.67341,1
3012006,3012,30,gmina wielkopolskie-północny-12-06,wiejska,3824,40.0,52.66856,17.21585,1
3013001,3013,30,gmina wielkopolskie-południowy-13-01,wiejska,2393,27.0,52.07167,16.34779,1
3013002,3013,30,gmina wielkopolskie-południowy-13-02,miejska,40827,1251.8,52.3137,16.10948,0.08
3013003,3013,30,gmina wielkopolskie-południowy-13-03,miejska,61558,1122.4,51.99902,16.31123,0.08
3013004,3013,30,gmina wielkopolskie-południowy-13-04,wiejska,3187,12.5,52.14089,16.36867,1
3013005,3013,30,gmina wielkopolskie-południowy-13-05,wiejska,7809,23.8,52.18984,16.05646,1
3013006,3013,30,gmina wielkopolskie-południowy-13-06,wiejska,5229,56.7,52.12522,16.10242,1
3014001,3014,30,gmina wielkopolskie-wschodni-14-01,miejsko-wiejska,7697,31.3,52.66445,17.00718,0.45
3014002,3014,30,gmina wielkopolskie-wschodni-14-02,miejska,9333,124.0,52.79644,17.24266,0.08
3014003,3014,30,gmina wielkopolskie-wschodni-14-03,miejska,28770,226.7,52.80536,17.29247,0.08
3014004,3014,30,gmina wielkopolskie-wschodni-14-04,miejsko-wiejska,14917,59.0,52.69725,16.85327,0.45
3014005,3014,30,gmina wielkopolskie-wschodni-14-05,miejsko-wiejska,12228,48.3,52.90601,17.32277,0.45
3014006,3014,30,gmina wielkopolskie-wschodni-14-06,miejsko-wiejska,27070,287.7,52.74507,16.84284,0.45
3015001,3015,30,gmina wielkopolskie-zachodni-15-01,miejska,32565,246.6,53.33077,17.14091,0.08
3015002,3015,30,gmina wielkopolskie-zachodni-15-02,miejsko-wiejska,10856,98.1,53.41759,16.64093,0.45
3015003,3015,30,gmina wielkopolskie-zachodni-15-03,wiejska,9116,74.0,53.5298,17.26285,1
3015004,3015,30,gmina wielkopolskie-zachodni-15-04,wiejska,23031,80.9,53.30573,17.22639,1
3015005,3015,30,gmina wielkopolskie-zachodni-15-05,miejsko-wiejska,8087,125.7,53.24356,16.93091,0.45
3015006,3015,30,gmina wielkopolskie-zachodni-15-06,miejska,37331,1406.4,53.26216,17.0291,0.08
3016001,3016,30,gmina wielkopolskie-centralny-16-01,miejsko-wiejska,11082,53.6,52.41167,16.57641,0.45
3016002,3016,30,gmina wielkopolskie-centralny-16-02,miejska,48620,358.9,52.61303,17.09923,0.08
3016003,3016,30,gmina wielkopolskie-centralny-16-03,wiejska,22113,170.4,52.57701,16.94101,1
3016004,3016,30,gmina wielkopolskie-centralny-16-04,miejsko-wiejska,12574,48.9,52.2672,16.72461,0.45
3016005,3016,30,gmina wielkopolskie-centralny-16-05,miejsko-wiejska,13712,51.0,52.6961,16.80111,0.45
3016006,3016,30,gmina wielkopolskie-centralny-16-06,miejsko-wiejska,8792,33.2,52.48463,16.70971,0.45
3017001,3017,30,gmina wielkopolskie-miejski-17-01,miejsko-wiejska,9586,39.9,52.82475,17.36138,0.45
3017002,3017,30,gmina wielkopolskie-miejski-17-02,miejska,53190,1022.3,52.50643,17.24305,0.08
3017003,3017,30,gmina wielkopolskie-miejski-17-03,wiejska,48886,136.3,52.64384,17.32021,1
3017004,3017,30,gmina wielkopolskie-miejski-17-04,wiejska,12722,30.5,52.87473,17.21366,1
3017005,3017,30,gmina wielkopolskie-miejski-17-05,wiejska,7660,42.4,52.84771,17.10787,1
3017006,3017,30,gmina wielkopolskie-miejski-17-06,wiejska,2812,12,52.46513,17.1896,1
3018001,3018,30,gmina wielkopolskie-północny-18-01,miejska,56154,597.3,53.00074,16.72493,0.08
3018002,3018,30,gmina wielkopolskie-północny-18-02,miejsko-wiejska,36112,128.0,52.92344,16.53441,0.45
3018003,3018,30,gmina wielkopolskie-północny-18-03,miejska,48689,536.3,53.08192,16.51772,0.08
3018004,3018,30,gmina wielkopolskie-północny-18-04,miejsko-wiejska,19388,195.9,52.87176,16.71091,0.45
3018005,3018,30,gmina wielkopolskie-północny-18-05,wiejska,9527,50.6,52.85084,16.48698,1
3018006,3018,30,gmina wielkopolskie-północny-18-06,miejska,21856,394.0,52.97669,16.39094,0.08
3019001,3019,30,gmina wielkopolskie-południowy-19-01,miejsko-wiejska,7080,121.1,52.33528,16.31705,0.45
3019002,3019,30,gmina wielkopolskie-południowy-19-02,miejsko-wiejska,7654,42.3,52.24079,16.87842,0.45
3019003,3019,30,gmina wielkopolskie-południowy-19-03,wiejska,4868,17.9,52.33179,16.53981,1
3019004,3019,30,gmina wielkopolskie-południowy-19-04,miejska,9042,208.1,52.38222,16.4091,0.08
3019005,3019,30,gmina wielkopolskie-południowy-19-05,miejsko-wiejska,34486,218.8,52.24499,16.41705,0.45
3019006,3019,30,gmina wielkopolskie-południowy-19-06,miejsko-wiejska,8314,158.6,52.05581,17.14514,0.45
3020001,3020,30,gmina wielkopolskie-wschodni-20-01,wiejska,5960,20.5,52.81678,18.05068,1
3020002,3020,30,gmina wielkopolskie-wschodni-20-02,wiejska,16291,76.3,52.72617,17.38546,1
3020003,3020,30,gmina wielkopolskie-wschodni-20-03,miejsko-wiejska,14172,56.5,52.60412,17.72353,0.45
3020004,3020,30,gmina wielkopolskie-wschodni-20-04,miejska,35450,1267.0,52.88279,17.85429,0.08
3020005,3020,30,gmina wielkopolskie-wschodni-20-05,miejsko-wiejska,12085,43.3,52.90442,17.57956,0.45
3020006,3020,30,gmina wielkopolskie-wschodni-20-06,wiejska,23796,111.9,52.76202,17.90987,1
3021001,3021,30,gmina wielkopolskie-zachodni-21-01,miejsko-wiejska,1800,21.6,52.3579,16.83278,0.45
3021002,3021,30,gmina wielkopolskie-zachodni-21-02,wiejska,3803,26.0,51.92128,16.74071,1
3021003,3021,30,gmina wielkopolskie-zachodni-21-03,wiejska,2520,12,52.36757,16.58098,1
3021004,3021,30,gmina wielkopolskie-zachodni-21-04,miejsko-wiejska,11194,127.9,52.25467,16.45986,0.45
3021005,3021,30,gmina wielkopolskie-zachodni-21-05,miejsko-wiejska,11919,94.5,52.00605,16.64442,0.45
3021006,3021,30,gmina wielkopolskie-zachodni-21-06,wiejska,7108,49.0,52.1477,17.00579,1
3022001,3022,30,gmina wielkopolskie-centralny-22-01,wiejska,8951,22.9,52.54302,16.94535,1
3022002,3022,30,gmina wielkopolskie-centralny-22-02,wiejska,11581,60.0,52.60767,16.4364,1
3022003,3022,30,gmina wielkopolskie-centralny-22-03,miejska,8885,207.5,52.49563,16.8692,0.08
3022004,3022,30,gmina wielkopolskie-centralny-22-04,miejsko-wiejska,8204,39.9,52.36988,16.7629,0.45
3022005,3022,30,gmina wielkopolskie-centralny-22-05,wiejska,3528,28.2,52.29396,16.82753,1
3022006,3022,30,gmina wielkopolskie-centralny-22-06,miejsko-wiejska,3259,18.6,52.62674,16.80576,0.45
3023001,3023,30,gmina wielkopolskie-miejski-23-01,miejsko-wiejska,2921,14.1,52.58161,15.35646,0.45
3023002,3023,30,gmina wielkopolskie-miejski-23-02,wiejska,8716,35.0,52.81465,15.76999,1
3023003,3023,30,gmina wielkopolskie-miejski-23-03,wiejska,8043,88.5,52.63301,15.58231,1
3023004,3023,30,gmina wielkopolskie-miejski-23-04,miejsko-wiejska,3571,39.1,52.77245,15.64031,0.45
3023005,3023,30,gmina wielkopolskie-miejski-23-05,wiejska,54183,117.4,52.74677,15.40525,1
3023006,3023,30,gmina wielkopolskie-miejski-23-06,wiejska,6371,58.3,52.86317,15.58058,1
3024001,3024,30,gmina wielkopolskie-północny-24-01,wiejska,7196,15.7,51.91772,16.35229,1
3024002,3024,30,gmina wielkopolskie-północny-24-02,miejsko-wiejska,6394,24.0,52.15292,16.42744,0.45
3024003,3024,30,gmina wielkopolskie-północny-24-03,miejsko-wiejska,6930,30.4,52.15062,16.34441,0.45
3024004,3024,30,gmina wielkopolskie-północny-24-04,wiejska,12877,35.7,52.0633,16.28547,1
3024005,3024,30,gmina wielkopolskie-północny-24-05,miejsko-wiejska,8019,28.8,52.04799,16.36814,0.45
3024006,3024,30,gmina wielkopolskie-północny-24-06,miejska,38154,290.4,52.0443,16.17194,0.08
3025001,3025,30,gmina wielkopolskie-południowy-25-01,wiejska,10753,88.0,51.54398,16.39721,1
3025002,3025,30,gmina wielkopolskie-południowy-25-02,wiejska,2512,12,51.58,16.48469,1
3025003,3025,30,gmina wielkopolskie-południowy-25-03,wiejska,8714,50.4,51.67151,16.44398,1
3025004,3025,30,gmina wielkopolskie-południowy-25-04,wiejska,3842,12,51.54601,16.49236,1
3025005,3025,30,gmina wielkopolskie-południowy-25-05,wiejska,5987,13.2,51.30313,16.18236,1
3025006,3025,30,gmina wielkopolskie-południowy-25-06,wiejska,2253,12,51.69923,16.7404,1
3026001,3026,30,gmina wielkopolskie-wschodni-26-01,wiejska,9371,37.1,52.02564,16.87459,1
3026002,3026,30,gmina wielkopolskie-wschodni-26-02,wiejska,3074,15.1,52.22443,16.60116,1
3026003,3026,30,gmina wielkopolskie-wschodni-26-03,miejsko-wiejska,5092,63.4,52.08622,16.67689,0.45
3026004,3026,30,gmina wielkopolskie-wschodni-26-04,miejsko-wiejska,8499,30.7,52.28761,16.76667,0.45
3026005,3026,30,gmina wielkopolskie-wschodni-26-05,wiejska,7898,64.0,51.98634,16.55101,1
3026006,3026,30,gmina wielkopolskie-wschodni-26-06,wiejska,9463,57.7,52.09557,16.77193,1
3027001,3027,30,gmina wielkopolskie-zachodni-27-01,wiejska,3301,38.9,52.97091,16.54308,1
3027002,3027,30,gmina wielkopolskie-zachodni-27-02,miejsko-wiejska,6962,40.0,52.73921,16.80985,0.45
3027003,3027,30,gmina wielkopolskie-zachodni-27-03,wiejska,10666,43.6,52.70571,16.46894,1
3027004,3027,30,gmina wielkopolskie-zachodni-27-04,wiejska,9534,96.3,53.04353,17.10443,1
3027005,3027,30,gmina wielkopolskie-zachodni-27-05,miejsko-wiejska,27839,167.2,52.89125,16.92199,0.45
3027006,3027,30,gmina wielkopolskie-zachodni-27-06,wiejska,12967,93.2,52.97643,16.76531,1
3028001,3028,30,gmina wielkopolskie-centralny-28-01,wiejska,8772,70.8,52.08566,16.82181,1
3028002,3028,30,gmina wielkopolskie-centralny-28-02,wiejska,10809,25.1,52.03,16.86045,1
3028003,3028,30,gmina wielkopolskie-centralny-28-03,miejska,43813,315.9,51.83367,16.97109,0.08
3028004,3028,30,gmina wielkopolskie-centralny-28-04,wiejska,4906,42.1,51.88562,16.91968,1
3028005,3028,30,gmina wielkopolskie-centralny-28-05,wiejska,7632,18.0,51.96225,17.07914,1
3028006,3028,30,gmina wielkopolskie-centralny-28-06,miejsko-wiejska,6125,101.0,52.13345,17.01187,0.45
3029001,3029,30,gmina wielkopolskie-miejski-29-01,wiejska,15267,86.3,53.00671,16.47777,1
3029002,3029,30,gmina wielkopolskie-miejski-29-02,wiejska,37276,185.5,52.58708,16.36452,1
3029003,3029,30,gmina wielkopolskie-miejski-29-03,wiejska,6831,56.7,52.92768,16.34751,1
3029004,3029,30,gmina wielkopolskie-miejski-29-04,wiejska,6979,20.7,52.76793,16.30202,1
3029005,3029,30,gmina wielkopolskie-miejski-29-05,wiejska,15413,43.3,52.92877,16.33294,1
3029006,3029,30,gmina wielkopolskie-miejski-29-06,miejsko-wiejska,2150,19.3,52.70773,16.33987,0.45
3030001,3030,30,gmina wielkopolskie-północny-30-01,wiejska,5345,64.5,51.92927,16.97667,1
3030002,3030,30,gmina wielkopolskie-północny-30-02,wiejska,17293,49.0,52.05402,17.37901,1
3030003,3030,30,gmina wielkopolskie-północny-30-03,wiejska,14283,36.1,52.09032,17.33752,1
3030004,3030,30,gmina wielkopolskie-północny-30-04,miejska,63026,525.2,51.83352,17.11206,0.08
3030005,3030,30,gmina wielkopolskie-północny-30-05,wiejska,12478,117.1,52.24839,17.19583,1
3030006,3030,30,gmina wielkopolskie-północny-30-06,wiejska,8542,40.2,52.03204,17.23893,1
3031001,3031,30,gmina wielkopolskie-południowy-31-01,miejsko-wiejska,14149,104.1,52.28158,17.40537,0.45
3031002,3031,30,gmina wielkopolskie-południowy-31-02,wiejska,8439,48.5,52.12671,16.95192,1
3031003,3031,30,gmina wielkopolskie-południowy-31-03,miejska,43356,1335.6,52.29263,17.32819,0.08
3031004,3031,30,gmina wielkopolskie-południowy-31-04,wiejska,12861,32.9,52.231,17.29027,1
3031005,3031,30,gmina wielkopolskie-południowy-31-05,wiejska,14193,40.3,52.29207,17.21216,1
3031006,3031,30,gmina wielkopolskie-południowy-31-06,miejsko-wiejska,10500,75.1,52.25031,17.48086,0.45
3032001,3032,30,gmina wielkopolskie-wschodni-32-01,wiejska,5800,53.8,52.20383,17.15747,1
3032002,3032,30,gmina wielkopolskie-wschodni-32-02,wiejska,11158,41.8,52.46675,17.3851,1
3032003,3032,30,gmina wielkopolskie-wschodni-32-03,miejsko-wiejska,29566,136.6,52.20048,17.09682,0.45
3032004,3032,30,gmina wielkopolskie-wschodni-32-04,miejska,17391,346.2,52.40605,17.5114,0.08
3032005,3032,30,gmina wielkopolskie-wschodni-32-05,miejsko-wiejska,21048,344.7,52.65176,17.22177,0.45
3032006,3032,30,gmina wielkopolskie-wschodni-32-06,wiejska,2944,12,52.17418,17.15002,1
3033001,3033,30,gmina wielkopolskie-zachodni-33-01,wiejska,11186,26.0,51.98376,16.68081,1
3033002,3033,30,gmina wielkopolskie-zachodni-33-02,wiejska,8048,40.0,52.00907,16.74391,1
3033003,3033,30,gmina wielkopolskie-zachodni-33-03,wiejska,3738,35.3,52.05375,16.9552,1
3033004,3033,30,gmina wielkopolskie-zachodni-33-04,wiejska,4932,12,52.05707,16.73176,1
3033005,3033,30,gmina wielkopolskie-zachodni-33-05,miejsko-wiejska,12421,48.2,51.88812,16.92092,0.45
3033006,3033,30,gmina wielkopolskie-zachodni-33-06,wiejska,34953,98.0,52.02302,16.95794,1
3034001,3034,30,gmina wielkopolskie-centralny-34-01,wiejska,2736,12,52.01863,16.54264,1
3034002,3034,30,gmina wielkopolskie-centralny-34-02,wiejska,20889,96.2,52.33615,15.95197,1
3034003,3034,30,gmina wielkopolskie-centralny-34-03,miejsko-wiejska,7072,29.1,52.33571,16.12962,0.45
3034004,3034,30,gmina wielkopolskie-centralny-34-04,miejska,9045,167.3,52.31153,15.91505,0.08
3034005,3034,30,gmina wielkopolskie-centralny-34-05,miejska,15168,206.7,52.30413,16.26858,0.08
3034006,3034,30,gmina wielkopolskie-centralny-34-06,miejsko-wiejska,5931,32.5,52.3294,16.42248,0.45
3035001,3035,30,gmina wielkopolskie-miejski-35-01,wiejska,6493,20.4,51.73814,17.11456,1
3035002,3035,30,gmina wielkopolskie-miejski-35-02,miejska,14238,114.7,51.59954,17.33018,0.08
3035003,3035,30,gmina wielkopolskie-miejski-35-03,wiejska,2486,12,51.64373,17.20853,1
3035004,3035,30,gmina wielkopolskie-miejski-35-04,miejska,39136,544.2,51.67652,17.2501,0.08
3035005,3035,30,gmina wielkopolskie-miejski-35-05,miejsko-wiejska,5173,28.1,51.72008,17.42549,0.45
3035006,3035,30,gmina wielkopolskie-miejski-35-06,wiejska,5987,22.0,51.8558,17.09536,1
3201001,3201,32,gmina zachodniopomorskie-południowy-01-01,miejsko-wiejska,6455,67.1,53.36265,13.74277,0.45
3201002,3201,32,gmina zachodniopomorskie-południowy-01-02,wiejska,3528,12,53.34859,14.2597,1
3201003,3201,32,gmina zachodniopomorskie-południowy-01-03,wiejska,19071,109.8,53.25669,14.18078,1
3201004,3201,32,gmina zachodniopomorskie-południowy-01-04,miejsko-wiejska,3985,17.8,53.31904,13.85673,0.45
3201005,3201,32,gmina zachodniopomorskie-południowy-01-05,wiejska,7781,27.2,53.29641,14.20655,1
3201006,3201,32,gmina zachodniopomorskie-południowy-01-06,miejsko-wiejska,13573,245.9,53.2136,14.05715,0.45
3202001,3202,32,gmina zachodniopomorskie-wschodni-02-01,miejsko-wiejska,5599,27.7,53.67763,15.2532,0.45
3202002,3202,32,gmina zachodniopomorskie-wschodni-02-02,wiejska,10712,30.7,53.48586,15.35726,1
3202003,3202,32,gmina zachodniopomorskie-wschodni-02-03,miejska,43293,399.9,53.48755,15.44931,0.08
3202004,3202,32,gmina zachodniopomorskie-wschodni-02-04,wiejska,9657,22.3,53.4708,15.05767,1
3202005,3202,32,gmina zachodniopomorskie-wschodni-02-05,wiejska,5191,18.6,53.15449,15.36938,1
3202006,3202,32,gmina zachodniopomorskie-wschodni-02-06,wiejska,4460,13.3,53.33786,15.22748,1
3203001,3203,32,gmina zachodniopomorskie-zachodni-03-01,miejska,21740,506.7,52.52616,13.69638,0.08
3203002,3203,32,gmina zachodniopomorskie-zachodni-03-02,wiejska,5017,18.9,52.28079,13.73982,1
3203003,3203,32,gmina zachodniopomorskie-zachodni-03-03,miejsko-wiejska,6058,66.6,52.3588,13.68689,0.45
3203004,3203,32,gmina zachodniopomorskie-zachodni-03-04,miejska,25248,241.7,52.57318,13.56382,0.08
3203005,3203,32,gmina zachodniopomorskie-zachodni-03-05,miejska,19885,247.5,52.38923,13.76269,0.08
3203006,3203,32,gmina zachodniopomorskie-zachodni-03-06,wiejska,8057,41.9,52.85681,13.70256,1
3204001,3204,32,gmina zachodniopomorskie-centralny-04-01,wiejska,10709,24.4,53.11263,15.56039,1
3204002,3204,32,gmina zachodniopomorskie-centralny-04-02,miejsko-wiejska,5627,39.9,52.94187,15.19766,0.45
3204003,3204,32,gmina zachodniopomorskie-centralny-04-03,miejsko-wiejska,15410,263.1,52.75967,15.72141,0.45
3204004,3204,32,gmina zachodniopomorskie-centralny-04-04,miejsko-wiejska,4928,42.6,53.24621,15.37814,0.45
3204005,3204,32,gmina zachodniopomorskie-centralny-04-05,wiejska,7322,46.0,52.85312,15.3737,1
3204006,3204,32,gmina zachodniopomorskie-centralny-04-06,miejsko-wiejska,10147,110.7,52.99155,15.4073,0.45
3205001,3205,32,gmina zachodniopomorskie-miejski-05-01,miejska,8612,78.2,53.52675,15.37728,0.08
3205002,3205,32,gmina zachodniopomorskie-miejski-05-02,wiejska,8140,19.4,53.50129,14.96302,1
3205003,3205,32,gmina zachodniopomorskie-miejski-05-03,miejsko-wiejska,10609,95.6,53.35619,14.72759,0.45
3205004,3205,32,gmina zachodniopomorskie-miejski-05-04,wiejska,9537,23.4,53.5169,15.16841,1
3205005,3205,32,gmina zachodniopomorskie-miejski-05-05,miejsko-wiejska,15183,98.8,53.40964,15.05718,0.45
3205006,3205,32,gmina zachodniopomorskie-miejski-05-06,wiejska,17126,167.8,53.59717,14.93876,1
3206001,3206,32,gmina zachodniopomorskie-północny-06-01,miejsko-wiejska,7147,35.4,52.96058,14.19449,0.45
3206002,3206,32,gmina zachodniopomorskie-północny-06-02,wiejska,1890,12,52.9572,13.73739,1
3206003,3206,32,gmina zachodniopomorskie-północny-06-03,wiejska,12289,48.5,52.9239,14.31704,1
3206004,3206,32,gmina zachodniopomorskie-północny-06-04,miejska,50321,439.5,53.01243,13.95462,0.08
3206005,3206,32,gmina zachodniopomorskie-północny-06-05,miejska,92931,2809.5,52.87679,13.73224,0.08
3206006,3206,32,gmina zachodniopomorskie-północny-06-06,wiejska,11515,30.5,52.79527,14.06141,1
3207001,3207,32,gmina zachodniopomorskie-południowy-07-01,miejsko-wiejska,6858,29.0,53.62318,14.52256,0.45
3207002,3207,32,gmina zachodniopomorskie-południowy-07-02,miejsko-wiejska,11996,81.4,53.51822,14.53624,0.45
3207003,3207,32,gmina zachodniopomorskie-południowy-07-03,wiejska,16337,48.4,53.73486,14.95308,1
3207004,3207,32,gmina zachodniopomorskie-południowy-07-04,miejsko-wiejska,5125,22.4,53.54156,14.82006,0.45
3207005,3207,32,gmina zachodniopomorskie-południowy-07-05,wiejska,6554,26.1,53.49952,14.55738,1
3207006,3207,32,gmina zachodniopomorskie-południowy-07-06,wiejska,18110,64.5,53.7242,14.72101,1
3208001,3208,32,gmina zachodniopomorskie-wschodni-08-01,wiejska,6689,18.5,53.67591,14.64446,1
3208002,3208,32,gmina zachodniopomorskie-wschodni-08-02,wiejska,15033,39.0,53.62954,14.60191,1
3208003,3208,32,gmina zachodniopomorskie-wschodni-08-03,wiejska,6386,23.9,53.51177,14.45339,1
3208004,3208,32,gmina zachodniopomorskie-wschodni-08-04,wiejska,12216,29.7,53.44579,14.38926,1
3208005,3208,32,gmina zachodniopomorskie-wschodni-08-05,miejsko-wiejska,6490,36.6,53.54515,14.41943,0.45
3208006,3208,32,gmina zachodniopomorskie-wschodni-08-06,wiejska,3376,35.9,53.58915,14.37905,1
3209001,3209,32,gmina zachodniopomorskie-zachodni-09-01,wiejska,6898,62.5,53.3851,14.53547,1
3209002,3209,32,gmina zachodniopomorskie-zachodni-09-02,wiejska,17613,61.9,53.58606,14.75929,1
3209003,3209,32,gmina zachodniopomorskie-zachodni-09-03,wiejska,7927,31.7,53.60548,14.89619,1
3209004,3209,32,gmina zachodniopomorskie-zachodni-09-04,miejsko-wiejska,15870,58.1,53.66228,14.62254,0.45
3209005,3209,32,gmina zachodniopomorskie-zachodni-09-05,wiejska,5073,21.3,53.60543,14.78425,1
3209006,3209,32,gmina zachodniopomorskie-zachodni-09-06,miejska,22963,288.0,53.52247,14.58384,0.08
3210001,3210,32,gmina zachodniopomorskie-centralny-10-01,miejska,17344,219.6,53.68565,14.79626,0.08
3210002,3210,32,gmina zachodniopomorskie-centralny-10-02,miejska,45489,402.7,53.8866,14.79131,0.08
3210003,3210,32,gmina zachodniopomorskie-centralny-10-03,miejsko-wiejska,7244,38.7,53.5785,14.95623,0.45
3210004,3210,32,gmina zachodniopomorskie-centralny-10-04,miejsko-wiejska,24288,159.4,53.60055,14.7147,0.45
3210005,3210,32,gmina zachodniopomorskie-centralny-10-05,wiejska,2787,12,53.61951,15.00352,1
3210006,3210,32,gmina zachodniopomorskie-centralny-10-06,wiejska,1980,12,53.81888,15.33596,1
3211001,3211,32,gmina zachodniopomorskie-miejski-11-01,miejsko-wiejska,2503,12,52.68194,13.39023,0.45
3211002,3211,32,gmina zachodniopomorskie-miejski-11-02,miejska,12628,247.3,52.78967,13.34183,0.08
3211003,3211,32,gmina zachodniopomorskie-miejski-11-03,miejsko-wiejska,21752,155.0,52.83249,13.22886,0.45
3211004,3211,32,gmina zachodniopomorskie-miejski-11-04,miejsko-wiejska,3464,14.7,53.04689,13.47794,0.45
3211005,3211,32,gmina zachodniopomorskie-miejski-11-05,wiejska,9606,31.2,52.8938,13.11962,1
3211006,3211,32,gmina zachodniopomorskie-miejski-11-06,wiejska,3066,28.7,53.01899,13.70562,1
3212001,3212,32,gmina zachodniopomorskie-północny-12-01,wiejska,6125,30.9,53.58382,15.2673,1
3212002,3212,32,gmina zachodniopomorskie-północny-12-02,wiejska,8959,81.4,53.88994,15.21771,1
3212003,3212,32,gmina zachodniopomorskie-północny-12-03,wiejska,11438,56.4,53.84511,15.16195,1
3212004,3212,32,gmina zachodniopomorskie-północny-12-04,wiejska,10773,23.2,53.78892,15.39627,1
3212005,3212,32,gmina zachodniopomorskie-północny-12-05,miejska,10161,78.3,53.74825,14.99346,0.08
3212006,3212,32,gmina zachodniopomorskie-północny-12-06,miejsko-wiejska,6296,40.3,53.93782,15.27891,0.45
3213001,3213,32,gmina zachodniopomorskie-południowy-13-01,wiejska,15340,82.2,52.94788,13.60116,1
3213002,3213,32,gmina zachodniopomorskie-południowy-13-02,miejska,42287,486.5,52.99628,13.28054,0.08
3213003,3213,32,gmina zachodniopomorskie-południowy-13-03,miejsko-wiejska,2793,12,52.73161,13.90021,0.45
3213004,3213,32,gmina zachodniopomorskie-południowy-13-04,miejska,38952,1286.1,52.879,13.76215,0.08
3213005,3213,32,gmina zachodniopomorskie-południowy-13-05,miejska,13487,106.1,52.92025,13.59763,0.08
3213006,3213,32,gmina zachodniopomorskie-południowy-13-06,wiejska,11907,38.9,53.13756,13.57723,1
3214001,3214,32,gmina zachodniopomorskie-wschodni-14-01,wiejska,15255,61.2,53.21913,14.99116,1
3214002,3214,32,gmina zachodniopomorskie-wschodni-14-02,wiejska,4915,12,53.32251,15.02896,1
3214003,3214,32,gmina zachodniopomorskie-wschodni-14-03,wiejska,11901,28.1,53.23059,14.88017,1
3214004,3214,32,gmina zachodniopomorskie-wschodni-14-04,wiejska,4960,29.2,53.41304,14.98162,1
3214005,3214,32,gmina zachodniopomorskie-wschodni-14-05,miejsko-wiejska,12636,65.0,53.43538,14.96504,0.45
3214006,3214,32,gmina zachodniopomorskie-wschodni-14-06,wiejska,9581,39.7,53.40871,15.01973,1
3215001,3215,32,gmina zachodniopomorskie-zachodni-15-01,wiejska,14378,47.7,54.20737,15.1245,1
3215002,3215,32,gmina zachodniopomorskie-zachodni-15-02,miejska,35759,318.8,54.20793,14.96778,0.08
3215003,3215,32,gmina zachodniopomorskie-zachodni-15-03,miejska,135142,2773.5,54.16681,14.93624,0.08
3215004,3215,32,gmina zachodniopomorskie-zachodni-15-04,wiejska,7620,20.0,54.1184,14.97777,1
3215005,3215,32,gmina zachodniopomorskie-zachodni-15-05,miejsko-wiejska,16576,142.0,54.02754,14.82513,0.45
3215006,3215,32,gmina zachodniopomorskie-zachodni-15-06,miejsko-wiejska,3568,12.4,54.01815,15.0581,0.45
3216001,3216,32,gmina zachodniopomorskie-centralny-16-01,wiejska,9618,22.2,53.24466,13.96698,1
3216002,3216,32,gmina zachodniopomorskie-centralny-16-02,miejska,14757,97.7,53.27243,14.31133,0.08
3216003,3216,32,gmina zachodniopomorskie-centralny-16-03,wiejska,19122,81.6,53.30957,14.11688,1
3216004,3216,32,gmina zachodniopomorskie-centralny-16-04,wiejska,3954,12,53.32925,14.01895,1
3216005,3216,32,gmina zachodniopomorskie-centralny-16-05,wiejska,6624,23.3,53.51213,13.77865,1
3216006,3216,32,gmina zachodniopomorskie-centralny-16-06,wiejska,11059,76.7,53.18187,14.05876,1
3217001,3217,32,gmina zachodniopomorskie-miejski-17-01,miejska,40691,828.9,53.42667,14.63209,0.08
3217002,3217,32,gmina zachodniopomorskie-miejski-17-02,miejska,59081,672.8,53.33881,14.5244,0.08
3217003,3217,32,gmina zachodniopomorskie-miejski-17-03,wiejska,11042,31.5,53.21602,14.0713,1
3217004,3217,32,gmina zachodniopomorskie-miejski-17-04,wiejska,8461,43.0,53.26254,14.62369,1
3217005,3217,32,gmina zachodniopomorskie-miejski-17-05,miejsko-wiejska,8905,37.1,53.44881,14.24346,0.45
3217006,3217,32,gmina zachodniopomorskie-miejski-17-06,wiejska,10765,34.6,53.33864,14.17582,1
3218001,3218,32,gmina zachodniopomorskie-północny-18-01,miejska,28629,330.1,53.14878,15.65353,0.08
3218002,3218,32,gmina zachodniopomorskie-północny-18-02,wiejska,23605,72.6,53.03045,15.98411,1
3218003,3218,32,gmina zachodniopomorskie-północny-18-03,wiejska,4665,34.4,52.96591,15.60374,1
3218004,3218,32,gmina zachodniopomorskie-północny-18-04,wiejska,9430,23.5,53.00095,15.8197,1
3218005,3218,32,gmina zachodniopomorskie-północny-18-05,miejska,23544,242.3,53.13789,15.85827,0.08
3218006,3218,32,gmina zachodniopomorskie-północny-18-06,wiejska,4249,12,52.90004,15.82497,1
3219001,3219,32,gmina zachodniopomorskie-południowy-19-01,wiejska,9612,31.0,54.03922,15.05838,1
3219002,3219,32,gmina zachodniopomorskie-południowy-19-02,miejsko-wiejska,14323,52.4,54.10075,14.94584,0.45
3219003,3219,32,gmina zachodniopomorskie-południowy-19-03,wiejska,5691,16.0,53.99241,15.37144,1
3219004,3219,32,gmina zachodniopomorskie-południowy-19-04,wiejska,1909,12,54.0578,15.53849,1
3219005,3219,32,gmina zachodniopomorskie-południowy-19-05,miejsko-wiejska,3925,52.4,54.20519,15.09496,0.45
3219006,3219,32,gmina zachodniopomorskie-południowy-19-06,wiejska,6427,19.2,53.90058,15.14291,1
3220001,3220,32,gmina zachodniopomorskie-wschodni-20-01,miejsko-wiejska,17875,116.4,53.03127,15.09061,0.45
3220002,3220,32,gmina zachodniopomorskie-wschodni-20-02,wiejska,11616,33.2,52.98331,15.34651,1
3220003,3220,32,gmina zachodniopomorskie-wschodni-20-03,wiejska,18327,50.9,52.94892,14.88662,1
3220004,3220,32,gmina zachodniopomorskie-wschodni-20-04,miejsko-wiejska,6617,32.8,52.83786,15.1593,0.45
3220005,3220,32,gmina zachodniopomorskie-wschodni-20-05,wiejska,18001,41.3,52.96895,14.92727,1
3220006,3220,32,gmina zachodniopomorskie-wschodni-20-06,wiejska,9758,34.9,53.10324,15.17857,1
3221001,3221,32,gmina zachodniopomorskie-zachodni-21-01,miejsko-wiejska,15946,71.5,53.66965,14.77797,0.45
3221002,3221,32,gmina zachodniopomorskie-zachodni-21-02,wiejska,7622,21.8,53.75984,15.09512,1
3221003,3221,32,gmina zachodniopomorskie-zachodni-21-03,wiejska,10549,27.8,53.61271,14.53114,1
3221004,3221,32,gmina zachodniopomorskie-zachodni-21-04,miejska,61736,1023.6,53.70377,14.96562,0.08
3221005,3221,32,gmina zachodniopomorskie-zachodni-21-05,miejska,12430,83.1,53.8287,14.89568,0.08
3221006,3221,32,gmina zachodniopomorskie-zachodni-21-06,miejsko-wiejska,5653,50.3,53.77341,15.01158,0.45
