facility_id,facility_type,facility_name,gmina_code,capacity,current_occupancy,has_generator,generator_autonomy_hours,power_need_kw,lat,lon,sensitivity_label
FAC-0001,hospital,hospital 0001,0623002,189,178,True,4.5,93.3,51.12071,21.88894,Confidential - synthetic health/care aggregate
FAC-0002,DPS,DPS 0002,0221007,90,74,False,0,101.6,51.27282,17.62202,Confidential - synthetic health/care aggregate
FAC-0003,hospice,hospice 0003,1212005,76,65,True,6.3,74.4,50.90649,19.29792,Confidential - synthetic health/care aggregate
FAC-0004,hospice,hospice 0004,1011001,47,45,False,0,43.4,51.85089,19.75477,Confidential - synthetic health/care aggregate
FAC-0005,DPS,DPS 0005,1802004,121,114,False,0,55.3,49.51185,21.50328,Confidential - synthetic health/care aggregate
FAC-0006,DPS,DPS 0006,1203005,115,109,False,0,46.6,49.73198,19.59085,Confidential - synthetic health/care aggregate
FAC-0007,DPS,DPS 0007,2407005,96,60,False,0,38.7,50.57324,19.91336,Confidential - synthetic health/care aggregate
FAC-0008,DPS,DPS 0008,1013003,68,45,True,8.9,47.9,51.65868,18.91182,Confidential - synthetic health/care aggregate
FAC-0009,DPS,DPS 0009,1006002,93,66,True,15.3,66.6,51.90528,20.61613,Confidential - synthetic health/care aggregate
FAC-0010,DPS,DPS 0010,2820002,79,72,True,3.8,68.1,53.73122,20.13127,Confidential - synthetic health/care aggregate
FAC-0011,hospital,hospital 0011,3216003,220,188,True,3.3,128.8,53.30911,14.07471,Confidential - synthetic health/care aggregate
FAC-0012,night_shelter,night_shelter 0012,2217005,79,67,False,0,82.8,53.75161,17.58399,Confidential - synthetic health/care aggregate
FAC-0013,DPS,DPS 0013,0405005,88,56,True,7.3,40.0,53.27191,18.39081,Confidential - synthetic health/care aggregate
FAC-0014,DPS,DPS 0014,3207001,75,48,False,0,83.0,53.59532,14.48333,Confidential - synthetic health/care aggregate
FAC-0015,ZOL,ZOL 0015,2604003,58,43,True,13.3,65.7,51.25432,21.74703,Confidential - synthetic health/care aggregate
FAC-0016,hospice,hospice 0016,3023005,101,77,False,0,81.8,52.81393,15.4018,Confidential - synthetic health/care aggregate
FAC-0017,night_shelter,night_shelter 0017,3218005,75,47,False,0,29.0,53.15505,15.88837,Confidential - synthetic health/care aggregate
FAC-0018,DPS,DPS 0018,3003003,127,79,True,1.5,70.2,53.02741,16.22306,Confidential - synthetic health/care aggregate
FAC-0019,hospital,hospital 0019,0417006,172,112,True,12.2,78.7,52.81182,18.58893,Confidential - synthetic health/care aggregate
FAC-0020,DPS,DPS 0020,3002006,72,51,True,11.6,35.2,53.11557,16.7252,Confidential - synthetic health/care aggregate
FAC-0021,DPS,DPS 0021,0813005,56,54,False,0,26.9,52.19637,15.56648,Confidential - synthetic health/care aggregate
FAC-0022,ZOL,ZOL 0022,2411002,99,78,True,2.4,59.7,50.87786,19.25228,Confidential - synthetic health/care aggregate
FAC-0023,DPS,DPS 0023,2807006,167,161,True,1.9,60.4,53.52832,21.16402,Confidential - synthetic health/care aggregate
FAC-0024,DPS,DPS 0024,2430003,71,54,True,12.1,67.0,50.66792,19.64496,Confidential - synthetic health/care aggregate
FAC-0025,night_shelter,night_shelter 0025,2216001,112,94,False,0,80.8,53.69752,18.46904,Confidential - synthetic health/care aggregate
FAC-0026,night_shelter,night_shelter 0026,1439005,31,21,True,2.0,20.8,52.39654,21.20348,Confidential - synthetic health/care aggregate
FAC-0027,night_shelter,night_shelter 0027,1816006,64,62,True,7.3,22.5,49.83334,22.30788,Confidential - synthetic health/care aggregate
FAC-0028,homeless_shelter,homeless_shelter 0028,1006007,82,68,False,0,50.3,51.80228,20.27015,Confidential - synthetic health/care aggregate
FAC-0029,DPS,DPS 0029,1413004,110,88,True,3.6,98.2,51.35919,20.96425,Confidential - synthetic health/care aggregate
FAC-0030,hospital,hospital 0030,1427002,229,144,True,16.5,164.5,51.64333,20.85236,Confidential - synthetic health/care aggregate
FAC-0031,homeless_shelter,homeless_shelter 0031,2015006,88,60,True,10.0,31.4,53.43627,22.69033,Confidential - synthetic health/care aggregate
FAC-0032,night_shelter,night_shelter 0032,3008003,12,11,True,16.7,6.6,52.06024,16.76441,Confidential - synthetic health/care aggregate
FAC-0033,ZOL,ZOL 0033,0404006,78,48,False,0,41.7,52.58443,18.30002,Confidential - synthetic health/care aggregate
FAC-0034,DPS,DPS 0034,1606003,81,51,True,13.8,73.9,50.79056,18.36657,Confidential - synthetic health/care aggregate
FAC-0035,homeless_shelter,homeless_shelter 0035,1010001,72,47,False,0,53.3,51.86035,20.57519,Confidential - synthetic health/care aggregate
FAC-0036,hospice,hospice 0036,3031002,93,85,False,0,65.6,52.10745,16.9298,Confidential - synthetic health/care aggregate
FAC-0037,DPS,DPS 0037,1219007,105,86,False,0,52.2,50.21124,20.06784,Confidential - synthetic health/care aggregate
FAC-0038,DPS,DPS 0038,3202002,110,102,False,0,52.1,53.51505,15.30509,Confidential - synthetic health/care aggregate
FAC-0039,DPS,DPS 0039,1204007,58,41,True,1.1,29.6,49.27169,19.73656,Confidential - synthetic health/care aggregate
FAC-0040,hospital,hospital 0040,0201007,173,154,True,12.7,65.2,51.25149,16.3503,Confidential - synthetic health/care aggregate
FAC-0041,hospice,hospice 0041,2435004,73,51,True,12.4,51.7,50.24363,18.29807,Confidential - synthetic health/care aggregate
FAC-0042,ZOL,ZOL 0042,2419003,93,61,True,8.6,102.2,50.40654,18.95234,Confidential - synthetic health/care aggregate
FAC-0043,DPS,DPS 0043,2419001,102,84,False,0,92.6,50.53646,18.56193,Confidential - synthetic health/care aggregate
FAC-0044,night_shelter,night_shelter 0044,1429001,91,74,False,0,45.9,52.78615,21.2461,Confidential - synthetic health/care aggregate
FAC-0045,DPS,DPS 0045,2211001,76,67,False,0,59.9,54.27288,18.7984,Confidential - synthetic health/care aggregate
FAC-0046,DPS,DPS 0046,1215006,100,85,True,3.5,62.8,49.88776,19.45365,Confidential - synthetic health/care aggregate
FAC-0047,DPS,DPS 0047,0223004,108,77,True,13.3,99.2,51.18619,16.86883,Confidential - synthetic health/care aggregate
FAC-0048,ZOL,ZOL 0048,1612007,64,57,False,0,64.2,50.96631,18.38833,Confidential - synthetic health/care aggregate
FAC-0049,hospice,hospice 0049,0801007,22,17,False,0,24.0,52.32374,16.31355,Confidential - synthetic health/care aggregate
FAC-0050,hospital,hospital 0050,1419001,175,148,True,16.5,70.7,52.79257,21.0793,Confidential - synthetic health/care aggregate
FAC-0051,homeless_shelter,homeless_shelter 0051,0624002,37,24,False,0,37.9,50.58062,22.40245,Confidential - synthetic health/care aggregate
FAC-0052,ZOL,ZOL 0052,1006006,70,47,False,0,40.6,51.53336,20.33308,Confidential - synthetic health/care aggregate
FAC-0053,night_shelter,night_shelter 0053,2807005,69,64,True,16.3,77.3,53.7579,21.1596,Confidential - synthetic health/care aggregate
FAC-0054,hospice,hospice 0054,1208005,42,34,True,7.7,16.8,50.85412,19.02825,Confidential - synthetic health/care aggregate
FAC-0055,ZOL,ZOL 0055,1817002,46,36,False,0,44.5,49.73214,22.14188,Confidential - synthetic health/care aggregate
FAC-0056,ZOL,ZOL 0056,1812004,111,80,False,0,96.5,50.15087,21.71301,Confidential - synthetic health/care aggregate
FAC-0057,hospital,hospital 0057,1438002,199,165,False,0,82.2,51.50406,22.10671,Confidential - synthetic health/care aggregate
FAC-0058,DPS,DPS 0058,1210003,77,66,False,0,54.0,51.28598,19.84573,Confidential - synthetic health/care aggregate
FAC-0059,DPS,DPS 0059,2218006,110,80,False,0,58.5,54.81436,19.01132,Confidential - synthetic health/care aggregate
FAC-0060,homeless_shelter,homeless_shelter 0060,0218003,137,91,False,0,127.8,51.40544,17.53555,Confidential - synthetic health/care aggregate
FAC-0061,DPS,DPS 0061,0407002,59,46,True,8.6,36.9,52.61414,18.74225,Confidential - synthetic health/care aggregate
FAC-0062,DPS,DPS 0062,2603004,125,106,False,0,79.4,50.76319,19.79718,Confidential - synthetic health/care aggregate
FAC-0063,DPS,DPS 0063,1429004,97,69,True,16.9,85.1,53.02614,21.46339,Confidential - synthetic health/care aggregate
FAC-0064,hospice,hospice 0064,0416005,18,11,False,0,14.3,53.22679,18.42938,Confidential - synthetic health/care aggregate
FAC-0065,DPS,DPS 0065,2820001,126,92,True,9.1,93.3,53.78346,20.41407,Confidential - synthetic health/care aggregate
FAC-0066,night_shelter,night_shelter 0066,1423003,82,76,False,0,45.2,52.51061,20.28887,Confidential - synthetic health/care aggregate
FAC-0067,homeless_shelter,homeless_shelter 0067,0201002,59,53,False,0,50.6,51.23661,16.2326,Confidential - synthetic health/care aggregate
FAC-0068,DPS,DPS 0068,3205005,87,61,True,3.6,85.2,53.43833,15.08201,Confidential - synthetic health/care aggregate
FAC-0069,hospice,hospice 0069,0621007,34,26,True,14.2,35.4,50.99707,22.64407,Confidential - synthetic health/care aggregate
FAC-0070,hospital,hospital 0070,2401006,184,174,True,12.8,91.4,51.22021,19.10598,Confidential - synthetic health/care aggregate
FAC-0071,DPS,DPS 0071,0419006,31,21,True,14.8,27.9,52.49332,17.82232,Confidential - synthetic health/care aggregate
FAC-0072,hospital,hospital 0072,2204005,192,125,True,12.1,205.9,54.19383,18.84571,Confidential - synthetic health/care aggregate
FAC-0073,ZOL,ZOL 0073,0607005,101,80,False,0,36.9,51.74158,22.45587,Confidential - synthetic health/care aggregate
FAC-0074,DPS,DPS 0074,3029006,112,90,False,0,53.1,52.73016,16.37191,Confidential - synthetic health/care aggregate
FAC-0075,homeless_shelter,homeless_shelter 0075,1008002,51,32,False,0,57.0,52.08198,19.45782,Confidential - synthetic health/care aggregate
FAC-0076,DPS,DPS 0076,2206006,95,66,True,9.2,79.5,54.69363,17.86693,Confidential - synthetic health/care aggregate
FAC-0077,hospital,hospital 0077,0813006,171,106,True,5.1,165.6,52.0972,15.70628,Confidential - synthetic health/care aggregate
FAC-0078,hospice,hospice 0078,1220007,30,20,False,0,18.0,50.23961,19.88343,Confidential - synthetic health/care aggregate
FAC-0079,hospice,hospice 0079,3017003,81,64,False,0,67.7,52.61886,17.31962,Confidential - synthetic health/care aggregate
FAC-0080,DPS,DPS 0080,0609005,95,63,False,0,105.3,51.21625,23.60753,Confidential - synthetic health/care aggregate
FAC-0081,DPS,DPS 0081,1407003,90,56,True,14.4,61.7,52.38206,20.80643,Confidential - synthetic health/care aggregate
FAC-0082,night_shelter,night_shelter 0082,1020002,30,27,False,0,29.3,51.78518,19.71273,Confidential - synthetic health/care aggregate
FAC-0083,ZOL,ZOL 0083,2405006,48,46,False,0,44.3,50.81745,18.94411,Confidential - synthetic health/care aggregate
FAC-0084,night_shelter,night_shelter 0084,0808001,41,26,True,4.4,14.6,52.07446,15.71376,Confidential - synthetic health/care aggregate
FAC-0085,DPS,DPS 0085,2207002,58,37,True,16.6,34.5,54.57045,19.82507,Confidential - synthetic health/care aggregate
FAC-0086,night_shelter,night_shelter 0086,2407004,76,71,False,0,62.8,50.73794,19.99876,Confidential - synthetic health/care aggregate
FAC-0087,DPS,DPS 0087,0201002,123,81,False,0,51.0,51.20788,16.23919,Confidential - synthetic health/care aggregate
FAC-0088,DPS,DPS 0088,1435004,66,54,False,0,53.2,52.06814,20.82726,Confidential - synthetic health/care aggregate
FAC-0089,ZOL,ZOL 0089,0420001,68,53,True,17.3,67.1,53.2846,18.04157,Confidential - synthetic health/care aggregate
FAC-0090,night_shelter,night_shelter 0090,0804006,60,44,False,0,41.8,51.77029,15.12403,Confidential - synthetic health/care aggregate
FAC-0091,DPS,DPS 0091,2217006,109,70,True,8.5,110.6,53.7888,17.83043,Confidential - synthetic health/care aggregate
FAC-0092,homeless_shelter,homeless_shelter 0092,0204003,58,37,False,0,37.1,51.15343,16.74164,Confidential - synthetic health/care aggregate
FAC-0093,hospital,hospital 0093,2404003,213,162,True,7.5,236.3,50.35316,19.15577,Confidential - synthetic health/care aggregate
FAC-0094,hospital,hospital 0094,2803002,176,115,True,6.4,136.6,53.22311,20.61579,Confidential - synthetic health/care aggregate
FAC-0095,homeless_shelter,homeless_shelter 0095,3217002,90,77,True,3.5,42.1,53.36384,14.59059,Confidential - synthetic health/care aggregate
FAC-0096,hospital,hospital 0096,1416001,158,102,True,13.8,143.7,52.3161,20.34128,Confidential - synthetic health/care aggregate
FAC-0097,DPS,DPS 0097,0419007,81,65,False,0,89.1,52.53569,18.45648,Confidential - synthetic health/care aggregate
FAC-0098,night_shelter,night_shelter 0098,0226001,71,49,False,0,70.7,51.3432,17.11513,Confidential - synthetic health/care aggregate
FAC-0099,hospital,hospital 0099,1402005,155,139,False,0,153.3,51.79271,20.43221,Confidential - synthetic health/care aggregate
FAC-0100,DPS,DPS 0100,2418006,130,111,False,0,135.4,49.71004,18.70254,Confidential - synthetic health/care aggregate
FAC-0101,night_shelter,night_shelter 0101,0408001,93,80,True,3.3,44.4,53.04799,18.51891,Confidential - synthetic health/care aggregate
FAC-0102,ZOL,ZOL 0102,1023007,40,29,False,0,40.2,52.61233,20.70703,Confidential - synthetic health/care aggregate
FAC-0103,homeless_shelter,homeless_shelter 0103,3008005,77,74,False,0,73.9,51.83681,16.82792,Confidential - synthetic health/care aggregate
FAC-0104,ZOL,ZOL 0104,0421005,99,70,False,0,37.4,52.72322,19.26242,Confidential - synthetic health/care aggregate
FAC-0105,homeless_shelter,homeless_shelter 0105,2435002,90,60,False,0,56.0,50.43025,18.20897,Confidential - synthetic health/care aggregate
FAC-0106,DPS,DPS 0106,2427002,106,68,False,0,98.7,49.64867,18.62072,Confidential - synthetic health/care aggregate
FAC-0107,homeless_shelter,homeless_shelter 0107,0420002,81,69,False,0,72.8,53.22299,17.89613,Confidential - synthetic health/care aggregate
FAC-0108,DPS,DPS 0108,3219001,78,60,True,2.2,67.5,54.04971,15.03947,Confidential - synthetic health/care aggregate
FAC-0109,night_shelter,night_shelter 0109,0601001,32,20,False,0,25.7,50.76257,22.1176,Confidential - synthetic health/care aggregate
FAC-0110,ZOL,ZOL 0110,1611005,104,94,False,0,74.7,51.12644,17.43768,Confidential - synthetic health/care aggregate
FAC-0111,homeless_shelter,homeless_shelter 0111,0203007,92,80,False,0,54.4,50.54485,16.16978,Confidential - synthetic health/care aggregate
FAC-0112,homeless_shelter,homeless_shelter 0112,2204005,134,90,False,0,114.8,54.13502,18.86429,Confidential - synthetic health/care aggregate
FAC-0113,DPS,DPS 0113,1422007,92,81,False,0,45.5,52.32318,20.66365,Confidential - synthetic health/care aggregate
FAC-0114,ZOL,ZOL 0114,2415005,73,71,True,11.8,79.6,49.75095,19.3987,Confidential - synthetic health/care aggregate
FAC-0115,hospice,hospice 0115,2013003,47,43,False,0,16.8,53.55951,22.82354,Confidential - synthetic health/care aggregate
FAC-0116,hospice,hospice 0116,0604003,28,24,False,0,10.3,50.94821,21.72186,Confidential - synthetic health/care aggregate
FAC-0117,hospital,hospital 0117,1412004,178,129,True,9.0,152.4,52.29402,20.91628,Confidential - synthetic health/care aggregate
FAC-0118,ZOL,ZOL 0118,2220005,17,14,True,3.8,15.9,53.40207,17.99453,Confidential - synthetic health/care aggregate
FAC-0119,ZOL,ZOL 0119,2820005,68,54,False,0,75.3,53.78974,20.26391,Confidential - synthetic health/care aggregate
FAC-0120,hospital,hospital 0120,0402005,183,170,True,6.4,125.1,52.88359,18.85418,Confidential - synthetic health/care aggregate
FAC-0121,hospital,hospital 0121,0407004,183,158,True,13.0,67.7,52.66761,18.59659,Confidential - synthetic health/care aggregate
FAC-0122,night_shelter,night_shelter 0122,2426006,44,28,False,0,24.3,49.89711,18.43858,Confidential - synthetic health/care aggregate
FAC-0123,night_shelter,night_shelter 0123,1822001,50,41,False,0,25.7,49.73628,21.6972,Confidential - synthetic health/care aggregate
FAC-0124,hospital,hospital 0124,1402007,201,159,True,7.2,207.0,51.8062,20.19622,Confidential - synthetic health/care aggregate
FAC-0125,DPS,DPS 0125,3207003,114,96,False,0,46.3,53.71489,14.95322,Confidential - synthetic health/care aggregate
FAC-0126,DPS,DPS 0126,1024003,96,63,False,0,41.4,51.36314,19.5208,Confidential - synthetic health/care aggregate
FAC-0127,DPS,DPS 0127,0422006,55,45,True,6.7,48.2,52.85027,18.84709,Confidential - synthetic health/care aggregate
FAC-0128,DPS,DPS 0128,1009002,75,58,False,0,53.1,51.76763,19.35876,Confidential - synthetic health/care aggregate
FAC-0129,night_shelter,night_shelter 0129,0401004,72,67,False,0,75.8,52.3684,18.27393,Confidential - synthetic health/care aggregate
FAC-0130,night_shelter,night_shelter 0130,1808001,50,35,True,15.2,33.8,50.40279,22.66502,Confidential - synthetic health/care aggregate
FAC-0131,night_shelter,night_shelter 0131,2001003,27,17,True,9.9,25.0,53.06687,22.04073,Confidential - synthetic health/care aggregate
FAC-0132,homeless_shelter,homeless_shelter 0132,2004004,87,60,False,0,96.2,52.68334,23.31456,Confidential - synthetic health/care aggregate
FAC-0133,homeless_shelter,homeless_shelter 0133,2601004,65,54,False,0,54.9,50.80237,20.55359,Confidential - synthetic health/care aggregate
FAC-0134,hospital,hospital 0134,2402002,243,236,True,9.7,101.8,50.04333,19.498,Confidential - synthetic health/care aggregate
FAC-0135,night_shelter,night_shelter 0135,2815006,22,16,False,0,14.1,53.67794,20.19032,Confidential - synthetic health/care aggregate
FAC-0136,ZOL,ZOL 0136,2208001,110,84,False,0,48.3,54.40043,19.50815,Confidential - synthetic health/care aggregate
FAC-0137,homeless_shelter,homeless_shelter 0137,1018003,56,46,False,0,28.0,51.87328,20.32886,Confidential - synthetic health/care aggregate
FAC-0138,homeless_shelter,homeless_shelter 0138,1607001,94,65,False,0,91.1,50.70223,18.6352,Confidential - synthetic health/care aggregate
FAC-0139,ZOL,ZOL 0139,1604006,101,69,False,0,67.9,50.75315,18.84728,Confidential - synthetic health/care aggregate
FAC-0140,DPS,DPS 0140,2425001,69,48,True,12.0,75.6,50.1127,18.95783,Confidential - synthetic health/care aggregate
FAC-0141,hospice,hospice 0141,1015007,21,16,False,0,15.1,52.12659,18.86933,Confidential - synthetic health/care aggregate
FAC-0142,homeless_shelter,homeless_shelter 0142,0220002,54,45,False,0,25.6,50.58034,17.11383,Confidential - synthetic health/care aggregate
FAC-0143,homeless_shelter,homeless_shelter 0143,3015005,44,40,False,0,38.4,53.21291,16.86903,Confidential - synthetic health/care aggregate
FAC-0144,hospice,hospice 0144,3204001,14,10,False,0,12.2,53.1214,15.58542,Confidential - synthetic health/care aggregate
FAC-0145,hospital,hospital 0145,1441006,176,125,True,15.7,69.3,52.71969,20.55233,Confidential - synthetic health/care aggregate
FAC-0146,night_shelter,night_shelter 0146,0412002,71,60,False,0,33.9,52.93223,18.16097,Confidential - synthetic health/care aggregate
FAC-0147,ZOL,ZOL 0147,1601003,32,27,True,4.4,19.1,50.22803,17.86071,Confidential - synthetic health/care aggregate
FAC-0148,hospice,hospice 0148,1823005,36,28,True,14.1,14.6,50.17559,22.65757,Confidential - synthetic health/care aggregate
FAC-0149,DPS,DPS 0149,1611003,107,103,True,11.7,38.8,51.27305,17.47769,Confidential - synthetic health/care aggregate
FAC-0150,ZOL,ZOL 0150,3213004,34,25,True,4.0,16.7,52.90154,13.71574,Confidential - synthetic health/care aggregate
FAC-0151,hospital,hospital 0151,3216006,174,109,True,10.5,91.8,53.21477,14.03673,Confidential - synthetic health/care aggregate
FAC-0152,hospital,hospital 0152,3030004,191,129,True,6.3,170.7,51.82583,17.06778,Confidential - synthetic health/care aggregate
FAC-0153,ZOL,ZOL 0153,0419006,92,84,False,0,41.1,52.52713,17.78351,Confidential - synthetic health/care aggregate
FAC-0154,DPS,DPS 0154,2821003,82,57,True,13.6,68.0,54.04385,19.56837,Confidential - synthetic health/care aggregate
FAC-0155,ZOL,ZOL 0155,1813002,126,100,True,1.4,95.7,50.08092,22.21447,Confidential - synthetic health/care aggregate
FAC-0156,homeless_shelter,homeless_shelter 0156,1218006,57,45,False,0,59.7,50.24507,20.37612,Confidential - synthetic health/care aggregate
FAC-0157,hospice,hospice 0157,2219001,25,20,False,0,20.1,54.09812,17.62969,Confidential - synthetic health/care aggregate
FAC-0158,hospital,hospital 0158,2430006,207,135,True,1.8,174.6,50.70456,19.49977,Confidential - synthetic health/care aggregate
FAC-0159,night_shelter,night_shelter 0159,3203006,32,29,False,0,22.7,52.85455,13.67678,Confidential - synthetic health/care aggregate
FAC-0160,DPS,DPS 0160,2434002,98,84,True,17.3,64.8,50.34905,18.78949,Confidential - synthetic health/care aggregate
FAC-0161,DPS,DPS 0161,0207001,87,68,True,12.0,51.3,51.11547,17.62101,Confidential - synthetic health/care aggregate
FAC-0162,hospital,hospital 0162,0224007,190,175,True,12.7,217.0,51.49988,17.15183,Confidential - synthetic health/care aggregate
FAC-0163,DPS,DPS 0163,1004002,88,67,True,6.2,85.3,51.21135,20.39592,Confidential - synthetic health/care aggregate
FAC-0164,DPS,DPS 0164,0214007,69,45,True,6.3,57.4,51.30483,17.40122,Confidential - synthetic health/care aggregate
FAC-0165,ZOL,ZOL 0165,0222003,75,71,True,4.8,82.2,50.80703,16.94773,Confidential - synthetic health/care aggregate
FAC-0166,night_shelter,night_shelter 0166,2605004,87,66,False,0,37.3,50.56225,20.14757,Confidential - synthetic health/care aggregate
FAC-0167,homeless_shelter,homeless_shelter 0167,1603005,73,48,False,0,40.3,51.15416,17.42397,Confidential - synthetic health/care aggregate
FAC-0168,homeless_shelter,homeless_shelter 0168,2013005,47,36,True,9.6,46.4,53.3019,22.44113,Confidential - synthetic health/care aggregate
FAC-0169,hospice,hospice 0169,1601006,54,51,False,0,38.0,50.295,18.06327,Confidential - synthetic health/care aggregate
FAC-0170,homeless_shelter,homeless_shelter 0170,1413006,76,61,False,0,82.8,51.39662,21.49636,Confidential - synthetic health/care aggregate
FAC-0171,hospice,hospice 0171,2406004,43,35,False,0,28.7,50.62629,18.24501,Confidential - synthetic health/care aggregate
FAC-0172,hospice,hospice 0172,0230007,12,8,True,15.5,11.9,50.82802,17.46784,Confidential - synthetic health/care aggregate
FAC-0173,homeless_shelter,homeless_shelter 0173,1801006,106,87,False,0,95.4,49.31699,21.70444,Confidential - synthetic health/care aggregate
FAC-0174,ZOL,ZOL 0174,2008002,62,59,False,0,53.8,53.40888,23.1609,Confidential - synthetic health/care aggregate
FAC-0175,ZOL,ZOL 0175,1009005,62,56,False,0,50.1,51.82575,19.5265,Confidential - synthetic health/care aggregate
FAC-0176,night_shelter,night_shelter 0176,1022001,49,42,False,0,43.7,51.64887,19.68193,Confidential - synthetic health/care aggregate
FAC-0177,night_shelter,night_shelter 0177,1605001,57,39,False,0,44.6,50.54376,17.67774,Confidential - synthetic health/care aggregate
FAC-0178,DPS,DPS 0178,0622001,78,66,False,0,53.0,51.59236,23.06915,Confidential - synthetic health/care aggregate
FAC-0179,DPS,DPS 0179,2613002,132,113,True,4.8,143.7,51.43698,20.38204,Confidential - synthetic health/care aggregate
FAC-0180,homeless_shelter,homeless_shelter 0180,1801005,38,31,True,7.5,15.0,49.50636,21.36938,Confidential - synthetic health/care aggregate
FAC-0181,homeless_shelter,homeless_shelter 0181,1405003,137,95,False,0,77.8,52.62221,21.22652,Confidential - synthetic health/care aggregate
FAC-0182,DPS,DPS 0182,2015006,94,73,True,1.4,46.0,53.38765,22.73991,Confidential - synthetic health/care aggregate
FAC-0183,hospice,hospice 0183,2810003,54,45,False,0,21.6,53.92931,19.74069,Confidential - synthetic health/care aggregate
FAC-0184,homeless_shelter,homeless_shelter 0184,2218003,73,60,False,0,50.4,54.86419,19.20516,Confidential - synthetic health/care aggregate
FAC-0185,DPS,DPS 0185,0224005,98,73,True,11.2,71.8,51.41952,16.99637,Confidential - synthetic health/care aggregate
FAC-0186,night_shelter,night_shelter 0186,2405002,47,37,False,0,39.7,50.59486,19.05817,Confidential - synthetic health/care aggregate
FAC-0187,night_shelter,night_shelter 0187,2418003,69,61,False,0,24.7,49.65035,18.22023,Confidential - synthetic health/care aggregate
FAC-0188,homeless_shelter,homeless_shelter 0188,2815003,95,67,False,0,73.2,53.75369,20.19563,Confidential - synthetic health/care aggregate
FAC-0189,DPS,DPS 0189,0221005,98,87,True,13.0,46.1,51.40226,17.30325,Confidential - synthetic health/care aggregate
FAC-0190,ZOL,ZOL 0190,0402003,56,42,True,2.6,64.1,52.87404,19.0596,Confidential - synthetic health/care aggregate
FAC-0191,DPS,DPS 0191,1420005,137,132,False,0,121.1,52.82514,21.16324,Confidential - synthetic health/care aggregate
FAC-0192,hospital,hospital 0192,1427005,174,167,True,6.7,77.2,51.37358,20.9509,Confidential - synthetic health/care aggregate
FAC-0193,DPS,DPS 0193,2005002,140,121,True,10.3,98.2,53.10014,23.30912,Confidential - synthetic health/care aggregate
FAC-0194,ZOL,ZOL 0194,1021006,45,37,False,0,47.3,51.90875,18.77745,Confidential - synthetic health/care aggregate
FAC-0195,hospital,hospital 0195,2422003,175,118,True,11.4,110.9,50.57725,19.67789,Confidential - synthetic health/care aggregate
FAC-0196,hospice,hospice 0196,2421006,12,7,False,0,5.5,50.39358,18.39171,Confidential - synthetic health/care aggregate
FAC-0197,hospice,hospice 0197,0414007,49,40,False,0,41.9,52.76337,18.57553,Confidential - synthetic health/care aggregate
FAC-0198,night_shelter,night_shelter 0198,2409004,137,122,False,0,74.4,50.97388,18.67663,Confidential - synthetic health/care aggregate
FAC-0199,night_shelter,night_shelter 0199,2406003,68,65,True,7.6,45.8,50.57523,18.34817,Confidential - synthetic health/care aggregate
FAC-0200,homeless_shelter,homeless_shelter 0200,0609001,48,35,True,9.3,46.9,51.09883,23.25656,Confidential - synthetic health/care aggregate
FAC-0201,night_shelter,night_shelter 0201,3203003,17,15,False,0,11.2,52.33141,13.6275,Confidential - synthetic health/care aggregate
FAC-0202,DPS,DPS 0202,1609004,115,93,False,0,52.1,50.8949,19.24746,Confidential - synthetic health/care aggregate
FAC-0203,hospital,hospital 0203,2603001,193,157,True,12.2,206.5,51.05426,20.2741,Confidential - synthetic health/care aggregate
FAC-0204,hospice,hospice 0204,2415002,36,29,False,0,23.0,49.45378,19.64221,Confidential - synthetic health/care aggregate
FAC-0205,hospital,hospital 0205,0610002,169,142,True,9.6,99.6,51.75482,22.77372,Confidential - synthetic health/care aggregate
FAC-0206,ZOL,ZOL 0206,0417006,86,64,False,0,72.9,52.80686,18.59705,Confidential - synthetic health/care aggregate
FAC-0207,hospital,hospital 0207,2602003,182,125,False,0,156.4,49.97701,20.03842,Confidential - synthetic health/care aggregate
FAC-0208,DPS,DPS 0208,1006007,162,104,False,0,60.3,51.73326,20.35926,Confidential - synthetic health/care aggregate
FAC-0209,homeless_shelter,homeless_shelter 0209,3011001,55,51,False,0,60.2,52.28383,15.46771,Confidential - synthetic health/care aggregate
FAC-0210,night_shelter,night_shelter 0210,2434003,30,26,False,0,32.3,50.43613,18.51565,Confidential - synthetic health/care aggregate
FAC-0211,homeless_shelter,homeless_shelter 0211,0211004,44,41,False,0,46.6,50.92305,16.82711,Confidential - synthetic health/care aggregate
FAC-0212,hospital,hospital 0212,2612005,181,171,True,10.4,102.3,51.1084,20.0186,Confidential - synthetic health/care aggregate
FAC-0213,DPS,DPS 0213,1007005,68,51,False,0,58.9,51.39496,18.94564,Confidential - synthetic health/care aggregate
FAC-0214,hospital,hospital 0214,0223007,174,142,False,0,182.6,51.29951,16.90371,Confidential - synthetic health/care aggregate
FAC-0215,ZOL,ZOL 0215,2411003,26,20,False,0,14.1,50.69222,19.22191,Confidential - synthetic health/care aggregate
FAC-0216,homeless_shelter,homeless_shelter 0216,1816004,63,57,False,0,68.3,49.70728,22.02464,Confidential - synthetic health/care aggregate
FAC-0217,hospital,hospital 0217,0228004,180,114,True,8.6,110.8,50.65075,16.66583,Confidential - synthetic health/care aggregate
FAC-0218,hospital,hospital 0218,1428002,155,136,True,8.4,149.9,51.89455,20.58137,Confidential - synthetic health/care aggregate
FAC-0219,DPS,DPS 0219,1216004,124,98,False,0,121.4,49.86689,19.60791,Confidential - synthetic health/care aggregate
FAC-0220,DPS,DPS 0220,1601003,137,132,True,16.6,130.6,50.28625,17.86782,Confidential - synthetic health/care aggregate
FAC-0221,night_shelter,night_shelter 0221,1812006,74,50,False,0,56.3,50.14216,21.94325,Confidential - synthetic health/care aggregate
FAC-0222,homeless_shelter,homeless_shelter 0222,1219003,59,41,False,0,49.4,50.37216,20.25951,Confidential - synthetic health/care aggregate
FAC-0223,homeless_shelter,homeless_shelter 0223,1001003,69,42,False,0,62.8,51.74856,20.67717,Confidential - synthetic health/care aggregate
FAC-0224,hospital,hospital 0224,0408003,222,173,True,2.2,88.3,53.09945,18.73625,Confidential - synthetic health/care aggregate
FAC-0225,DPS,DPS 0225,1815003,129,100,True,10.7,132.2,49.34008,20.99009,Confidential - synthetic health/care aggregate
FAC-0226,night_shelter,night_shelter 0226,2415006,50,47,False,0,43.1,49.68712,19.04882,Confidential - synthetic health/care aggregate
FAC-0227,ZOL,ZOL 0227,0805005,86,78,True,6.1,64.0,53.03532,15.16557,Confidential - synthetic health/care aggregate
FAC-0228,hospice,hospice 0228,1604005,28,26,True,13.4,12.5,50.78947,18.98911,Confidential - synthetic health/care aggregate
FAC-0229,hospice,hospice 0229,0216005,20,12,False,0,11.5,52.10285,16.48039,Confidential - synthetic health/care aggregate
FAC-0230,ZOL,ZOL 0230,3001004,77,72,True,16.4,82.8,52.60227,16.53914,Confidential - synthetic health/care aggregate
FAC-0231,hospice,hospice 0231,0811006,50,48,True,6.3,46.9,51.70124,15.63364,Confidential - synthetic health/care aggregate
FAC-0232,hospital,hospital 0232,1433006,219,203,True,16.3,81.5,52.53231,21.26523,Confidential - synthetic health/care aggregate
FAC-0233,ZOL,ZOL 0233,1402005,75,50,True,8.8,73.6,51.78637,20.4285,Confidential - synthetic health/care aggregate
FAC-0234,hospital,hospital 0234,0603007,188,137,True,6.2,104.8,51.52874,22.9175,Confidential - synthetic health/care aggregate
FAC-0235,DPS,DPS 0235,3029002,101,78,True,6.3,114.6,52.57424,16.33809,Confidential - synthetic health/care aggregate
FAC-0236,night_shelter,night_shelter 0236,2820001,25,17,False,0,23.9,53.77585,20.3491,Confidential - synthetic health/care aggregate
FAC-0237,night_shelter,night_shelter 0237,1807006,12,11,True,7.2,6.0,50.28107,22.022,Confidential - synthetic health/care aggregate
FAC-0238,night_shelter,night_shelter 0238,3020006,58,43,False,0,54.3,52.79094,17.94151,Confidential - synthetic health/care aggregate
FAC-0239,hospital,hospital 0239,2421006,157,113,True,9.6,64.2,50.45714,18.36633,Confidential - synthetic health/care aggregate
FAC-0240,ZOL,ZOL 0240,1415001,84,65,False,0,77.2,52.39342,20.71964,Confidential - synthetic health/care aggregate
FAC-0241,DPS,DPS 0241,1202007,52,43,False,0,39.9,50.21522,20.52886,Confidential - synthetic health/care aggregate
FAC-0242,night_shelter,night_shelter 0242,1413007,64,53,False,0,62.0,51.44801,21.28717,Confidential - synthetic health/care aggregate
FAC-0243,DPS,DPS 0243,2414006,128,97,True,17.0,115.4,50.09487,19.42164,Confidential - synthetic health/care aggregate
FAC-0244,DPS,DPS 0244,1007004,111,91,False,0,120.1,51.48215,18.64251,Confidential - synthetic health/care aggregate
FAC-0245,DPS,DPS 0245,0228006,96,85,True,10.0,77.0,51.01862,16.23592,Confidential - synthetic health/care aggregate
FAC-0246,DPS,DPS 0246,1221002,63,54,True,9.9,58.6,49.94666,19.87207,Confidential - synthetic health/care aggregate
FAC-0247,DPS,DPS 0247,1602002,88,69,False,0,38.5,50.76774,17.99432,Confidential - synthetic health/care aggregate
FAC-0248,ZOL,ZOL 0248,3017001,94,71,False,0,103.5,52.80855,17.30643,Confidential - synthetic health/care aggregate
FAC-0249,homeless_shelter,homeless_shelter 0249,0614002,92,58,False,0,77.9,51.35716,22.26197,Confidential - synthetic health/care aggregate
FAC-0250,hospital,hospital 0250,2611004,196,165,False,0,173.5,50.80713,19.41621,Confidential - synthetic health/care aggregate
FAC-0251,hospital,hospital 0251,3215002,206,182,True,17.1,129.7,54.19626,15.03097,Confidential - synthetic health/care aggregate
FAC-0252,ZOL,ZOL 0252,3203005,77,58,True,15.9,56.6,52.38002,13.69409,Confidential - synthetic health/care aggregate
FAC-0253,night_shelter,night_shelter 0253,0225003,75,47,False,0,38.2,51.24671,17.01632,Confidential - synthetic health/care aggregate
FAC-0254,ZOL,ZOL 0254,1431003,102,95,True,1.4,95.6,52.34933,20.11515,Confidential - synthetic health/care aggregate
FAC-0255,hospital,hospital 0255,1011005,177,111,True,5.4,154.7,51.76235,19.84156,Confidential - synthetic health/care aggregate
FAC-0256,hospital,hospital 0256,2814004,140,118,True,15.6,89.4,53.74724,19.22707,Confidential - synthetic health/care aggregate
FAC-0257,night_shelter,night_shelter 0257,1204007,72,68,False,0,44.6,49.30531,19.82288,Confidential - synthetic health/care aggregate
FAC-0258,hospice,hospice 0258,1807006,43,34,True,14.8,41.9,50.27325,22.04446,Confidential - synthetic health/care aggregate
FAC-0259,hospital,hospital 0259,0203006,180,144,True,17.5,160.8,50.58701,16.04302,Confidential - synthetic health/care aggregate
FAC-0260,DPS,DPS 0260,0621001,121,94,False,0,108.6,50.95427,22.59618,Confidential - synthetic health/care aggregate
FAC-0261,hospice,hospice 0261,1811005,30,27,False,0,21.9,50.40996,22.06799,Confidential - synthetic health/care aggregate
FAC-0262,night_shelter,night_shelter 0262,1019005,52,43,False,0,35.4,51.73446,18.95605,Confidential - synthetic health/care aggregate
FAC-0263,ZOL,ZOL 0263,2011003,51,34,True,9.3,54.8,54.04791,24.68594,Confidential - synthetic health/care aggregate
FAC-0264,hospital,hospital 0264,1431001,176,132,True,9.0,108.7,52.17604,20.48354,Confidential - synthetic health/care aggregate
FAC-0265,ZOL,ZOL 0265,1822006,84,66,True,12.1,79.1,49.61348,21.68541,Confidential - synthetic health/care aggregate
FAC-0266,DPS,DPS 0266,1441002,116,79,False,0,98.1,52.66855,21.46502,Confidential - synthetic health/care aggregate
FAC-0267,ZOL,ZOL 0267,2434006,121,87,True,3.4,85.5,50.45471,18.26293,Confidential - synthetic health/care aggregate
FAC-0268,hospital,hospital 0268,0620001,235,149,True,13.3,195.4,51.01137,22.58413,Confidential - synthetic health/care aggregate
FAC-0269,homeless_shelter,homeless_shelter 0269,3016003,67,60,False,0,68.3,52.61286,16.98549,Confidential - synthetic health/care aggregate
FAC-0270,night_shelter,night_shelter 0270,2430002,75,49,False,0,73.7,50.56411,19.5281,Confidential - synthetic health/care aggregate
FAC-0271,night_shelter,night_shelter 0271,0811007,45,31,False,0,28.0,51.61492,15.59345,Confidential - synthetic health/care aggregate
FAC-0272,DPS,DPS 0272,0203002,79,65,True,12.9,52.0,50.2475,15.80343,Confidential - synthetic health/care aggregate
FAC-0273,DPS,DPS 0273,1412001,70,58,False,0,55.1,52.31046,20.91226,Confidential - synthetic health/care aggregate
FAC-0274,ZOL,ZOL 0274,0807004,78,62,False,0,28.3,52.61606,15.49643,Confidential - synthetic health/care aggregate
FAC-0275,night_shelter,night_shelter 0275,1210007,89,72,False,0,79.2,51.23159,19.25045,Confidential - synthetic health/care aggregate
FAC-0276,ZOL,ZOL 0276,2812002,67,61,False,0,37.5,53.24635,19.10162,Confidential - synthetic health/care aggregate
FAC-0277,hospital,hospital 0277,3007002,198,151,True,3.1,150.7,51.67632,16.98937,Confidential - synthetic health/care aggregate
FAC-0278,homeless_shelter,homeless_shelter 0278,3202003,67,53,False,0,67.5,53.50624,15.48194,Confidential - synthetic health/care aggregate
FAC-0279,hospital,hospital 0279,0201004,200,185,True,15.0,211.4,51.23702,16.3423,Confidential - synthetic health/care aggregate
FAC-0280,hospital,hospital 0280,2207005,142,96,True,9.9,58.0,54.45363,20.13316,Confidential - synthetic health/care aggregate
FAC-0281,DPS,DPS 0281,2816004,117,81,True,15.9,43.5,53.73967,19.96282,Confidential - synthetic health/care aggregate
FAC-0282,hospice,hospice 0282,2417003,15,12,True,3.4,6.4,49.29114,18.71584,Confidential - synthetic health/care aggregate
FAC-0283,DPS,DPS 0283,0408005,74,50,True,14.7,58.0,53.2226,18.5221,Confidential - synthetic health/care aggregate
FAC-0284,night_shelter,night_shelter 0284,1611005,75,72,True,10.4,37.5,51.11877,17.4429,Confidential - synthetic health/care aggregate
FAC-0285,DPS,DPS 0285,0809004,88,60,False,0,57.2,52.29629,15.67821,Confidential - synthetic health/care aggregate
FAC-0286,night_shelter,night_shelter 0286,1440005,28,22,False,0,27.9,51.968,21.58897,Confidential - synthetic health/care aggregate
FAC-0287,hospital,hospital 0287,0222002,154,140,True,11.3,114.4,50.67605,17.10442,Confidential - synthetic health/care aggregate
FAC-0288,DPS,DPS 0288,3220006,62,49,False,0,51.1,53.14331,15.21876,Confidential - synthetic health/care aggregate
FAC-0289,DPS,DPS 0289,2411002,102,70,True,16.8,80.5,50.88665,19.19244,Confidential - synthetic health/care aggregate
FAC-0290,hospital,hospital 0290,0404006,184,114,True,6.8,168.6,52.63568,18.28693,Confidential - synthetic health/care aggregate
FAC-0291,hospice,hospice 0291,3024005,19,16,True,4.9,9.0,52.05462,16.38817,Confidential - synthetic health/care aggregate
FAC-0292,hospital,hospital 0292,3015004,190,157,True,14.8,80.7,53.29872,17.20936,Confidential - synthetic health/care aggregate
FAC-0293,DPS,DPS 0293,1608001,101,90,True,12.0,107.1,51.12923,17.86505,Confidential - synthetic health/care aggregate
FAC-0294,homeless_shelter,homeless_shelter 0294,2406003,82,76,False,0,69.3,50.5477,18.3687,Confidential - synthetic health/care aggregate
FAC-0295,hospital,hospital 0295,1221001,183,150,True,17.1,88.6,49.71929,20.12854,Confidential - synthetic health/care aggregate
FAC-0296,night_shelter,night_shelter 0296,3212004,32,21,False,0,15.3,53.79469,15.41314,Confidential - synthetic health/care aggregate
FAC-0297,ZOL,ZOL 0297,0401006,85,68,True,8.0,44.0,52.4263,18.36028,Confidential - synthetic health/care aggregate
FAC-0298,hospital,hospital 0298,0405006,236,190,False,0,255.0,53.31513,18.30772,Confidential - synthetic health/care aggregate
FAC-0299,homeless_shelter,homeless_shelter 0299,0420002,93,62,True,8.6,61.5,53.21011,17.86231,Confidential - synthetic health/care aggregate
FAC-0300,night_shelter,night_shelter 0300,2804002,39,32,False,0,37.8,53.09971,21.02374,Confidential - synthetic health/care aggregate
FAC-0301,night_shelter,night_shelter 0301,0227004,12,8,False,0,11.3,50.50727,16.60808,Confidential - synthetic health/care aggregate
FAC-0302,DPS,DPS 0302,1813002,102,92,False,0,40.3,50.09413,22.15403,Confidential - synthetic health/care aggregate
FAC-0303,DPS,DPS 0303,1420006,87,54,False,0,91.6,52.90303,21.51194,Confidential - synthetic health/care aggregate
FAC-0304,ZOL,ZOL 0304,3207006,122,112,True,5.3,100.5,53.74925,14.74857,Confidential - synthetic health/care aggregate
FAC-0305,hospital,hospital 0305,0808007,167,148,True,4.2,188.9,52.24465,15.49264,Confidential - synthetic health/care aggregate
FAC-0306,ZOL,ZOL 0306,1003007,75,72,True,11.0,83.8,51.77072,18.94231,Confidential - synthetic health/care aggregate
FAC-0307,DPS,DPS 0307,1024004,115,76,False,0,107.0,51.59776,18.96431,Confidential - synthetic health/care aggregate
FAC-0308,hospital,hospital 0308,2610002,179,126,True,13.2,108.3,50.7374,21.17802,Confidential - synthetic health/care aggregate
FAC-0309,DPS,DPS 0309,2406003,106,83,True,10.9,47.3,50.49997,18.40818,Confidential - synthetic health/care aggregate
FAC-0310,hospital,hospital 0310,2420003,181,149,True,1.1,153.5,50.2549,19.01029,Confidential - synthetic health/care aggregate
FAC-0311,DPS,DPS 0311,1201005,101,84,False,0,75.7,49.62936,19.75584,Confidential - synthetic health/care aggregate
FAC-0312,hospital,hospital 0312,1007005,180,146,True,2.9,141.2,51.3647,18.9383,Confidential - synthetic health/care aggregate
FAC-0313,hospital,hospital 0313,0227004,163,131,True,3.4,139.0,50.50151,16.61959,Confidential - synthetic health/care aggregate
FAC-0314,hospital,hospital 0314,0621007,175,123,True,13.6,120.6,50.97268,22.59822,Confidential - synthetic health/care aggregate
FAC-0315,homeless_shelter,homeless_shelter 0315,2601006,67,53,False,0,29.0,50.86404,20.88615,Confidential - synthetic health/care aggregate
FAC-0316,hospice,hospice 0316,1819005,69,52,False,0,32.8,49.95562,22.72468,Confidential - synthetic health/care aggregate
FAC-0317,ZOL,ZOL 0317,0606001,53,48,True,1.9,41.3,51.36376,22.34005,Confidential - synthetic health/care aggregate
FAC-0318,hospital,hospital 0318,0609003,190,136,True,10.9,198.1,51.22215,23.44588,Confidential - synthetic health/care aggregate
FAC-0319,night_shelter,night_shelter 0319,1431006,17,12,False,0,7.8,52.09995,20.47739,Confidential - synthetic health/care aggregate
FAC-0320,ZOL,ZOL 0320,1410007,66,64,False,0,34.5,52.70773,19.9333,Confidential - synthetic health/care aggregate
FAC-0321,night_shelter,night_shelter 0321,1801004,106,88,False,0,70.3,49.45596,21.5457,Confidential - synthetic health/care aggregate
FAC-0322,night_shelter,night_shelter 0322,3207006,51,40,True,7.7,22.3,53.7212,14.71019,Confidential - synthetic health/care aggregate
FAC-0323,DPS,DPS 0323,0623004,81,66,True,11.8,56.1,50.96923,22.10843,Confidential - synthetic health/care aggregate
FAC-0324,DPS,DPS 0324,1021002,44,27,False,0,48.4,51.9167,18.59228,Confidential - synthetic health/care aggregate
FAC-0325,ZOL,ZOL 0325,1005003,92,71,False,0,72.2,52.44617,19.43167,Confidential - synthetic health/care aggregate
FAC-0326,ZOL,ZOL 0326,0415002,65,60,True,17.1,73.9,53.31419,18.71338,Confidential - synthetic health/care aggregate
FAC-0327,night_shelter,night_shelter 0327,0606007,83,64,False,0,43.2,51.34381,22.40871,Confidential - synthetic health/care aggregate
FAC-0328,hospital,hospital 0328,2220004,161,153,True,6.1,120.3,53.46139,18.32506,Confidential - synthetic health/care aggregate
FAC-0329,DPS,DPS 0329,2807001,47,35,False,0,21.1,53.52071,21.22881,Confidential - synthetic health/care aggregate
FAC-0330,hospice,hospice 0330,2404005,31,26,True,8.9,11.9,50.26795,18.77495,Confidential - synthetic health/care aggregate
FAC-0331,ZOL,ZOL 0331,0215001,43,39,True,6.5,36.7,51.30495,17.18808,Confidential - synthetic health/care aggregate
FAC-0332,hospice,hospice 0332,2810005,39,28,True,9.7,30.7,53.94394,20.09749,Confidential - synthetic health/care aggregate
FAC-0333,homeless_shelter,homeless_shelter 0333,1205003,79,63,False,0,51.1,49.70382,19.51261,Confidential - synthetic health/care aggregate
FAC-0334,ZOL,ZOL 0334,0404004,81,60,True,8.8,59.6,52.92708,18.10941,Confidential - synthetic health/care aggregate
FAC-0335,hospice,hospice 0335,0813001,12,8,False,0,4.3,52.03265,15.88348,Confidential - synthetic health/care aggregate
FAC-0336,hospital,hospital 0336,1214004,208,155,True,2.1,232.6,50.28883,19.62992,Confidential - synthetic health/care aggregate
FAC-0337,hospital,hospital 0337,1605007,129,115,True,4.8,142.1,50.37442,17.4506,Confidential - synthetic health/care aggregate
FAC-0338,hospital,hospital 0338,2216004,195,145,True,2.4,194.9,53.74529,17.85455,Confidential - synthetic health/care aggregate
FAC-0339,ZOL,ZOL 0339,1003005,52,33,True,10.1,21.5,51.84771,18.8673,Confidential - synthetic health/care aggregate
FAC-0340,night_shelter,night_shelter 0340,3218001,89,74,False,0,84.7,53.17094,15.65306,Confidential - synthetic health/care aggregate
FAC-0341,homeless_shelter,homeless_shelter 0341,0212002,51,38,False,0,27.0,51.48106,16.87039,Confidential - synthetic health/care aggregate
FAC-0342,night_shelter,night_shelter 0342,1410003,32,27,False,0,35.7,52.65588,19.22631,Confidential - synthetic health/care aggregate
FAC-0343,night_shelter,night_shelter 0343,1427002,58,48,True,2.2,44.5,51.62968,20.92374,Confidential - synthetic health/care aggregate
FAC-0344,DPS,DPS 0344,2425001,69,54,True,9.2,54.4,50.11632,18.96197,Confidential - synthetic health/care aggregate
FAC-0345,ZOL,ZOL 0345,0813005,80,73,False,0,30.7,52.22628,15.56089,Confidential - synthetic health/care aggregate
FAC-0346,night_shelter,night_shelter 0346,1430002,96,84,False,0,64.1,51.8836,20.75438,Confidential - synthetic health/care aggregate
FAC-0347,DPS,DPS 0347,2611004,67,42,False,0,62.2,50.81919,19.32893,Confidential - synthetic health/care aggregate
FAC-0348,DPS,DPS 0348,0422006,92,78,True,12.7,60.6,52.8022,18.8508,Confidential - synthetic health/care aggregate
FAC-0349,DPS,DPS 0349,0205001,95,71,False,0,54.4,50.87615,16.06185,Confidential - synthetic health/care aggregate
FAC-0350,hospital,hospital 0350,2808003,209,170,True,15.7,133.9,53.46552,20.4705,Confidential - synthetic health/care aggregate
FAC-0351,DPS,DPS 0351,3215003,76,53,True,16.3,34.3,54.18334,14.93448,Confidential - synthetic health/care aggregate
FAC-0352,DPS,DPS 0352,0419003,116,87,True,15.0,44.1,52.54174,18.00885,Confidential - synthetic health/care aggregate
FAC-0353,homeless_shelter,homeless_shelter 0353,2805006,97,93,False,0,55.4,53.34334,20.16241,Confidential - synthetic health/care aggregate
FAC-0354,hospital,hospital 0354,1221001,151,96,True,2.2,97.6,49.7406,20.12567,Confidential - synthetic health/care aggregate
FAC-0355,hospital,hospital 0355,2014004,161,139,False,0,76.1,53.36636,23.22064,Confidential - synthetic health/care aggregate
FAC-0356,night_shelter,night_shelter 0356,2202003,40,26,False,0,38.8,54.71031,18.26281,Confidential - synthetic health/care aggregate
FAC-0357,hospital,hospital 0357,1818005,234,221,True,5.0,200.3,50.52378,22.28992,Confidential - synthetic health/care aggregate
FAC-0358,hospice,hospice 0358,1002007,72,52,False,0,59.0,52.00569,20.43411,Confidential - synthetic health/care aggregate
FAC-0359,ZOL,ZOL 0359,2801003,100,90,True,12.6,69.9,54.24893,20.92229,Confidential - synthetic health/care aggregate
FAC-0360,hospital,hospital 0360,0208006,169,142,True,15.4,170.1,51.10336,16.45852,Confidential - synthetic health/care aggregate
FAC-0361,DPS,DPS 0361,0223007,136,102,True,12.7,109.3,51.35145,17.02288,Confidential - synthetic health/care aggregate
FAC-0362,DPS,DPS 0362,3017002,110,101,True,14.4,52.6,52.54291,17.19396,Confidential - synthetic health/care aggregate
FAC-0363,DPS,DPS 0363,1424003,104,65,True,2.0,97.3,52.51406,20.85589,Confidential - synthetic health/care aggregate
FAC-0364,homeless_shelter,homeless_shelter 0364,0418005,61,55,False,0,69.8,52.39737,17.75654,Confidential - synthetic health/care aggregate
FAC-0365,ZOL,ZOL 0365,3018001,104,72,True,1.1,54.3,52.99467,16.75355,Confidential - synthetic health/care aggregate
FAC-0366,hospital,hospital 0366,2808001,161,155,True,16.6,97.0,53.76472,20.24595,Confidential - synthetic health/care aggregate
FAC-0367,night_shelter,night_shelter 0367,1206005,12,10,True,2.6,11.0,49.67438,19.68335,Confidential - synthetic health/care aggregate
FAC-0368,DPS,DPS 0368,0216002,101,89,True,12.0,104.7,51.88566,16.6679,Confidential - synthetic health/care aggregate
FAC-0369,night_shelter,night_shelter 0369,1429006,75,72,False,0,78.8,52.72529,21.29564,Confidential - synthetic health/care aggregate
FAC-0370,ZOL,ZOL 0370,0610005,63,51,False,0,64.5,51.55896,22.90461,Confidential - synthetic health/care aggregate
FAC-0371,DPS,DPS 0371,1815003,105,99,False,0,89.4,49.36789,20.99321,Confidential - synthetic health/care aggregate
FAC-0372,DPS,DPS 0372,2804006,128,109,False,0,117.3,53.13509,20.79993,Confidential - synthetic health/care aggregate
FAC-0373,hospital,hospital 0373,1406007,178,146,True,11.7,159.8,51.73816,20.76881,Confidential - synthetic health/care aggregate
FAC-0374,ZOL,ZOL 0374,0211004,53,51,True,3.4,60.4,50.86426,16.77883,Confidential - synthetic health/care aggregate
FAC-0375,DPS,DPS 0375,2219002,112,88,True,13.0,99.8,54.20209,17.72709,Confidential - synthetic health/care aggregate
FAC-0376,homeless_shelter,homeless_shelter 0376,0612002,83,72,False,0,69.9,51.04463,21.78362,Confidential - synthetic health/care aggregate
FAC-0377,homeless_shelter,homeless_shelter 0377,0801002,43,28,False,0,21.6,51.9028,16.54033,Confidential - synthetic health/care aggregate
FAC-0378,night_shelter,night_shelter 0378,0616006,12,7,False,0,11.9,51.40664,22.74914,Confidential - synthetic health/care aggregate
FAC-0379,night_shelter,night_shelter 0379,1010005,69,61,False,0,51.9,51.91536,20.03085,Confidential - synthetic health/care aggregate
FAC-0380,hospital,hospital 0380,3009005,179,134,True,4.9,128.6,52.3874,15.61479,Confidential - synthetic health/care aggregate
FAC-0381,night_shelter,night_shelter 0381,0213004,12,11,False,0,11.4,51.06138,16.62151,Confidential - synthetic health/care aggregate
FAC-0382,hospital,hospital 0382,2009006,231,156,True,13.6,145.8,53.32342,23.27759,Confidential - synthetic health/care aggregate
FAC-0383,hospital,hospital 0383,0812002,179,133,True,8.4,124.6,52.96375,15.97114,Confidential - synthetic health/care aggregate
FAC-0384,DPS,DPS 0384,1015005,81,72,True,16.9,51.0,52.06912,18.67803,Confidential - synthetic health/care aggregate
FAC-0385,hospice,hospice 0385,1412005,12,10,False,0,8.3,52.23335,20.37958,Confidential - synthetic health/care aggregate
FAC-0386,hospice,hospice 0386,1806007,12,9,True,6.3,6.5,49.99878,22.4764,Confidential - synthetic health/care aggregate
FAC-0387,ZOL,ZOL 0387,0222004,52,41,False,0,52.5,50.78854,17.18815,Confidential - synthetic health/care aggregate
FAC-0388,hospital,hospital 0388,1010004,147,92,True,2.9,99.8,51.99748,20.31013,Confidential - synthetic health/care aggregate
FAC-0389,night_shelter,night_shelter 0389,0421005,31,26,False,0,32.4,52.71852,19.26411,Confidential - synthetic health/care aggregate
FAC-0390,DPS,DPS 0390,0620005,102,77,False,0,109.0,50.83729,22.33527,Confidential - synthetic health/care aggregate
FAC-0391,night_shelter,night_shelter 0391,3010002,67,52,True,15.2,60.4,51.88944,17.13889,Confidential - synthetic health/care aggregate
FAC-0392,homeless_shelter,homeless_shelter 0392,1610004,80,50,False,0,58.1,50.50158,16.9262,Confidential - synthetic health/care aggregate
FAC-0393,ZOL,ZOL 0393,2014005,92,64,False,0,72.0,53.19468,23.47198,Confidential - synthetic health/care aggregate
FAC-0394,DPS,DPS 0394,2610006,114,103,False,0,65.4,50.97549,21.08966,Confidential - synthetic health/care aggregate
FAC-0395,hospice,hospice 0395,2608001,12,11,False,0,11.9,51.166,19.75421,Confidential - synthetic health/care aggregate
FAC-0396,hospital,hospital 0396,3217004,252,227,True,8.8,127.6,53.30543,14.61562,Confidential - synthetic health/care aggregate
FAC-0397,night_shelter,night_shelter 0397,2602004,75,61,False,0,53.7,50.18482,19.95784,Confidential - synthetic health/care aggregate
FAC-0398,DPS,DPS 0398,1216001,94,79,True,12.7,96.5,50.21729,19.88934,Confidential - synthetic health/care aggregate
FAC-0399,DPS,DPS 0399,1804006,120,77,False,0,125.6,50.1666,21.21237,Confidential - synthetic health/care aggregate
FAC-0400,DPS,DPS 0400,1437007,108,93,True,4.5,74.5,51.95423,21.05468,Confidential - synthetic health/care aggregate
FAC-0401,homeless_shelter,homeless_shelter 0401,3020004,73,49,False,0,31.5,52.89852,17.88671,Confidential - synthetic health/care aggregate
FAC-0402,hospice,hospice 0402,1602002,16,12,False,0,15.1,50.792,17.97595,Confidential - synthetic health/care aggregate
FAC-0403,night_shelter,night_shelter 0403,1404003,51,45,False,0,25.5,52.54616,19.98911,Confidential - synthetic health/care aggregate
FAC-0404,DPS,DPS 0404,0614003,104,76,True,3.5,106.6,51.30916,22.14346,Confidential - synthetic health/care aggregate
FAC-0405,hospice,hospice 0405,1202001,42,27,False,0,36.4,50.26677,20.32792,Confidential - synthetic health/care aggregate
FAC-0406,homeless_shelter,homeless_shelter 0406,0802004,95,91,False,0,43.9,52.40786,15.78995,Confidential - synthetic health/care aggregate
FAC-0407,homeless_shelter,homeless_shelter 0407,3015001,120,100,False,0,57.0,53.36016,17.13588,Confidential - synthetic health/care aggregate
FAC-0408,homeless_shelter,homeless_shelter 0408,2601003,44,40,False,0,42.8,50.75137,20.66586,Confidential - synthetic health/care aggregate
FAC-0409,ZOL,ZOL 0409,0221006,83,71,True,12.8,62.1,51.28328,17.26246,Confidential - synthetic health/care aggregate
FAC-0410,hospital,hospital 0410,3218003,197,157,True,14.9,129.7,52.96832,15.60578,Confidential - synthetic health/care aggregate
FAC-0411,night_shelter,night_shelter 0411,1611004,50,43,False,0,38.6,51.24232,17.79547,Confidential - synthetic health/care aggregate
FAC-0412,hospital,hospital 0412,2432004,165,109,True,7.0,141.5,50.53769,18.94033,Confidential - synthetic health/care aggregate
FAC-0413,ZOL,ZOL 0413,3221005,90,62,False,0,82.4,53.82317,14.85549,Confidential - synthetic health/care aggregate
FAC-0414,DPS,DPS 0414,3212002,114,90,False,0,87.9,53.87395,15.23777,Confidential - synthetic health/care aggregate
FAC-0415,night_shelter,night_shelter 0415,0407003,60,38,False,0,29.6,52.9043,18.94749,Confidential - synthetic health/care aggregate
FAC-0416,hospice,hospice 0416,2207005,30,25,True,9.7,23.8,54.49784,20.20008,Confidential - synthetic health/care aggregate
FAC-0417,DPS,DPS 0417,1005007,96,74,False,0,54.2,52.60103,19.34673,Confidential - synthetic health/care aggregate
FAC-0418,ZOL,ZOL 0418,2802005,28,20,False,0,29.2,53.12268,20.96292,Confidential - synthetic health/care aggregate
FAC-0419,DPS,DPS 0419,3022004,106,94,True,15.3,118.4,52.3556,16.78688,Confidential - synthetic health/care aggregate
FAC-0420,DPS,DPS 0420,0220006,88,73,True,2.4,64.2,50.69908,17.32027,Confidential - synthetic health/care aggregate
FAC-0421,hospice,hospice 0421,3220005,12,9,True,15.5,4.8,52.98857,14.94617,Confidential - synthetic health/care aggregate
FAC-0422,hospital,hospital 0422,0802005,173,157,True,1.3,113.2,52.22515,15.60183,Confidential - synthetic health/care aggregate
FAC-0423,night_shelter,night_shelter 0423,2815003,88,60,False,0,49.8,53.73605,20.24307,Confidential - synthetic health/care aggregate
FAC-0424,homeless_shelter,homeless_shelter 0424,2609001,121,114,False,0,76.8,50.58371,20.31693,Confidential - synthetic health/care aggregate
FAC-0425,DPS,DPS 0425,1214002,85,68,True,9.5,33.3,50.31959,19.37845,Confidential - synthetic health/care aggregate
FAC-0426,hospital,hospital 0426,2812002,166,131,True,6.6,94.1,53.32014,19.15287,Confidential - synthetic health/care aggregate
FAC-0427,DPS,DPS 0427,2814005,94,58,True,13.5,40.0,53.70571,19.58181,Confidential - synthetic health/care aggregate
FAC-0428,DPS,DPS 0428,0613003,73,47,True,16.0,30.8,51.17469,21.86549,Confidential - synthetic health/care aggregate
FAC-0429,ZOL,ZOL 0429,1823002,12,11,True,13.0,7.5,50.23322,23.00912,Confidential - synthetic health/care aggregate
FAC-0430,homeless_shelter,homeless_shelter 0430,2612004,12,10,True,6.6,9.6,51.2115,20.44118,Confidential - synthetic health/care aggregate
FAC-0431,night_shelter,night_shelter 0431,2404006,73,50,True,12.6,31.7,50.35384,18.57399,Confidential - synthetic health/care aggregate
FAC-0432,hospital,hospital 0432,3020006,152,121,False,0,152.7,52.78379,17.88215,Confidential - synthetic health/care aggregate
FAC-0433,night_shelter,night_shelter 0433,0210007,53,39,False,0,37.7,51.54065,16.9919,Confidential - synthetic health/care aggregate
FAC-0434,night_shelter,night_shelter 0434,2406003,66,44,False,0,54.9,50.51305,18.35416,Confidential - synthetic health/care aggregate
FAC-0435,ZOL,ZOL 0435,3035006,42,37,False,0,30.6,51.86502,17.0918,Confidential - synthetic health/care aggregate
FAC-0436,hospital,hospital 0436,1811005,175,166,True,10.8,146.8,50.39904,22.15389,Confidential - synthetic health/care aggregate
FAC-0437,night_shelter,night_shelter 0437,1811004,33,24,True,16.9,37.0,50.41871,21.89466,Confidential - synthetic health/care aggregate
FAC-0438,night_shelter,night_shelter 0438,0617003,111,104,False,0,65.2,51.87626,24.43289,Confidential - synthetic health/care aggregate
FAC-0439,hospice,hospice 0439,3217002,31,20,False,0,31.5,53.3688,14.52886,Confidential - synthetic health/care aggregate
FAC-0440,ZOL,ZOL 0440,3009001,78,60,True,17.4,66.1,52.32989,16.44716,Confidential - synthetic health/care aggregate
FAC-0441,hospital,hospital 0441,1440006,170,142,False,0,69.5,51.9468,21.29649,Confidential - synthetic health/care aggregate
FAC-0442,DPS,DPS 0442,1021004,111,103,True,14.2,106.0,51.74088,19.17816,Confidential - synthetic health/care aggregate
FAC-0443,DPS,DPS 0443,1440001,108,80,False,0,86.1,51.94399,21.48679,Confidential - synthetic health/care aggregate
FAC-0444,homeless_shelter,homeless_shelter 0444,0403007,135,130,True,17.3,69.8,53.11494,18.73274,Confidential - synthetic health/care aggregate
FAC-0445,hospital,hospital 0445,0807003,179,140,True,2.0,160.2,52.45366,15.74894,Confidential - synthetic health/care aggregate
FAC-0446,DPS,DPS 0446,0802004,80,54,False,0,84.1,52.39615,15.84902,Confidential - synthetic health/care aggregate
FAC-0447,ZOL,ZOL 0447,1610006,48,45,False,0,45.4,50.74654,16.81717,Confidential - synthetic health/care aggregate
FAC-0448,hospital,hospital 0448,0201002,174,168,True,7.9,177.1,51.2066,16.18047,Confidential - synthetic health/care aggregate
FAC-0449,homeless_shelter,homeless_shelter 0449,3023002,54,34,False,0,39.2,52.77955,15.71069,Confidential - synthetic health/care aggregate
FAC-0450,ZOL,ZOL 0450,0621003,76,55,False,0,78.9,50.99668,22.83646,Confidential - synthetic health/care aggregate
FAC-0451,DPS,DPS 0451,0419002,120,93,True,10.5,109.0,52.4639,18.19932,Confidential - synthetic health/care aggregate
FAC-0452,night_shelter,night_shelter 0452,2413004,130,101,False,0,119.3,49.97299,18.59133,Confidential - synthetic health/care aggregate
FAC-0453,hospice,hospice 0453,3023005,55,41,False,0,19.4,52.75286,15.37991,Confidential - synthetic health/care aggregate
FAC-0454,night_shelter,night_shelter 0454,2814003,32,20,True,5.7,25.1,53.55162,19.41763,Confidential - synthetic health/care aggregate
FAC-0455,DPS,DPS 0455,1203005,114,103,True,5.7,57.2,49.71187,19.61556,Confidential - synthetic health/care aggregate
FAC-0456,ZOL,ZOL 0456,0208006,65,57,True,5.0,56.8,51.13743,16.51196,Confidential - synthetic health/care aggregate
FAC-0457,DPS,DPS 0457,1820005,88,84,False,0,95.3,50.15739,21.22409,Confidential - synthetic health/care aggregate
FAC-0458,DPS,DPS 0458,3022004,111,79,True,2.1,43.1,52.33322,16.79743,Confidential - synthetic health/care aggregate
FAC-0459,homeless_shelter,homeless_shelter 0459,2435005,42,26,False,0,34.3,50.36628,18.34487,Confidential - synthetic health/care aggregate
FAC-0460,hospital,hospital 0460,2815003,192,123,False,0,107.4,53.71771,20.32377,Confidential - synthetic health/care aggregate
FAC-0461,hospital,hospital 0461,2821002,138,127,True,9.5,149.5,53.85911,19.14926,Confidential - synthetic health/care aggregate
FAC-0462,DPS,DPS 0462,3206004,68,44,False,0,24.5,52.99744,13.92428,Confidential - synthetic health/care aggregate
FAC-0463,hospice,hospice 0463,1221003,43,39,False,0,49.1,49.74958,20.35007,Confidential - synthetic health/care aggregate
FAC-0464,night_shelter,night_shelter 0464,3033003,86,70,True,15.1,78.4,52.00677,16.96571,Confidential - synthetic health/care aggregate
FAC-0465,DPS,DPS 0465,1407001,94,61,True,10.4,94.0,52.30031,21.06978,Confidential - synthetic health/care aggregate
FAC-0466,DPS,DPS 0466,0407005,77,53,False,0,29.0,52.66286,18.33228,Confidential - synthetic health/care aggregate
FAC-0467,hospital,hospital 0467,1018003,192,151,True,15.4,131.2,51.85347,20.36936,Confidential - synthetic health/care aggregate
FAC-0468,ZOL,ZOL 0468,0421003,85,70,False,0,73.9,53.00566,19.7541,Confidential - synthetic health/care aggregate
FAC-0469,DPS,DPS 0469,0606007,145,129,True,6.7,157.0,51.35288,22.4192,Confidential - synthetic health/care aggregate
FAC-0470,DPS,DPS 0470,3201003,91,62,False,0,80.9,53.24462,14.16538,Confidential - synthetic health/care aggregate
FAC-0471,homeless_shelter,homeless_shelter 0471,2606004,72,47,False,0,50.4,51.03939,21.32654,Confidential - synthetic health/care aggregate
FAC-0472,DPS,DPS 0472,3206004,87,84,True,2.9,94.8,52.96163,13.8972,Confidential - synthetic health/care aggregate
FAC-0473,hospice,hospice 0473,2204002,12,9,True,3.4,6.5,54.27857,18.80262,Confidential - synthetic health/care aggregate
FAC-0474,night_shelter,night_shelter 0474,0612006,68,62,True,10.4,57.8,50.82524,22.07987,Confidential - synthetic health/care aggregate
FAC-0475,hospice,hospice 0475,3209006,17,13,False,0,17.8,53.54083,14.62291,Confidential - synthetic health/care aggregate
FAC-0476,ZOL,ZOL 0476,2403003,52,43,True,6.0,24.4,49.41759,19.0818,Confidential - synthetic health/care aggregate
FAC-0477,homeless_shelter,homeless_shelter 0477,3028003,12,9,False,0,7.9,51.86691,16.97998,Confidential - synthetic health/care aggregate
FAC-0478,DPS,DPS 0478,2605001,97,81,True,12.9,109.5,50.38321,20.08894,Confidential - synthetic health/care aggregate
FAC-0479,homeless_shelter,homeless_shelter 0479,0803007,101,77,False,0,40.5,52.00583,15.06629,Confidential - synthetic health/care aggregate
FAC-0480,DPS,DPS 0480,1821005,57,49,False,0,35.7,49.86651,21.13517,Confidential - synthetic health/care aggregate
FAC-0481,hospice,hospice 0481,0613001,48,42,False,0,42.0,51.10597,21.83616,Confidential - synthetic health/care aggregate
FAC-0482,hospital,hospital 0482,1020005,208,194,True,6.9,161.1,51.67251,19.5855,Confidential - synthetic health/care aggregate
FAC-0483,hospice,hospice 0483,2401005,24,17,True,5.4,12.9,51.18954,19.08208,Confidential - synthetic health/care aggregate
FAC-0484,ZOL,ZOL 0484,0417007,113,75,False,0,109.3,52.8377,18.37507,Confidential - synthetic health/care aggregate
FAC-0485,night_shelter,night_shelter 0485,2418002,96,83,False,0,94.8,49.68643,18.77599,Confidential - synthetic health/care aggregate
FAC-0486,ZOL,ZOL 0486,3201003,78,64,True,7.5,55.0,53.2858,14.2051,Confidential - synthetic health/care aggregate
FAC-0487,ZOL,ZOL 0487,3201003,61,40,True,14.5,45.3,53.22967,14.14837,Confidential - synthetic health/care aggregate
FAC-0488,night_shelter,night_shelter 0488,1405005,78,64,False,0,41.4,52.65694,21.31076,Confidential - synthetic health/care aggregate
FAC-0489,ZOL,ZOL 0489,3219006,89,67,True,14.2,77.3,53.9343,15.0773,Confidential - synthetic health/care aggregate
FAC-0490,DPS,DPS 0490,3208002,123,94,False,0,53.3,53.6512,14.56266,Confidential - synthetic health/care aggregate
FAC-0491,homeless_shelter,homeless_shelter 0491,0212005,60,54,False,0,23.8,51.4087,16.55081,Confidential - synthetic health/care aggregate
FAC-0492,DPS,DPS 0492,2002003,79,63,True,5.5,80.9,53.67536,23.03585,Confidential - synthetic health/care aggregate
FAC-0493,ZOL,ZOL 0493,3024004,104,72,True,14.1,73.9,52.07868,16.28469,Confidential - synthetic health/care aggregate
FAC-0494,DPS,DPS 0494,3209003,59,55,True,12.2,57.1,53.59976,14.93481,Confidential - synthetic health/care aggregate
FAC-0495,hospital,hospital 0495,0803001,210,171,True,13.7,238.0,52.04471,14.59378,Confidential - synthetic health/care aggregate
FAC-0496,ZOL,ZOL 0496,1812002,41,28,True,14.3,46.6,50.15447,21.86825,Confidential - synthetic health/care aggregate
FAC-0497,night_shelter,night_shelter 0497,3031003,51,33,False,0,21.1,52.32363,17.31439,Confidential - synthetic health/care aggregate
FAC-0498,ZOL,ZOL 0498,0423001,63,54,True,8.5,49.4,52.83794,18.21358,Confidential - synthetic health/care aggregate
FAC-0499,hospital,hospital 0499,2423005,170,144,True,3.3,179.3,50.34378,19.27255,Confidential - synthetic health/care aggregate
FAC-0500,night_shelter,night_shelter 0500,0809004,32,21,False,0,17.6,52.2978,15.72029,Confidential - synthetic health/care aggregate
FAC-0501,night_shelter,night_shelter 0501,3215003,41,30,False,0,39.9,54.1931,14.94719,Confidential - synthetic health/care aggregate
FAC-0502,ZOL,ZOL 0502,0610005,34,29,False,0,30.7,51.5558,22.93869,Confidential - synthetic health/care aggregate
FAC-0503,night_shelter,night_shelter 0503,3010005,12,9,False,0,7.3,51.78183,17.1396,Confidential - synthetic health/care aggregate
FAC-0504,homeless_shelter,homeless_shelter 0504,0403004,110,96,True,12.9,118.3,53.30962,18.84169,Confidential - synthetic health/care aggregate
FAC-0505,ZOL,ZOL 0505,2410001,42,31,False,0,29.0,50.67838,18.96433,Confidential - synthetic health/care aggregate
FAC-0506,hospice,hospice 0506,2017002,43,38,True,4.1,24.5,52.56169,22.61727,Confidential - synthetic health/care aggregate
FAC-0507,hospice,hospice 0507,3011002,12,7,True,9.5,12.2,52.09177,15.43261,Confidential - synthetic health/care aggregate
FAC-0508,DPS,DPS 0508,1425003,55,46,True,17.3,36.5,52.73891,21.12927,Confidential - synthetic health/care aggregate
FAC-0509,hospital,hospital 0509,1005004,206,184,True,16.9,166.1,52.56913,19.40404,Confidential - synthetic health/care aggregate
FAC-0510,DPS,DPS 0510,0813004,69,47,True,15.6,31.7,52.17324,15.38607,Confidential - synthetic health/care aggregate
FAC-0511,night_shelter,night_shelter 0511,0225001,29,24,False,0,11.2,51.21235,16.6461,Confidential - synthetic health/care aggregate
FAC-0512,DPS,DPS 0512,1002001,62,57,True,6.7,51.6,52.0644,20.50809,Confidential - synthetic health/care aggregate
FAC-0513,hospital,hospital 0513,0410002,162,102,True,11.4,66.9,53.30857,18.49099,Confidential - synthetic health/care aggregate
FAC-0514,ZOL,ZOL 0514,0201003,46,41,False,0,33.6,51.43658,16.56557,Confidential - synthetic health/care aggregate
FAC-0515,homeless_shelter,homeless_shelter 0515,1403005,74,59,False,0,64.2,52.68979,21.13108,Confidential - synthetic health/care aggregate
FAC-0516,night_shelter,night_shelter 0516,2419003,31,21,False,0,27.1,50.45311,18.93384,Confidential - synthetic health/care aggregate
FAC-0517,night_shelter,night_shelter 0517,3210001,62,39,False,0,36.0,53.68749,14.83913,Confidential - synthetic health/care aggregate
FAC-0518,DPS,DPS 0518,3010002,75,62,False,0,73.7,51.8473,17.08178,Confidential - synthetic health/care aggregate
FAC-0519,DPS,DPS 0519,1441002,152,136,True,8.7,78.9,52.68169,21.55641,Confidential - synthetic health/care aggregate
FAC-0520,DPS,DPS 0520,1401004,86,62,False,0,63.7,52.57032,21.10527,Confidential - synthetic health/care aggregate
FAC-0521,night_shelter,night_shelter 0521,1805002,63,53,False,0,58.3,49.19421,22.13431,Confidential - synthetic health/care aggregate
FAC-0522,DPS,DPS 0522,0407005,99,81,False,0,107.0,52.70467,18.33572,Confidential - synthetic health/care aggregate
FAC-0523,DPS,DPS 0523,1436004,83,80,False,0,81.8,52.691,19.95007,Confidential - synthetic health/care aggregate
FAC-0524,hospital,hospital 0524,3002001,170,116,True,5.0,81.6,52.96585,16.80736,Confidential - synthetic health/care aggregate
FAC-0525,DPS,DPS 0525,2205002,97,62,True,11.9,110.0,54.62288,18.19701,Confidential - synthetic health/care aggregate
FAC-0526,night_shelter,night_shelter 0526,2401001,99,85,False,0,57.9,51.11058,19.48478,Confidential - synthetic health/care aggregate
FAC-0527,homeless_shelter,homeless_shelter 0527,0608004,81,78,False,0,61.3,50.77039,22.80187,Confidential - synthetic health/care aggregate
FAC-0528,hospice,hospice 0528,0227002,99,62,True,5.0,70.3,50.48668,16.52754,Confidential - synthetic health/care aggregate
FAC-0529,ZOL,ZOL 0529,2815001,80,71,False,0,37.3,53.70298,20.32084,Confidential - synthetic health/care aggregate
FAC-0530,DPS,DPS 0530,1015004,64,42,False,0,53.1,52.1407,18.52696,Confidential - synthetic health/care aggregate
FAC-0531,hospital,hospital 0531,1201007,156,122,True,11.6,59.3,49.43642,19.65576,Confidential - synthetic health/care aggregate
FAC-0532,hospice,hospice 0532,3202005,35,32,True,10.1,36.6,53.16683,15.39846,Confidential - synthetic health/care aggregate
FAC-0533,homeless_shelter,homeless_shelter 0533,0227002,37,29,False,0,35.4,50.50169,16.49628,Confidential - synthetic health/care aggregate
FAC-0534,DPS,DPS 0534,0611003,76,55,True,3.5,54.5,51.82661,21.95187,Confidential - synthetic health/care aggregate
FAC-0535,hospice,hospice 0535,1222003,63,50,True,1.7,37.0,50.11137,21.14003,Confidential - synthetic health/care aggregate
FAC-0536,DPS,DPS 0536,2419003,123,119,True,1.4,138.1,50.40648,18.88056,Confidential - synthetic health/care aggregate
FAC-0537,DPS,DPS 0537,1805005,85,64,False,0,62.4,49.23713,21.9149,Confidential - synthetic health/care aggregate
FAC-0538,DPS,DPS 0538,3015006,88,84,True,2.2,45.0,53.29075,17.00955,Confidential - synthetic health/care aggregate
FAC-0539,night_shelter,night_shelter 0539,0404006,59,37,False,0,42.5,52.56032,18.29536,Confidential - synthetic health/care aggregate
FAC-0540,hospital,hospital 0540,1823006,200,131,True,13.8,140.5,50.2025,22.78352,Confidential - synthetic health/care aggregate
FAC-0541,DPS,DPS 0541,2007001,135,118,True,11.0,71.7,52.60404,22.62663,Confidential - synthetic health/care aggregate
FAC-0542,DPS,DPS 0542,1437002,121,115,False,0,70.2,51.89395,21.40238,Confidential - synthetic health/care aggregate
FAC-0543,homeless_shelter,homeless_shelter 0543,0212001,62,49,False,0,34.7,51.5276,16.54461,Confidential - synthetic health/care aggregate
FAC-0544,hospice,hospice 0544,3033005,29,24,True,13.1,27.0,51.85017,16.96399,Confidential - synthetic health/care aggregate
FAC-0545,hospice,hospice 0545,0609004,98,93,False,0,106.5,51.25305,22.99586,Confidential - synthetic health/care aggregate
FAC-0546,night_shelter,night_shelter 0546,3012006,63,55,True,1.8,30.1,52.66395,17.20285,Confidential - synthetic health/care aggregate
FAC-0547,DPS,DPS 0547,0606006,91,61,False,0,38.9,51.41274,22.63128,Confidential - synthetic health/care aggregate
FAC-0548,night_shelter,night_shelter 0548,0407005,45,29,False,0,38.6,52.68423,18.33222,Confidential - synthetic health/care aggregate
FAC-0549,night_shelter,night_shelter 0549,0622006,74,66,False,0,77.1,51.47887,22.54914,Confidential - synthetic health/care aggregate
FAC-0550,DPS,DPS 0550,0618001,87,72,False,0,55.0,51.18545,22.02194,Confidential - synthetic health/care aggregate
FAC-0551,ZOL,ZOL 0551,2404006,70,56,True,3.2,55.1,50.31252,18.6101,Confidential - synthetic health/care aggregate
FAC-0552,homeless_shelter,homeless_shelter 0552,2415004,84,80,False,0,83.2,49.63844,19.39199,Confidential - synthetic health/care aggregate
FAC-0553,hospital,hospital 0553,2418004,155,122,True,3.4,170.3,49.64658,18.20887,Confidential - synthetic health/care aggregate
FAC-0554,night_shelter,night_shelter 0554,1005004,93,89,True,2.9,61.1,52.60905,19.3899,Confidential - synthetic health/care aggregate
FAC-0555,DPS,DPS 0555,1011003,87,69,True,14.0,61.8,52.08215,19.86424,Confidential - synthetic health/care aggregate
FAC-0556,night_shelter,night_shelter 0556,0809002,70,59,False,0,27.6,51.85739,15.67084,Confidential - synthetic health/care aggregate
FAC-0557,night_shelter,night_shelter 0557,0218006,12,9,False,0,8.6,51.43138,17.56084,Confidential - synthetic health/care aggregate
FAC-0558,hospital,hospital 0558,1814005,157,127,True,13.3,133.4,49.25333,21.54371,Confidential - synthetic health/care aggregate
FAC-0559,DPS,DPS 0559,2812002,78,49,True,2.3,63.4,53.23049,19.13709,Confidential - synthetic health/care aggregate
FAC-0560,DPS,DPS 0560,0605003,82,78,True,4.2,79.1,51.10981,22.26003,Confidential - synthetic health/care aggregate
FAC-0561,DPS,DPS 0561,1216007,100,97,False,0,63.8,50.0,19.96487,Confidential - synthetic health/care aggregate
FAC-0562,ZOL,ZOL 0562,1418002,65,52,True,12.5,58.1,52.39146,21.97349,Confidential - synthetic health/care aggregate
FAC-0563,DPS,DPS 0563,1015003,113,107,False,0,120.8,51.97674,18.95335,Confidential - synthetic health/care aggregate
FAC-0564,night_shelter,night_shelter 0564,2210001,38,31,False,0,31.8,54.46462,18.3989,Confidential - synthetic health/care aggregate
FAC-0565,night_shelter,night_shelter 0565,2001003,56,53,False,0,46.4,53.08303,22.03426,Confidential - synthetic health/care aggregate
FAC-0566,hospital,hospital 0566,0620005,214,181,True,5.5,180.8,50.88285,22.35071,Confidential - synthetic health/care aggregate
FAC-0567,hospital,hospital 0567,0209007,199,138,True,10.4,171.9,51.11337,16.62032,Confidential - synthetic health/care aggregate
FAC-0568,hospital,hospital 0568,0611005,143,117,True,4.2,124.5,51.79751,21.95116,Confidential - synthetic health/care aggregate
FAC-0569,ZOL,ZOL 0569,1014003,85,55,False,0,87.8,51.28523,19.32024,Confidential - synthetic health/care aggregate
FAC-0570,DPS,DPS 0570,0230005,98,68,True,6.9,48.5,50.63438,17.37312,Confidential - synthetic health/care aggregate
FAC-0571,DPS,DPS 0571,2814002,106,66,False,0,100.3,53.56841,19.45585,Confidential - synthetic health/care aggregate
FAC-0572,DPS,DPS 0572,1021002,62,53,False,0,67.9,51.8533,18.5981,Confidential - synthetic health/care aggregate
FAC-0573,DPS,DPS 0573,1407006,93,58,True,13.3,97.1,52.41509,21.05298,Confidential - synthetic health/care aggregate
FAC-0574,DPS,DPS 0574,1439004,98,93,False,0,91.6,52.13349,21.34111,Confidential - synthetic health/care aggregate
FAC-0575,night_shelter,night_shelter 0575,2209003,96,61,False,0,104.4,54.34063,19.26013,Confidential - synthetic health/care aggregate
FAC-0576,hospital,hospital 0576,0404003,142,105,True,10.2,162.9,52.85956,18.00229,Confidential - synthetic health/care aggregate
FAC-0577,DPS,DPS 0577,1804004,112,92,True,1.9,39.8,49.77901,21.00629,Confidential - synthetic health/care aggregate
FAC-0578,hospital,hospital 0578,0616001,230,173,True,9.2,220.1,51.17529,23.06885,Confidential - synthetic health/care aggregate
FAC-0579,homeless_shelter,homeless_shelter 0579,3010006,80,77,True,4.6,71.8,51.73623,17.22761,Confidential - synthetic health/care aggregate
FAC-0580,hospital,hospital 0580,1219007,177,121,True,2.3,152.4,50.21173,19.98044,Confidential - synthetic health/care aggregate
FAC-0581,DPS,DPS 0581,1425002,46,31,False,0,26.6,52.66927,21.65899,Confidential - synthetic health/care aggregate
FAC-0582,DPS,DPS 0582,1004005,98,62,False,0,88.4,51.33937,20.2478,Confidential - synthetic health/care aggregate
FAC-0583,homeless_shelter,homeless_shelter 0583,1431003,74,56,False,0,51.4,52.30736,20.12021,Confidential - synthetic health/care aggregate
FAC-0584,ZOL,ZOL 0584,0804007,33,23,False,0,11.9,51.73303,15.28155,Confidential - synthetic health/care aggregate
FAC-0585,night_shelter,night_shelter 0585,1006006,42,37,False,0,29.4,51.56442,20.37998,Confidential - synthetic health/care aggregate
FAC-0586,DPS,DPS 0586,0223001,146,100,True,11.3,100.2,51.24462,17.03837,Confidential - synthetic health/care aggregate
FAC-0587,ZOL,ZOL 0587,2426005,58,47,False,0,44.3,50.11606,18.27911,Confidential - synthetic health/care aggregate
FAC-0588,homeless_shelter,homeless_shelter 0588,2212004,135,99,True,8.7,146.8,54.14031,19.02797,Confidential - synthetic health/care aggregate
FAC-0589,night_shelter,night_shelter 0589,0402002,21,14,False,0,14.6,53.02511,18.76781,Confidential - synthetic health/care aggregate
FAC-0590,DPS,DPS 0590,1210003,93,83,True,7.7,34.0,51.24751,19.89741,Confidential - synthetic health/care aggregate
FAC-0591,DPS,DPS 0591,1803004,117,101,False,0,100.6,50.04095,22.17658,Confidential - synthetic health/care aggregate
FAC-0592,DPS,DPS 0592,3210003,63,54,False,0,25.8,53.54409,14.92708,Confidential - synthetic health/care aggregate
FAC-0593,hospital,hospital 0593,1822001,189,127,True,13.6,78.3,49.71613,21.67409,Confidential - synthetic health/care aggregate
FAC-0594,hospice,hospice 0594,1808001,23,15,True,7.2,24.4,50.31179,22.66149,Confidential - synthetic health/care aggregate
FAC-0595,hospital,hospital 0595,2812005,168,113,True,13.4,118.6,53.45345,19.33235,Confidential - synthetic health/care aggregate
FAC-0596,homeless_shelter,homeless_shelter 0596,2803005,110,93,True,4.5,44.7,53.08479,20.72284,Confidential - synthetic health/care aggregate
FAC-0597,DPS,DPS 0597,1414006,85,76,True,5.0,95.9,52.71842,20.0117,Confidential - synthetic health/care aggregate
FAC-0598,ZOL,ZOL 0598,1801003,74,46,True,7.1,77.2,49.40782,21.10703,Confidential - synthetic health/care aggregate
FAC-0599,homeless_shelter,homeless_shelter 0599,3003002,63,47,False,0,57.1,52.92823,16.30968,Confidential - synthetic health/care aggregate
FAC-0600,ZOL,ZOL 0600,1434006,71,56,True,11.6,57.1,51.35675,21.41706,Confidential - synthetic health/care aggregate
FAC-0601,homeless_shelter,homeless_shelter 0601,3009001,34,32,False,0,16.3,52.33579,16.41996,Confidential - synthetic health/care aggregate
FAC-0602,ZOL,ZOL 0602,1435003,53,49,False,0,23.3,52.23033,21.19359,Confidential - synthetic health/care aggregate
FAC-0603,hospital,hospital 0603,0229002,178,144,True,11.2,162.4,51.12649,17.71081,Confidential - synthetic health/care aggregate
FAC-0604,hospital,hospital 0604,3017002,151,140,True,13.1,108.4,52.47682,17.30311,Confidential - synthetic health/care aggregate
FAC-0605,DPS,DPS 0605,2412001,117,100,False,0,61.8,50.64042,19.52249,Confidential - synthetic health/care aggregate
FAC-0606,homeless_shelter,homeless_shelter 0606,1602002,64,55,False,0,47.1,50.81578,18.01462,Confidential - synthetic health/care aggregate
FAC-0607,homeless_shelter,homeless_shelter 0607,3016003,42,35,False,0,25.9,52.5619,16.90766,Confidential - synthetic health/care aggregate
FAC-0608,ZOL,ZOL 0608,2610001,89,64,False,0,75.6,50.36887,21.06454,Confidential - synthetic health/care aggregate
FAC-0609,homeless_shelter,homeless_shelter 0609,2216006,85,71,False,0,54.4,53.53878,18.40692,Confidential - synthetic health/care aggregate
FAC-0610,hospital,hospital 0610,2010003,188,152,False,0,102.5,52.92505,23.40017,Confidential - synthetic health/care aggregate
FAC-0611,ZOL,ZOL 0611,0415003,34,22,True,8.1,30.1,53.20965,18.69992,Confidential - synthetic health/care aggregate
FAC-0612,DPS,DPS 0612,2428006,107,67,False,0,51.6,50.2434,19.30738,Confidential - synthetic health/care aggregate
FAC-0613,DPS,DPS 0613,0612003,96,63,False,0,46.5,50.68196,22.17713,Confidential - synthetic health/care aggregate
FAC-0614,hospice,hospice 0614,3215005,18,16,True,12.5,16.5,54.04948,14.84509,Confidential - synthetic health/care aggregate
FAC-0615,hospital,hospital 0615,3211002,211,163,True,2.5,106.9,52.81882,13.3731,Confidential - synthetic health/care aggregate
FAC-0616,homeless_shelter,homeless_shelter 0616,2613002,93,90,True,12.7,96.4,51.43517,20.30351,Confidential - synthetic health/care aggregate
FAC-0617,DPS,DPS 0617,0417004,55,45,True,7.4,49.5,52.65205,18.35385,Confidential - synthetic health/care aggregate
FAC-0618,DPS,DPS 0618,1416004,114,107,True,6.3,46.1,52.2308,20.26888,Confidential - synthetic health/care aggregate
FAC-0619,hospital,hospital 0619,3217002,185,127,True,13.6,199.3,53.35821,14.505,Confidential - synthetic health/care aggregate
FAC-0620,night_shelter,night_shelter 0620,1421001,41,26,True,8.3,27.8,52.45365,20.80977,Confidential - synthetic health/care aggregate
FAC-0621,ZOL,ZOL 0621,3221001,68,59,False,0,73.0,53.71105,14.75929,Confidential - synthetic health/care aggregate
FAC-0622,night_shelter,night_shelter 0622,2012006,40,28,False,0,39.3,52.98268,23.44111,Confidential - synthetic health/care aggregate
FAC-0623,night_shelter,night_shelter 0623,2809006,57,53,True,1.5,54.8,54.04292,19.87473,Confidential - synthetic health/care aggregate
FAC-0624,night_shelter,night_shelter 0624,1002005,51,43,False,0,48.8,51.77674,20.28193,Confidential - synthetic health/care aggregate
FAC-0625,hospital,hospital 0625,3019005,168,106,True,12.2,59.4,52.2617,16.41438,Confidential - synthetic health/care aggregate
FAC-0626,hospital,hospital 0626,3020006,180,154,True,17.0,141.0,52.74291,17.92302,Confidential - synthetic health/care aggregate
FAC-0627,night_shelter,night_shelter 0627,0224006,56,52,False,0,63.7,51.44764,16.85969,Confidential - synthetic health/care aggregate
FAC-0628,DPS,DPS 0628,1404003,80,64,True,8.8,90.8,52.5559,19.87448,Confidential - synthetic health/care aggregate
FAC-0629,night_shelter,night_shelter 0629,1407005,39,24,False,0,38.3,52.34752,21.55115,Confidential - synthetic health/care aggregate
FAC-0630,night_shelter,night_shelter 0630,1204004,73,60,False,0,68.4,49.37901,19.76188,Confidential - synthetic health/care aggregate
FAC-0631,homeless_shelter,homeless_shelter 0631,1008007,96,64,False,0,62.1,52.0297,19.38725,Confidential - synthetic health/care aggregate
FAC-0632,DPS,DPS 0632,1428007,97,82,False,0,96.8,51.72284,20.73342,Confidential - synthetic health/care aggregate
FAC-0633,hospital,hospital 0633,3005004,142,118,True,12.7,155.0,52.10676,16.77878,Confidential - synthetic health/care aggregate
FAC-0634,night_shelter,night_shelter 0634,2604005,56,44,False,0,48.3,51.43297,21.94907,Confidential - synthetic health/care aggregate
FAC-0635,ZOL,ZOL 0635,2011004,133,124,True,2.0,118.3,53.80308,24.30617,Confidential - synthetic health/care aggregate
FAC-0636,hospital,hospital 0636,1609002,177,166,True,15.0,123.2,51.10053,19.22824,Confidential - synthetic health/care aggregate
FAC-0637,hospital,hospital 0637,1415002,181,121,True,13.6,170.7,52.3384,20.97055,Confidential - synthetic health/care aggregate
FAC-0638,DPS,DPS 0638,1413004,84,57,False,0,41.2,51.39935,20.93914,Confidential - synthetic health/care aggregate
FAC-0639,ZOL,ZOL 0639,0603002,55,44,True,2.6,45.3,51.23914,22.15312,Confidential - synthetic health/care aggregate
FAC-0640,hospital,hospital 0640,1821002,193,152,True,9.3,216.9,49.67184,21.2458,Confidential - synthetic health/care aggregate
FAC-0641,DPS,DPS 0641,2429003,47,31,True,7.0,28.3,50.53271,18.37232,Confidential - synthetic health/care aggregate
FAC-0642,ZOL,ZOL 0642,3032003,79,69,True,14.2,74.1,52.12007,17.06266,Confidential - synthetic health/care aggregate
FAC-0643,DPS,DPS 0643,3026004,72,66,False,0,65.9,52.21642,16.72496,Confidential - synthetic health/care aggregate
FAC-0644,DPS,DPS 0644,1811003,108,89,True,17.6,119.6,50.49551,21.68856,Confidential - synthetic health/care aggregate
FAC-0645,DPS,DPS 0645,0407005,124,111,True,10.5,131.4,52.6614,18.24563,Confidential - synthetic health/care aggregate
FAC-0646,night_shelter,night_shelter 0646,1012003,102,84,True,14.9,104.6,51.01631,19.61597,Confidential - synthetic health/care aggregate
FAC-0647,DPS,DPS 0647,1801003,115,103,False,0,58.3,49.43928,21.14526,Confidential - synthetic health/care aggregate
FAC-0648,hospital,hospital 0648,1210004,211,162,True,16.3,203.8,51.19707,19.32342,Confidential - synthetic health/care aggregate
FAC-0649,DPS,DPS 0649,1412003,89,65,False,0,70.8,52.14346,20.50547,Confidential - synthetic health/care aggregate
FAC-0650,night_shelter,night_shelter 0650,1402005,60,42,False,0,37.5,51.7517,20.3355,Confidential - synthetic health/care aggregate
FAC-0651,DPS,DPS 0651,1438002,97,74,False,0,43.4,51.55752,22.08005,Confidential - synthetic health/care aggregate
FAC-0652,ZOL,ZOL 0652,2005003,56,41,False,0,26.7,53.11807,23.31815,Confidential - synthetic health/care aggregate
FAC-0653,DPS,DPS 0653,0214001,81,54,False,0,87.2,51.55687,17.06405,Confidential - synthetic health/care aggregate
FAC-0654,hospital,hospital 0654,1008005,195,190,True,10.2,203.7,52.09878,19.36102,Confidential - synthetic health/care aggregate
FAC-0655,ZOL,ZOL 0655,0601004,56,46,False,0,54.8,50.53341,22.58545,Confidential - synthetic health/care aggregate
FAC-0656,DPS,DPS 0656,2005001,111,72,True,6.2,87.0,52.9873,23.59925,Confidential - synthetic health/care aggregate
FAC-0657,homeless_shelter,homeless_shelter 0657,2403004,26,23,False,0,16.6,49.30336,18.55297,Confidential - synthetic health/care aggregate
FAC-0658,homeless_shelter,homeless_shelter 0658,0214004,82,57,False,0,30.3,51.26976,17.10405,Confidential - synthetic health/care aggregate
FAC-0659,DPS,DPS 0659,3012005,158,151,True,9.2,87.2,52.66252,16.66132,Confidential - synthetic health/care aggregate
FAC-0660,night_shelter,night_shelter 0660,1206005,55,37,True,15.0,44.0,49.71486,19.7031,Confidential - synthetic health/care aggregate
FAC-0661,ZOL,ZOL 0661,0809002,78,69,False,0,50.9,51.92444,15.67857,Confidential - synthetic health/care aggregate
FAC-0662,homeless_shelter,homeless_shelter 0662,2423006,78,62,True,3.9,67.4,50.54939,19.40541,Confidential - synthetic health/care aggregate
FAC-0663,DPS,DPS 0663,3024004,113,74,False,0,64.4,52.03551,16.29108,Confidential - synthetic health/care aggregate
FAC-0664,homeless_shelter,homeless_shelter 0664,3015004,77,55,False,0,36.6,53.32381,17.29936,Confidential - synthetic health/care aggregate
FAC-0665,night_shelter,night_shelter 0665,0208002,73,61,True,8.2,40.4,51.11775,16.43669,Confidential - synthetic health/care aggregate
FAC-0666,night_shelter,night_shelter 0666,2803002,99,91,True,4.2,102.0,53.2158,20.68247,Confidential - synthetic health/care aggregate
FAC-0667,hospital,hospital 0667,1019001,160,119,True,17.4,124.9,51.82334,18.79073,Confidential - synthetic health/care aggregate
FAC-0668,DPS,DPS 0668,1010006,118,89,True,14.5,55.4,52.15307,20.39314,Confidential - synthetic health/care aggregate
FAC-0669,DPS,DPS 0669,1440004,77,70,True,2.8,62.7,51.91288,21.29275,Confidential - synthetic health/care aggregate
FAC-0670,DPS,DPS 0670,2404004,111,104,True,4.1,112.3,50.34946,18.7054,Confidential - synthetic health/care aggregate
FAC-0671,night_shelter,night_shelter 0671,0406006,74,51,True,3.8,29.0,52.498,17.61402,Confidential - synthetic health/care aggregate
FAC-0672,night_shelter,night_shelter 0672,3004002,31,27,True,11.5,23.5,52.53311,17.5793,Confidential - synthetic health/care aggregate
FAC-0673,hospital,hospital 0673,0420004,190,142,True,6.3,202.2,53.13417,18.52056,Confidential - synthetic health/care aggregate
FAC-0674,DPS,DPS 0674,3212003,103,77,True,14.0,100.8,53.84382,15.17229,Confidential - synthetic health/care aggregate
FAC-0675,ZOL,ZOL 0675,1424002,167,141,False,0,60.2,52.70318,20.98511,Confidential - synthetic health/care aggregate
FAC-0676,hospice,hospice 0676,2806006,12,10,True,14.6,6.3,54.09853,20.39736,Confidential - synthetic health/care aggregate
FAC-0677,hospice,hospice 0677,1007002,23,15,True,17.4,21.5,51.18439,19.31979,Confidential - synthetic health/care aggregate
FAC-0678,ZOL,ZOL 0678,1414001,64,41,True,13.1,64.5,52.74046,20.2755,Confidential - synthetic health/care aggregate
FAC-0679,homeless_shelter,homeless_shelter 0679,2202005,86,71,False,0,59.5,54.77765,18.14192,Confidential - synthetic health/care aggregate
FAC-0680,homeless_shelter,homeless_shelter 0680,0617002,112,76,True,12.3,127.4,51.78054,23.96547,Confidential - synthetic health/care aggregate
FAC-0681,homeless_shelter,homeless_shelter 0681,0624001,82,60,False,0,56.4,50.67857,22.48314,Confidential - synthetic health/care aggregate
FAC-0682,DPS,DPS 0682,2805006,109,90,True,3.1,78.4,53.40361,20.15132,Confidential - synthetic health/care aggregate
FAC-0683,homeless_shelter,homeless_shelter 0683,2422001,69,51,True,9.4,53.1,50.70265,19.51014,Confidential - synthetic health/care aggregate
FAC-0684,ZOL,ZOL 0684,2429005,106,88,False,0,47.0,50.44857,18.5753,Confidential - synthetic health/care aggregate
FAC-0685,hospital,hospital 0685,3003003,216,203,True,12.3,100.6,53.08152,16.22745,Confidential - synthetic health/care aggregate
FAC-0686,hospital,hospital 0686,2804004,165,147,True,4.8,89.0,53.31697,20.68104,Confidential - synthetic health/care aggregate
FAC-0687,homeless_shelter,homeless_shelter 0687,1606003,74,68,True,14.0,73.4,50.78112,18.30636,Confidential - synthetic health/care aggregate
FAC-0688,DPS,DPS 0688,0607005,76,72,True,10.4,67.4,51.74835,22.5228,Confidential - synthetic health/care aggregate
FAC-0689,ZOL,ZOL 0689,1022006,86,79,True,5.0,41.3,51.78883,19.69293,Confidential - synthetic health/care aggregate
FAC-0690,DPS,DPS 0690,1603006,89,77,True,1.9,59.5,51.08903,17.31634,Confidential - synthetic health/care aggregate
FAC-0691,ZOL,ZOL 0691,0420007,125,121,False,0,115.8,53.0263,18.06509,Confidential - synthetic health/care aggregate
FAC-0692,DPS,DPS 0692,2817004,128,90,False,0,144.2,54.19868,20.70529,Confidential - synthetic health/care aggregate
FAC-0693,hospital,hospital 0693,3008002,138,98,True,9.6,101.5,52.15414,16.63054,Confidential - synthetic health/care aggregate
FAC-0694,hospice,hospice 0694,0211002,33,25,False,0,17.2,50.99714,16.62611,Confidential - synthetic health/care aggregate
FAC-0695,homeless_shelter,homeless_shelter 0695,0619001,128,121,False,0,74.3,50.46242,22.59547,Confidential - synthetic health/care aggregate
FAC-0696,DPS,DPS 0696,2809005,120,79,False,0,43.7,53.5901,20.07358,Confidential - synthetic health/care aggregate
FAC-0697,ZOL,ZOL 0697,2811003,75,56,True,14.0,40.2,53.64664,21.66075,Confidential - synthetic health/care aggregate
FAC-0698,homeless_shelter,homeless_shelter 0698,0813004,68,58,False,0,60.9,52.1356,15.44366,Confidential - synthetic health/care aggregate
FAC-0699,DPS,DPS 0699,1428003,88,77,True,3.2,69.3,51.81728,20.96144,Confidential - synthetic health/care aggregate
FAC-0700,homeless_shelter,homeless_shelter 0700,3023002,90,58,False,0,31.5,52.77692,15.76878,Confidential - synthetic health/care aggregate
FAC-0701,hospice,hospice 0701,2408001,54,36,True,6.8,23.8,49.84273,18.13492,Confidential - synthetic health/care aggregate
FAC-0702,DPS,DPS 0702,1008002,78,70,True,16.7,29.7,52.02358,19.48848,Confidential - synthetic health/care aggregate
FAC-0703,homeless_shelter,homeless_shelter 0703,2805005,53,33,False,0,39.6,53.63264,19.89087,Confidential - synthetic health/care aggregate
FAC-0704,ZOL,ZOL 0704,1603001,39,25,False,0,15.9,51.16224,17.48258,Confidential - synthetic health/care aggregate
FAC-0705,DPS,DPS 0705,2016001,109,90,True,12.1,91.8,52.56264,21.97311,Confidential - synthetic health/care aggregate
FAC-0706,hospital,hospital 0706,0416004,225,152,True,5.2,181.4,53.18134,18.71768,Confidential - synthetic health/care aggregate
FAC-0707,homeless_shelter,homeless_shelter 0707,0212001,75,56,False,0,50.3,51.52429,16.62071,Confidential - synthetic health/care aggregate
FAC-0708,night_shelter,night_shelter 0708,1221001,67,42,False,0,40.0,49.70937,20.14493,Confidential - synthetic health/care aggregate
FAC-0709,DPS,DPS 0709,1823006,87,71,False,0,68.3,50.17493,22.85102,Confidential - synthetic health/care aggregate
FAC-0710,homeless_shelter,homeless_shelter 0710,0613006,12,8,True,10.0,9.9,51.11631,21.53059,Confidential - synthetic health/care aggregate
FAC-0711,homeless_shelter,homeless_shelter 0711,3004005,76,57,False,0,69.2,52.66678,17.26221,Confidential - synthetic health/care aggregate
FAC-0712,ZOL,ZOL 0712,1820006,70,58,False,0,25.0,49.78178,21.41846,Confidential - synthetic health/care aggregate
FAC-0713,homeless_shelter,homeless_shelter 0713,1212001,90,86,True,13.2,78.0,50.7673,19.09493,Confidential - synthetic health/care aggregate
FAC-0714,ZOL,ZOL 0714,0608007,41,36,False,0,15.1,50.58477,22.46935,Confidential - synthetic health/care aggregate
FAC-0715,night_shelter,night_shelter 0715,3014004,42,35,False,0,31.3,52.7345,16.83082,Confidential - synthetic health/care aggregate
FAC-0716,homeless_shelter,homeless_shelter 0716,2425003,85,60,False,0,77.1,50.19071,18.7648,Confidential - synthetic health/care aggregate
FAC-0717,hospital,hospital 0717,2401006,191,163,True,3.1,203.7,51.19752,19.16551,Confidential - synthetic health/care aggregate
FAC-0718,homeless_shelter,homeless_shelter 0718,1012002,69,44,False,0,63.3,51.10863,19.17714,Confidential - synthetic health/care aggregate
FAC-0719,homeless_shelter,homeless_shelter 0719,1403007,64,45,False,0,25.6,52.55945,21.16798,Confidential - synthetic health/care aggregate
FAC-0720,night_shelter,night_shelter 0720,0608005,51,49,True,9.2,50.6,50.78449,22.79516,Confidential - synthetic health/care aggregate
FAC-0721,DPS,DPS 0721,1814006,75,54,False,0,59.1,49.3715,21.45607,Confidential - synthetic health/care aggregate
FAC-0722,hospice,hospice 0722,3208001,44,28,True,16.6,45.1,53.70166,14.65119,Confidential - synthetic health/care aggregate
FAC-0723,hospital,hospital 0723,2819006,218,176,True,14.1,93.0,54.27734,20.68882,Confidential - synthetic health/care aggregate
FAC-0724,DPS,DPS 0724,2203003,100,84,False,0,41.1,54.61065,18.43253,Confidential - synthetic health/care aggregate
FAC-0725,ZOL,ZOL 0725,2216006,75,58,False,0,62.3,53.5492,18.41091,Confidential - synthetic health/care aggregate
FAC-0726,hospital,hospital 0726,1007001,202,132,True,3.9,130.4,51.23018,19.0716,Confidential - synthetic health/care aggregate
FAC-0727,hospital,hospital 0727,1411007,129,125,True,9.8,63.0,52.01045,21.03297,Confidential - synthetic health/care aggregate
FAC-0728,ZOL,ZOL 0728,0208002,74,71,False,0,39.8,51.14519,16.39762,Confidential - synthetic health/care aggregate
FAC-0729,hospital,hospital 0729,2602001,182,166,True,4.0,65.1,50.15455,19.94764,Confidential - synthetic health/care aggregate
FAC-0730,DPS,DPS 0730,2432006,74,57,True,11.4,70.1,50.30573,19.16004,Confidential - synthetic health/care aggregate
FAC-0731,night_shelter,night_shelter 0731,0204001,21,19,True,6.0,18.1,51.55633,16.89234,Confidential - synthetic health/care aggregate
FAC-0732,DPS,DPS 0732,3020001,116,105,True,13.6,95.2,52.80929,18.04013,Confidential - synthetic health/care aggregate
FAC-0733,night_shelter,night_shelter 0733,2203003,41,30,False,0,26.8,54.64473,18.3327,Confidential - synthetic health/care aggregate
FAC-0734,night_shelter,night_shelter 0734,2001006,23,17,True,15.4,14.8,53.15826,21.79554,Confidential - synthetic health/care aggregate
FAC-0735,homeless_shelter,homeless_shelter 0735,0203007,141,97,False,0,75.9,50.53626,16.19835,Confidential - synthetic health/care aggregate
FAC-0736,homeless_shelter,homeless_shelter 0736,0814005,20,16,False,0,21.8,52.84161,15.43863,Confidential - synthetic health/care aggregate
FAC-0737,ZOL,ZOL 0737,2612001,62,50,True,8.8,23.1,51.23557,20.31453,Confidential - synthetic health/care aggregate
FAC-0738,DPS,DPS 0738,1020002,55,49,True,9.7,53.6,51.78998,19.7077,Confidential - synthetic health/care aggregate
FAC-0739,DPS,DPS 0739,3209002,119,82,False,0,128.2,53.58091,14.80299,Confidential - synthetic health/care aggregate
FAC-0740,ZOL,ZOL 0740,2201004,90,86,True,5.3,89.5,54.1077,19.77924,Confidential - synthetic health/care aggregate
FAC-0741,hospice,hospice 0741,1416005,12,9,False,0,5.3,52.05361,20.15099,Confidential - synthetic health/care aggregate
FAC-0742,hospital,hospital 0742,1222005,189,165,True,7.0,147.8,50.1296,21.06302,Confidential - synthetic health/care aggregate
FAC-0743,homeless_shelter,homeless_shelter 0743,1211006,103,71,False,0,76.5,50.11291,20.01242,Confidential - synthetic health/care aggregate
FAC-0744,hospital,hospital 0744,0814004,165,128,True,8.9,120.5,52.65445,15.94307,Confidential - synthetic health/care aggregate
FAC-0745,night_shelter,night_shelter 0745,1432001,60,45,True,12.8,41.6,51.957,20.87682,Confidential - synthetic health/care aggregate
FAC-0746,homeless_shelter,homeless_shelter 0746,2216004,59,44,False,0,59.5,53.69912,17.79956,Confidential - synthetic health/care aggregate
FAC-0747,ZOL,ZOL 0747,2806002,99,69,False,0,76.0,53.81023,20.56277,Confidential - synthetic health/care aggregate
FAC-0748,hospital,hospital 0748,1407004,214,141,True,3.5,116.6,52.31786,21.2053,Confidential - synthetic health/care aggregate
FAC-0749,hospice,hospice 0749,0408001,64,54,True,7.3,27.0,52.99982,18.5598,Confidential - synthetic health/care aggregate
FAC-0750,ZOL,ZOL 0750,1605002,101,75,True,9.1,77.4,50.31681,17.56699,Confidential - synthetic health/care aggregate
FAC-0751,ZOL,ZOL 0751,2210001,84,56,False,0,53.6,54.51059,18.44618,Confidential - synthetic health/care aggregate
FAC-0752,hospital,hospital 0752,2814001,157,99,True,1.3,167.5,53.54537,19.15402,Confidential - synthetic health/care aggregate
FAC-0753,hospice,hospice 0753,1221005,47,32,True,11.4,18.1,49.71575,20.07084,Confidential - synthetic health/care aggregate
FAC-0754,hospital,hospital 0754,2203003,220,165,True,6.3,123.5,54.58081,18.37683,Confidential - synthetic health/care aggregate
FAC-0755,night_shelter,night_shelter 0755,2005003,88,69,False,0,48.9,53.1142,23.30504,Confidential - synthetic health/care aggregate
FAC-0756,night_shelter,night_shelter 0756,1017001,51,47,True,4.1,18.7,51.57935,19.71096,Confidential - synthetic health/care aggregate
FAC-0757,night_shelter,night_shelter 0757,0410003,19,15,False,0,15.1,53.36132,18.36333,Confidential - synthetic health/care aggregate
FAC-0758,night_shelter,night_shelter 0758,0223007,12,9,True,4.8,8.9,51.30482,16.94474,Confidential - synthetic health/care aggregate
FAC-0759,hospital,hospital 0759,3217002,178,134,True,4.1,134.9,53.30151,14.47934,Confidential - synthetic health/care aggregate
FAC-0760,DPS,DPS 0760,2017005,56,36,False,0,26.6,52.72118,23.10648,Confidential - synthetic health/care aggregate
FAC-0761,night_shelter,night_shelter 0761,2821005,34,24,True,3.7,26.7,53.94364,19.22287,Confidential - synthetic health/care aggregate
FAC-0762,hospital,hospital 0762,1003007,178,127,True,13.9,83.9,51.79552,19.03094,Confidential - synthetic health/care aggregate
FAC-0763,night_shelter,night_shelter 0763,2411001,91,62,False,0,39.6,51.02068,18.94749,Confidential - synthetic health/care aggregate
FAC-0764,night_shelter,night_shelter 0764,3013005,12,10,False,0,4.3,52.12719,16.06001,Confidential - synthetic health/care aggregate
FAC-0765,DPS,DPS 0765,1017002,95,90,True,13.7,53.4,51.62096,19.7506,Confidential - synthetic health/care aggregate
FAC-0766,hospital,hospital 0766,0603007,145,126,True,5.2,85.7,51.53826,22.94497,Confidential - synthetic health/care aggregate
FAC-0767,hospital,hospital 0767,2432002,184,148,True,8.6,142.8,50.72573,19.35939,Confidential - synthetic health/care aggregate
FAC-0768,night_shelter,night_shelter 0768,3016002,19,17,False,0,11.5,52.59792,17.0914,Confidential - synthetic health/care aggregate
FAC-0769,homeless_shelter,homeless_shelter 0769,2612003,105,86,False,0,70.4,50.87595,20.68643,Confidential - synthetic health/care aggregate
FAC-0770,ZOL,ZOL 0770,2610006,56,49,False,0,49.7,50.93571,21.07222,Confidential - synthetic health/care aggregate
FAC-0771,homeless_shelter,homeless_shelter 0771,2001003,58,46,False,0,65.8,53.06296,22.06374,Confidential - synthetic health/care aggregate
FAC-0772,hospice,hospice 0772,2209002,31,20,True,14.9,26.5,54.4964,18.56491,Confidential - synthetic health/care aggregate
FAC-0773,homeless_shelter,homeless_shelter 0773,2218001,69,52,True,18.0,41.6,54.95527,18.81895,Confidential - synthetic health/care aggregate
FAC-0774,night_shelter,night_shelter 0774,2415003,69,50,False,0,70.4,49.82227,19.25269,Confidential - synthetic health/care aggregate
FAC-0775,ZOL,ZOL 0775,2207002,52,41,False,0,29.5,54.58087,19.87039,Confidential - synthetic health/care aggregate
FAC-0776,hospital,hospital 0776,3221001,157,114,True,17.4,73.2,53.63279,14.77166,Confidential - synthetic health/care aggregate
FAC-0777,DPS,DPS 0777,1003002,91,78,True,3.6,99.6,51.52243,18.64625,Confidential - synthetic health/care aggregate
FAC-0778,DPS,DPS 0778,1414006,57,54,False,0,29.2,52.74239,20.04857,Confidential - synthetic health/care aggregate
FAC-0779,DPS,DPS 0779,1404003,77,62,True,10.6,58.9,52.61925,19.86584,Confidential - synthetic health/care aggregate
FAC-0780,homeless_shelter,homeless_shelter 0780,0213005,116,111,False,0,102.4,50.96983,16.68952,Confidential - synthetic health/care aggregate
FAC-0781,DPS,DPS 0781,2409004,102,73,False,0,78.0,50.94206,18.67859,Confidential - synthetic health/care aggregate
FAC-0782,DPS,DPS 0782,1814006,79,75,False,0,73.0,49.36621,21.54124,Confidential - synthetic health/care aggregate
FAC-0783,hospital,hospital 0783,0618001,236,227,True,11.7,195.9,51.22891,22.01756,Confidential - synthetic health/care aggregate
FAC-0784,DPS,DPS 0784,2417002,143,125,False,0,58.1,49.62141,18.47693,Confidential - synthetic health/care aggregate
FAC-0785,DPS,DPS 0785,0803004,71,53,True,9.7,81.5,51.88062,14.86356,Confidential - synthetic health/care aggregate
FAC-0786,hospice,hospice 0786,1612007,16,12,False,0,16.7,50.93537,18.41571,Confidential - synthetic health/care aggregate
FAC-0787,night_shelter,night_shelter 0787,2604002,50,40,True,17.6,36.8,51.1281,21.67024,Confidential - synthetic health/care aggregate
FAC-0788,DPS,DPS 0788,3018002,83,79,False,0,57.4,52.93693,16.54174,Confidential - synthetic health/care aggregate
FAC-0789,DPS,DPS 0789,2214004,89,65,False,0,38.7,54.22013,18.44677,Confidential - synthetic health/care aggregate
FAC-0790,hospice,hospice 0790,1603007,12,10,False,0,8.8,51.19392,17.81937,Confidential - synthetic health/care aggregate
FAC-0791,ZOL,ZOL 0791,2814006,95,76,False,0,80.4,53.76116,19.2779,Confidential - synthetic health/care aggregate
FAC-0792,DPS,DPS 0792,2812004,88,80,True,13.0,81.0,53.4201,19.28626,Confidential - synthetic health/care aggregate
FAC-0793,DPS,DPS 0793,3006006,73,55,False,0,78.7,53.13899,16.61012,Confidential - synthetic health/care aggregate
FAC-0794,hospice,hospice 0794,0614006,64,42,False,0,62.2,51.40581,22.74968,Confidential - synthetic health/care aggregate
FAC-0795,hospital,hospital 0795,0406006,166,123,True,14.1,67.9,52.52827,17.67071,Confidential - synthetic health/care aggregate
FAC-0796,DPS,DPS 0796,0418003,109,105,True,7.1,118.6,52.40177,17.45733,Confidential - synthetic health/care aggregate
FAC-0797,hospital,hospital 0797,1002007,145,107,False,0,157.0,52.00446,20.39358,Confidential - synthetic health/care aggregate
FAC-0798,DPS,DPS 0798,2613002,92,64,True,16.7,99.5,51.47351,20.37527,Confidential - synthetic health/care aggregate
FAC-0799,ZOL,ZOL 0799,2431001,54,41,True,13.1,57.6,50.07777,18.76224,Confidential - synthetic health/care aggregate
FAC-0800,DPS,DPS 0800,0615001,93,85,True,13.7,102.4,50.67071,22.02162,Confidential - synthetic health/care aggregate
FAC-0801,hospital,hospital 0801,2217006,202,134,True,15.2,86.9,53.7485,17.7908,Confidential - synthetic health/care aggregate
FAC-0802,DPS,DPS 0802,1207006,69,67,False,0,53.9,49.21212,19.05933,Confidential - synthetic health/care aggregate
FAC-0803,DPS,DPS 0803,0403005,101,65,True,6.0,84.8,53.31928,18.9967,Confidential - synthetic health/care aggregate
FAC-0804,hospital,hospital 0804,1214003,196,175,True,10.1,112.3,50.45184,19.89145,Confidential - synthetic health/care aggregate
FAC-0805,hospice,hospice 0805,2423003,28,27,True,16.6,23.6,50.38129,19.152,Confidential - synthetic health/care aggregate
FAC-0806,night_shelter,night_shelter 0806,1020005,61,42,False,0,67.7,51.64527,19.593,Confidential - synthetic health/care aggregate
FAC-0807,homeless_shelter,homeless_shelter 0807,2605002,37,23,False,0,20.9,50.67604,20.15932,Confidential - synthetic health/care aggregate
FAC-0808,hospice,hospice 0808,1206004,43,27,False,0,34.3,49.66261,19.74464,Confidential - synthetic health/care aggregate
FAC-0809,homeless_shelter,homeless_shelter 0809,1003006,82,74,False,0,50.0,51.69483,18.58015,Confidential - synthetic health/care aggregate
FAC-0810,hospital,hospital 0810,1015002,192,134,True,15.1,181.4,52.33585,18.93477,Confidential - synthetic health/care aggregate
FAC-0811,hospital,hospital 0811,2817004,149,131,False,0,120.2,54.16202,20.65107,Confidential - synthetic health/care aggregate
FAC-0812,ZOL,ZOL 0812,1433003,12,8,True,1.8,5.1,52.5429,21.40952,Confidential - synthetic health/care aggregate
FAC-0813,hospital,hospital 0813,3003001,138,114,True,9.9,121.0,52.94196,16.41841,Confidential - synthetic health/care aggregate
FAC-0814,hospice,hospice 0814,1819002,19,12,False,0,17.2,49.75719,22.83088,Confidential - synthetic health/care aggregate
FAC-0815,DPS,DPS 0815,3034003,52,38,False,0,59.3,52.32047,16.11884,Confidential - synthetic health/care aggregate
FAC-0816,night_shelter,night_shelter 0816,0226001,66,47,False,0,54.6,51.31781,17.13972,Confidential - synthetic health/care aggregate
FAC-0817,DPS,DPS 0817,3012005,41,35,True,1.1,30.6,52.60027,16.70533,Confidential - synthetic health/care aggregate
FAC-0818,hospice,hospice 0818,1601005,12,10,True,3.9,7.2,50.2983,18.20131,Confidential - synthetic health/care aggregate
FAC-0819,night_shelter,night_shelter 0819,3003004,58,44,False,0,36.5,52.98938,16.13186,Confidential - synthetic health/care aggregate
FAC-0820,homeless_shelter,homeless_shelter 0820,1402003,90,81,False,0,47.4,51.83812,20.27838,Confidential - synthetic health/care aggregate
FAC-0821,ZOL,ZOL 0821,1017001,101,96,False,0,101.2,51.60965,19.68282,Confidential - synthetic health/care aggregate
FAC-0822,hospice,hospice 0822,0220002,48,44,True,2.1,31.7,50.5888,17.11138,Confidential - synthetic health/care aggregate
FAC-0823,DPS,DPS 0823,2818006,130,116,True,1.1,90.4,53.15979,20.94027,Confidential - synthetic health/care aggregate
FAC-0824,night_shelter,night_shelter 0824,0421006,45,31,False,0,22.0,52.91769,19.30638,Confidential - synthetic health/care aggregate
FAC-0825,hospital,hospital 0825,0620007,159,149,True,4.3,118.6,50.82973,22.52179,Confidential - synthetic health/care aggregate
FAC-0826,DPS,DPS 0826,1411006,103,70,False,0,72.1,52.07265,21.22091,Confidential - synthetic health/care aggregate
FAC-0827,ZOL,ZOL 0827,1813005,72,55,False,0,33.9,49.78768,22.39806,Confidential - synthetic health/care aggregate
FAC-0828,hospice,hospice 0828,3018002,41,29,True,8.8,40.3,52.91379,16.5324,Confidential - synthetic health/care aggregate
FAC-0829,DPS,DPS 0829,1428006,102,96,True,4.9,68.9,51.69094,20.807,Confidential - synthetic health/care aggregate
FAC-0830,ZOL,ZOL 0830,1201001,55,46,False,0,31.9,49.62799,19.49453,Confidential - synthetic health/care aggregate
FAC-0831,homeless_shelter,homeless_shelter 0831,2412006,91,84,False,0,40.3,50.40899,19.77051,Confidential - synthetic health/care aggregate
FAC-0832,hospice,hospice 0832,2601004,12,8,False,0,9.2,50.81973,20.51442,Confidential - synthetic health/care aggregate
FAC-0833,hospice,hospice 0833,1438006,32,26,False,0,34.7,51.68245,21.48719,Confidential - synthetic health/care aggregate
FAC-0834,hospital,hospital 0834,2014006,163,144,True,16.4,86.4,53.19352,22.95956,Confidential - synthetic health/care aggregate
FAC-0835,night_shelter,night_shelter 0835,0613005,73,66,False,0,30.0,51.17733,21.71231,Confidential - synthetic health/care aggregate
FAC-0836,night_shelter,night_shelter 0836,2015006,39,36,False,0,21.4,53.41016,22.82416,Confidential - synthetic health/care aggregate
FAC-0837,ZOL,ZOL 0837,0202005,54,46,False,0,40.0,51.39326,17.21742,Confidential - synthetic health/care aggregate
FAC-0838,ZOL,ZOL 0838,1008001,20,18,False,0,16.1,51.92144,19.21402,Confidential - synthetic health/care aggregate
FAC-0839,DPS,DPS 0839,2430003,123,94,False,0,65.1,50.63743,19.65395,Confidential - synthetic health/care aggregate
FAC-0840,night_shelter,night_shelter 0840,0610007,14,8,False,0,11.7,51.41479,22.7614,Confidential - synthetic health/care aggregate
FAC-0841,ZOL,ZOL 0841,2431006,73,46,False,0,58.8,50.17989,18.56071,Confidential - synthetic health/care aggregate
FAC-0842,ZOL,ZOL 0842,1439006,30,23,True,15.7,10.8,52.22796,21.4775,Confidential - synthetic health/care aggregate
FAC-0843,homeless_shelter,homeless_shelter 0843,2431003,73,47,False,0,32.7,50.13732,18.69997,Confidential - synthetic health/care aggregate
FAC-0844,night_shelter,night_shelter 0844,0403002,58,41,False,0,29.1,53.56463,18.78144,Confidential - synthetic health/care aggregate
FAC-0845,ZOL,ZOL 0845,2007004,91,65,False,0,66.4,53.24216,22.4677,Confidential - synthetic health/care aggregate
FAC-0846,homeless_shelter,homeless_shelter 0846,2015006,71,44,False,0,75.4,53.37516,22.7844,Confidential - synthetic health/care aggregate
FAC-0847,night_shelter,night_shelter 0847,1409006,86,80,False,0,96.0,51.93851,20.96937,Confidential - synthetic health/care aggregate
FAC-0848,DPS,DPS 0848,3208002,110,96,True,13.8,118.3,53.61643,14.59377,Confidential - synthetic health/care aggregate
FAC-0849,hospital,hospital 0849,1402006,188,138,True,15.0,199.9,52.15279,20.42599,Confidential - synthetic health/care aggregate
FAC-0850,hospital,hospital 0850,0214002,147,127,False,0,55.9,51.18148,17.02103,Confidential - synthetic health/care aggregate
FAC-0851,DPS,DPS 0851,0620005,82,52,True,1.2,43.0,50.87047,22.37805,Confidential - synthetic health/care aggregate
FAC-0852,DPS,DPS 0852,1221003,109,94,False,0,99.5,49.74204,20.25446,Confidential - synthetic health/care aggregate
FAC-0853,night_shelter,night_shelter 0853,0206001,45,33,False,0,25.3,51.37728,17.66639,Confidential - synthetic health/care aggregate
FAC-0854,hospital,hospital 0854,1203001,180,120,True,5.0,68.3,49.77754,19.58409,Confidential - synthetic health/care aggregate
FAC-0855,hospital,hospital 0855,2809006,159,123,True,12.4,161.5,54.01703,19.91365,Confidential - synthetic health/care aggregate
FAC-0856,DPS,DPS 0856,0618004,98,73,False,0,48.1,51.29313,21.91504,Confidential - synthetic health/care aggregate
FAC-0857,night_shelter,night_shelter 0857,2216003,62,57,False,0,48.7,53.38835,18.35943,Confidential - synthetic health/care aggregate
FAC-0858,night_shelter,night_shelter 0858,2012005,15,12,True,17.0,15.3,53.034,23.14971,Confidential - synthetic health/care aggregate
FAC-0859,homeless_shelter,homeless_shelter 0859,0813002,65,50,False,0,37.7,52.18505,15.71477,Confidential - synthetic health/care aggregate
FAC-0860,homeless_shelter,homeless_shelter 0860,2403003,55,52,False,0,52.1,49.46286,19.08688,Confidential - synthetic health/care aggregate
FAC-0861,DPS,DPS 0861,1210005,106,71,False,0,89.4,51.29517,19.43264,Confidential - synthetic health/care aggregate
FAC-0862,hospital,hospital 0862,0418006,167,153,True,11.0,104.7,52.46252,17.71655,Confidential - synthetic health/care aggregate
FAC-0863,hospital,hospital 0863,1402006,152,110,True,2.2,96.9,52.15289,20.44176,Confidential - synthetic health/care aggregate
FAC-0864,homeless_shelter,homeless_shelter 0864,1821004,16,14,False,0,8.7,49.76043,21.14354,Confidential - synthetic health/care aggregate
FAC-0865,hospital,hospital 0865,0610002,171,123,True,6.2,85.7,51.77749,22.75804,Confidential - synthetic health/care aggregate
FAC-0866,hospital,hospital 0866,2805006,162,140,True,2.1,122.6,53.35609,20.17349,Confidential - synthetic health/care aggregate
FAC-0867,hospital,hospital 0867,1016007,192,132,True,12.0,107.2,52.06474,19.07091,Confidential - synthetic health/care aggregate
FAC-0868,ZOL,ZOL 0868,1014001,107,99,False,0,54.4,51.65993,19.20677,Confidential - synthetic health/care aggregate
FAC-0869,ZOL,ZOL 0869,2417005,110,74,False,0,122.3,49.43246,18.47235,Confidential - synthetic health/care aggregate
FAC-0870,ZOL,ZOL 0870,1824005,96,80,True,3.3,56.3,49.37685,21.90898,Confidential - synthetic health/care aggregate
FAC-0871,DPS,DPS 0871,1208005,81,75,True,12.7,74.8,50.83914,18.99401,Confidential - synthetic health/care aggregate
FAC-0872,hospital,hospital 0872,3011006,213,178,True,14.6,114.5,52.33413,15.72335,Confidential - synthetic health/care aggregate
FAC-0873,DPS,DPS 0873,3220003,97,79,True,13.6,41.3,52.92703,14.87075,Confidential - synthetic health/care aggregate
FAC-0874,DPS,DPS 0874,1210001,90,69,False,0,65.6,51.16521,19.25927,Confidential - synthetic health/care aggregate
FAC-0875,hospital,hospital 0875,3016005,185,172,True,15.5,141.7,52.68148,16.81416,Confidential - synthetic health/care aggregate
FAC-0876,ZOL,ZOL 0876,1216001,44,40,True,3.0,20.4,50.24716,19.79204,Confidential - synthetic health/care aggregate
FAC-0877,DPS,DPS 0877,0617004,113,70,False,0,78.7,51.9649,24.23622,Confidential - synthetic health/care aggregate
FAC-0878,ZOL,ZOL 0878,3201002,51,46,True,12.9,37.5,53.31457,14.25446,Confidential - synthetic health/care aggregate
FAC-0879,DPS,DPS 0879,3023003,124,105,False,0,58.4,52.66177,15.54981,Confidential - synthetic health/care aggregate
FAC-0880,ZOL,ZOL 0880,1409006,62,59,True,11.3,42.8,51.95294,21.00369,Confidential - synthetic health/care aggregate
FAC-0881,DPS,DPS 0881,0805005,97,69,True,10.1,83.3,53.02839,15.16569,Confidential - synthetic health/care aggregate
FAC-0882,hospice,hospice 0882,2417003,87,78,True,1.2,79.5,49.27037,18.55582,Confidential - synthetic health/care aggregate
FAC-0883,DPS,DPS 0883,0419004,65,41,True,8.0,71.7,52.52017,18.04095,Confidential - synthetic health/care aggregate
FAC-0884,DPS,DPS 0884,2419005,101,95,False,0,39.1,50.39588,18.67313,Confidential - synthetic health/care aggregate
FAC-0885,hospital,hospital 0885,1822001,201,158,True,16.7,141.0,49.73425,21.66017,Confidential - synthetic health/care aggregate
FAC-0886,night_shelter,night_shelter 0886,0611001,60,41,False,0,47.4,51.58067,21.90742,Confidential - synthetic health/care aggregate
FAC-0887,ZOL,ZOL 0887,1219002,56,44,False,0,29.9,50.43157,19.95045,Confidential - synthetic health/care aggregate
FAC-0888,night_shelter,night_shelter 0888,2204006,62,58,False,0,54.2,54.3155,18.72722,Confidential - synthetic health/care aggregate
FAC-0889,hospital,hospital 0889,0214001,224,174,False,0,79.6,51.48444,17.07126,Confidential - synthetic health/care aggregate
FAC-0890,night_shelter,night_shelter 0890,3006006,62,47,False,0,39.1,53.10916,16.55525,Confidential - synthetic health/care aggregate
FAC-0891,DPS,DPS 0891,1001006,80,73,False,0,77.9,51.73128,20.04489,Confidential - synthetic health/care aggregate
FAC-0892,homeless_shelter,homeless_shelter 0892,1801001,57,36,False,0,29.9,49.43379,21.15551,Confidential - synthetic health/care aggregate
FAC-0893,hospital,hospital 0893,0218003,150,117,True,12.0,69.8,51.45351,17.61226,Confidential - synthetic health/care aggregate
FAC-0894,night_shelter,night_shelter 0894,3220001,43,28,False,0,44.5,53.00364,15.05695,Confidential - synthetic health/care aggregate
FAC-0895,DPS,DPS 0895,2210001,99,79,True,1.4,72.7,54.4979,18.43015,Confidential - synthetic health/care aggregate
FAC-0896,homeless_shelter,homeless_shelter 0896,2206003,86,69,False,0,30.3,55.07865,17.93985,Confidential - synthetic health/care aggregate
FAC-0897,homeless_shelter,homeless_shelter 0897,0208001,140,101,False,0,123.5,51.30851,16.49815,Confidential - synthetic health/care aggregate
FAC-0898,night_shelter,night_shelter 0898,2402001,93,88,False,0,48.4,49.90451,19.18501,Confidential - synthetic health/care aggregate
FAC-0899,night_shelter,night_shelter 0899,1414001,39,35,False,0,28.4,52.76556,20.21031,Confidential - synthetic health/care aggregate
FAC-0900,hospital,hospital 0900,1401006,186,151,True,8.3,100.1,52.72221,21.26194,Confidential - synthetic health/care aggregate
